1789797426.109561	11258357714	4224399952	46959291	6742000	44930000	7951000	37000	1238539	0
1789797426.619977	11258677659	4224435169	46959291	6742000	44930000	7951000	37000	640948	0
1789797427.125965	11259279281	4224616626	46959291	6742000	44930000	7951000	36000	983103	0
1789797427.636054	11259551741	4224635608	46959291	6742000	44930000	7951000	36000	828244	0
1789797428.142173	11259732771	4224645312	46959291	6754000	44920000	7965000	36000	795212	0
1789797428.652205	11259978925	4224663379	46959291	6754000	44920000	7965000	36000	665135	0
1789797429.158089	11260207929	4224674304	46959291	6754000	44920000	7965000	36000	954868	0
1789797429.667465	11260417401	4224687793	46959291	6754000	44920000	7965000	36000	891806	0
1789797430.173429	11260748638	4224692065	46959291	6758000	44920000	7970000	36000	671922	0
1789797430.681949	11260939555	4224704455	46959291	6758000	44920000	7970000	36000	885499	0
1789797431.188502	11261079386	4224708545	46959291	6758000	44920000	7970000	36000	650877	0
1789797431.697031	11261291849	4224722522	46959291	6758000	44920000	7970000	36000	747266	0
1789797432.203083	11261565103	4224735095	46959291	6771000	44920000	7985000	36000	656604	0
1789797432.713128	11262006874	4224772875	46959291	6771000	44920000	7985000	36000	587615	0
1789797433.219312	11262174171	4224777819	46959291	6771000	44920000	7985000	36000	572003	0
1789797433.729304	11262357764	4224790393	46959291	6771000	44920000	7985000	36000	655211	0
1789797434.236029	11262954321	4224993700	46959535	6771000	44920000	7985000	36000	998107	0
1789797434.744055	11263602573	4225086168	46959535	6771000	44920000	7985000	36000	1129171	0
1789797435.249038	11264229525	4225174059	46959535	6764000	44910000	7977000	36000	923513	0
1789797435.758296	11264858002	4225264207	46959535	6764000	44910000	7977000	36000	556200	0
1789797436.264357	11265014801	4225269578	46959535	6764000	44910000	7977000	36000	881593	0
1789797436.773261	11265263458	4225289171	46959535	6764000	44910000	7977000	36000	663436	0
1789797437.279149	11265511199	4225305650	46959535	6770000	44910000	7984000	36000	642232	0
1789797437.788109	11265737272	4225320665	46959535	6770000	44910000	7984000	36000	912932	0
1789797438.294252	11265986051	4225327501	46959535	6770000	44910000	7984000	36000	681270	0
1789797438.803399	11266230008	4225340867	46959535	6770000	44910000	7984000	36000	642074	0
1789797439.311228	11266382901	4225346543	46959535	6768000	44910000	7982000	36000	674288	0
1789797439.821338	11266829921	4225468430	46959535	6768000	44910000	7982000	36000	600205	0
1789797440.326304	11267028956	4225481370	46959535	6768000	44910000	7982000	36000	560132	0
1789797440.835819	11267264490	4225495713	46959535	6768000	44910000	7982000	36000	613481	0
1789797441.341967	11267814232	4225675766	46962160	6772000	44910000	7986000	36000	866849	0
1789797441.851324	11268092491	4225693833	46964296	6772000	44910000	7986000	36000	678444	0
1789797442.357043	11268304771	4225710556	46966981	6772000	44910000	7986000	36000	785168	0
1789797442.868162	11268764730	4225730759	46966981	6772000	44910000	7986000	36000	660429	0
1789797443.374333	11269049947	4225745285	46968751	6769000	44910000	7983000	36000	655375	0
1789797443.885007	11269398640	4225767868	46969789	6769000	44910000	7983000	36000	568671	0
1789797444.391390	11269912372	4225944564	46971437	6769000	44910000	7983000	36000	1109687	0
1789797444.901052	11270187090	4225964340	46973268	6769000	44910000	7983000	36000	1115746	0
1789797445.406629	11270390703	4225981307	46973268	6769000	44910000	7983000	36000	1029080	0
1789797445.915134	11270578874	4225990829	46973268	6769000	44910000	7983000	36000	577795	0
1789797446.421302	11270808060	4226006393	46973268	6772000	44900000	7986000	36000	577526	0
1789797446.931439	11271018204	4226017684	46973268	6772000	44900000	7986000	36000	677411	0
1789797447.437038	11271603224	4226174544	46973268	6772000	44900000	7986000	37000	1457116	0
1789797447.943985	11275631839	4228186502	46973268	6772000	44900000	7986000	37000	986446	0
1789797448.451539	11278655941	4229808934	46973268	6761000	44900000	7974000	38000	1045440	0
1789797448.964078	11281719104	4231477753	46973390	6761000	44900000	7974000	38000	1034649	0
1789797449.470890	11284745219	4233037930	46973390	6761000	44900000	7974000	39000	1041781	0
1789797449.981780	11287796542	4234605370	46973451	6761000	44900000	7974000	39000	998816	0
1789797450.489071	11290827601	4236105122	46973451	6728000	44890000	7935000	39000	921079	0
1789797451.001992	11293889788	4237644180	46973451	6728000	44890000	7935000	39000	928642	0
1789797451.507202	11296899424	4239162365	46973451	6728000	44890000	7935000	39000	1029776	0
1789797452.017797	11299949953	4240692818	46973451	6728000	44890000	7935000	39000	990773	0
1789797452.526051	11302965876	4242284977	46973451	6726000	44890000	7932000	39000	1093619	0
1789797453.036005	11305938647	4243875427	46973451	6726000	44890000	7932000	39000	1238027	0
1789797453.541990	11307854901	4244739438	46973451	6726000	44890000	7932000	38000	901363	0
1789797454.053644	11308363079	4244971676	46973451	6726000	44890000	7932000	38000	1629644	0
1789797454.559048	11309006937	4245242672	46973451	6761000	44880000	7973000	38000	948870	0
1789797455.072755	11309580849	4245455989	46973451	6761000	44880000	7973000	38000	737519	0
1789797455.579948	11310081702	4245616633	46973451	6761000	44880000	7973000	38000	868959	0
1789797456.092321	11310355017	4245658442	46973451	6761000	44880000	7973000	38000	846518	0
1789797456.598466	11310959142	4245840326	46973451	6761000	44880000	7973000	37000	707061	0
1789797457.112691	11311175266	4245849360	46973451	6761000	44880000	7973000	37000	662527	0
1789797457.620035	11311472019	4245861933	46973451	6763000	44880000	7976000	36000	863895	0
1789797458.131895	11311890414	4245868219	46973451	6763000	44880000	7976000	36000	585248	0
1789797458.639615	11312245088	4245903192	46973451	6763000	44880000	7976000	36000	683319	0
1789797459.150822	11312500519	4245915583	46973451	6763000	44880000	7976000	36000	704523	0
1789797459.659010	11312776459	4245932550	46973451	6765000	44880000	7978000	36000	647453	0
1789797460.171587	11312991607	4245939813	46973451	6765000	44880000	7978000	36000	769530	0
1789797460.680040	11313332671	4245959101	46973451	6765000	44880000	7978000	37000	864502	0
1789797461.193154	11314018887	4246134515	46975160	6765000	44880000	7978000	37000	1089903	0
1789797461.703039	11314349514	4246167291	46977052	6766000	44870000	7979000	36000	757614	0
1789797462.215975	11314555202	4246179925	46977052	6766000	44870000	7979000	36000	889313	0
1789797462.723162	11314958460	4246205987	46978334	6766000	44870000	7979000	36000	718612	0
1789797463.233845	11315180383	4246220391	46979738	6766000	44870000	7979000	36000	775996	0
1789797463.741834	11315402612	4246235101	46981630	6770000	44870000	7984000	36000	846837	0
1789797464.253913	11315891136	4246369805	46983400	6770000	44870000	7984000	36000	1020703	0
1789797464.761124	11316156333	4246386956	46984193	6770000	44870000	7984000	36000	921698	0
1789797465.273891	11316361288	4246396599	46984193	6770000	44870000	7984000	36000	672705	0
1789797465.780683	11316689840	4246417351	46984193	6768000	44870000	7982000	36000	663944	0
1789797466.293544	11316889668	4246426629	46984193	6768000	44870000	7982000	36000	675088	0
1789797466.801906	11317119404	4246447747	46984193	6768000	44870000	7982000	36000	671504	0
1789797467.313699	11317441425	4246505364	46984193	6768000	44870000	7982000	36000	1014660	0
1789797467.820502	11318116045	4246726433	46987916	6767000	44870000	7980000	37000	846633	0
1789797468.333287	11318488419	4246816703	46990175	6767000	44870000	7980000	37000	961564	0
1789797468.840966	11318741043	4246839591	46992555	6767000	44870000	7980000	36000	1126319	0
1789797469.353464	11318924087	4246847221	46992555	6767000	44870000	7980000	36000	899583	0
1789797469.861524	11319185622	4246876212	46993287	6767000	44870000	7980000	36000	851501	0
1789797470.372362	11319419630	4246893974	46995179	6767000	44870000	7980000	36000	727889	0
1789797470.879791	11319632032	4246910270	46996034	6770000	44860000	7984000	36000	629339	0
1789797471.388409	11319906811	4246926627	46996034	6770000	44860000	7984000	36000	1170900	0
1789797471.895200	11320130993	4246940421	46996034	6770000	44860000	7984000	36000	650230	0
1789797472.404266	11320313427	4246948051	46996034	6770000	44860000	7984000	36000	933270	0
1789797472.911655	11320480602	4246959281	46996034	6771000	44860000	7985000	36000	569032	0
1789797473.422144	11320690989	4246975333	46996034	6771000	44860000	7985000	36000	882667	0
1789797473.927345	11320845774	4246981193	46996034	6771000	44860000	7985000	36000	837147	0
1789797474.436332	11321436104	4247175223	46996034	6771000	44860000	7985000	36000	691253	0
1789797474.943533	11321849861	4247261282	46996034	6769000	44860000	7983000	36000	860707	0
1789797475.453139	11322087409	4247276114	46996034	6769000	44860000	7983000	36000	771609	0
1789797475.959350	11322241095	4247281668	46996034	6769000	44860000	7983000	36000	756729	0
1789797476.468889	11322498907	4247314993	46996034	6769000	44860000	7983000	36000	639651	0
1789797476.975406	11322890935	4247321036	46996034	6771000	44860000	7985000	36000	876915	0
1789797477.487061	11323113590	4247338797	46996034	6771000	44860000	7985000	36000	1066056	0
1789797477.992051	11323767458	4247616201	46996034	6771000	44860000	7985000	36000	612255	0
1789797478.502277	11324307069	4247796376	46996034	6771000	44860000	7985000	36000	593715	0
1789797479.009043	11324721191	4247947377	46996034	6763000	44850000	7976000	36000	888984	0
1789797479.520350	11325140380	4248110279	46996034	6763000	44850000	7976000	36000	681217	0
1789797480.025781	11325606809	4248272388	46996095	6763000	44850000	7976000	36000	979506	0
1789797480.536142	11326109493	4248451221	46996095	6763000	44850000	7976000	36000	567278	0
1789797481.041360	11326539668	4248616442	46996095	6763000	44850000	7976000	36000	625277	0
1789797481.551184	11327049860	4248794237	46996095	6763000	44850000	7976000	36000	599334	0
1789797482.057320	11327456292	4248950914	46996095	6769000	44850000	7983000	36000	740252	0
1789797482.565880	11327912895	4249118821	46996095	6769000	44850000	7983000	36000	662855	0
1789797483.071305	11328325979	4249281419	46996095	6769000	44850000	7983000	37000	762038	0
1789797483.578958	11328759084	4249453843	46996095	6769000	44850000	7983000	37000	687559	0
1789797484.082991	11329295642	4249691025	46996095	6761000	44850000	7973000	37000	1309887	0
1789797484.592119	11329913500	4249935958	46996095	6761000	44850000	7973000	37000	1135373	0
1789797485.097036	11330319871	4250094344	46996095	6761000	44850000	7973000	37000	804892	0
1789797485.608231	11330769516	4250273665	46996095	6761000	44850000	7973000	37000	1141622	0
1789797486.113642	11331205550	4250440412	46996095	6766000	44840000	7979000	37000	904267	0
1789797486.622184	11331715802	4250622419	46996095	6766000	44840000	7979000	37000	858485	0
1789797487.127961	11332134624	4250795209	46996095	6766000	44840000	7979000	37000	866802	0
1789797487.638038	11332683695	4250918560	46998353	6766000	44840000	7979000	37000	954808	0
1789797488.143051	11332960672	4250971112	46998353	6767000	44840000	7980000	37000	725127	0
1789797488.652846	11333344521	4251089458	46999452	6767000	44840000	7980000	37000	544939	0
1789797489.159106	11333579750	4251107464	47000428	6767000	44840000	7980000	36000	922097	0
1789797489.668357	11333796546	4251133770	47001649	6767000	44840000	7980000	36000	584528	0
1789797490.173674	11333997901	4251143047	47002809	6772000	44840000	7987000	36000	673989	0
1789797490.684061	11334276098	4251198772	47003846	6772000	44840000	7987000	36000	1070798	0
1789797491.189078	11335260044	4251681986	47003846	6772000	44840000	7987000	37000	1427608	0
1789797491.701219	11336192231	4252090616	47005067	6772000	44840000	7987000	37000	941283	0
1789797492.206956	11337067229	4252504860	47005067	6772000	44840000	7987000	37000	1066092	0
1789797492.715921	11337956082	4252932166	47005067	6772000	44840000	7987000	37000	892110	0
1789797493.220758	11338855493	4253345739	47005067	6761000	44840000	7974000	37000	930014	0
1789797493.730459	11339727500	4253752049	47005067	6761000	44840000	7974000	37000	812013	0
1789797494.235919	11340806477	4254285800	47005067	6761000	44840000	7974000	37000	860175	0
1789797494.744129	11341656329	4254681918	47005067	6761000	44840000	7974000	37000	943967	0
1789797495.248949	11342552322	4255114656	47005067	6759000	44830000	7971000	37000	831715	0
1789797495.757102	11343458082	4255556183	47005067	6759000	44830000	7971000	37000	897441	0
1789797496.263079	11344478709	4256110808	47005067	6759000	44830000	7971000	37000	1031122	0
1789797496.772141	11345381539	4256551908	47005067	6759000	44830000	7971000	37000	826995	0
1789797497.277981	11346314276	4257016750	47005067	6759000	44830000	7971000	37000	805762	0
1789797497.786470	11347221927	4257461818	47005067	6759000	44830000	7971000	37000	809037	0
1789797498.291095	11348099122	4257875452	47005067	6759000	44830000	7971000	37000	915644	0
1789797498.799572	11349085814	4258347680	47005067	6759000	44830000	7971000	37000	926543	0
1789797499.305004	11350001827	4258798484	47005067	6758000	44830000	7970000	37000	1054107	0
1789797499.813072	11350866632	4259204672	47005067	6758000	44830000	7970000	37000	1083387	0
1789797500.317806	11351808585	4259680196	47005067	6758000	44830000	7970000	37000	1104213	0
1789797500.826474	11352695363	4260112934	47005067	6758000	44830000	7970000	37000	919436	0
1789797501.331912	11353568591	4260524554	47005067	6758000	44820000	7970000	37000	976299	0
1789797501.839667	11354513412	4260961687	47005067	6758000	44820000	7970000	37000	962467	0
1789797502.344213	11355388593	4261374833	47005067	6758000	44820000	7970000	37000	955977	0
1789797502.852697	11356267436	4261799453	47005067	6758000	44820000	7970000	37000	1100330	0
1789797503.357235	11357189126	4262241224	47005067	6758000	44820000	7970000	37000	927650	0
1789797503.865961	11358102698	4262686108	47005067	6758000	44820000	7970000	37000	1090616	0
1789797504.371974	11359226413	4263215038	47005067	6756000	44820000	7967000	38000	929734	0
1789797504.880160	11360184418	4263695688	47005067	6756000	44820000	7967000	38000	968276	0
1789797505.385064	11361076872	4264122323	47005067	6756000	44820000	7967000	38000	950411	0
1789797505.896027	11361678921	4264356942	47006532	6756000	44820000	7967000	38000	956173	0
1789797506.402334	11362226283	4264549934	47008363	6760000	44820000	7972000	36000	910691	0
1789797506.913078	11362424647	4264563484	47010438	6760000	44820000	7972000	36000	745809	0
1789797507.418729	11362608606	4264570808	47010438	6760000	44820000	7972000	36000	880730	0
1789797507.929336	11362800256	4264582100	47012086	6760000	44820000	7972000	36000	837302	0
1789797508.434386	11363000573	4264591255	47013795	6772000	44810000	7986000	36000	664749	0
1789797508.943727	11363705222	4264859077	47015443	6772000	44810000	7986000	36000	1089444	0
1789797509.447814	11364903034	4265415411	47017152	6772000	44810000	7986000	37000	1051650	0
1789797509.956671	11365992021	4265893925	47017152	6772000	44810000	7986000	37000	659754	0
1789797510.461703	11367127821	4266427310	47017152	6756000	44810000	7967000	38000	1252098	0
1789797510.969144	11368226573	4266967409	47017152	6756000	44810000	7967000	38000	724186	0
1789797511.474171	11368963204	4267217591	47019288	6756000	44810000	7967000	37000	789007	0
1789797511.983929	11369400215	4267367249	47021119	6756000	44810000	7967000	37000	900402	0
1789797512.490556	11369639777	4267382324	47022401	6771000	44810000	7985000	36000	980972	0
1789797512.999841	11369890997	4267395203	47023378	6771000	44810000	7985000	36000	1111468	0
1789797513.506015	11370103765	4267404663	47025148	6771000	44810000	7985000	36000	644705	0
1789797514.016064	11370296331	4267422058	47025148	6771000	44810000	7985000	36000	1082912	0
1789797514.521011	11371486269	4268003661	47026735	6771000	44810000	7985000	39000	1071046	0
1789797515.027972	11372844054	4268726498	47028505	6771000	44810000	7985000	39000	728075	0
1789797515.532195	11374402461	4269525691	47028505	6756000	44810000	7968000	40000	825690	0
1789797516.039793	11375489311	4269947687	47028505	6756000	44810000	7968000	40000	514189	0
1789797516.547934	11376603688	4270333184	47028505	6756000	44810000	7968000	38000	1674663	0
1789797517.054793	11377647081	4270527336	47030153	6756000	44810000	7968000	38000	804957	0
1789797517.560458	11378283249	4270696159	47032411	6753000	44800000	7964000	37000	618812	0
1789797518.070404	11378660384	4270704643	47032411	6753000	44800000	7964000	37000	709884	0
1789797518.575063	11379073408	4270723747	47033937	6753000	44800000	7964000	36000	545411	0
1789797519.085732	11379501019	4270739249	47036134	6753000	44800000	7964000	36000	1003201	0
1789797519.592239	11379958293	4270761222	47037111	6759000	44800000	7971000	36000	748566	0
1789797520.101934	11381161904	4271146353	47038881	6759000	44800000	7971000	36000	1438807	0
1789797520.606985	11384989470	4273077744	47040101	6759000	44800000	7971000	38000	936240	0
1789797521.129057	11388098715	4274752423	47040101	6759000	44800000	7971000	38000	1032268	0
1789797521.635986	11391127027	4276352822	47040101	6728000	44790000	7934000	39000	953585	0
1789797522.150971	11394202092	4277918980	47040101	6728000	44790000	7934000	39000	931783	0
1789797522.655749	11397214170	4279479156	47040101	6728000	44790000	7934000	39000	908050	0
1789797523.168999	11400283864	4281058254	47040101	6728000	44790000	7934000	39000	882016	0
1789797523.674962	11403303449	4282594627	47040101	6724000	44790000	7930000	39000	922866	0
1789797524.187010	11406358861	4284174884	47040101	6724000	44790000	7930000	39000	930833	0
1789797524.693239	11409366849	4285758376	47040162	6724000	44790000	7930000	39000	1084384	0
1789797525.204215	11412411457	4287359873	47040162	6724000	44790000	7930000	39000	1020337	0
1789797525.710739	11415355725	4288910834	47040162	6724000	44790000	7930000	39000	1378998	0
1789797526.221076	11417425788	4289836796	47042421	6724000	44790000	7930000	39000	687516	0
1789797526.728624	11418075994	4290026859	47044496	6725000	44780000	7931000	39000	970973	0
1789797527.239486	11418464848	4290037113	47046998	6725000	44780000	7931000	39000	744961	0
1789797527.747134	11418905032	4290051029	47049501	6725000	44780000	7931000	37000	612514	0
1789797528.258906	11419400453	4290188479	47049501	6725000	44780000	7931000	37000	614453	0
1789797528.766254	11419585084	4290196780	47049501	6764000	44780000	7977000	37000	659842	0
1789797529.279312	11420275024	4290395754	47049501	6764000	44780000	7977000	37000	1662447	0
1789797529.784994	11424291798	4292357846	47049501	6764000	44780000	7977000	39000	952504	0
1789797530.296978	11427344830	4293996392	47049501	6764000	44780000	7977000	39000	1032429	0
1789797530.804816	11430369908	4295604298	47049501	6723000	44770000	7929000	40000	1037975	0
1789797531.313809	11433411770	4297181137	47049501	6723000	44770000	7929000	40000	925606	0
1789797531.822979	11436452167	4298760662	47049501	6723000	44770000	7929000	40000	1042968	0
1789797532.334101	11439492382	4300390175	47049501	6723000	44770000	7929000	40000	1027777	0
1789797532.840044	11442524784	4301954868	47049501	6725000	44770000	7931000	40000	1042645	0
1789797533.350546	11445568172	4303482879	47049501	6725000	44770000	7931000	40000	1023233	0
1789797533.858600	11448593860	4305060023	47049501	6725000	44770000	7931000	40000	1095780	0
1789797534.368986	11451640117	4306675193	47049501	6725000	44770000	7931000	40000	1107631	0
1789797534.874205	11454526584	4308194842	47049501	6723000	44760000	7929000	40000	1112349	0
1789797535.385270	11456379851	4308900590	47049501	6723000	44760000	7929000	40000	1086222	0
1789797535.890997	11460138630	4310752148	47049501	6723000	44760000	7929000	41000	923113	0
1789797536.404985	11463202648	4312344246	47049501	6723000	44760000	7929000	41000	934273	0
1789797536.910798	11466211185	4313970157	47049501	6723000	44760000	7929000	40000	1090960	0
1789797537.422754	11469275936	4315536925	47049501	6723000	44760000	7929000	40000	930434	0
1789797537.930977	11472308765	4317095698	47049501	6722000	44750000	7928000	41000	938713	0
1789797538.444200	11475373149	4318697073	47049501	6722000	44750000	7928000	41000	957237	0
1789797538.950193	11478398776	4320239916	47049501	6722000	44750000	7928000	41000	931151	0
1789797539.465209	11481467433	4321790632	47049501	6722000	44750000	7928000	41000	1035182	0
1789797539.971415	11484482074	4323338663	47049501	6722000	44740000	7928000	41000	1045271	0
1789797540.481913	11487520274	4324947546	47050843	6722000	44740000	7928000	41000	1027228	0
1789797540.988027	11490524356	4326547578	47050843	6722000	44740000	7928000	42000	1156227	0
1789797541.498482	11492508848	4327353118	47050843	6722000	44740000	7928000	42000	883450	0
1789797542.004123	11496102100	4329051600	47050843	6730000	44740000	7937000	41000	923305	0
1789797542.519868	11499177593	4330620505	47050843	6730000	44740000	7937000	41000	882106	0
1789797543.025900	11502194248	4332237383	47050843	6730000	44740000	7937000	41000	938179	0
1789797543.536984	11505247035	4333843336	47050843	6730000	44740000	7937000	41000	897953	0
1789797544.045008	11508276141	4335387399	47050843	6718000	44730000	7923000	41000	915311	0
1789797544.556996	11511340709	4337000738	47050843	6718000	44730000	7923000	41000	921362	0
1789797545.064986	11514365359	4338552003	47050843	6718000	44730000	7923000	42000	924052	0
1789797545.576954	11517425471	4340121335	47050843	6718000	44730000	7923000	42000	839131	0
1789797546.084156	11520454272	4341673516	47050843	6721000	44730000	7926000	42000	867412	0
1789797546.594915	11523484049	4343251210	47050843	6721000	44730000	7926000	42000	1061102	0
1789797547.099960	11526432955	4344823349	47050843	6721000	44730000	7926000	42000	1060386	0
1789797547.609793	11528972866	4346030255	47050843	6721000	44730000	7926000	42000	947287	0
1789797548.115044	11532120319	4347412576	47050843	6721000	44730000	7926000	43000	1590645	0
1789797548.624045	11535298411	4349126927	47050843	6721000	44730000	7926000	43000	1029560	0
1789797549.132964	11538331973	4350750458	47050843	6734000	44720000	7942000	42000	1038188	0
1789797549.644577	11541388666	4352334988	47050843	6734000	44720000	7942000	42000	1004947	0
1789797550.151833	11544427782	4353895775	47050843	6734000	44720000	7942000	42000	876563	0
1789797550.664143	11547491007	4355454914	47050843	6734000	44720000	7942000	42000	841710	0
1789797551.171546	11550512178	4357030105	47050843	6715000	44710000	7919000	42000	852458	0
1789797551.681978	11553508325	4358638744	47050843	6715000	44710000	7919000	42000	1335928	0
1789797552.185982	11556549577	4360226264	47050843	6715000	44710000	7919000	43000	1095078	0
1789797552.697208	11559615548	4361822024	47050843	6715000	44710000	7919000	43000	929833	0
1789797553.203657	11562615724	4363411803	47050843	6718000	44710000	7923000	43000	1103027	0
1789797553.713573	11565403681	4364847102	47050843	6718000	44710000	7923000	43000	1066585	0
1789797554.219264	11566972402	4365440972	47052858	6718000	44710000	7923000	40000	921322	0
1789797554.731771	11567474110	4365599541	47054200	6718000	44710000	7923000	40000	1005040	0
1789797555.238888	11567695545	4365617241	47054200	6750000	44700000	7960000	40000	1206904	0
1789797555.750699	11567900989	4365627739	47055726	6750000	44700000	7960000	40000	706079	0
1789797556.259457	11568094531	4365636712	47057557	6750000	44700000	7960000	39000	1143084	0
1789797556.771734	11568296190	4365647759	47059327	6750000	44700000	7960000	39000	661014	0
1789797557.280739	11568506151	4365657891	47060304	6761000	44700000	7974000	39000	960057	0
1789797557.792705	11568752244	4365671441	47061280	6761000	44700000	7974000	39000	885684	0
1789797558.300065	11569354232	4365838921	47061280	6761000	44700000	7974000	40000	1209571	0
1789797558.806244	11569751814	4365936332	47061463	6761000	44700000	7974000	40000	693872	0
1789797559.313799	11570078351	4365956047	47061647	6761000	44700000	7974000	39000	889958	0
1789797559.827847	11570281781	4365970939	47062013	6761000	44700000	7974000	39000	811127	0
1789797560.335416	11570556255	4365997978	47062257	6761000	44700000	7974000	39000	902490	0
1789797560.847148	11570764263	4366013298	47062257	6761000	44700000	7974000	39000	642109	0
1789797561.355396	11570975749	4366025199	47062257	6761000	44700000	7974000	39000	794282	0
1789797561.866901	11571150187	4366032035	47062257	6761000	44700000	7974000	39000	809524	0
1789797562.375596	11571356424	4366042716	47062257	6763000	44690000	7976000	39000	820432	0
1789797562.887774	11571536599	4366050956	47062257	6763000	44690000	7976000	39000	664746	0
1789797563.396704	11571741982	4366063041	47062257	6763000	44690000	7976000	39000	699991	0
1789797563.908338	11571905922	4366071952	47062257	6763000	44690000	7976000	39000	637526	0
1789797564.417784	11572625403	4366304068	47062257	6764000	44690000	7977000	40000	797575	0
1789797564.928896	11573521397	4366682790	47066041	6764000	44690000	7977000	40000	808431	0
1789797565.435677	11573857822	4366758291	47066041	6764000	44690000	7977000	39000	709281	0
1789797565.947852	11574069186	4366767324	47066041	6764000	44690000	7977000	39000	718896	0
1789797566.455016	11574247774	4366773489	47066041	6764000	44690000	7977000	39000	681228	0
1789797566.967912	11574411287	4366777700	47066041	6764000	44690000	7977000	39000	765713	0
1789797567.475780	11574580537	4366783071	47066041	6764000	44690000	7977000	39000	712681	0
1789797567.986622	11574787873	4366792837	47066041	6764000	44690000	7977000	39000	727729	0
1789797568.494591	11574994110	4366802053	47066041	6761000	44690000	7973000	38000	655576	0
1789797569.007802	11575160797	4366806814	47066041	6761000	44690000	7973000	38000	649381	0
1789797569.515985	11575384002	4366812063	47066041	6761000	44690000	7973000	38000	791475	0
1789797570.027943	11575625639	4366819997	47066041	6761000	44690000	7973000	38000	850145	0
1789797570.535348	11575794279	4366825734	47066041	6764000	44680000	7977000	38000	703572	0
1789797571.049357	11575971342	4366832265	47066041	6764000	44680000	7977000	38000	975880	0
1789797571.557836	11576151517	4366840566	47066041	6764000	44680000	7977000	38000	756190	0
1789797572.069764	11576313382	4366845815	47066041	6764000	44680000	7977000	38000	1007166	0
1789797572.577653	11576490566	4366851857	47066041	6764000	44680000	7977000	38000	981661	0
1789797573.089980	11576659328	4366856923	47066041	6764000	44680000	7977000	38000	1125285	0
1789797573.598524	11576876368	4366862478	47066041	6767000	44680000	7980000	38000	953254	0
1789797574.110763	11577289942	4366997731	47066041	6767000	44680000	7980000	38000	1056318	0
1789797574.616927	11577657555	4367088063	47066041	6767000	44680000	7980000	38000	1110752	0
1789797575.126033	11578204368	4367282276	47066041	6767000	44680000	7980000	38000	1097612	0
1789797575.635332	11578907369	4367656238	47066041	6761000	44680000	7973000	38000	798948	0
1789797576.145499	11579349324	4367852038	47066041	6761000	44680000	7973000	38000	813620	0
1789797576.651076	11579959613	4368116869	47067994	6761000	44680000	7973000	39000	1667622	0
1789797577.160146	11580525163	4368370835	47068971	6761000	44680000	7973000	39000	810035	0
1789797577.669047	11581089126	4368600754	47068971	6762000	44680000	7975000	39000	799135	0
1789797578.181395	11581527052	4368797165	47068971	6762000	44680000	7975000	39000	836053	0
1789797578.689961	11581966443	4368999984	47068971	6762000	44680000	7975000	39000	883198	0
1789797579.201512	11582422558	4369200973	47068971	6762000	44680000	7975000	39000	854302	0
1789797579.709152	11583003428	4369405196	47068971	6765000	44670000	7978000	39000	847129	0
1789797580.221821	11583514047	4369599958	47068971	6765000	44670000	7978000	39000	1058220	0
1789797580.729224	11583991890	4369812543	47068971	6765000	44670000	7978000	40000	1228346	0
1789797581.239701	11584459540	4370036847	47068971	6765000	44670000	7978000	40000	1363375	0
1789797581.746567	11584906438	4370245342	47068971	6767000	44670000	7980000	41000	1199711	0
1789797582.258715	11585351017	4370444805	47068971	6767000	44670000	7980000	41000	1068124	0
1789797582.766853	11585831973	4370641826	47068971	6767000	44670000	7980000	39000	677095	0
1789797583.279747	11586245973	4370830668	47068971	6767000	44670000	7980000	39000	907222	0
1789797583.787924	11586739258	4371018168	47068971	6767000	44670000	7980000	38000	654401	0
1789797584.300609	11587492369	4371385293	47068971	6767000	44670000	7980000	38000	1155809	0
1789797584.808771	11587900022	4371437539	47071290	6761000	44670000	7974000	38000	687544	0
1789797585.321611	11588525753	4371653725	47072938	6761000	44670000	7974000	38000	992004	0
1789797585.829526	11588866145	4371665505	47072938	6761000	44670000	7974000	38000	637917	0
1789797586.344148	11589140253	4371679787	47074525	6761000	44670000	7974000	38000	651132	0
1789797586.852044	11589354974	4371695229	47076417	6761000	44670000	7974000	38000	732979	0
1789797587.363296	11589551507	4371704933	47077882	6761000	44670000	7974000	38000	711582	0
1789797587.869196	11590140006	4371835365	47079103	6761000	44670000	7974000	39000	675911	0
1789797588.376876	11591754565	4372881993	47080873	6761000	44670000	7974000	39000	1005714	0
1789797588.880631	11593198470	4373776828	47080873	6751000	44660000	7962000	42000	1705067	0
1789797589.388960	11594582134	4374646637	47080873	6751000	44660000	7962000	42000	940870	0
1789797589.892023	11596123023	4375606962	47081117	6751000	44660000	7962000	42000	1665363	0
1789797590.399011	11597609165	4376533412	47083009	6751000	44660000	7962000	42000	1501587	0
1789797590.902043	11599062042	4377480370	47084107	6748000	44660000	7958000	42000	730813	0
1789797591.410045	11600670985	4378581625	47085389	6748000	44660000	7958000	42000	1062814	0
1789797591.914532	11602162131	4379551532	47085450	6748000	44660000	7958000	43000	1010912	0
1789797592.421809	11603554767	4380471696	47085450	6748000	44660000	7958000	43000	1053190	0
1789797592.925741	11604988723	4381403334	47085450	6747000	44650000	7957000	45000	956841	0
1789797593.432004	11606477428	4382377391	47085450	6747000	44650000	7957000	45000	2320820	0
1789797593.935698	11607895637	4383293588	47085450	6747000	44650000	7957000	43000	844642	0
1789797594.442907	11609735354	4384465826	47085450	6747000	44650000	7957000	43000	1075456	0
1789797594.948116	11611100280	4385340030	47085450	6747000	44650000	7957000	42000	1164886	0
1789797595.454632	11612500728	4386247255	47085450	6747000	44650000	7957000	42000	986764	0
1789797595.959418	11613883110	4387137877	47085450	6747000	44650000	7957000	42000	737500	0
1789797596.466082	11615246021	4388017697	47085450	6747000	44650000	7957000	42000	737500	0
1789797596.969904	11616610398	4388903498	47085450	6747000	44650000	7957000	42000	979433	0
1789797597.476769	11618080853	4389841606	47085450	6747000	44650000	7957000	42000	970658	0
1789797597.980876	11618931376	4390227896	47086610	6739000	44650000	7948000	39000	835548	0
1789797598.489274	11619329263	4390355520	47088319	6739000	44650000	7948000	39000	651806	0
1789797598.995134	11619518593	4390363760	47090272	6739000	44650000	7948000	38000	670448	0
1789797599.504351	11619792885	4390389151	47092530	6739000	44650000	7948000	38000	582221	0
1789797600.009978	11620108130	4390397451	47094300	6765000	44640000	7978000	38000	914577	0
1789797600.519310	11620692846	4390525564	47117433	6765000	44640000	7978000	38000	861325	0
1789797601.024896	11622378388	4391349353	47117433	6765000	44640000	7978000	43000	2598931	0
1789797601.530641	11625662254	4393400312	47117555	6765000	44640000	7978000	43000	2688482	0
1789797602.034290	11628468522	4395121255	47117555	6711000	44640000	7914000	46000	737500	0
1789797602.541542	11630015637	4395971900	47121156	6711000	44640000	7914000	46000	770454	0
1789797603.047268	11630621714	4396189368	47122865	6711000	44640000	7914000	38000	1226882	0
1789797603.556045	11630914499	4396213599	47122865	6711000	44640000	7914000	38000	1038888	0
1789797604.061159	11631283883	4396287695	47124024	6761000	44630000	7974000	39000	1407348	0
1789797604.573232	11631704597	4396403784	47125123	6761000	44630000	7974000	39000	809463	0
1789797605.079733	11631903877	4396411596	47125916	6761000	44630000	7974000	38000	851371	0
1789797605.588300	11632831731	4396921727	47126954	6761000	44630000	7974000	38000	1458497	0
1789797606.093592	11635848202	4398952178	47126954	6761000	44630000	7974000	47000	1465829	0
1789797606.601454	11638594777	4400305507	47126954	6761000	44630000	7974000	47000	1261107	0
1789797607.105985	11640127610	4400755823	47128541	6730000	44630000	7937000	39000	970940	0
1789797607.614977	11640653732	4400944971	47130860	6730000	44630000	7937000	39000	570107	0
1789797608.121419	11640923690	4400954126	47132142	6730000	44630000	7937000	38000	577262	0
1789797608.631264	11641254011	4400979150	47134583	6730000	44630000	7937000	38000	658676	0
1789797609.136217	11641444624	4400990991	47134583	6764000	44630000	7977000	38000	615750	0
1789797609.646112	11641765607	4401004114	47134583	6764000	44630000	7977000	38000	869843	0
1789797610.152940	11644216101	4402069724	47134583	6764000	44630000	7977000	41000	1394829	0
1789797610.664995	11647395414	4403799151	47134583	6764000	44630000	7977000	41000	935161	0
1789797611.171648	11650418294	4405353102	47134583	6718000	44620000	7923000	41000	931360	0
1789797611.683777	11653471021	4407002023	47134583	6718000	44620000	7923000	41000	1046090	0
1789797612.189144	11656486028	4408593389	47134583	6718000	44620000	7923000	41000	1034037	0
1789797612.699142	11659531369	4410222108	47134583	6718000	44620000	7923000	41000	1046332	0
1789797613.207072	11662572987	4411754575	47134583	6721000	44620000	7926000	41000	933811	0
1789797613.718985	11665629437	4413266961	47134583	6721000	44620000	7926000	41000	925684	0
1789797614.226676	11668651646	4414792653	47134583	6721000	44620000	7926000	41000	945905	0
1789797614.739818	11671716824	4416359299	47134583	6721000	44620000	7926000	41000	1014549	0
1789797615.246471	11674731159	4417957256	47134583	6717000	44610000	7922000	42000	1070869	0
1789797615.761141	11677500501	4419312539	47134583	6717000	44610000	7922000	42000	898496	0
1789797616.265851	11679287972	4420024878	47137025	6717000	44610000	7922000	39000	1135296	0
1789797616.777823	11679841986	4420157934	47138429	6717000	44610000	7922000	39000	939242	0
1789797617.285713	11680103765	4420197912	47138429	6717000	44610000	7922000	39000	687521	0
1789797617.799268	11680354680	4420221777	47140199	6717000	44610000	7922000	39000	681321	0
1789797618.307042	11680550114	4420228796	47141847	6761000	44610000	7973000	38000	800916	0
1789797618.818446	11680744328	4420240149	47143311	6761000	44610000	7973000	38000	683751	0
1789797619.326586	11681811342	4420551000	47144410	6761000	44610000	7973000	40000	1767242	0
1789797619.835004	11685708793	4422606231	47146302	6761000	44610000	7973000	40000	942521	0
1789797620.340992	11688724166	4424209010	47146302	6697000	44600000	7898000	41000	1010382	0
1789797620.853992	11691790808	4425823203	47146302	6697000	44600000	7898000	41000	937653	0
1789797621.359988	11694808195	4427379351	47146302	6697000	44600000	7898000	41000	930145	0
1789797621.871993	11697865866	4428952834	47146302	6697000	44600000	7898000	41000	930525	0
1789797622.379985	11700899061	4430502757	47146302	6719000	44590000	7924000	42000	944928	0
1789797622.894205	11703964666	4432064642	47146302	6719000	44590000	7924000	42000	941121	0
1789797623.400117	11706974363	4433646852	47146363	6719000	44590000	7924000	42000	1003901	0
1789797623.909899	11710014822	4435232725	47146363	6719000	44590000	7924000	42000	1019372	0
1789797624.416207	11713029584	4436828973	47146363	6717000	44590000	7921000	42000	1151559	0
1789797624.926110	11715983556	4438405690	47146424	6717000	44590000	7921000	42000	977470	0
1789797625.432004	11718465911	4439400256	47146424	6717000	44590000	7921000	41000	1454571	0
1789797625.939997	11722146138	4441253034	47146424	6717000	44590000	7921000	41000	842516	0
1789797626.446979	11725165479	4442814859	47146424	6717000	44580000	7922000	42000	1027093	0
1789797626.959167	11728225407	4444433080	47146424	6717000	44580000	7922000	42000	1020190	0
1789797627.466975	11731254696	4446016511	47146424	6717000	44580000	7922000	42000	934868	0
1789797627.975986	11734294056	4447582913	47146424	6717000	44580000	7922000	42000	1012521	0
1789797628.483213	11737322552	4449155602	47146424	6717000	44580000	7922000	42000	1024449	0
1789797628.995064	11740385044	4450731953	47146424	6717000	44580000	7922000	42000	899212	0
1789797629.501215	11743417995	4452265030	47146424	6717000	44580000	7922000	42000	796277	0
1789797630.012885	11746444050	4453844921	47146424	6717000	44580000	7922000	42000	1028940	0
1789797630.518753	11749452404	4455432197	47146424	6717000	44580000	7922000	43000	1008546	0
1789797631.028853	11752474613	4457046573	47146424	6717000	44580000	7922000	43000	1098055	0
1789797631.536781	11754953549	4458104309	47146424	6717000	44570000	7921000	42000	1577820	0
1789797632.046084	11758594775	4459933650	47146424	6717000	44570000	7921000	42000	895659	0
1789797632.553825	11761614787	4461527701	47146424	6717000	44570000	7921000	43000	1036620	0
1789797633.065683	11764671359	4463170520	47146424	6717000	44570000	7921000	43000	1041930	0
1789797633.573995	11767707606	4464743575	47146424	6716000	44560000	7920000	43000	940525	0
1789797634.086920	11770765826	4466299235	47146424	6716000	44560000	7920000	43000	928455	0
1789797634.592982	11773789011	4467836279	47146424	6716000	44560000	7920000	43000	921985	0
1789797635.104988	11776844301	4469391817	47146424	6716000	44560000	7920000	43000	911134	0
1789797635.610165	11779853571	4470956632	47146424	6716000	44560000	7920000	43000	1076515	0
1789797636.121134	11782898546	4472551965	47146424	6716000	44560000	7920000	43000	1005091	0
1789797636.627054	11785919962	4474149190	47146424	6716000	44560000	7920000	44000	1098451	0
1789797637.137579	11788886629	4475719438	47148499	6716000	44560000	7920000	44000	1043210	0
1789797637.642945	11791354579	4476882887	47148499	6717000	44550000	7922000	42000	1405240	0
1789797638.152122	11795039567	4478758248	47148499	6717000	44550000	7922000	42000	902847	0
1789797638.659018	11798052194	4480364018	47148499	6717000	44550000	7922000	43000	1029344	0
1789797639.172523	11801121888	4482001648	47148499	6717000	44550000	7922000	43000	934175	0
1789797639.677978	11804140130	4483552670	47148499	6717000	44550000	7922000	43000	926798	0
1789797640.191215	11807208298	4485089775	47148499	6717000	44550000	7922000	43000	931811	0
1789797640.699074	11810243508	4486653553	47148499	6715000	44540000	7919000	43000	867384	0
1789797641.210992	11813290619	4488235580	47148499	6715000	44540000	7919000	43000	905120	0
1789797641.719801	11816326988	4489821208	47148499	6715000	44540000	7919000	43000	933812	0
1789797642.230847	11819368118	4491399512	47148499	6715000	44540000	7919000	43000	1032652	0
1789797642.737397	11822384102	4492996493	47148499	6713000	44540000	7917000	44000	1003311	0
1789797643.248455	11825315002	4494537322	47148499	6713000	44540000	7917000	44000	997450	0
1789797643.754996	11827903863	4495665737	47148499	6713000	44540000	7917000	43000	1516868	0
1789797644.263017	11828656791	4495908229	47150269	6713000	44540000	7917000	43000	1017967	0
1789797644.768784	11829197622	4496070582	47151978	6740000	44530000	7949000	41000	950645	0
1789797645.281301	11829477040	4496084193	47153321	6740000	44530000	7949000	41000	1102794	0
1789797645.789033	11829725697	4496093470	47155274	6740000	44530000	7949000	41000	934407	0
1789797646.301610	11829918567	4496103236	47156922	6740000	44530000	7949000	41000	1184240	0
1789797646.809847	11830079883	4496106898	47156922	6758000	44530000	7970000	40000	977325	0
1789797647.322116	11830346911	4496118311	47158143	6758000	44530000	7970000	40000	687529	0
1789797647.830873	11830548937	4496128260	47159119	6758000	44530000	7970000	40000	977940	0
1789797648.341931	11831239975	4496354578	47160035	6758000	44530000	7970000	40000	775046	0
1789797648.848808	11831457748	4496364526	47161500	6755000	44530000	7966000	40000	675011	0
1789797649.360484	11831721175	4496378381	47162598	6755000	44530000	7966000	40000	661023	0
1789797649.869046	11831897932	4496387903	47163270	6755000	44530000	7966000	40000	1009006	0
1789797650.385244	11832149824	4496413660	47163270	6755000	44530000	7966000	40000	972898	0
1789797650.890679	11832311750	4496420129	47163270	6760000	44520000	7972000	40000	761353	0
1789797651.401073	11832524335	4496430505	47163270	6760000	44520000	7972000	40000	603497	0
1789797651.907252	11832838665	4496438684	47163270	6760000	44520000	7972000	40000	747799	0
1789797652.416260	11833069560	4496449060	47163270	6760000	44520000	7972000	40000	671849	0
1789797652.922299	11833238200	4496454187	47163270	6760000	44520000	7972000	40000	760380	0
1789797653.432080	11833488077	4496464746	47163270	6760000	44520000	7972000	40000	904434	0
1789797653.938357	11833665506	4496470666	47163270	6760000	44520000	7972000	40000	779352	0
1789797654.448180	11834382911	4496764000	47163270	6760000	44520000	7972000	40000	1001711	0
1789797654.954074	11834745337	4496881615	47163270	6760000	44520000	7972000	40000	1252706	0
1789797655.465067	11834994543	4496899742	47163270	6760000	44520000	7972000	40000	1071685	0
1789797655.970380	11835147253	4496906273	47163270	6755000	44520000	7966000	40000	654557	0
1789797656.478926	11835342504	4496917809	47163270	6755000	44520000	7966000	40000	640427	0
1789797656.984598	11835567357	4496923180	47163270	6755000	44520000	7966000	39000	643910	0
1789797657.493981	11835759190	4496931969	47163270	6755000	44520000	7966000	39000	718328	0
1789797658.000374	11835917698	4496937096	47163270	6760000	44520000	7972000	39000	927450	0
1789797658.512183	11836593843	4497214805	47164796	6760000	44520000	7972000	39000	670930	0
1789797659.018283	11837145417	4497401450	47166383	6760000	44520000	7972000	40000	834986	0
1789797659.528035	11837383697	4497416831	47168824	6760000	44520000	7972000	40000	632115	0
1789797660.034049	11837605071	4497427878	47171937	6761000	44510000	7973000	39000	1141633	0
1789797660.543044	11837842009	4497449668	47174134	6761000	44510000	7973000	39000	1005368	0
1789797661.049338	11838052763	4497457907	47174134	6761000	44510000	7973000	39000	790374	0
1789797661.557156	11838259122	4497467551	47175965	6761000	44510000	7973000	39000	649630	0
1789797662.063548	11838424588	4497475852	47175965	6761000	44510000	7973000	39000	1117429	0
1789797662.574285	11838745876	4497523276	47175965	6761000	44510000	7973000	39000	591100	0
1789797663.080273	11839035304	4497531943	47175965	6761000	44510000	7973000	39000	839634	0
1789797663.589043	11839239466	4497545004	47175965	6761000	44510000	7973000	39000	1012739	0
1789797664.094954	11839753991	4497651327	47175965	6761000	44510000	7973000	39000	1318605	0
1789797664.603589	11840114342	4497749655	47175965	6761000	44510000	7973000	39000	652353	0
1789797665.110194	11840333702	4497757467	47175965	6753000	44510000	7964000	39000	660104	0
1789797665.619416	11840607810	4497767904	47175965	6753000	44510000	7964000	39000	710188	0
1789797666.125162	11840775961	4497774923	47175965	6753000	44510000	7964000	39000	762555	0
1789797666.635015	11840994040	4497784689	47175965	6753000	44510000	7964000	39000	872729	0
1789797667.140317	11841180562	4497796713	47175965	6761000	44510000	7973000	39000	1145317	0
1789797667.650997	11841370320	4497803304	47175965	6761000	44510000	7973000	39000	639100	0
1789797668.157064	11841550923	4497810079	47175965	6761000	44510000	7973000	39000	677214	0
1789797668.665881	11842311846	4498179280	47175965	6761000	44510000	7973000	39000	691831	0
1789797669.171138	11843085648	4498540973	47175965	6754000	44500000	7965000	39000	580881	0
1789797669.681332	11843515395	4498723773	47175965	6754000	44500000	7965000	39000	683105	0
1789797670.186849	11843925490	4498906939	47175965	6754000	44500000	7965000	39000	942637	0
1789797670.696343	11844337049	4499091448	47175965	6754000	44500000	7965000	39000	668139	0
1789797671.202888	11844742504	4499277117	47175965	6752000	44500000	7963000	39000	963306	0
1789797671.712099	11845158397	4499458757	47175965	6752000	44500000	7963000	39000	722667	0
1789797672.217056	11845601694	4499660294	47175965	6752000	44500000	7963000	39000	944828	0
1789797672.727375	11846034798	4499851395	47175965	6752000	44500000	7963000	39000	1013616	0
1789797673.233369	11846447883	4500029861	47175965	6761000	44500000	7973000	39000	755248	0
1789797673.745203	11846861212	4500212478	47175965	6761000	44500000	7973000	39000	652369	0
1789797674.252163	11847664494	4500600050	47175965	6761000	44500000	7973000	39000	975349	0
1789797674.761303	11848147219	4500778394	47175965	6761000	44500000	7973000	39000	546947	0
1789797675.267348	11848629945	4500964307	47175965	6761000	44500000	7973000	39000	653026	0
1789797675.777062	11849105225	4501146008	47175965	6761000	44500000	7973000	39000	583927	0
1789797676.283316	11849568114	4501327832	47175965	6756000	44490000	7967000	39000	944468	0
1789797676.791994	11849976316	4501509044	47175965	6756000	44490000	7967000	39000	671880	0
1789797677.298151	11850402890	4501692149	47175965	6756000	44490000	7967000	38000	759590	0
1789797677.809297	11850861690	4501878611	47175965	6756000	44490000	7967000	38000	898553	0
1789797678.314237	11851263606	4502057566	47175965	6761000	44490000	7973000	38000	673733	0
1789797678.824140	11851574762	4502111399	47178590	6761000	44490000	7973000	38000	600034	0
1789797679.330050	11852153862	4502281931	47180848	6761000	44490000	7973000	38000	842545	0
1789797679.840342	11852362968	4502291635	47182740	6761000	44490000	7973000	38000	662989	0
1789797680.345842	11852639945	4502307993	47184754	6761000	44490000	7974000	38000	660227	0
1789797680.856148	11852817496	4502315378	47186585	6761000	44490000	7974000	38000	1114389	0
1789797681.362036	11853036123	4502324899	47186585	6761000	44490000	7974000	38000	666509	0
1789797681.873124	11854329577	4503101692	47187623	6761000	44490000	7974000	38000	1072621	0
1789797682.379056	11855945417	4504157902	47188416	6745000	44490000	7955000	41000	1191952	0
1789797682.887946	11857317911	4505067202	47188416	6745000	44490000	7955000	41000	785156	0
1789797683.392324	11858697119	4505986450	47188416	6745000	44490000	7955000	41000	1059571	0
1789797683.900555	11860097384	4506918454	47188416	6745000	44490000	7955000	41000	882070	0
1789797684.405143	11861946989	4508092280	47188416	6740000	44480000	7949000	41000	1252736	0
1789797684.914603	11863386011	4509053581	47188416	6740000	44480000	7949000	41000	1282210	0
1789797685.418329	11865005025	4510194020	47188416	6740000	44480000	7949000	41000	1232283	0
1789797685.926822	11866493669	4511159044	47188477	6740000	44480000	7949000	41000	1313742	0
1789797686.431061	11867934034	4512120773	47188477	6740000	44480000	7949000	41000	1255585	0
1789797686.938697	11869434824	4513147992	47188477	6740000	44480000	7949000	41000	1446260	0
1789797687.443618	11870847296	4514082560	47188477	6743000	44480000	7952000	41000	1825950	0
1789797687.951939	11872320986	4515077430	47188477	6743000	44480000	7952000	41000	1261348	0
1789797688.456737	11873736387	4516020421	47188477	6743000	44480000	7952000	41000	1090082	0
1789797688.964880	11875152888	4516963595	47188477	6743000	44480000	7952000	41000	1051047	0
1789797689.469770	11876589529	4517927765	47188477	6744000	44470000	7954000	41000	1403688	0
1789797689.977968	11877985095	4518849637	47188477	6744000	44470000	7954000	41000	787262	0
1789797690.481542	11879390670	4519795375	47188477	6744000	44470000	7954000	43000	1432313	0
1789797690.990849	11880792155	4520739647	47188477	6744000	44470000	7954000	43000	1011754	0
1789797691.495058	11881844033	4521323386	47189942	6743000	44470000	7952000	39000	817832	0
1789797692.004401	11882328162	4521486838	47191407	6743000	44470000	7952000	39000	1109725	0
1789797692.510483	11882569128	4521509237	47192750	6743000	44470000	7952000	39000	1148582	0
1789797693.018879	11882980077	4521517416	47192750	6743000	44470000	7952000	39000	653629	0
1789797693.525334	11883229283	4521526083	47194215	6757000	44470000	7969000	38000	564102	0
1789797694.036047	11883471226	4521557638	47195435	6757000	44470000	7969000	38000	1300241	0
1789797694.540754	11884407197	4521932271	47196534	6757000	44470000	7969000	40000	1376790	0
1789797695.048608	11886093228	4522754168	47198365	6757000	44470000	7969000	40000	789498	0
1789797695.553100	11888162437	4524156020	47198365	6735000	44460000	7943000	46000	1022435	0
1789797696.059605	11890159441	4525334850	47200013	6735000	44460000	7943000	46000	1030031	0
1789797696.565273	11890785843	4525484752	47201417	6735000	44460000	7943000	39000	1207251	0
1789797697.075056	11891113052	4525552257	47204652	6735000	44460000	7943000	39000	1505477	0
1789797697.581312	11891468886	4525613841	47208863	6735000	44460000	7943000	38000	715115	0
1789797698.091729	11891664320	4525623546	47210328	6735000	44460000	7943000	38000	1015574	0
1789797698.598485	11891866529	4525632335	47212098	6761000	44460000	7973000	38000	663380	0
1789797699.106955	11892233227	4525741954	47212098	6761000	44460000	7973000	38000	1090755	0
1789797699.611259	11894854986	4527455938	47213685	6761000	44460000	7973000	49000	713007	0
1789797700.118042	11897569578	4528942446	47213685	6761000	44460000	7973000	49000	674996	0
1789797700.623501	11899732781	4529686524	47215516	6722000	44460000	7927000	39000	665287	0
1789797701.132905	11900325247	4529845031	47216248	6722000	44460000	7927000	39000	652142	0
1789797701.638469	11900532461	4529856872	47218384	6722000	44460000	7927000	39000	643890	0
1789797702.147411	11900824453	4529871643	47219239	6722000	44460000	7927000	39000	704451	0
1789797702.653433	11901053700	4529888244	47219239	6758000	44450000	7970000	38000	565417	0
1789797703.162362	11901266956	4529898132	47219239	6758000	44450000	7970000	38000	701089	0
1789797703.667925	11902174913	4530217284	47219239	6758000	44450000	7970000	40000	1843887	0
1789797704.176862	11906040748	4532265313	47219239	6758000	44450000	7970000	40000	1088355	0
1789797704.683983	11909076629	4533911977	47219239	6716000	44450000	7920000	41000	930118	0
1789797705.203994	11912183738	4535551926	47219239	6716000	44450000	7920000	41000	940747	0
1789797705.709982	11915201247	4537124615	47219239	6716000	44450000	7920000	41000	1008116	0
1789797706.221425	11918253424	4538736427	47219239	6716000	44450000	7920000	41000	943300	0
1789797706.728168	11921273070	4540331699	47219239	6717000	44440000	7922000	42000	1021830	0
1789797707.238849	11924331045	4541881317	47219239	6717000	44440000	7922000	42000	929698	0
1789797707.745424	11927347761	4543419887	47219239	6717000	44440000	7922000	42000	1019928	0
1789797708.256522	11930393469	4544996970	47219239	6717000	44440000	7922000	42000	1046813	0
1789797708.763677	11933336882	4546556598	47219239	6717000	44440000	7922000	42000	1160687	0
1789797709.272950	11936376364	4548087294	47219239	6717000	44440000	7922000	42000	1332379	0
1789797709.777616	11938522659	4549063000	47220826	6717000	44440000	7921000	40000	723703	0
1789797710.289059	11939052138	4549256420	47220826	6717000	44440000	7921000	40000	1013757	0
1789797710.794116	11939281019	4549292919	47222352	6717000	44440000	7921000	39000	670776	0
1789797711.306905	11939586561	4549312145	47224732	6717000	44440000	7921000	39000	751565	0
1789797711.813740	11939773999	4549319530	47226624	6758000	44430000	7970000	39000	673625	0
1789797712.326850	11940017651	4549330333	47228272	6758000	44430000	7970000	39000	830933	0
1789797712.833030	11940450206	4549410167	47229005	6758000	44430000	7970000	39000	1345428	0
1789797713.341989	11944467652	4551508611	47230469	6758000	44430000	7970000	39000	849098	0
1789797713.850994	11947503166	4553119569	47230469	6712000	44430000	7916000	42000	939627	0
1789797714.362002	11950549545	4554782956	47230469	6712000	44430000	7916000	42000	940208	0
1789797714.867984	11953562843	4556376519	47230469	6712000	44430000	7916000	42000	1041286	0
1789797715.379757	11956618011	4557957508	47230469	6712000	44430000	7916000	42000	967575	0
1789797715.885973	11959643760	4559516159	47230469	6714000	44420000	7918000	42000	1032600	0
1789797716.398076	11962706619	4561078838	47230469	6714000	44420000	7918000	42000	909750	0
1789797716.907212	11965740180	4562614479	47230469	6714000	44420000	7918000	42000	1030924	0
1789797717.418213	11968789367	4564179660	47230530	6714000	44420000	7918000	42000	966086	0
1789797717.924537	11971791678	4565756255	47230530	6714000	44420000	7918000	43000	1076817	0
1789797718.434750	11974710250	4567262843	47230530	6714000	44420000	7918000	43000	866644	0
1789797718.939090	11977186379	4568345238	47230530	6714000	44420000	7918000	41000	1430020	0
1789797719.447066	11980899565	4570164630	47230530	6714000	44420000	7918000	41000	1041931	0
1789797719.955484	11983933127	4571771865	47230530	6714000	44420000	7918000	43000	1039919	0
1789797720.466966	11986981947	4573396312	47230897	6714000	44420000	7918000	43000	1033173	0
1789797720.974203	11990015570	4574982611	47230897	6712000	44410000	7916000	43000	1024333	0
1789797721.485204	11993065122	4576581057	47230897	6712000	44410000	7916000	43000	1021052	0
1789797721.991376	11996081045	4578134886	47230897	6712000	44410000	7916000	43000	1021853	0
1789797722.503079	11999150617	4579722406	47230897	6712000	44410000	7916000	43000	843430	0
1789797723.012796	12002184423	4581268423	47230897	6709000	44400000	7912000	43000	943357	0
1789797723.524003	12005232267	4582852830	47230897	6709000	44400000	7912000	43000	988759	0
1789797724.030238	12008256368	4584429364	47230897	6709000	44400000	7912000	43000	944957	0
1789797724.551198	12011349499	4586079140	47230897	6709000	44400000	7912000	43000	1085890	0
1789797725.057979	12013803656	4587192419	47230897	6711000	44390000	7915000	47000	1313623	0
1789797725.566052	12017422482	4588992829	47230897	6711000	44390000	7915000	47000	1042760	0
1789797726.073522	12020452626	4590589444	47230897	6711000	44390000	7915000	43000	938268	0
1789797726.584889	12023499432	4592234276	47230897	6711000	44390000	7915000	43000	960987	0
1789797727.092862	12026533482	4593834125	47230897	6712000	44390000	7916000	43000	1038880	0
1789797727.603260	12029581386	4595423721	47230897	6712000	44390000	7916000	43000	935729	0
1789797728.110067	12032612751	4596961132	47230897	6712000	44390000	7916000	43000	934407	0
1789797728.621003	12035657298	4598486457	47230897	6712000	44390000	7916000	43000	903002	0
1789797729.128984	12038689884	4600035526	47230897	6710000	44380000	7913000	43000	935828	0
1789797729.641088	12041753718	4601598388	47230897	6710000	44380000	7913000	43000	893313	0
1789797730.148995	12044777514	4603150996	47230897	6710000	44380000	7913000	43000	1020352	0
1789797730.659838	12047805522	4604763419	47230897	6710000	44380000	7913000	43000	1013410	0
1789797731.166056	12050629794	4606175525	47230897	6710000	44380000	7913000	43000	1230024	0
1789797731.678064	12053908961	4607849959	47230897	6710000	44380000	7913000	43000	932979	0
1789797732.187981	12056953020	4609423502	47230897	6712000	44380000	7916000	43000	845195	0
1789797732.697009	12059986399	4611072424	47230897	6712000	44380000	7916000	43000	900091	0
1789797733.203196	12063010683	4612678499	47230897	6712000	44380000	7916000	44000	932650	0
1789797733.714531	12066057611	4614249906	47230897	6712000	44380000	7916000	44000	943610	0
1789797734.222056	12069088121	4615840905	47230897	6710000	44370000	7913000	44000	1043344	0
1789797734.734929	12072145853	4617447163	47230897	6710000	44370000	7913000	44000	939737	0
1789797735.241922	12075101167	4618992203	47230897	6710000	44370000	7913000	43000	1489023	0
1789797735.753209	12078216394	4620636791	47230897	6710000	44370000	7913000	43000	1027518	0
1789797736.260585	12081243119	4622237007	47230897	6707000	44360000	7910000	44000	1106815	0
1789797736.771118	12084288583	4623826419	47230897	6707000	44360000	7910000	44000	966603	0
1789797737.277105	12086817080	4625086853	47230897	6707000	44360000	7910000	43000	1227145	0
1789797737.788339	12088439939	4625720152	47232117	6707000	44360000	7910000	43000	675167	0
1789797738.296458	12088963986	4625907041	47233887	6723000	44360000	7929000	42000	681467	0
1789797738.807895	12089387202	4625929197	47235963	6723000	44360000	7929000	42000	827594	0
1789797739.315707	12089577998	4625936033	47235963	6723000	44360000	7929000	41000	687493	0
1789797739.829586	12089973749	4625999204	47238282	6723000	44360000	7929000	41000	648069	0
1789797740.338054	12090204949	4626014097	47240174	6751000	44350000	7962000	41000	755596	0
1789797740.850526	12090510369	4626035459	47241944	6751000	44350000	7962000	41000	642697	0
1789797741.358993	12090747734	4626044309	47242982	6751000	44350000	7962000	41000	838491	0
1789797741.869826	12091649343	4626371823	47247925	6751000	44350000	7962000	41000	961439	0
1789797742.377967	12091856312	4626378537	47248719	6745000	44350000	7955000	41000	989788	0
1789797742.890738	12092305835	4626409848	47249940	6745000	44350000	7955000	41000	881187	0
1789797743.398834	12092546191	4626429562	47251771	6745000	44350000	7955000	41000	652466	0
1789797743.913152	12092907762	4626458187	47253724	6745000	44350000	7955000	41000	487514	0
1789797744.421032	12093452072	4626640804	47255005	6745000	44350000	7955000	41000	862451	0
1789797744.935927	12093814559	4626654476	47256714	6745000	44350000	7955000	41000	631259	0
1789797745.443143	12094031356	4626664364	47256714	6750000	44350000	7961000	41000	1226822	0
1789797745.955986	12094514142	4626688106	47256714	6750000	44350000	7961000	41000	691695	0
1789797746.462207	12094725018	4626702511	47256714	6750000	44350000	7961000	40000	854346	0
1789797746.971217	12094901715	4626711971	47256714	6750000	44350000	7961000	40000	746712	0
1789797747.479055	12095187542	4626725948	47256714	6756000	44350000	7967000	41000	652216	0
1789797747.987252	12095436809	4626740780	47256714	6756000	44350000	7967000	41000	601125	0
1789797748.492953	12095917642	4626896358	47256714	6756000	44350000	7967000	41000	746862	0
1789797749.002783	12096128274	4626931575	47256714	6756000	44350000	7967000	41000	641462	0
1789797749.510307	12096356789	4626946406	47256714	6754000	44340000	7965000	40000	738166	0
1789797750.019281	12096566749	4626960444	47256714	6754000	44340000	7965000	40000	680072	0
1789797750.525107	12096755042	4626972896	47256714	6754000	44340000	7965000	40000	800755	0
1789797751.033939	12096904761	4626979304	47256714	6754000	44340000	7965000	40000	640966	0
1789797751.540294	12097125952	4627000422	47256714	6757000	44340000	7969000	40000	638522	0
1789797752.050070	12097320593	4627015681	47256714	6757000	44340000	7969000	40000	642247	0
1789797752.556215	12097583043	4627037165	47256714	6757000	44340000	7969000	40000	1192810	0
1789797753.064822	12097806126	4627044978	47256714	6757000	44340000	7969000	40000	973577	0
1789797753.570139	12098062351	4627061396	47256714	6756000	44340000	7968000	40000	605622	0
1789797754.079069	12098387912	4627141352	47256714	6756000	44340000	7968000	40000	1184552	0
1789797754.584519	12098805880	4627239130	47256714	6756000	44340000	7968000	40000	960046	0
1789797755.092882	12098960298	4627244440	47256714	6756000	44340000	7968000	40000	629819	0
1789797755.599338	12099215485	4627257807	47256714	6756000	44340000	7968000	40000	694910	0
1789797756.108957	12099393524	4627267695	47256714	6756000	44340000	7968000	40000	811129	0
1789797756.615214	12099683563	4627287165	47256714	6754000	44340000	7965000	40000	800583	0
1789797757.125834	12099867339	4627296625	47256714	6754000	44340000	7965000	40000	854526	0
1789797757.632255	12100484159	4627423639	47257386	6754000	44340000	7965000	39000	667664	0
1789797758.142335	12101187587	4627693170	47259217	6754000	44340000	7965000	39000	664575	0
1789797758.649237	12101719019	4627877862	47261475	6755000	44330000	7966000	41000	724942	0
1789797759.157314	12102007898	4627930169	47263917	6755000	44330000	7966000	41000	659934	0
1789797759.663039	12102225793	4627944939	47263917	6755000	44330000	7966000	39000	726027	0
1789797760.173360	12102487877	4627958367	47265504	6755000	44330000	7966000	39000	774325	0
1789797760.679101	12102817222	4627982720	47266297	6755000	44330000	7966000	39000	588921	0
1789797761.189377	12103003073	4627992119	47267945	6755000	44330000	7966000	39000	1202823	0
1789797761.696197	12103239035	4628012139	47269105	6755000	44330000	7966000	39000	1105477	0
1789797762.207045	12103425863	4628023674	47269105	6755000	44330000	7966000	39000	909543	0
1789797762.712912	12103657063	4628038139	47269105	6755000	44330000	7966000	39000	850215	0
1789797763.223324	12103838276	4628045830	47269105	6755000	44330000	7966000	39000	634886	0
1789797763.730009	12104135273	4628060845	47269105	6755000	44330000	7966000	39000	566871	0
1789797764.240372	12104664019	4628241081	47269105	6755000	44330000	7966000	39000	651856	0
1789797764.747222	12104893022	4628257316	47269105	6756000	44330000	7968000	39000	651202	0
1789797765.257356	12105092912	4628269340	47269105	6756000	44330000	7968000	39000	604075	0
1789797765.762256	12105422623	4628285636	47269105	6756000	44330000	7968000	39000	674936	0
1789797766.271846	12105583877	4628292533	47269105	6756000	44330000	7968000	39000	569981	0
1789797766.777320	12105884169	4628329826	47269105	6756000	44330000	7968000	39000	723793	0
1789797767.287520	12106075209	4628340324	47269105	6756000	44330000	7968000	39000	646958	0
1789797767.792247	12106307752	4628356254	47269105	6755000	44320000	7966000	39000	597145	0
1789797768.302329	12106870007	4628566458	47269105	6755000	44320000	7966000	39000	886252	0
1789797768.806987	12107631968	4628928213	47269105	6755000	44320000	7966000	41000	613115	0
1789797769.317278	12108110116	4629111013	47269105	6755000	44320000	7966000	41000	755614	0
1789797769.822821	12108536140	4629294667	47269105	6734000	44320000	7942000	43000	720745	0
1789797770.332377	12108983283	4629491017	47269105	6734000	44320000	7942000	43000	672201	0
1789797770.837896	12109401128	4629674061	47269105	6734000	44320000	7942000	39000	804050	0
1789797771.349086	12109829899	4629861438	47269105	6734000	44320000	7942000	39000	915309	0
1789797771.855330	12110254520	4630049182	47269105	6757000	44320000	7969000	39000	736515	0
1789797772.365332	12110665529	4630237231	47269105	6757000	44320000	7969000	39000	792050	0
1789797772.870828	12111120545	4630418138	47269105	6757000	44320000	7969000	39000	799507	0
1789797773.379032	12111593200	4630607896	47269105	6757000	44320000	7969000	39000	613567	0
1789797773.885409	12112014891	4630790147	47269105	6755000	44320000	7966000	39000	663359	0
1789797774.394124	12112835385	4631167709	47269105	6755000	44320000	7966000	39000	729488	0
1789797774.899446	12113289729	4631348678	47269105	6755000	44320000	7966000	39000	881731	0
1789797775.408313	12113711786	4631539107	47269105	6755000	44320000	7966000	39000	1240474	0
1789797775.913384	12114123894	4631722578	47269105	6759000	44310000	7971000	39000	849600	0
1789797776.422969	12114542167	4631907636	47269105	6759000	44310000	7971000	39000	673070	0
1789797776.928053	12114952262	4632084821	47269105	6759000	44310000	7971000	38000	840928	0
1789797777.438376	12115398122	4632279828	47269105	6759000	44310000	7971000	38000	1022359	0
1789797777.943313	12115855885	4632477276	47269105	6759000	44310000	7971000	38000	740658	0
1789797778.453363	12116237964	4632525372	47270447	6759000	44310000	7971000	38000	950308	0
1789797778.958338	12116841478	4632738872	47272584	6756000	44310000	7967000	38000	627105	0
1789797779.468388	12117129075	4632755046	47273682	6756000	44310000	7967000	38000	766002	0
1789797779.974921	12117283554	4632762798	47273682	6756000	44310000	7967000	38000	546523	0
1789797780.483792	12117577499	4632788310	47277649	6756000	44310000	7967000	38000	572744	0
1789797780.989480	12117775069	4632797588	47278687	6758000	44310000	7970000	38000	582876	0
1789797781.498780	12118408002	4633040141	47280579	6758000	44310000	7970000	38000	777344	0
1789797782.003580	12120067666	4634108314	47281861	6758000	44310000	7970000	43000	962886	0
1789797782.511064	12121423070	4634980993	47281861	6758000	44310000	7970000	43000	988665	0
1789797783.015690	12122782259	4635844333	47281861	6739000	44310000	7948000	43000	1494438	0
1789797783.522895	12124189970	4636755280	47281861	6739000	44310000	7948000	43000	898737	0
1789797784.026969	12125629297	4637693144	47281861	6739000	44310000	7948000	43000	1768413	0
1789797784.533080	12127372518	4638779933	47281861	6739000	44310000	7948000	43000	926116	0
1789797785.037655	12129107377	4639990624	47281861	6737000	44300000	7945000	43000	992947	0
1789797785.545261	12130570935	4640961446	47281861	6737000	44300000	7945000	43000	727757	0
1789797786.048622	12132012032	4641868915	47281861	6737000	44300000	7945000	43000	974026	0
1789797786.555089	12133461430	4642833451	47281861	6737000	44300000	7945000	43000	977575	0
1789797787.059643	12134857179	4643736891	47281861	6737000	44300000	7945000	43000	1583182	0
1789797787.568847	12136281186	4644668773	47281861	6737000	44300000	7945000	43000	901009	0
1789797788.072266	12137713983	4645598825	47281861	6737000	44300000	7945000	45000	1012069	0
1789797788.580039	12139087026	4646476691	47281922	6737000	44300000	7945000	45000	926614	0
1789797789.083780	12140468676	4647368107	47281922	6737000	44300000	7945000	43000	1281875	0
1789797789.591457	12141871504	4648282106	47281922	6737000	44300000	7945000	43000	981505	0
1789797790.094798	12143235270	4649167358	47281922	6736000	44290000	7944000	43000	867675	0
1789797790.601952	12144616492	4650077329	47281922	6736000	44290000	7944000	43000	730308	0
1789797791.105424	12145964572	4650963557	47281922	6736000	44290000	7944000	43000	732483	0
1789797791.611958	12146639436	4651211969	47283692	6736000	44290000	7944000	43000	665959	0
1789797792.116436	12147064057	4651328485	47285645	6740000	44290000	7949000	39000	734970	0
1789797792.625965	12147273834	4651338983	47287842	6740000	44290000	7949000	39000	651193	0
1789797793.132046	12147489959	4651350580	47289368	6740000	44290000	7949000	38000	583449	0
1789797793.641807	12147686858	4651360284	47290345	6740000	44290000	7949000	38000	615736	0
1789797794.148054	12148155179	4651530023	47290345	6757000	44290000	7969000	40000	1371591	0
1789797794.657652	12149683557	4652279471	47291810	6757000	44290000	7969000	40000	821062	0
1789797795.163896	12151115133	4653036794	47292908	6757000	44290000	7969000	45000	1020568	0
1789797795.670091	12153337966	4654541001	47292908	6757000	44290000	7969000	45000	734994	0
1789797796.173937	12154586743	4655153854	47295594	6726000	44280000	7932000	39000	950764	0
1789797796.684349	12155101207	4655316756	47296937	6726000	44280000	7932000	39000	1005780	0
1789797797.190964	12155308604	4655326644	47298707	6726000	44280000	7932000	38000	1011796	0
1789797797.700562	12155580087	4655346480	47298707	6726000	44280000	7932000	38000	641261	0
1789797798.205834	12155756417	4655354964	47300538	6756000	44280000	7968000	38000	632939	0
1789797798.718364	12156046822	4655370040	47302369	6756000	44280000	7968000	38000	664692	0
1789797799.223618	12157589176	4656312542	47304200	6756000	44280000	7968000	48000	972876	0
1789797799.730740	12160375424	4658147254	47304200	6756000	44280000	7968000	48000	904526	0
1789797800.235942	12163141286	4659344883	47304200	6756000	44280000	7968000	45000	894320	0
1789797800.743504	12164445482	4659705966	47305054	6756000	44280000	7968000	45000	872826	0
1789797801.249205	12164951523	4659826388	47307190	6720000	44270000	7925000	38000	960545	0
1789797801.758075	12165554122	4659846225	47309266	6720000	44270000	7925000	38000	1085232	0
1789797802.263847	12166364911	4659854892	47311463	6720000	44270000	7925000	39000	658359	0
1789797802.773177	12167126017	4659868746	47311463	6720000	44270000	7925000	39000	562508	0
1789797803.279054	12167367472	4659888278	47311463	6736000	44270000	7944000	38000	1118601	0
1789797803.788983	12170390901	4661302764	47311463	6736000	44270000	7944000	38000	1195590	0
1789797804.294983	12173422083	4662958277	47311463	6736000	44270000	7944000	41000	1041291	0
1789797804.806612	12176483720	4664590109	47311463	6736000	44270000	7944000	41000	937057	0
1789797805.311866	12179500314	4666178850	47311463	6714000	44270000	7918000	41000	941005	0
1789797805.822973	12182549440	4667749281	47311463	6714000	44270000	7918000	41000	924768	0
1789797806.329824	12185572503	4669312326	47311463	6714000	44270000	7918000	42000	1037045	0
1789797806.840327	12188611924	4670915715	47311463	6714000	44270000	7918000	42000	1071269	0
1789797807.347452	12191638528	4672534241	47311463	6713000	44260000	7917000	42000	1023380	0
1789797807.859001	12194692353	4674093319	47311463	6713000	44260000	7917000	42000	1077103	0
1789797808.365111	12197707787	4675680168	47311463	6713000	44260000	7917000	42000	1105937	0
1789797808.874029	12200740311	4677287586	47311463	6713000	44260000	7917000	42000	990046	0
1789797809.380133	12203383493	4678617783	47311463	6712000	44250000	7916000	41000	975589	0
1789797809.891053	12204769597	4679144576	47313721	6712000	44250000	7916000	41000	704470	0
1789797810.398692	12205271061	4679303938	47315979	6712000	44250000	7916000	39000	1014910	0
1789797810.909132	12205607120	4679322859	47317933	6712000	44250000	7916000	39000	851463	0
1789797811.417678	12205860476	4679329329	47317933	6712000	44250000	7916000	39000	848999	0
1789797811.928993	12206065737	4679344832	47319947	6712000	44250000	7916000	39000	666770	0
1789797812.436765	12206279909	4679354781	47320923	6753000	44250000	7964000	39000	683258	0
1789797812.948972	12208543514	4680341594	47321900	6753000	44250000	7964000	39000	1542236	0
1789797813.456643	12211757739	4682005470	47323182	6753000	44250000	7964000	42000	932340	0
1789797813.967967	12214801493	4683626559	47323182	6753000	44250000	7964000	42000	1018654	0
1789797814.476000	12217832980	4685246794	47323243	6711000	44250000	7914000	42000	1033795	0
1789797814.986976	12220889673	4686795130	47323243	6711000	44250000	7914000	42000	928162	0
1789797815.495008	12223921465	4688347494	47323304	6711000	44250000	7914000	42000	917688	0
1789797816.005689	12226965036	4689931108	47323304	6711000	44250000	7914000	42000	1035774	0
1789797816.512134	12229986818	4691503553	47323304	6711000	44240000	7914000	42000	945543	0
1789797817.023984	12233038263	4693064828	47323304	6711000	44240000	7914000	42000	977924	0
1789797817.531112	12236062730	4694659978	47323731	6711000	44240000	7914000	42000	1088796	0
1789797818.041114	12239102701	4696268250	47323731	6711000	44240000	7914000	42000	998412	0
1789797818.548235	12242011751	4697745542	47323731	6711000	44230000	7914000	42000	1039344	0
1789797819.058060	12245054895	4699117669	47323731	6711000	44230000	7914000	42000	1461314	0
1789797819.564065	12248207291	4700783620	47323731	6711000	44230000	7914000	42000	934957	0
1789797820.077801	12251271981	4702419724	47323792	6711000	44230000	7914000	42000	934787	0
1789797820.582105	12254278260	4704018292	47323853	6709000	44220000	7912000	42000	1043885	0
1789797821.091996	12257328240	4705565224	47323853	6709000	44220000	7912000	42000	930207	0
1789797821.597978	12260348130	4707106174	47323853	6709000	44220000	7912000	43000	935404	0
1789797822.109998	12263405068	4708675079	47323853	6709000	44220000	7912000	43000	925559	0
1789797822.615975	12266426300	4710222316	47323853	6709000	44220000	7912000	43000	930478	0
1789797823.127195	12269470482	4711802635	47323853	6709000	44220000	7912000	43000	959952	0
1789797823.633902	12272480362	4713396808	47323853	6709000	44220000	7912000	43000	1104466	0
1789797824.144110	12275534492	4714995681	47323853	6709000	44220000	7912000	43000	992461	0
1789797824.649837	12278239075	4716319652	47323853	6709000	44220000	7912000	43000	1183134	0
1789797825.160051	12281410759	4717705329	47323853	6709000	44220000	7912000	43000	1653078	0
1789797825.665127	12284623885	4719404178	47323853	6713000	44210000	7917000	43000	904675	0
1789797826.180838	12287699500	4721029540	47323853	6713000	44210000	7917000	43000	932536	0
1789797826.685967	12290714019	4722619135	47323853	6713000	44210000	7917000	43000	949850	0
1789797827.197964	12293774619	4724194265	47323853	6713000	44210000	7917000	43000	933586	0
1789797827.708188	12296813551	4725803148	47323853	6707000	44210000	7910000	43000	1026242	0
1789797828.219203	12299869940	4727357343	47323853	6707000	44210000	7910000	43000	932818	0
1789797828.726054	12302895201	4728899209	47323853	6707000	44210000	7910000	43000	934844	0
1789797829.240201	12305959829	4730445287	47323853	6707000	44210000	7910000	43000	901805	0
1789797829.746319	12308974714	4732003450	47323853	6706000	44200000	7909000	43000	967301	0
1789797830.256951	12312011205	4733597317	47323853	6706000	44200000	7909000	43000	1245231	0
1789797830.762871	12314937467	4735105981	47323853	6706000	44200000	7909000	45000	920998	0
1789797831.272201	12318077657	4736540852	47323853	6706000	44200000	7909000	45000	1099839	0
1789797831.780066	12321123670	4738125687	47323853	6702000	44190000	7904000	43000	946360	0
1789797832.292613	12324187077	4739758496	47323853	6702000	44190000	7904000	43000	935826	0
1789797832.799999	12327208371	4741384224	47323853	6702000	44190000	7904000	44000	1045700	0
1789797833.314962	12330288319	4742964481	47325257	6702000	44190000	7904000	44000	932613	0
1789797833.822972	12333319317	4744525634	47325257	6702000	44190000	7904000	44000	942459	0
1789797834.335789	12336375401	4746110164	47325257	6702000	44190000	7904000	44000	1010073	0
1789797834.841783	12339386501	4747628104	47325257	6705000	44190000	7908000	44000	1021359	0
1789797835.350075	12342429462	4749219531	47325257	6705000	44190000	7908000	44000	951772	0
1789797835.857068	12345444347	4750790999	47325257	6705000	44190000	7908000	44000	1040405	0
1789797836.366683	12348410831	4752355509	47325257	6705000	44190000	7908000	44000	984378	0
1789797836.871521	12351264950	4753740943	47325257	6705000	44180000	7907000	45000	1161648	0
1789797837.380453	12352920097	4754409459	47327637	6705000	44180000	7907000	45000	705176	0
1789797837.888417	12353575796	4754563817	47329590	6705000	44180000	7907000	42000	1090197	0
1789797838.398597	12354105702	4754710728	47330872	6705000	44180000	7907000	42000	1193543	0
1789797838.905653	12354265492	4754715489	47330872	6742000	44170000	7951000	41000	625003	0
1789797839.417147	12354495288	4754728855	47333069	6742000	44170000	7951000	41000	659019	0
1789797839.924734	12354790942	4754744419	47334290	6742000	44170000	7951000	41000	926107	0
1789797840.436959	12355102648	4754780247	47337403	6742000	44170000	7951000	41000	853957	0
1789797840.945014	12355325914	4754788669	47337403	6748000	44170000	7958000	41000	875001	0
1789797841.457274	12356079940	4755065341	47342102	6748000	44170000	7958000	41000	1144030	0
1789797841.963449	12356245406	4755070346	47342102	6748000	44170000	7958000	41000	674940	0
1789797842.475787	12356483626	4755092258	47342774	6748000	44170000	7958000	41000	1082128	0
1789797842.983441	12356668012	4755100436	47342774	6746000	44170000	7956000	41000	1117761	0
1789797843.497169	12356943036	4755127536	47342835	6746000	44170000	7956000	41000	930066	0
1789797844.004896	12357176129	4755138705	47342835	6746000	44170000	7956000	40000	1117884	0
1789797844.514922	12357768168	4755315218	47342835	6746000	44170000	7956000	40000	858876	0
1789797845.021829	12357962565	4755324069	47342835	6746000	44170000	7956000	40000	863462	0
1789797845.531173	12358206949	4755334628	47342835	6746000	44170000	7956000	40000	975683	0
1789797846.037576	12358388284	4755343356	47342835	6748000	44170000	7958000	40000	983944	0
1789797846.549214	12358596047	4755357211	47342835	6748000	44170000	7958000	40000	657741	0
1789797847.054837	12358808693	4755365145	47342835	6748000	44170000	7958000	40000	755807	0
1789797847.563036	12359026100	4755380892	47342835	6748000	44170000	7958000	40000	647814	0
1789797848.069216	12359590063	4755535433	47342835	6750000	44160000	7961000	40000	571082	0
1789797848.579472	12359805394	4755546297	47342835	6750000	44160000	7961000	40000	661366	0
1789797849.085180	12360127354	4755569673	47342835	6750000	44160000	7961000	40000	870420	0
1789797849.594054	12360426304	4755609407	47342835	6750000	44160000	7961000	40000	724809	0
1789797850.101327	12360605991	4755616609	47342835	6748000	44160000	7958000	40000	709738	0
1789797850.611482	12360804843	4755626680	47342835	6748000	44160000	7958000	40000	809224	0
1789797851.117181	12360962252	4755633455	47342835	6748000	44160000	7958000	40000	716429	0
1789797851.627379	12361190645	4755647554	47342835	6748000	44160000	7958000	40000	756364	0
1789797852.133980	12361366548	4755658662	47342835	6750000	44160000	7961000	40000	632101	0
1789797852.644109	12361619660	4755667207	47342835	6750000	44160000	7961000	40000	688251	0
1789797853.150303	12361788361	4755674898	47342835	6750000	44160000	7961000	40000	813162	0
1789797853.658777	12361975738	4755686250	47342835	6750000	44160000	7961000	40000	575492	0
1789797854.164046	12362448820	4755842378	47342835	6751000	44160000	7962000	41000	1113627	0
1789797854.672452	12362673490	4755852876	47342835	6751000	44160000	7962000	41000	583229	0
1789797855.177730	12362833219	4755859223	47342835	6751000	44160000	7962000	40000	613703	0
1789797855.689511	12363060025	4755873200	47342835	6751000	44160000	7962000	40000	567149	0
1789797856.195337	12363278042	4755882173	47342835	6754000	44160000	7965000	40000	687270	0
1789797856.705377	12363461391	4755890840	47342835	6754000	44160000	7965000	40000	753110	0
1789797857.212162	12363630397	4755896821	47342835	6754000	44150000	7965000	39000	662047	0
1789797857.721022	12364304345	4756106354	47344483	6754000	44150000	7965000	39000	1285876	0
1789797858.226264	12364604271	4756141999	47346802	6754000	44150000	7965000	40000	919629	0
1789797858.736275	12365070213	4756255218	47348816	6754000	44150000	7965000	40000	710789	0
1789797859.242408	12365233298	4756261017	47348816	6746000	44150000	7956000	39000	836605	0
1789797859.753435	12365452841	4756271027	47350586	6746000	44150000	7956000	39000	811878	0
1789797860.260302	12365660970	4756286957	47351380	6746000	44150000	7956000	39000	1433373	0
1789797860.769479	12365949178	4756297577	47352173	6746000	44150000	7956000	39000	686397	0
1789797861.277019	12366170918	4756307709	47353577	6754000	44150000	7965000	39000	1113892	0
1789797861.786176	12366407856	4756318878	47353577	6754000	44150000	7965000	39000	722044	0
1789797862.292084	12366607684	4756324859	47353577	6754000	44150000	7965000	39000	937930	0
1789797862.803150	12366786517	4756332001	47353577	6754000	44150000	7965000	39000	526665	0
1789797863.309481	12367028398	4756343780	47353577	6756000	44150000	7967000	39000	825034	0
1789797863.817348	12367450333	4756384308	47353577	6756000	44150000	7967000	39000	609489	0
1789797864.322450	12368018264	4756572051	47353577	6756000	44150000	7967000	39000	733486	0
1789797864.832327	12368332594	4756612029	47353577	6756000	44150000	7967000	39000	635652	0
1789797865.339106	12368535292	4756622954	47353577	6753000	44140000	7964000	39000	608323	0
1789797865.849352	12368934888	4756651580	47353577	6753000	44140000	7964000	39000	570765	0
1789797866.354397	12369140393	4756661284	47353577	6753000	44140000	7964000	39000	889839	0
1789797866.864050	12369385387	4756681426	47353577	6753000	44140000	7964000	39000	704056	0
1789797867.371603	12369586741	4756690154	47353577	6754000	44140000	7965000	39000	1053264	0
1789797867.880473	12370264291	4756925749	47353577	6754000	44140000	7965000	39000	1212237	0
1789797868.385268	12371079352	4757254056	47353577	6754000	44140000	7965000	44000	963719	0
1789797868.892291	12371771794	4757490018	47353577	6754000	44140000	7965000	44000	1100032	0
1789797869.396846	12372319278	4757703762	47353577	6754000	44140000	7965000	45000	1030934	0
1789797869.905016	12372917177	4757971095	47353577	6754000	44140000	7965000	45000	719426	0
1789797870.409507	12373331849	4758168727	47353577	6746000	44140000	7956000	45000	751063	0
1789797870.918071	12373968078	4758400965	47353577	6746000	44140000	7956000	45000	797042	0
1789797871.423075	12374371397	4758582117	47353577	6746000	44140000	7956000	41000	699711	0
1789797871.933840	12374955075	4758809350	47353577	6746000	44140000	7956000	41000	769444	0
1789797872.439339	12375418453	4758992760	47353577	6748000	44140000	7958000	39000	935488	0
1789797872.949061	12376091669	4759222435	47353577	6748000	44140000	7958000	39000	943078	0
1789797873.454376	12376510857	4759403099	47353577	6748000	44140000	7958000	39000	848111	0
1789797873.964280	12377055472	4759609397	47353577	6748000	44140000	7958000	39000	1208528	0
1789797874.469465	12377876820	4759956625	47353577	6742000	44130000	7951000	39000	1365619	0
1789797874.978798	12378548999	4760168722	47353577	6742000	44130000	7951000	39000	1079391	0
1789797875.484056	12378993151	4760356709	47353577	6742000	44130000	7951000	39000	1183399	0
1789797875.994076	12379605881	4760550679	47353577	6742000	44130000	7951000	39000	930174	0
1789797876.500328	12380040633	4760739704	47353577	6744000	44130000	7954000	39000	734661	0
1789797877.009937	12380461836	4760920917	47353577	6744000	44130000	7954000	39000	667657	0
1789797877.515409	12380935589	4761110492	47353577	6744000	44130000	7954000	39000	738498	0
1789797878.024745	12381561015	4761284075	47357361	6744000	44130000	7954000	39000	579913	0
1789797878.530460	12382088968	4761458696	47358765	6751000	44130000	7962000	39000	674344	0
1789797879.042015	12382320535	4761469194	47361206	6751000	44130000	7962000	39000	1143961	0
1789797879.548478	12382554299	4761489214	47361206	6751000	44130000	7962000	38000	921013	0
1789797880.057414	12382834815	4761499834	47363526	6751000	44130000	7962000	38000	557778	0
1789797880.563319	12383136023	4761532976	47364502	6751000	44130000	7962000	38000	679068	0
1789797881.073043	12383790257	4761814286	47365723	6751000	44130000	7962000	38000	1655085	0
1789797881.578009	12385501068	4762896681	47366883	6752000	44120000	7963000	42000	1245067	0
1789797882.085771	12386901639	4763812450	47366944	6752000	44120000	7963000	42000	1027058	0
1789797882.592046	12388314538	4764742929	47366944	6752000	44120000	7963000	42000	1278035	0
1789797883.099547	12389728475	4765677985	47366944	6752000	44120000	7963000	42000	875536	0
1789797883.605625	12391188005	4766647770	47366944	6730000	44120000	7937000	42000	1500407	0
1789797884.113987	12392915966	4767752503	47366944	6730000	44120000	7937000	42000	2109424	0
1789797884.617457	12394559151	4768890501	47366944	6730000	44120000	7937000	42000	1266391	0
1789797885.126910	12396060245	4769891658	47366944	6730000	44120000	7937000	42000	1271833	0
1789797885.631439	12397542847	4770850274	47366944	6730000	44120000	7937000	42000	1803869	0
1789797886.139663	12399030148	4771852285	47366944	6730000	44120000	7937000	42000	1386149	0
1789797886.644148	12400475700	4772826099	47366944	6730000	44120000	7937000	42000	1333527	0
1789797887.150623	12401933827	4773812791	47366944	6730000	44120000	7937000	42000	1309714	0
1789797887.656756	12403379685	4774782271	47366944	6733000	44110000	7941000	43000	1220630	0
1789797888.164919	12404754559	4775678753	47366944	6733000	44110000	7941000	43000	1070245	0
1789797888.669701	12406189980	4776630655	47366944	6733000	44110000	7941000	43000	1215426	0
1789797889.176927	12407612096	4777579871	47366944	6733000	44110000	7941000	43000	886492	0
1789797889.681225	12409023103	4778525791	47366944	6735000	44110000	7943000	43000	1460540	0
1789797890.190908	12410469449	4779496675	47366944	6735000	44110000	7943000	43000	1292629	0
1789797890.694899	12411953088	4780443999	47368042	6735000	44110000	7943000	40000	1586126	0
1789797891.203328	12412235680	4780468108	47368042	6735000	44110000	7943000	40000	742008	0
1789797891.708698	12412751609	4780654021	47369873	6735000	44110000	7943000	39000	660781	0
1789797892.218113	12412949912	4780664275	47371704	6735000	44110000	7943000	39000	657521	0
1789797892.724156	12413166830	4780681364	47373169	6750000	44100000	7960000	39000	671064	0
1789797893.233979	12413361959	4780690703	47374268	6750000	44100000	7960000	39000	656307	0
1789797893.739803	12413723408	4780715117	47376099	6750000	44100000	7960000	39000	1108296	0
1789797894.250040	12415721999	4781826808	47376099	6750000	44100000	7960000	39000	1330130	0
1789797894.755613	12417363841	4782779992	47377075	6745000	44100000	7955000	46000	932360	0
1789797895.262170	12419619145	4784300130	47377075	6745000	44100000	7955000	46000	901466	0
1789797895.766430	12420634157	4784703022	47381592	6745000	44100000	7955000	39000	666685	0
1789797896.276010	12421064088	4784815875	47382935	6745000	44100000	7955000	39000	591710	0
1789797896.782434	12421420227	4784845416	47384827	6746000	44100000	7956000	38000	734213	0
1789797897.292356	12421610351	4784852374	47384827	6746000	44100000	7956000	38000	1161878	0
1789797897.798112	12422014952	4784886554	47385498	6746000	44100000	7956000	38000	683963	0
1789797898.307841	12422216429	4784897723	47387329	6746000	44100000	7956000	38000	748390	0
1789797898.815983	12424184136	4786182510	47388489	6753000	44100000	7964000	48000	737500	0
1789797899.323996	12427149521	4788011424	47388489	6753000	44100000	7964000	48000	1034813	0
1789797899.828356	12429885720	4789054329	47388489	6753000	44100000	7964000	42000	724634	0
1789797900.335094	12430681922	4789298957	47392700	6753000	44100000	7964000	42000	830374	0
1789797900.840584	12431103063	4789412787	47392700	6748000	44090000	7958000	39000	936698	0
1789797901.349929	12431353002	4789429206	47394898	6748000	44090000	7958000	39000	1227828	0
1789797901.856435	12431648533	4789449469	47396607	6748000	44090000	7958000	38000	581075	0
1789797902.366387	12431856724	4789464850	47396607	6748000	44090000	7958000	38000	944370	0
1789797902.873218	12432090854	4789484320	47396607	6748000	44090000	7958000	38000	1104654	0
1789797903.384006	12435715845	4791317324	47396607	6748000	44090000	7958000	38000	912529	0
1789797903.891013	12438741105	4792916685	47396607	6752000	44090000	7963000	41000	935475	0
1789797904.402986	12441793283	4794579217	47396607	6752000	44090000	7963000	41000	943916	0
1789797904.908975	12444814088	4796166127	47396607	6752000	44090000	7963000	41000	939781	0
1789797905.420674	12447868890	4797744126	47396607	6752000	44090000	7963000	41000	940100	0
1789797905.927005	12450896287	4799305340	47396607	6709000	44080000	7912000	42000	895607	0
1789797906.439950	12453956399	4800832802	47396607	6709000	44080000	7912000	42000	917263	0
1789797906.945203	12456964692	4802371128	47396607	6709000	44080000	7912000	42000	1033457	0
1789797907.457057	12460025353	4803923309	47396607	6709000	44080000	7912000	42000	948590	0
1789797907.965167	12463051529	4805484829	47396607	6708000	44080000	7911000	42000	1033259	0
1789797908.477360	12466025887	4807039390	47396607	6708000	44080000	7911000	42000	1308136	0
1789797908.982926	12468637269	4808227681	47396607	6708000	44080000	7911000	43000	1184679	0
1789797909.493068	12469673888	4808585895	47397705	6708000	44080000	7911000	43000	1466290	0
1789797910.000670	12470068540	4808703815	47399048	6742000	44070000	7951000	39000	681707	0
1789797910.513269	12470303036	4808728351	47401367	6742000	44070000	7951000	39000	596316	0
1789797911.019954	12470773494	4808736224	47402283	6742000	44070000	7951000	39000	622975	0
1789797911.532033	12471004390	4808756122	47402283	6742000	44070000	7951000	39000	641694	0
1789797912.038926	12471239130	4808765460	47403321	6743000	44070000	7952000	39000	832086	0
1789797912.551074	12474191454	4810272475	47404419	6743000	44070000	7952000	39000	871484	0
1789797913.059682	12477228312	4811875865	47405884	6743000	44070000	7952000	42000	940106	0
1789797913.571993	12480281771	4813506720	47405945	6743000	44070000	7952000	42000	926721	0
1789797914.079988	12483310755	4815123720	47405945	6743000	44070000	7952000	42000	1048411	0
1789797914.591006	12486366655	4816709898	47406006	6743000	44070000	7952000	42000	932296	0
1789797915.099007	12489399423	4818257196	47406006	6707000	44060000	7910000	42000	945519	0
1789797915.609979	12492448671	4819817495	47406128	6707000	44060000	7910000	42000	937572	0
1789797916.115210	12495451654	4821375169	47406189	6707000	44060000	7910000	42000	1050398	0
1789797916.631187	12498532823	4822957379	47406189	6707000	44060000	7910000	42000	1049144	0
1789797917.137802	12501552773	4824544900	47406189	6706000	44050000	7909000	43000	974182	0
1789797917.647922	12504521760	4826115086	47406189	6706000	44050000	7909000	43000	1309513	0
1789797918.154763	12507270227	4827413728	47406189	6706000	44050000	7909000	42000	1050932	0
1789797918.665170	12510674881	4828981839	47406189	6706000	44050000	7909000	42000	1056626	0
1789797919.171085	12513702828	4830594139	47406311	6711000	44050000	7914000	43000	1036025	0
1789797919.684896	12516768005	4832215473	47406372	6711000	44050000	7914000	43000	1033942	0
1789797920.193633	12519807365	4833825516	47406433	6711000	44050000	7914000	43000	1027954	0
1789797920.703187	12522842758	4835429698	47406433	6711000	44050000	7914000	43000	1026395	0
1789797921.209057	12525868690	4836998237	47406433	6705000	44040000	7907000	43000	933437	0
1789797921.720969	12528926299	4838547610	47406433	6705000	44040000	7907000	43000	937282	0
1789797922.228981	12531959251	4840051330	47406433	6705000	44040000	7907000	43000	924094	0
1789797922.741210	12535013930	4841624751	47406433	6705000	44040000	7907000	43000	947821	0
1789797923.248534	12538037238	4843207877	47406433	6705000	44030000	7908000	43000	1049637	0
1789797923.759195	12541070494	4844789355	47406433	6705000	44030000	7908000	43000	1271252	0
1789797924.265793	12543895988	4846199629	47406433	6705000	44030000	7908000	44000	1038480	0
1789797924.774262	12547145003	4847786051	47406433	6705000	44030000	7908000	44000	1022789	0
1789797925.281052	12550177222	4849389868	47406433	6705000	44030000	7908000	43000	936991	0
1789797925.795962	12553246611	4851014925	47406433	6705000	44030000	7908000	43000	1031965	0
1789797926.301106	12556255331	4852623990	47406433	6705000	44030000	7907000	43000	1065557	0
1789797926.810201	12559295118	4854212609	47406433	6705000	44030000	7907000	43000	1045166	0
1789797927.317110	12562317938	4855806599	47406433	6705000	44030000	7907000	44000	1100256	0
1789797927.826070	12565369199	4857343033	47406433	6705000	44030000	7907000	44000	929557	0
1789797928.335668	12568413076	4858879956	47406433	6701000	44020000	7903000	43000	939155	0
1789797928.846219	12571456708	4860418343	47406433	6701000	44020000	7903000	43000	924965	0
1789797929.353625	12574479405	4862000309	47406433	6701000	44020000	7903000	44000	1080852	0
1789797929.865153	12577468411	4863582825	47406433	6701000	44020000	7903000	44000	1171171	0
1789797930.370775	12580231405	4864907711	47406433	6702000	44020000	7904000	43000	1370464	0
1789797930.879207	12583569470	4866468071	47406433	6702000	44020000	7904000	43000	1200006	0
1789797931.386069	12586620915	4868060169	47406433	6702000	44020000	7904000	44000	933649	0
1789797931.899958	12589683224	4869667282	47406433	6702000	44020000	7904000	44000	947007	0
1789797932.405981	12592706410	4871253520	47406433	6700000	44010000	7902000	44000	940881	0
1789797932.918982	12595768169	4872859534	47406433	6700000	44010000	7902000	44000	942020	0
1789797933.426184	12598790195	4874430697	47406433	6700000	44010000	7902000	44000	1034064	0
1789797933.937244	12601841152	4875989348	47406433	6700000	44010000	7902000	44000	947682	0
1789797934.446585	12604885639	4877537074	47406433	6702000	44000000	7904000	44000	883835	0
1789797934.959059	12607939769	4879108481	47406433	6702000	44000000	7904000	44000	971308	0
1789797935.465317	12610951724	4880682451	47406433	6702000	44000000	7904000	45000	1032819	0
1789797935.975130	12613988765	4882309034	47406433	6702000	44000000	7904000	45000	996999	0
1789797936.481409	12616690906	4883644968	47406433	6702000	44000000	7904000	45000	918807	0
1789797936.990619	12618030502	4884156075	47409668	6702000	44000000	7904000	45000	844674	0
1789797937.496666	12618572249	4884340889	47411438	6705000	44000000	7908000	42000	972144	0
1789797938.007795	12619075544	4884476936	47418152	6705000	44000000	7908000	42000	1075114	0
1789797938.515467	12619311993	4884493599	47420166	6705000	44000000	7908000	42000	654166	0
1789797939.027787	12619515667	4884504036	47422974	6705000	44000000	7908000	42000	637520	0
1789797939.535989	12619745037	4884520088	47424622	6742000	43990000	7951000	41000	663014	0
1789797940.047024	12620091715	4884535225	47425598	6742000	43990000	7951000	41000	692843	0
1789797940.555076	12620334269	4884545173	47427246	6742000	43990000	7951000	41000	713058	0
1789797941.066985	12620898354	4884764045	47427246	6742000	43990000	7951000	41000	953337	0
1789797941.575616	12621082375	4884771308	47427246	6744000	43990000	7954000	41000	825277	0
1789797942.087898	12621277015	4884784491	47427246	6744000	43990000	7954000	41000	675714	0
1789797942.595266	12621493018	4884792487	47427246	6744000	43990000	7954000	41000	683266	0
1789797943.109796	12621728735	4884810126	47427307	6744000	43990000	7954000	41000	594357	0
1789797943.617753	12621941808	4884816718	47427307	6744000	43990000	7953000	41000	916970	0
1789797944.130887	12622406834	4884971075	47427368	6744000	43990000	7953000	41000	1190964	0
1789797944.637428	12622673923	4884996649	47427368	6744000	43990000	7953000	41000	651826	0
1789797945.146762	12622918796	4885005865	47427368	6744000	43990000	7953000	41000	1029474	0
1789797945.652496	12623086520	4885013739	47427368	6741000	43980000	7950000	40000	559356	0
1789797946.162322	12623294893	4885025885	47427429	6741000	43980000	7950000	40000	573954	0
1789797946.668322	12623525911	4885039435	47427429	6741000	43980000	7950000	40000	562264	0
1789797947.178038	12623753693	4885060065	47427429	6741000	43980000	7950000	40000	960203	0
1789797947.683040	12624331939	4885267278	47427429	6741000	43980000	7950000	40000	1141897	0
1789797948.196211	12624588774	4885280828	47427429	6741000	43980000	7950000	40000	627556	0
1789797948.702318	12624774748	4885287115	47427429	6746000	43980000	7956000	40000	828488	0
1789797949.212293	12625003141	4885302435	47427429	6746000	43980000	7956000	40000	1220713	0
1789797949.718312	12625154447	4885307378	47427429	6746000	43980000	7956000	40000	712165	0
1789797950.228304	12625366299	4885326665	47427735	6746000	43980000	7956000	40000	800224	0
1789797950.734204	12625620083	4885333806	47427735	6750000	43980000	7960000	40000	652114	0
1789797951.244192	12625829616	4885348455	47427735	6750000	43980000	7960000	40000	745068	0
1789797951.750060	12626011744	4885354436	47427735	6750000	43980000	7960000	40000	632890	0
1789797952.261231	12626180933	4885362432	47427735	6750000	43980000	7960000	40000	709967	0
1789797952.767423	12626417993	4885367315	47427735	6749000	43980000	7959000	40000	1108025	0
1789797953.277097	12626620629	4885380437	47427735	6749000	43980000	7959000	40000	770822	0
1789797953.783261	12626774316	4885385991	47427735	6749000	43980000	7959000	40000	655147	0
1789797954.291952	12627319541	4885567998	47427735	6749000	43980000	7959000	40000	701256	0
1789797954.797049	12627478659	4885573979	47427735	6748000	43970000	7958000	40000	686950	0
1789797955.307165	12627682455	4885586674	47427735	6748000	43970000	7958000	40000	1002887	0
1789797955.811326	12628043599	4885605229	47427735	6748000	43970000	7958000	40000	953582	0
1789797956.321292	12628282979	4885613042	47427735	6748000	43970000	7958000	40000	673683	0
1789797956.826954	12628436054	4885617375	47427735	6750000	43970000	7960000	39000	859748	0
1789797957.338741	12629158465	4885891605	47429688	6750000	43970000	7960000	39000	819979	0
1789797957.844373	12629688065	4886053592	47431275	6750000	43970000	7960000	40000	769820	0
1789797958.354284	12629919510	4886071598	47433411	6750000	43970000	7960000	40000	667077	0
1789797958.859896	12630121048	4886080875	47435852	6748000	43970000	7958000	39000	663914	0
1789797959.371068	12630304519	4886089237	47435852	6748000	43970000	7958000	39000	990846	0
1789797959.876378	12630532485	4886099185	47437012	6748000	43970000	7958000	39000	1007800	0
1789797960.385947	12630844068	4886130802	47439942	6748000	43970000	7958000	39000	806485	0
1789797960.890379	12631039441	4886140201	47439942	6748000	43970000	7958000	39000	643221	0
1789797961.399316	12631253613	4886152103	47439942	6748000	43970000	7958000	39000	891669	0
1789797961.905982	12631513195	4886162540	47440064	6750000	43970000	7961000	39000	642731	0
1789797962.415530	12631708690	4886175662	47440064	6750000	43970000	7961000	39000	538794	0
1789797962.921047	12631874400	4886181461	47440064	6750000	43970000	7961000	39000	627354	0
1789797963.431961	12632083750	4886194156	47440064	6750000	43970000	7961000	39000	859896	0
1789797963.938345	12632280405	4886204349	47440064	6745000	43960000	7955000	39000	717247	0
1789797964.446550	12632850289	4886380862	47440064	6745000	43960000	7955000	39000	984509	0
1789797964.952137	12633030586	4886387698	47440064	6745000	43960000	7955000	39000	780930	0
1789797965.462374	12633236152	4886398318	47440064	6745000	43960000	7955000	39000	819790	0
1789797965.970030	12633467719	4886411257	47440064	6750000	43960000	7961000	39000	1005119	0
1789797966.480695	12633655401	4886420779	47440064	6750000	43960000	7961000	39000	637355	0
1789797966.986305	12633837042	4886429629	47440064	6750000	43960000	7961000	39000	650323	0
1789797967.495975	12634638248	4886760072	47440064	6750000	43960000	7961000	39000	537926	0
1789797968.000690	12635336733	4887102235	47440064	6740000	43960000	7949000	39000	940125	0
1789797968.509365	12635843567	4887300598	47440064	6740000	43960000	7949000	39000	597116	0
1789797969.014263	12636259826	4887483337	47440064	6740000	43960000	7949000	39000	588581	0
1789797969.524385	12636698118	4887676269	47440064	6740000	43960000	7949000	39000	496513	0
1789797970.030485	12637124692	4887861022	47440064	6735000	43960000	7943000	39000	641380	0
1789797970.541054	12637533321	4888042906	47440064	6735000	43960000	7943000	39000	1286699	0
1789797971.047324	12638006770	4888247800	47440064	6735000	43960000	7943000	39000	1201138	0
1789797971.555280	12638470941	4888436826	47440064	6735000	43960000	7943000	39000	1325219	0
1789797972.061334	12638883598	4888615475	47440064	6735000	43960000	7943000	39000	1052991	0
1789797972.571240	12639292716	4888799984	47440064	6735000	43960000	7943000	39000	901978	0
1789797973.077046	12639785452	4888981807	47440064	6738000	43950000	7946000	39000	998119	0
1789797973.587063	12640195790	4889161433	47440064	6738000	43950000	7946000	39000	509682	0
1789797974.093048	12640808337	4889459040	47440064	6738000	43950000	7946000	40000	1085164	0
1789797974.600238	12641397996	4889713190	47440064	6738000	43950000	7946000	40000	624538	0
1789797975.106357	12641824326	4889899835	47440064	6736000	43950000	7944000	39000	656586	0
1789797975.615263	12642280196	4890081658	47440064	6736000	43950000	7944000	39000	779515	0
1789797976.120489	12642738142	4890267571	47440064	6736000	43950000	7944000	39000	969456	0
1789797976.630647	12643190594	4890458061	47440064	6736000	43950000	7944000	39000	606445	0
1789797977.136329	12643604228	4890641715	47440064	6743000	43950000	7952000	38000	576959	0
1789797977.646351	12643970927	4890692496	47442505	6743000	43950000	7952000	38000	911823	0
1789797978.151947	12644449197	4890845023	47445191	6743000	43950000	7952000	38000	1173764	0
1789797978.661313	12644696084	4890856314	47446961	6743000	43950000	7952000	38000	798657	0
1789797979.167055	12644904701	4890867362	47448609	6750000	43950000	7961000	38000	912327	0
1789797979.675751	12645066627	4890875784	47449402	6750000	43950000	7961000	38000	947101	0
1789797980.182627	12645274634	4890891959	47449402	6750000	43950000	7961000	38000	579773	0
1789797980.692307	12646624606	4891668629	47451172	6750000	43950000	7961000	38000	1492304	0
1789797981.196934	12648220306	4892723131	47452576	6717000	43940000	7922000	41000	1273820	0
1789797981.704456	12649627528	4893651534	47452576	6717000	43940000	7922000	41000	1071775	0
1789797982.208999	12651023643	4894575604	47452576	6717000	43940000	7922000	41000	1213334	0
1789797982.717873	12652442646	4895514689	47452576	6717000	43940000	7922000	41000	1183658	0
1789797983.222365	12653858292	4896468238	47452576	6717000	43940000	7922000	41000	1116174	0
1789797983.728931	12655337719	4897429784	47452576	6717000	43940000	7922000	41000	793054	0
1789797984.233995	12657335761	4898764497	47452576	6730000	43940000	7937000	41000	1258609	0
1789797984.743786	12658786319	4899732817	47452576	6730000	43940000	7937000	41000	1048112	0
1789797985.248192	12660225036	4900699490	47452576	6730000	43940000	7937000	41000	1268733	0
1789797985.756697	12661821406	4901802209	47452576	6730000	43940000	7937000	41000	1298727	0
1789797986.261174	12663206717	4902726706	47452576	6728000	43930000	7934000	41000	1287443	0
1789797986.768643	12664656299	4903696552	47452576	6728000	43930000	7934000	41000	1224580	0
1789797987.273865	12666060958	4904633440	47452576	6728000	43930000	7934000	41000	1254722	0
1789797987.780102	12667464519	4905568557	47452576	6728000	43930000	7934000	41000	1043082	0
1789797988.285454	12668906959	4906524792	47452576	6729000	43930000	7936000	41000	1284373	0
1789797988.792959	12670286594	4907444651	47452576	6729000	43930000	7936000	41000	838302	0
1789797989.297928	12671741913	4908389717	47452576	6729000	43930000	7936000	44000	1272613	0
1789797989.804962	12673135220	4909326848	47452576	6729000	43930000	7936000	44000	1051946	0
1789797990.309204	12674168237	4909926578	47453491	6729000	43930000	7936000	39000	840049	0
1789797990.818931	12674707054	4910109927	47455261	6729000	43930000	7936000	39000	686053	0
1789797991.324973	12674891136	4910117068	47456116	6729000	43930000	7936000	39000	1063097	0
1789797991.835349	12675055930	4910124209	47457520	6729000	43930000	7936000	39000	979235	0
1789797992.341172	12675347433	4910141848	47459229	6745000	43920000	7955000	39000	653755	0
1789797992.852198	12675523580	4910149478	47461060	6745000	43920000	7955000	39000	643965	0
1789797993.359026	12676164021	4910370363	47462647	6745000	43920000	7955000	39000	1102052	0
1789797993.868930	12677928909	4911270080	47463928	6745000	43920000	7955000	39000	1235269	0
1789797994.373670	12680497078	4912970577	47463928	6745000	43920000	7955000	46000	1311855	0
1789797994.883657	12682264103	4913968011	47465515	6745000	43920000	7955000	46000	648843	0
1789797995.389076	12682820315	4914175530	47467285	6714000	43920000	7918000	39000	678928	0
1789797995.898966	12683070619	4914190788	47469055	6714000	43920000	7918000	39000	626814	0
1789797996.405308	12683312379	4914205009	47471008	6714000	43920000	7918000	39000	776224	0
1789797996.915166	12683512635	4914216301	47472595	6714000	43920000	7918000	39000	711348	0
1789797997.422237	12683737671	4914229118	47474243	6749000	43920000	7959000	38000	701998	0
1789797997.931941	12684313719	4914494132	47475037	6749000	43920000	7959000	38000	1585018	0
1789797998.437020	12687564504	4916712510	47475342	6749000	43920000	7959000	47000	1677439	0
1789797998.945549	12690300032	4918144575	47475342	6749000	43920000	7959000	47000	1773288	0
1789797999.449916	12692169900	4918762554	47476746	6711000	43910000	7914000	39000	1201032	0
1789797999.959291	12692774513	4918972697	47478455	6711000	43910000	7914000	39000	1043764	0
1789798000.464588	12692984778	4918981364	47481018	6711000	43910000	7914000	39000	1081603	0
1789798000.973331	12693202185	4918992107	47482971	6711000	43910000	7914000	39000	1032675	0
1789798001.479263	12693409399	4919001994	47482971	6746000	43910000	7956000	38000	1273194	0
1789798001.989309	12693582555	4919008891	47482971	6746000	43910000	7956000	38000	987752	0
1789798002.497026	12695176606	4919673257	47482971	6746000	43910000	7956000	43000	1810203	0
1789798003.006982	12698678489	4921578037	47482971	6746000	43910000	7956000	43000	1035096	0
1789798003.513996	12701708816	4923199920	47482971	6705000	43910000	7907000	41000	942600	0
1789798004.027605	12704772468	4924812892	47482971	6705000	43910000	7907000	41000	1049091	0
1789798004.536982	12707814208	4926424705	47482971	6705000	43910000	7907000	42000	958560	0
1789798005.047011	12710849357	4928023272	47482971	6705000	43910000	7907000	42000	1045930	0
1789798005.553949	12713889388	4929601149	47482971	6705000	43910000	7907000	42000	930707	0
1789798006.067722	12716956641	4931140452	47482971	6705000	43910000	7907000	42000	937790	0
1789798006.576206	12719990935	4932692755	47482971	6705000	43900000	7907000	42000	1024236	0
1789798007.087874	12723034933	4934269167	47482971	6705000	43900000	7907000	42000	1003154	0
1789798007.593932	12726047072	4935862547	47482971	6705000	43900000	7907000	42000	964428	0
1789798008.104074	12728891181	4937255793	47482971	6705000	43900000	7907000	42000	1036450	0
1789798008.611493	12730872316	4938104667	47483948	6704000	43890000	7906000	40000	1022895	0
1789798009.123698	12731514770	4938330802	47485657	6704000	43890000	7906000	40000	910015	0
1789798009.631475	12731693786	4938336173	47485657	6704000	43890000	7906000	39000	870846	0
1789798010.140776	12731957884	4938355033	47487183	6704000	43890000	7906000	39000	1023285	0
1789798010.646801	12732153074	4938364310	47489075	6739000	43890000	7948000	39000	702760	0
1789798011.154770	12732340696	4938374747	47490479	6739000	43890000	7948000	39000	595780	0
1789798011.660044	12732984005	4938579154	47492187	6739000	43890000	7948000	41000	1397110	0
1789798012.167006	12736988938	4940679673	47493469	6739000	43890000	7948000	41000	939049	0
1789798012.675980	12740023232	4942306073	47493469	6703000	43890000	7905000	42000	1033791	0
1789798013.187648	12743065217	4943933327	47493469	6703000	43890000	7905000	42000	1127122	0
1789798013.692988	12746100426	4945498569	47493469	6703000	43890000	7905000	42000	900648	0
1789798014.205974	12749159805	4947053375	47493469	6703000	43890000	7905000	42000	935456	0
1789798014.711829	12752180733	4948618801	47493469	6703000	43880000	7905000	42000	936849	0
1789798015.224982	12755243591	4950174095	47493469	6703000	43880000	7905000	42000	943152	0
1789798015.732563	12758271537	4951726215	47493469	6703000	43880000	7905000	42000	908828	0
1789798016.242155	12761297348	4953300735	47493469	6703000	43880000	7905000	42000	1086718	0
1789798016.748643	12764317909	4954911326	47493469	6703000	43880000	7905000	43000	1020000	0
1789798017.259073	12767361907	4956520270	47493469	6703000	43880000	7905000	43000	1002656	0
1789798017.764828	12769894127	4957737064	47493469	6702000	43870000	7904000	43000	2136299	0
1789798018.273074	12773435988	4959632933	47493469	6702000	43870000	7904000	43000	944513	0
1789798018.780971	12776463630	4961242304	47493469	6702000	43870000	7904000	43000	1029434	0
1789798019.292198	12779503966	4962875661	47493469	6702000	43870000	7904000	43000	1132749	0
1789798019.796978	12782531790	4964431626	47493469	6701000	43860000	7903000	43000	924752	0
1789798020.306948	12785577559	4966001874	47493591	6701000	43860000	7903000	43000	938625	0
1789798020.814848	12788605383	4967544595	47493591	6701000	43860000	7903000	43000	1026304	0
1789798021.327151	12791661161	4969099461	47493591	6701000	43860000	7903000	43000	939863	0
1789798021.836171	12794693746	4970668183	47494019	6699000	43860000	7900000	43000	1030704	0
1789798022.347651	12797739088	4972255520	47494019	6699000	43860000	7900000	43000	986607	0
1789798022.853987	12800750066	4973852196	47494019	6699000	43860000	7900000	44000	986154	0
1789798023.363732	12803634703	4975278767	47494019	6699000	43860000	7900000	44000	987042	0
1789798023.869931	12806252982	4976365495	47494019	6700000	43850000	7901000	43000	1921625	0
1789798024.376991	12809872358	4978256359	47494019	6700000	43850000	7901000	43000	897755	0
1789798024.885000	12812903844	4979881050	47494019	6700000	43850000	7901000	43000	941131	0
1789798025.395988	12815971768	4981512027	47494019	6700000	43850000	7901000	43000	700017	0
1789798025.900977	12818967610	4983056945	47494019	6696000	43840000	7897000	43000	930567	0
1789798026.412974	12822022473	4984602290	47494019	6696000	43840000	7897000	43000	939693	0
1789798026.918976	12825044987	4986142081	47494019	6696000	43840000	7897000	43000	928948	0
1789798027.430983	12828099545	4987702502	47494019	6696000	43840000	7897000	43000	936158	0
1789798027.937131	12831111439	4989306441	47494019	6696000	43840000	7897000	44000	1064236	0
1789798028.446138	12834146954	4990863566	47494019	6696000	43840000	7897000	44000	1094624	0
1789798028.953034	12837163059	4992471044	47494019	6699000	43840000	7900000	44000	1030023	0
1789798029.463632	12840135769	4994026094	47494019	6699000	43840000	7900000	44000	1114844	0
1789798029.968010	12842607320	4995140959	47494019	6699000	43840000	7900000	43000	1680058	0
1789798030.477990	12846281139	4997056787	47494019	6699000	43840000	7900000	43000	1039104	0
1789798030.984964	12849308536	4998674276	47494019	6700000	43830000	7902000	44000	1032323	0
1789798031.495889	12852351802	5000313981	47494019	6700000	43830000	7902000	44000	1028895	0
1789798032.001970	12855378772	5001888257	47494019	6700000	43830000	7902000	44000	1027387	0
1789798032.511747	12858418437	5003495125	47494019	6700000	43830000	7902000	44000	958392	0
1789798033.018462	12861431796	5005101566	47494019	6697000	43830000	7898000	44000	1100005	0
1789798033.529062	12864498011	5006653259	47494019	6697000	43830000	7898000	44000	924555	0
1789798034.036992	12867529436	5008191158	47494019	6697000	43830000	7898000	44000	944787	0
1789798034.547011	12870559519	5009760246	47494019	6697000	43830000	7898000	44000	984604	0
1789798035.053102	12873572512	5011365222	47494019	6697000	43820000	7898000	45000	1023013	0
1789798035.563208	12876617243	5012962325	47494019	6697000	43820000	7898000	45000	1140887	0
1789798036.068919	12879100940	5014185466	47494019	6697000	43820000	7898000	46000	1832835	0
1789798036.577987	12879895494	5014407207	47495911	6697000	43820000	7898000	46000	926220	0
1789798037.086755	12880415695	5014564555	47496582	6735000	43810000	7943000	42000	847592	0
1789798037.601990	12880646590	5014581950	47497864	6735000	43810000	7943000	42000	1233905	0
1789798038.109529	12880830672	5014590739	47498474	6735000	43810000	7943000	42000	735533	0
1789798038.622834	12881104231	5014604899	47499390	6735000	43810000	7943000	42000	1017022	0
1789798039.130007	12881268781	5014609904	47499390	6735000	43810000	7943000	42000	1110156	0
1789798039.644671	12881625531	5014665995	47500244	6735000	43810000	7943000	42000	883854	0
1789798040.152048	12881924602	5014682413	47501221	6736000	43810000	7944000	41000	666783	0
1789798040.664646	12882700845	5014935831	47502258	6736000	43810000	7944000	41000	656642	0
1789798041.172383	12882945413	5014945413	47502502	6736000	43810000	7944000	41000	659417	0
1789798041.684441	12883232460	5014963785	47503601	6736000	43810000	7944000	41000	733456	0
1789798042.192620	12883399269	5014969522	47503601	6740000	43810000	7949000	41000	862151	0
1789798042.705805	12883633399	5014986551	47503784	6740000	43810000	7949000	41000	676589	0
1789798043.213295	12883853919	5014994729	47504639	6740000	43810000	7949000	41000	660624	0
1789798043.727491	12884215124	5015010965	47504822	6740000	43810000	7949000	41000	656471	0
1789798044.235065	12884891331	5015192849	47504822	6741000	43810000	7950000	41000	646861	0
1789798044.749798	12885192294	5015212258	47504822	6741000	43810000	7950000	41000	650282	0
1789798045.257181	12885392733	5015220925	47504822	6741000	43810000	7950000	41000	668705	0
1789798045.769617	12885757722	5015245644	47504822	6741000	43810000	7950000	41000	637215	0
1789798046.276937	12885953950	5015252846	47504822	6739000	43800000	7948000	40000	759272	0
1789798046.788350	12886389923	5015365334	47504822	6739000	43800000	7948000	40000	631711	0
1789798047.296231	12886779998	5015480751	47504822	6739000	43800000	7948000	41000	802788	0
1789798047.808520	12886965971	5015488564	47504822	6739000	43800000	7948000	41000	761869	0
1789798048.315745	12887147306	5015494606	47504822	6742000	43800000	7951000	40000	794121	0
1789798048.827437	12887335294	5015504250	47504822	6742000	43800000	7951000	40000	666450	0
1789798049.335714	12887507962	5015510353	47504822	6742000	43800000	7951000	40000	740885	0
1789798049.847971	12887685452	5015516945	47504822	6742000	43800000	7951000	40000	972022	0
1789798050.355606	12887848720	5015522316	47504822	6743000	43800000	7952000	40000	701545	0
1789798050.867954	12888026515	5015531044	47504822	6743000	43800000	7952000	40000	1090604	0
1789798051.374825	12888230067	5015546486	47504822	6743000	43800000	7952000	40000	837555	0
1789798051.886042	12888451624	5015552040	47504822	6743000	43800000	7952000	40000	835171	0
1789798052.402757	12888671777	5015558754	47504822	6743000	43800000	7952000	40000	696455	0
1789798052.916346	12888855981	5015568214	47504822	6743000	43800000	7952000	40000	955524	0
1789798053.423822	12889041344	5015574501	47504822	6744000	43800000	7954000	40000	737013	0
1789798053.937431	12889224938	5015580665	47504822	6744000	43800000	7954000	40000	678963	0
1789798054.445734	12889774802	5015764747	47504822	6744000	43800000	7954000	40000	1158709	0
1789798054.955434	12889988241	5015771949	47504822	6744000	43800000	7954000	40000	988680	0
1789798055.462850	12890158224	5015778480	47504822	6741000	43790000	7950000	40000	1163049	0
1789798055.975404	12890355977	5015788917	47504822	6741000	43790000	7950000	40000	1224360	0
1789798056.482251	12890541279	5015798866	47504822	6741000	43790000	7950000	40000	550003	0
1789798056.991299	12890692585	5015803077	47504822	6741000	43790000	7950000	40000	1292841	0
1789798057.495983	12891000812	5015811561	47504822	6743000	43790000	7952000	39000	858792	0
1789798058.008054	12891161456	5015817359	47504822	6743000	43790000	7952000	39000	597945	0
1789798058.514036	12891795305	5016005896	47505249	6743000	43790000	7952000	40000	884010	0
1789798059.024320	12892313919	5016210364	47506165	6743000	43790000	7952000	40000	665693	0
1789798059.529912	12892820265	5016370397	47507263	6741000	43790000	7950000	39000	775973	0
1789798060.038221	12893022047	5016384313	47508362	6741000	43790000	7950000	39000	753818	0
1789798060.545358	12893283765	5016404028	47509033	6741000	43790000	7950000	39000	582665	0
1789798061.054375	12893559033	5016413244	47509521	6741000	43790000	7950000	39000	561983	0
1789798061.560405	12893768017	5016422399	47510376	6746000	43790000	7956000	39000	646976	0
1789798062.069043	12893937999	5016430883	47510498	6746000	43790000	7956000	39000	1072326	0
1789798062.574542	12894160106	5016438940	47510498	6746000	43790000	7956000	39000	630258	0
1789798063.084376	12894354380	5016449193	47510498	6746000	43790000	7956000	39000	929405	0
1789798063.589823	12894551706	5016457128	47510498	6746000	43790000	7956000	39000	1191802	0
1789798064.098798	12894927377	5016560094	47510498	6746000	43790000	7956000	39000	1264373	0
1789798064.603275	12895279243	5016634191	47510498	6745000	43780000	7955000	39000	1159894	0
1789798065.113350	12895465705	5016643407	47510498	6745000	43780000	7955000	39000	922080	0
1789798065.619988	12895665351	5016650487	47510498	6745000	43780000	7955000	39000	674664	0
1789798066.129825	12895879767	5016660558	47510498	6745000	43780000	7955000	39000	776601	0
1789798066.636894	12896064764	5016668370	47510498	6747000	43780000	7957000	39000	705451	0
1789798067.147107	12896252874	5016676427	47510498	6747000	43780000	7957000	39000	768765	0
1789798067.653293	12896526860	5016686131	47510498	6747000	43780000	7957000	39000	1013887	0
1789798068.163047	12896755070	5016695592	47510498	6747000	43780000	7957000	39000	1021424	0
1789798068.669742	12896974796	5016716405	47510498	6746000	43780000	7956000	39000	1386487	0
1789798069.178543	12897745302	5017086887	47510498	6746000	43780000	7956000	39000	597333	0
1789798069.683626	12898308777	5017373752	47510498	6746000	43780000	7956000	39000	751767	0
1789798070.193160	12898768797	5017567233	47510498	6746000	43780000	7956000	39000	602782	0
1789798070.699274	12899251035	5017751314	47510498	6741000	43780000	7950000	39000	766886	0
1789798071.208398	12899667538	5017931734	47510498	6741000	43780000	7950000	39000	637382	0
1789798071.715162	12900124751	5018123445	47510498	6741000	43780000	7950000	39000	728215	0
1789798072.225387	12900530939	5018305024	47510498	6741000	43780000	7950000	39000	768336	0
1789798072.732159	12900946709	5018488556	47510498	6735000	43770000	7943000	39000	905761	0
1789798073.243537	12901373161	5018681793	47510498	6735000	43770000	7943000	39000	1282931	0
1789798073.749248	12901822989	5018867095	47510498	6735000	43770000	7943000	39000	815756	0
1789798074.259307	12902612477	5019243681	47510498	6735000	43770000	7943000	39000	772427	0
1789798074.764209	12903031299	5019427946	47510498	6735000	43770000	7943000	39000	866158	0
1789798075.274266	12903481981	5019628446	47510498	6735000	43770000	7943000	39000	831783	0
1789798075.779025	12904104599	5019820950	47510498	6744000	43770000	7954000	39000	813855	0
1789798076.289225	12904530685	5020014736	47510498	6744000	43770000	7954000	39000	674279	0
1789798076.794944	12904941694	5020193080	47510498	6744000	43770000	7954000	39000	970167	0
1789798077.305205	12905388409	5020406703	47510498	6744000	43770000	7954000	39000	1061767	0
1789798077.811043	12905815044	5020581446	47510498	6742000	43770000	7951000	39000	957103	0
1789798078.320018	12906267435	5020782007	47510498	6742000	43770000	7951000	39000	1203172	0
1789798078.825198	12906702676	5020898401	47511414	6742000	43770000	7951000	39000	646329	0
1789798079.333948	12906983803	5020943140	47511414	6742000	43770000	7951000	39000	1184750	0
1789798079.840116	12907326820	5021060998	47511536	6747000	43760000	7957000	38000	1161722	0
1789798080.350331	12907554053	5021077111	47513061	6747000	43760000	7957000	38000	918220	0
1789798080.855051	12907782934	5021089074	47514160	6747000	43760000	7957000	38000	624231	0
1789798081.365524	12907980078	5021102075	47514343	6747000	43760000	7957000	38000	590530	0
1789798081.871376	12908288609	5021157006	47515137	6747000	43760000	7957000	39000	1308290	0
1789798082.381989	12910036103	5022333273	47515503	6747000	43760000	7957000	39000	1880010	0
1789798082.886198	12911408902	5023231342	47515503	6747000	43760000	7957000	42000	1257259	0
1789798083.393916	12912785790	5024137772	47515503	6747000	43760000	7957000	42000	1945056	0
1789798083.897950	12914221700	5025091505	47515503	6726000	43760000	7932000	42000	1241114	0
1789798084.405023	12916072647	5026255138	47515503	6726000	43760000	7932000	42000	1430807	0
1789798084.910879	12917497692	5027211922	47515503	6726000	43760000	7932000	43000	1270879	0
1789798085.419955	12919109199	5028344976	47515503	6726000	43760000	7932000	43000	1319193	0
1789798085.924770	12920572330	5029337344	47515503	6726000	43760000	7932000	45000	1317994	0
1789798086.432787	12922029358	5030312805	47515503	6726000	43760000	7932000	45000	1065443	0
1789798086.937394	12923439450	5031218809	47515564	6726000	43760000	7932000	42000	1265895	0
1789798087.445966	12924980278	5032281306	47515564	6726000	43760000	7932000	42000	1244272	0
1789798087.950505	12926395985	5033232354	47515564	6726000	43760000	7932000	42000	1296203	0
1789798088.458432	12927833298	5034203359	47515564	6726000	43760000	7932000	42000	1240652	0
1789798088.962835	12929207684	5035111621	47515564	6725000	43750000	7931000	41000	1288935	0
1789798089.470730	12930648477	5036063828	47515564	6725000	43750000	7931000	41000	1642186	0
1789798089.975790	12932107701	5037001021	47515564	6725000	43750000	7931000	41000	1035971	0
1789798090.482573	12933494600	5037912823	47515564	6725000	43750000	7931000	41000	1392592	0
1789798090.988713	12934894437	5038856668	47515564	6725000	43750000	7931000	41000	1329579	0
1789798091.496692	12936311365	5039814185	47515564	6725000	43750000	7931000	41000	1249003	0
1789798092.001220	12936942162	5040105749	47516174	6725000	43750000	7931000	39000	988761	0
1789798092.511999	12937458090	5040297887	47517273	6725000	43750000	7931000	39000	1141878	0
1789798093.018232	12937653280	5040307287	47517639	6739000	43740000	7948000	38000	635370	0
1789798093.528207	12937857076	5040319860	47518494	6739000	43740000	7948000	38000	670416	0
1789798094.033055	12938078450	5040347875	47518494	6739000	43740000	7948000	39000	1162955	0
1789798094.541296	12938564838	5040500340	47518738	6739000	43740000	7948000	39000	790038	0
1789798095.046930	12939758317	5041057102	47519653	6736000	43740000	7944000	44000	991836	0
1789798095.554957	12941094006	5041727815	47520508	6736000	43740000	7944000	44000	1732363	0
1789798096.059614	12943237067	5043159635	47520508	6736000	43740000	7944000	43000	734764	0
1789798096.567003	12945047549	5044215663	47522522	6736000	43740000	7944000	43000	884476	0
1789798097.073350	12945587220	5044420435	47523254	6736000	43740000	7944000	39000	1502208	0
1789798097.583283	12945791992	5044430994	47523254	6736000	43740000	7944000	39000	747838	0
1789798098.088314	12945978271	5044440760	47524170	6737000	43740000	7945000	39000	1100397	0
1789798098.597852	12946164001	5044449976	47524292	6737000	43740000	7945000	39000	1224834	0
1789798099.102951	12946359252	5044460657	47524414	6737000	43740000	7945000	38000	640090	0
1789798099.612942	12946948667	5044699976	47525329	6737000	43740000	7945000	38000	950193	0
1789798100.117216	12949916188	5046683857	47525329	6744000	43730000	7953000	50000	721823	0
1789798100.623612	12952627119	5048083146	47525329	6744000	43730000	7953000	50000	1128025	0
1789798101.128974	12954510537	5048706008	47526489	6744000	43730000	7953000	39000	647221	0
1789798101.638195	12955088844	5048925063	47526733	6744000	43730000	7953000	39000	660929	0
1789798102.145297	12955267737	5048933546	47527832	6736000	43730000	7944000	39000	647297	0
1789798102.653339	12955471594	5048944166	47528747	6736000	43730000	7944000	39000	647118	0
1789798103.159658	12955681677	5048958082	47528747	6736000	43730000	7944000	38000	1046809	0
1789798103.669421	12955961949	5048980482	47528747	6736000	43730000	7944000	38000	639462	0
1789798104.175035	12957629914	5049639355	47528747	6741000	43730000	7950000	42000	1993131	0
1789798104.684060	12961159751	5051526679	47528747	6741000	43730000	7950000	42000	939410	0
1789798105.190991	12964186721	5053142337	47528747	6741000	43730000	7950000	41000	939116	0
1789798105.702989	12967237494	5054764769	47528747	6741000	43730000	7950000	41000	1030455	0
1789798106.209550	12970262755	5056324946	47528747	6700000	43720000	7901000	41000	1031892	0
1789798106.723720	12973336600	5057916739	47528747	6700000	43720000	7901000	41000	941570	0
1789798107.233194	12976371016	5059500658	47528747	6700000	43720000	7901000	42000	1035233	0
1789798107.744025	12979419897	5061054670	47528747	6700000	43720000	7901000	42000	983608	0
1789798108.251159	12982439604	5062610208	47528747	6700000	43720000	7901000	42000	1001819	0
1789798108.761224	12985478292	5064215001	47528747	6700000	43720000	7901000	42000	972083	0
1789798109.266364	12988493848	5065819062	47528747	6700000	43710000	7902000	42000	1039933	0
1789798109.776679	12991433538	5067356351	47528747	6700000	43710000	7902000	42000	1011185	0
1789798110.282949	12992534976	5067781276	47529785	6700000	43710000	7902000	40000	706894	0
1789798110.796033	12993255982	5068019679	47531189	6700000	43710000	7902000	40000	670856	0
1789798111.302109	12993712951	5068027919	47532226	6731000	43710000	7938000	39000	911556	0
1789798111.814077	12994020507	5068037746	47532226	6731000	43710000	7938000	39000	655654	0
1789798112.321835	12994212584	5068046779	47532898	6731000	43710000	7938000	39000	677552	0
1789798112.832965	12994721921	5068149195	47533386	6731000	43710000	7938000	39000	630143	0
1789798113.339979	12996712028	5069053673	47533996	6737000	43700000	7945000	43000	1376076	0
1789798113.850986	13000043624	5070857013	47534363	6737000	43700000	7945000	43000	1018359	0
1789798114.356984	13003062903	5072486037	47534363	6737000	43700000	7945000	42000	1026697	0
1789798114.870990	13006132231	5074125682	47534363	6737000	43700000	7945000	42000	939917	0
1789798115.381980	13009186117	5075712897	47534363	6700000	43700000	7901000	42000	1000389	0
1789798115.892161	13012229139	5077303469	47534363	6700000	43700000	7901000	42000	1034742	0
1789798116.400066	13015262640	5078839415	47534485	6700000	43700000	7901000	42000	940940	0
1789798116.913007	13018345151	5080386591	47534485	6700000	43700000	7901000	42000	692627	0
1789798117.419995	13021346853	5081889089	47534485	6692000	43690000	7892000	42000	917874	0
1789798117.932208	13024405805	5083443102	47534485	6692000	43690000	7892000	42000	1039056	0
1789798118.438742	13027427526	5085000165	47534607	6692000	43690000	7892000	43000	948207	0
1789798118.964440	13030478909	5086576944	47534668	6692000	43690000	7892000	43000	1149655	0
1789798119.470931	13032876547	5087595801	47534668	6692000	43690000	7892000	42000	2170620	0
1789798119.979982	13036627942	5089615815	47534729	6692000	43690000	7892000	42000	935014	0
1789798120.486792	13039651432	5091224393	47534729	6701000	43690000	7903000	43000	1040524	0
1789798120.997876	13042703732	5092846520	47534729	6701000	43690000	7903000	43000	948873	0
1789798121.505522	13045736744	5094406330	47534729	6701000	43690000	7903000	43000	920302	0
1789798122.017984	13048793621	5095974014	47534729	6701000	43690000	7903000	43000	921304	0
1789798122.524975	13051821628	5097526928	47534729	6696000	43680000	7897000	43000	942758	0
1789798123.035085	13054859767	5099074287	47534729	6696000	43680000	7897000	43000	994910	0
1789798123.541514	13057887042	5100632572	47534729	6696000	43680000	7897000	43000	1043540	0
1789798124.053057	13060938487	5102224426	47534729	6696000	43680000	7897000	43000	936051	0
1789798124.561637	13063958865	5103792842	47534729	6696000	43670000	7897000	44000	1010328	0
1789798125.071424	13066894222	5105349479	47534729	6696000	43670000	7897000	44000	1190099	0
1789798125.578095	13069300343	5106300587	47534729	6696000	43670000	7897000	42000	1155460	0
1789798126.088000	13073090800	5108164352	47534729	6696000	43670000	7897000	42000	889049	0
1789798126.595988	13076121005	5109754619	47534729	6688000	43670000	7887000	43000	934069	0
1789798127.109535	13079183130	5111390723	47534729	6688000	43670000	7887000	43000	1039462	0
1789798127.617995	13082220598	5112950228	47534729	6688000	43670000	7887000	43000	932981	0
1789798128.126969	13085260752	5114516875	47534729	6688000	43670000	7887000	43000	943142	0
1789798128.634971	13088292726	5116066553	47534729	6694000	43660000	7895000	43000	927344	0
1789798129.144973	13091337701	5117617208	47534729	6694000	43660000	7895000	43000	931776	0
1789798129.654206	13094374742	5119184953	47534729	6694000	43660000	7895000	44000	942198	0
1789798130.165922	13097425943	5120731214	47534729	6694000	43660000	7895000	44000	1030683	0
1789798130.672028	13100428987	5122315194	47534729	6694000	43660000	7895000	44000	1101026	0
1789798131.183756	13103484704	5123931890	47534729	6694000	43660000	7895000	44000	990365	0
1789798131.689004	13105775958	5124960512	47534729	6692000	43650000	7892000	42000	1571017	0
1789798132.197064	13109553780	5126925717	47534729	6692000	43650000	7892000	42000	933849	0
1789798132.706995	13112596253	5128500420	47534729	6692000	43650000	7892000	44000	941178	0
1789798133.219984	13115656060	5130150257	47534729	6692000	43650000	7892000	44000	1020123	0
1789798133.726997	13118687180	5131726059	47534729	6692000	43650000	7892000	44000	939225	0
1789798134.238650	13121739662	5133327068	47534729	6692000	43650000	7892000	44000	924992	0
1789798134.745192	13124751800	5134939491	47534729	6692000	43650000	7892000	44000	1051987	0
1789798135.256064	13127814232	5136546603	47534729	6692000	43650000	7892000	44000	907079	0
1789798135.765896	13130857986	5138047454	47534729	6691000	43640000	7891000	44000	936772	0
1789798136.277303	13133893440	5139646205	47534729	6691000	43640000	7891000	44000	997167	0
1789798136.782729	13136913757	5141226035	47534729	6691000	43640000	7891000	45000	1027346	0
1789798137.293164	13139952262	5142858233	47534729	6691000	43640000	7891000	45000	1104487	0
1789798137.798996	13142423142	5143969924	47534729	6693000	43630000	7893000	43000	1515867	0
1789798138.307768	13142948043	5144060805	47535644	6693000	43630000	7893000	43000	922782	0
1789798138.813425	13143603437	5144240614	47536621	6693000	43630000	7893000	42000	749640	0
1789798139.325177	13144002850	5144250502	47537781	6693000	43630000	7893000	42000	728537	0
1789798139.832027	13144393413	5144259535	47538452	6732000	43630000	7939000	42000	657141	0
1789798140.344973	13144818888	5144282423	47539673	6732000	43630000	7939000	42000	608320	0
1789798140.854061	13145182962	5144286940	47539673	6732000	43630000	7939000	41000	507142	0
1789798141.369456	13145629494	5144298720	47540039	6732000	43630000	7939000	41000	547140	0
1789798141.881398	13146013953	5144310561	47540039	6734000	43630000	7942000	41000	673285	0
1789798142.395288	13146711705	5144543409	47540039	6734000	43630000	7942000	41000	587467	0
1789798142.904410	13147096531	5144551771	47540039	6734000	43630000	7942000	42000	680307	0
1789798143.417160	13147678500	5144695752	47540039	6734000	43630000	7942000	42000	754888	0
1789798143.922689	13147913301	5144707349	47540039	6734000	43630000	7942000	41000	724256	0
1789798144.432109	13148438446	5144884167	47540039	6734000	43630000	7942000	41000	679048	0
1789798144.937368	13148650055	5144895276	47540039	6733000	43620000	7940000	41000	759934	0
1789798145.447941	13148860015	5144907666	47540039	6733000	43620000	7940000	41000	891523	0
1789798145.953404	13149097075	5144927319	47540039	6733000	43620000	7940000	41000	811183	0
1789798146.462269	13149287138	5144937146	47540039	6733000	43620000	7940000	41000	783019	0
1789798146.968381	13149552884	5144947949	47540039	6735000	43620000	7943000	41000	690000	0
1789798147.478200	13149733731	5144962842	47540039	6735000	43620000	7943000	41000	1125411	0
1789798147.983108	13149965908	5144973462	47540100	6735000	43620000	7943000	40000	555608	0
1789798148.491648	13150375819	5145090771	47540100	6735000	43620000	7943000	40000	579221	0
1789798148.998250	13150749476	5145199108	47540100	6736000	43620000	7944000	40000	979118	0
1789798149.508498	13150982812	5145214794	47540100	6736000	43620000	7944000	40000	691197	0
1789798150.013283	13151184289	5145224865	47540100	6736000	43620000	7944000	40000	681928	0
1789798150.523647	13151361351	5145234020	47540100	6736000	43620000	7944000	40000	648538	0
1789798151.028968	13151533165	5145240307	47540100	6740000	43620000	7949000	40000	677656	0
1789798151.539046	13151745750	5145249767	47540100	6740000	43620000	7949000	40000	720593	0
1789798152.044769	13151925620	5145259594	47540100	6740000	43620000	7949000	40000	805536	0
1789798152.553566	13152224203	5145273205	47540100	6740000	43620000	7949000	40000	991373	0
1789798153.060296	13152442159	5145281078	47540100	6741000	43610000	7950000	40000	1245232	0
1789798153.571698	13152630696	5145290172	47540100	6741000	43610000	7950000	40000	1110772	0
1789798154.077180	13152922383	5145358654	47540100	6741000	43610000	7950000	40000	1375552	0
1789798154.586311	13153362567	5145493358	47540100	6741000	43610000	7950000	40000	561604	0
1789798155.092417	13153533282	5145499217	47540100	6741000	43610000	7950000	40000	701081	0
1789798155.601978	13153729204	5145506602	47540100	6741000	43610000	7950000	40000	620266	0
1789798156.108251	13153922502	5145519054	47540100	6739000	43610000	7948000	40000	1075728	0
1789798156.619406	13154116532	5145527537	47540100	6739000	43610000	7948000	40000	443646	0
1789798157.125421	13154284501	5145533092	47540100	6739000	43610000	7948000	40000	575120	0
1789798157.636386	13154478714	5145540721	47540100	6739000	43610000	7948000	40000	565832	0
1789798158.143576	13154728958	5145551646	47540100	6739000	43610000	7948000	39000	783624	0
1789798158.651983	13154906081	5145558787	47540100	6739000	43610000	7948000	39000	664769	0
1789798159.158078	13155093214	5145572032	47540100	6739000	43610000	7948000	39000	689928	0
1789798159.667700	13155268873	5145578380	47540100	6739000	43610000	7948000	39000	594832	0
1789798160.173384	13155613904	5145633372	47540283	6740000	43610000	7949000	40000	1161353	0
1789798160.683852	13156152477	5145805613	47542114	6740000	43610000	7949000	40000	1176669	0
1789798161.190019	13156671274	5145975778	47543579	6740000	43610000	7949000	39000	1273683	0
1789798161.700336	13156924326	5145988962	47545105	6740000	43610000	7949000	39000	1012864	0
1789798162.205172	13157131722	5145999826	47545654	6739000	43600000	7947000	39000	913841	0
1789798162.715491	13157408150	5146012644	47545837	6739000	43600000	7947000	39000	756259	0
1789798163.221445	13157605171	5146025827	47546020	6739000	43600000	7947000	39000	555425	0
1789798163.730359	13157781318	5146035288	47546142	6739000	43600000	7947000	39000	876919	0
1789798164.236205	13158300848	5146208322	47546142	6741000	43600000	7950000	39000	559747	0
1789798164.747633	13158526128	5146222848	47546142	6741000	43600000	7950000	39000	651473	0
1789798165.253051	13158737919	5146236825	47546142	6741000	43600000	7950000	39000	553906	0
1789798165.763406	13159050236	5146253060	47546142	6741000	43600000	7950000	39000	571647	0
1789798166.269358	13159228214	5146260263	47546142	6741000	43600000	7950000	39000	554748	0
1789798166.778740	13159413882	5146269601	47546142	6741000	43600000	7950000	39000	661606	0
1789798167.284342	13159563235	5146275582	47546142	6742000	43600000	7951000	39000	666011	0
1789798167.793870	13159771120	5146285409	47546142	6742000	43600000	7951000	39000	645922	0
1789798168.299155	13160036439	5146293954	47546142	6742000	43600000	7951000	39000	999548	0
1789798168.808984	13160275818	5146302865	47546142	6742000	43600000	7951000	39000	826919	0
1789798169.315414	13160540039	5146311776	47546142	6740000	43600000	7949000	39000	1053889	0
1789798169.825905	13160744384	5146320809	47546142	6740000	43600000	7949000	39000	979089	0
1789798170.331960	13160912719	5146327401	47546142	6740000	43600000	7949000	39000	1108514	0
1789798170.840755	13161613278	5146646004	47546142	6740000	43600000	7949000	39000	886575	0
1789798171.347038	13162229183	5146945625	47546142	6740000	43590000	7949000	39000	578351	0
1789798171.857332	13162690973	5147134284	47546142	6740000	43590000	7949000	39000	576658	0
1789798172.362266	13163087701	5147314276	47546142	6740000	43590000	7949000	39000	800640	0
1789798172.872171	13163546623	5147507635	47546142	6740000	43590000	7949000	39000	585384	0
1789798173.377793	13163959769	5147690068	47546142	6740000	43590000	7949000	39000	651598	0
1789798173.888187	13164367971	5147873051	47546142	6740000	43590000	7949000	39000	631891	0
1789798174.394114	13165162769	5148268497	47546142	6740000	43590000	7949000	39000	557942	0
1789798174.903429	13165588549	5148455325	47546142	6740000	43590000	7949000	39000	1045901	0
1789798175.408758	13166017747	5148637576	47546142	6743000	43590000	7952000	39000	1188005	0
1789798175.918905	13166448532	5148839296	47546142	6743000	43590000	7952000	39000	588400	0
1789798176.426356	13166908919	5149017519	47546142	6743000	43590000	7952000	39000	1246990	0
1789798176.935813	13167340986	5149212709	47546142	6743000	43590000	7952000	39000	833896	0
1789798177.441892	13167764019	5149404297	47546142	6743000	43590000	7952000	39000	1113394	0
1789798177.952242	13168185161	5149603882	47546142	6743000	43590000	7952000	39000	1198243	0
1789798178.457049	13168651529	5149787658	47546142	6742000	43590000	7951000	39000	856216	0
1789798178.967044	13169425697	5150140624	47546631	6742000	43590000	7951000	39000	1131083	0
1789798179.472034	13169846228	5150327574	47546631	6742000	43590000	7951000	39000	1118297	0
1789798179.981254	13170286230	5150522215	47546631	6742000	43590000	7951000	39000	697771	0
1789798180.486033	13170687413	5150684018	47546997	6738000	43580000	7946000	39000	1275693	0
1789798180.996682	13170938206	5150714170	47546997	6738000	43580000	7946000	39000	925355	0
1789798181.502740	13171365451	5150857602	47547424	6738000	43580000	7946000	38000	574058	0
1789798182.010787	13171620699	5150867490	47547912	6738000	43580000	7946000	38000	705323	0
1789798182.516401	13171823335	5150877316	47548584	6739000	43580000	7947000	38000	672334	0
1789798183.025850	13172040070	5150888608	47549194	6739000	43580000	7947000	38000	924446	0
1789798183.531033	13172293915	5150930478	47550110	6739000	43580000	7947000	39000	886780	0
1789798184.040904	13173860745	5151860834	47550110	6739000	43580000	7947000	39000	2142671	0
1789798184.544698	13175600059	5152960685	47550964	6727000	43580000	7933000	43000	1072036	0
1789798185.050907	13176964985	5153830739	47550964	6727000	43580000	7933000	43000	771132	0
1789798185.554964	13178319595	5154708910	47550964	6727000	43580000	7933000	43000	967447	0
1789798186.061866	13179747265	5155636764	47550964	6727000	43580000	7933000	43000	950396	0
1789798186.566165	13181103890	5156521406	47550964	6724000	43570000	7930000	43000	806063	0
1789798187.071611	13182556523	5157492839	47550964	6724000	43570000	7930000	43000	1571067	0
1789798187.574904	13184092286	5158509377	47550964	6724000	43570000	7930000	43000	994464	0
1789798188.081820	13185523251	5159454382	47550964	6724000	43570000	7930000	43000	912576	0
1789798188.585338	13186893121	5160345859	47550964	6724000	43570000	7930000	43000	934408	0
1789798189.090912	13188364064	5161337494	47550964	6724000	43570000	7930000	43000	1167047	0
1789798189.594388	13189722459	5162225493	47550964	6724000	43570000	7930000	43000	983890	0
1789798190.102635	13191177717	5163185268	47550964	6724000	43570000	7930000	43000	1152532	0
1789798190.606911	13192503702	5164038598	47550964	6724000	43570000	7930000	45000	737500	0
1789798191.112425	13193878149	5164932639	47550964	6724000	43570000	7930000	45000	1359506	0
1789798191.617733	13195260287	5165841633	47550964	6725000	43570000	7931000	43000	991511	0
1789798192.125342	13196627898	5166726397	47550964	6725000	43570000	7931000	43000	1090851	0
1789798192.628807	13197997768	5167624099	47550964	6725000	43570000	7931000	43000	1124096	0
1789798193.134920	13199426780	5168527723	47550964	6725000	43570000	7931000	43000	885403	0
1789798193.639685	13200377583	5169052868	47551575	6722000	43560000	7927000	39000	869170	0
1789798194.151517	13201312334	5169395152	47551758	6722000	43560000	7927000	39000	1048335	0
1789798194.657053	13201513201	5169403941	47552490	6722000	43560000	7927000	39000	997302	0
1789798195.166128	13201688188	5169410777	47552490	6722000	43560000	7927000	39000	654627	0
1789798195.672543	13201887223	5169421763	47553345	6739000	43560000	7947000	38000	1208931	0
1789798196.181178	13202061539	5169431468	47554260	6739000	43560000	7947000	38000	635667	0
1789798196.687076	13202735060	5169698740	47555176	6739000	43560000	7947000	39000	1182247	0
1789798197.195515	13204530649	5170701423	47555908	6739000	43560000	7947000	39000	1228985	0
1789798197.699902	13206727482	5172205875	47555908	6714000	43560000	7918000	44000	1268683	0
1789798198.208320	13208466430	5173224244	47556824	6714000	43560000	7918000	44000	631816	0
1789798198.713917	13209045896	5173428223	47557617	6714000	43560000	7918000	39000	802300	0
1789798199.223023	13209286618	5173438965	47557983	6714000	43560000	7918000	39000	585484	0
1789798199.729387	13209495053	5173447022	47558777	6714000	43560000	7918000	39000	559458	0
1789798200.239241	13209754757	5173475586	47560058	6714000	43560000	7918000	39000	1037052	0
1789798200.744543	13209931392	5173481934	47560119	6739000	43550000	7948000	39000	658525	0
1789798201.253099	13210411554	5173641296	47560119	6739000	43550000	7948000	39000	1206588	0
1789798201.758091	13213365099	5175587946	47560119	6739000	43550000	7948000	49000	1401197	0
1789798202.264929	13216063029	5177011954	47560119	6739000	43550000	7948000	49000	712500	0
1789798202.768945	13218062169	5177688771	47560669	6704000	43550000	7906000	39000	1176884	0
1789798203.278382	13218639316	5177897877	47561584	6704000	43550000	7906000	39000	643156	0
1789798203.783940	13218856723	5177907642	47562195	6704000	43550000	7906000	39000	663897	0
1789798204.295099	13219514253	5178114307	47562256	6704000	43550000	7906000	39000	561552	0
1789798204.801422	13219696809	5178120105	47562256	6724000	43540000	7930000	38000	675455	0
1789798205.312124	13219884736	5178128101	47562256	6724000	43540000	7930000	38000	1164555	0
1789798205.818917	13221367703	5178739183	47562256	6724000	43540000	7930000	43000	1920789	0
1789798206.331987	13224942035	5180685895	47562256	6724000	43540000	7930000	43000	929945	0
1789798206.836985	13227956736	5182271218	47562256	6696000	43540000	7897000	41000	925616	0
1789798207.345985	13230990359	5183916538	47562256	6696000	43540000	7897000	41000	1044153	0
1789798207.855188	13234027949	5185511017	47562256	6696000	43540000	7897000	42000	1050034	0
1789798208.366070	13237084093	5187093105	47562256	6696000	43540000	7897000	42000	940153	0
1789798208.876081	13240123331	5188617149	47562256	6695000	43540000	7896000	42000	1021088	0
1789798209.389985	13243196993	5190149738	47562256	6695000	43540000	7896000	42000	936899	0
1789798209.897567	13246225366	5191648513	47562256	6695000	43540000	7896000	42000	898993	0
1789798210.408169	13249263323	5193197276	47562256	6695000	43540000	7896000	42000	1015115	0
1789798210.915330	13252277963	5194798468	47562256	6695000	43540000	7896000	42000	1021455	0
1789798211.425638	13255257265	5196371401	47562256	6695000	43540000	7896000	42000	1053031	0
1789798211.931080	13256945310	5197031800	47562744	6694000	43530000	7894000	39000	1017907	0
1789798212.441267	13257516475	5197247864	47563965	6694000	43530000	7894000	39000	804878	0
1789798212.946399	13257683711	5197253723	47563965	6694000	43530000	7894000	39000	721623	0
1789798213.456253	13257881770	5197266174	47564514	6694000	43530000	7894000	39000	609364	0
1789798213.962247	13258073481	5197275452	47565307	6735000	43520000	7943000	39000	623054	0
1789798214.472744	13258663201	5197453979	47565613	6735000	43520000	7943000	39000	758231	0
1789798214.978943	13259470999	5197742675	47566284	6735000	43520000	7943000	41000	1722207	0
1789798215.493067	13263469829	5199865838	47567261	6735000	43520000	7943000	41000	835627	0
1789798215.999516	13266484714	5201458608	47567261	6695000	43520000	7896000	42000	938447	0
1789798216.512506	13269539943	5203108201	47567261	6695000	43520000	7896000	42000	1038124	0
1789798217.017017	13272560565	5204649639	47567261	6695000	43520000	7896000	42000	920843	0
1789798217.531985	13275636973	5206224465	47567261	6695000	43520000	7896000	42000	924188	0
1789798218.037979	13278656008	5207771824	47567261	6694000	43510000	7895000	42000	928930	0
1789798218.550866	13281717158	5209342010	47567261	6694000	43510000	7895000	42000	932063	0
1789798219.057035	13284732409	5210895595	47567261	6694000	43510000	7895000	42000	1043801	0
1789798219.567910	13287772929	5212501731	47567261	6694000	43510000	7895000	42000	1073468	0
1789798220.074109	13290787386	5214110553	47567261	6694000	43510000	7894000	43000	1103283	0
1789798220.585106	13293768213	5215631728	47567261	6694000	43510000	7894000	43000	1364647	0
1789798221.090995	13296481707	5216732372	47567261	6694000	43510000	7894000	43000	1824409	0
1789798221.600837	13299926584	5218547980	47567261	6694000	43510000	7894000	43000	857388	0
1789798222.109700	13302956605	5220142703	47567261	6694000	43510000	7894000	43000	1036137	0
1789798222.618966	13305995233	5221772032	47567261	6694000	43510000	7894000	43000	1023846	0
1789798223.124836	13309016343	5223336908	47567261	6692000	43500000	7892000	43000	1004156	0
1789798223.636075	13312058328	5224952566	47567261	6692000	43500000	7892000	43000	1068724	0
1789798224.143078	13315093476	5226533250	47567261	6692000	43500000	7892000	43000	1046580	0
1789798224.661208	13318188256	5228111005	47567261	6692000	43500000	7892000	43000	937678	0
1789798225.168610	13321220109	5229674234	47567261	6691000	43490000	7891000	43000	932885	0
1789798225.680285	13324267159	5231257237	47567261	6691000	43490000	7891000	43000	992984	0
1789798226.187485	13327247498	5232842805	47567261	6691000	43490000	7891000	44000	955518	0
1789798226.696285	13330243035	5234346890	47567261	6691000	43490000	7891000	44000	1212512	0
1789798227.201060	13333100266	5235703820	47567261	6693000	43490000	7893000	43000	1591550	0
1789798227.709875	13336382423	5237481098	47567261	6693000	43490000	7893000	43000	1050034	0
1789798228.219982	13339427459	5239091629	47567261	6693000	43490000	7893000	43000	1031032	0
1789798228.730203	13342471946	5240708446	47567261	6693000	43490000	7893000	43000	958053	0
1789798229.237046	13345498428	5242264778	47567261	6691000	43480000	7891000	43000	1030906	0
1789798229.748173	13348548835	5243821353	47567261	6691000	43480000	7891000	43000	974543	0
1789798230.261065	13351615233	5245394774	47567261	6691000	43480000	7891000	43000	933482	0
1789798230.775198	13354677298	5246985224	47567261	6691000	43480000	7891000	43000	1035538	0
1789798231.282184	13357699629	5248554007	47567261	6689000	43480000	7889000	44000	1011447	0
1789798231.794770	13360762305	5250161120	47567261	6689000	43480000	7889000	44000	1079836	0
1789798232.301198	13363771269	5251709028	47567261	6689000	43480000	7889000	44000	1117843	0
1789798232.810885	13366596213	5253190226	47567261	6689000	43480000	7889000	44000	1071195	0
1789798233.316945	13369157059	5254206092	47567261	6689000	43480000	7889000	43000	1900176	0
1789798233.826065	13372898748	5256172457	47567261	6689000	43480000	7889000	43000	841319	0
1789798234.336637	13375933286	5257772184	47567261	6694000	43470000	7894000	44000	1034927	0
1789798234.847659	13378981374	5259373437	47567261	6694000	43470000	7894000	44000	1035549	0
1789798235.353845	13382009931	5260937520	47567261	6694000	43470000	7894000	44000	1023640	0
1789798235.866730	13385068456	5262538957	47567261	6694000	43470000	7894000	44000	1027502	0
1789798236.373012	13388085355	5264153271	47567261	6689000	43460000	7889000	44000	1061257	0
1789798236.883141	13391139973	5265733223	47567261	6689000	43460000	7889000	44000	927355	0
1789798237.390200	13394161267	5267274479	47567261	6689000	43460000	7889000	44000	977985	0
1789798237.900399	13397200139	5268849182	47567261	6689000	43460000	7889000	44000	1072420	0
1789798238.408336	13400233090	5270429561	47567261	6689000	43450000	7888000	44000	971687	0
1789798238.918968	13403217701	5272022392	47567810	6689000	43450000	7888000	44000	1583107	0
1789798239.423997	13405673750	5273101002	47567932	6689000	43450000	7888000	43000	1509190	0
1789798239.932721	13406065778	5273164235	47569458	6689000	43450000	7888000	43000	706178	0
1789798240.440938	13406627666	5273339771	47570679	6722000	43450000	7928000	42000	662523	0
1789798240.952983	13407010172	5273369800	47571411	6722000	43450000	7928000	42000	641599	0
1789798241.460944	13407206766	5273374866	47572204	6722000	43450000	7928000	42000	705649	0
1789798241.972710	13407635354	5273395801	47572693	6722000	43450000	7928000	42000	645713	0
1789798242.480746	13407816933	5273401905	47572876	6729000	43450000	7936000	41000	1021501	0
1789798242.992853	13408230689	5273436939	47572876	6729000	43450000	7936000	41000	649998	0
1789798243.499680	13408550207	5273475025	47573364	6729000	43450000	7936000	43000	1319986	0
1789798244.010595	13409269138	5273752795	47573669	6729000	43450000	7936000	43000	915312	0
1789798244.518109	13409867404	5273952990	47573669	6729000	43450000	7936000	41000	921671	0
1789798245.028923	13410155794	5273970263	47573730	6729000	43450000	7936000	41000	639435	0
1789798245.536460	13410394868	5273994799	47573730	6722000	43440000	7928000	41000	618489	0
1789798246.048059	13410667878	5274016222	47573730	6722000	43440000	7928000	41000	1113235	0
1789798246.555693	13410940155	5274051317	47573730	6722000	43440000	7928000	41000	654201	0
1789798247.065892	13411215178	5274069750	47573730	6722000	43440000	7928000	41000	631370	0
1789798247.573936	13411437590	5274085863	47573730	6733000	43440000	7941000	41000	680865	0
1789798248.084810	13411795865	5274095201	47573730	6733000	43440000	7941000	41000	715086	0
1789798248.593516	13411995206	5274109300	47573730	6733000	43440000	7941000	41000	653021	0
1789798249.106896	13412313808	5274134874	47573730	6733000	43440000	7941000	41000	710290	0
1789798249.615038	13412568813	5274168932	47573730	6734000	43440000	7942000	41000	841152	0
1789798250.125915	13412959009	5274258836	47573730	6734000	43440000	7942000	41000	634454	0
1789798250.634038	13413500817	5274419602	47573730	6734000	43440000	7942000	40000	809164	0
1789798251.146573	13413681664	5274425950	47573730	6734000	43440000	7942000	40000	662522	0
1789798251.654544	13413936058	5274437486	47573730	6733000	43440000	7941000	40000	662581	0
1789798252.166956	13414142234	5274449510	47573730	6733000	43440000	7941000	40000	667604	0
1789798252.674809	13414325278	5274460557	47573730	6733000	43440000	7941000	40000	671898	0
1789798253.187798	13414497030	5274466416	47573730	6733000	43440000	7941000	40000	640480	0
1789798253.695885	13414740499	5274481492	47573730	6737000	43430000	7945000	40000	690151	0
1789798254.208821	13415317036	5274677780	47573730	6737000	43430000	7945000	40000	807219	0
1789798254.716926	13415641742	5274687729	47573730	6737000	43430000	7945000	40000	668447	0
1789798255.228537	13415801531	5274693650	47573730	6737000	43430000	7945000	40000	683657	0
1789798255.737159	13416076128	5274727890	47573730	6735000	43430000	7943000	40000	696661	0
1789798256.249969	13416254960	5274740830	47573730	6735000	43430000	7943000	40000	634921	0
1789798256.757656	13416431718	5274745102	47573730	6735000	43430000	7943000	40000	627165	0
1789798257.268970	13416604386	5274750961	47573730	6735000	43430000	7943000	40000	643321	0
1789798257.777025	13416813736	5274763535	47573730	6735000	43430000	7943000	40000	794433	0
1789798258.290619	13416997939	5274770554	47573730	6735000	43430000	7943000	40000	671405	0
1789798258.798429	13417164382	5274776779	47573730	6738000	43430000	7946000	39000	693209	0
1789798259.309611	13417314833	5274781113	47573730	6738000	43430000	7946000	39000	754345	0
1789798259.817817	13417603346	5274826645	47573730	6738000	43430000	7946000	39000	1186709	0
1789798260.327592	13418422252	5275120773	47575317	6738000	43430000	7946000	39000	1011104	0
1789798260.834975	13418799510	5275229171	47575439	6730000	43430000	7937000	40000	1020242	0
1789798261.346218	13419039316	5275251693	47576355	6730000	43430000	7937000	40000	684554	0
1789798261.853517	13419234201	5275261458	47577331	6730000	43430000	7937000	39000	669452	0
1789798262.366838	13419413217	5275268416	47577453	6730000	43430000	7937000	39000	865577	0
1789798262.874886	13419620797	5275276351	47578186	6737000	43420000	7945000	39000	661418	0
1789798263.385768	13419792915	5275284529	47578308	6737000	43420000	7945000	39000	1185015	0
1789798263.892929	13420031501	5275291548	47578308	6737000	43420000	7945000	40000	682135	0
1789798264.405528	13420600530	5275479231	47578308	6737000	43420000	7945000	40000	592903	0
1789798264.914115	13420956609	5275488386	47578308	6734000	43420000	7942000	39000	650010	0
1789798265.425260	13421265995	5275494856	47578308	6734000	43420000	7942000	39000	599478	0
1789798265.933114	13421536075	5275507612	47578308	6734000	43420000	7942000	39000	641579	0
1789798266.445938	13421719058	5275514998	47578369	6734000	43420000	7942000	39000	650133	0
1789798266.953964	13421896303	5275520735	47578369	6737000	43420000	7945000	39000	1152408	0
1789798267.466947	13422106325	5275531233	47578369	6737000	43420000	7945000	39000	895095	0
1789798267.974831	13422313600	5275540998	47578369	6737000	43420000	7945000	39000	791609	0
1789798268.484851	13422483033	5275547773	47578369	6737000	43420000	7945000	39000	630862	0
1789798268.992944	13422691101	5275555037	47578369	6737000	43420000	7945000	39000	689084	0
1789798269.505607	13422889038	5275562483	47578369	6737000	43420000	7945000	39000	661205	0
1789798270.014062	13423165526	5275605329	47578369	6738000	43420000	7946000	39000	1309268	0
1789798270.524707	13423696287	5275853559	47578369	6738000	43420000	7946000	39000	1068065	0
1789798271.029577	13424346431	5276171063	47578369	6738000	43420000	7946000	39000	649430	0
1789798271.538900	13424780879	5276351665	47578369	6738000	43420000	7946000	39000	907927	0
1789798272.044186	13425201715	5276535808	47578369	6732000	43410000	7939000	39000	1127198	0
1789798272.553370	13425640251	5276727641	47578369	6732000	43410000	7939000	39000	1096383	0
1789798273.061485	13426084037	5276928385	47578369	6732000	43410000	7939000	39000	1335271	0
1789798273.570242	13426497915	5277125406	47578369	6732000	43410000	7939000	39000	1376124	0
1789798274.076110	13427030751	5277380532	47578369	6724000	43410000	7930000	39000	1481937	0
1789798274.584140	13427637927	5277654213	47578369	6724000	43410000	7930000	39000	855780	0
1789798275.091117	13428088792	5277853187	47578369	6724000	43410000	7930000	39000	838318	0
1789798275.600548	13428514634	5278057716	47578369	6724000	43410000	7930000	39000	713296	0
1789798276.105618	13428949325	5278242652	47578369	6736000	43410000	7944000	40000	828381	0
1789798276.615135	13429382063	5278447851	47578369	6736000	43410000	7944000	40000	995846	0
1789798277.121245	13429917584	5278639867	47578369	6736000	43410000	7944000	40000	862213	0
1789798277.630119	13430325664	5278831395	47578369	6736000	43410000	7944000	40000	808655	0
1789798278.136196	13430758158	5279024510	47578369	6734000	43410000	7942000	40000	1042989	0
1789798278.646507	13431190164	5279244053	47578369	6734000	43410000	7942000	40000	1247840	0
1789798279.151069	13431820594	5279440342	47578369	6734000	43410000	7942000	42000	1220183	0
1789798279.660016	13432260046	5279658236	47578369	6734000	43410000	7942000	42000	901720	0
1789798280.165055	13432555517	5279722445	47578552	6734000	43410000	7942000	39000	589644	0
1789798280.675701	13433148655	5279882357	47578552	6734000	43410000	7942000	39000	1343063	0
1789798281.181419	13433456332	5279900423	47578918	6735000	43400000	7943000	38000	569335	0
1789798281.692056	13433663912	5279911104	47579284	6735000	43400000	7943000	38000	818870	0
1789798282.197391	13433839693	5279918307	47579956	6735000	43400000	7943000	38000	645382	0
1789798282.708021	13434078035	5279928194	47580505	6735000	43400000	7943000	38000	1172278	0
1789798283.213806	13434428132	5280012606	47581360	6732000	43400000	7939000	39000	1007304	0
1789798283.723133	13436028347	5281067107	47581726	6732000	43400000	7939000	39000	1729321	0
1789798284.226701	13437844749	5282231411	47581726	6732000	43400000	7939000	42000	1286444	0
1789798284.734288	13439260090	5283163599	47581726	6732000	43400000	7939000	42000	1121782	0
1789798285.240151	13440681351	5284107505	47581726	6719000	43400000	7924000	42000	1260096	0
1789798285.748043	13442135082	5285072956	47581726	6719000	43400000	7924000	42000	1047388	0
1789798286.253030	13443559090	5286030352	47581787	6719000	43400000	7924000	42000	1299172	0
1789798286.760831	13445163090	5287159743	47581787	6719000	43400000	7924000	42000	1103058	0
1789798287.265654	13446607971	5288144299	47581787	6718000	43390000	7923000	43000	1246692	0
1789798287.774809	13448053768	5289112924	47581787	6718000	43390000	7923000	43000	1260116	0
1789798288.279999	13449594658	5290112739	47581787	6718000	43390000	7923000	46000	1270626	0
1789798288.788905	13451084766	5291120182	47581787	6718000	43390000	7923000	46000	1276350	0
1789798289.293438	13452503952	5292072755	47581787	6717000	43390000	7921000	43000	1252475	0
1789798289.801556	13453998760	5293050353	47581787	6717000	43390000	7921000	43000	1059029	0
1789798290.306977	13455395058	5293968747	47581787	6717000	43390000	7921000	42000	1467857	0
1789798290.815965	13456793370	5294899347	47581787	6717000	43390000	7921000	42000	1021542	0
1789798291.320968	13458246247	5295835563	47581787	6717000	43390000	7921000	43000	1296723	0
1789798291.828960	13459628385	5296759999	47581787	6717000	43390000	7921000	43000	1236337	0
1789798292.333349	13461027551	5297699450	47581787	6711000	43380000	7915000	43000	1265162	0
1789798292.841717	13462427328	5298632309	47581787	6711000	43380000	7915000	43000	1247177	0
1789798293.347801	13463216388	5298942855	47582275	6711000	43380000	7915000	39000	788292	0
1789798293.857392	13463593035	5299048934	47583313	6711000	43380000	7915000	39000	994342	0
1789798294.363404	13464102067	5299210616	47584167	6720000	43380000	7925000	39000	555182	0
1789798294.872205	13464384354	5299221358	47585144	6720000	43380000	7925000	39000	711444	0
1789798295.379412	13464550247	5299227950	47585327	6720000	43380000	7925000	39000	932542	0
1789798295.889809	13464756667	5299237471	47585327	6720000	43380000	7925000	39000	632319	0
1789798296.395042	13466232799	5299968487	47585754	6737000	43380000	7945000	42000	1234880	0
1789798296.902756	13467342781	5300490214	47585876	6737000	43380000	7945000	42000	981513	0
1789798297.407604	13469586611	5302001441	47585876	6737000	43380000	7945000	46000	944763	0
1789798297.915264	13471100157	5302830113	47587280	6737000	43380000	7945000	46000	690567	0
1789798298.421919	13471661557	5302987461	47588318	6728000	43370000	7934000	39000	769965	0
1789798298.932282	13471886959	5302995945	47588318	6728000	43370000	7934000	39000	888545	0
1789798299.437463	13472370478	5303107212	47590515	6728000	43370000	7934000	38000	733259	0
1789798299.949333	13472575617	5303118870	47590515	6728000	43370000	7934000	38000	841951	0
1789798300.455436	13472746515	5303126316	47590515	6736000	43370000	7944000	38000	1027074	0
1789798300.967219	13473579216	5303528598	47590515	6736000	43370000	7944000	38000	951682	0
1789798301.471250	13476414413	5305352934	47590515	6736000	43370000	7944000	48000	996304	0
1789798301.978718	13479142800	5306689173	47590515	6736000	43370000	7944000	48000	1388989	0
1789798302.483045	13480712315	5307164514	47591308	6736000	43370000	7944000	39000	1031245	0
1789798302.994551	13481298861	5307321862	47592590	6736000	43370000	7944000	39000	534555	0
1789798303.502441	13481488497	5307335046	47593261	6724000	43370000	7930000	39000	704604	0
1789798304.013075	13481697725	5307348900	47593506	6724000	43370000	7930000	39000	830523	0
1789798304.518091	13482253815	5307534264	47593506	6724000	43370000	7930000	39000	566019	0
1789798305.028416	13482494903	5307542748	47593506	6724000	43370000	7930000	39000	663065	0
1789798305.533939	13484871728	5308643880	47593506	6733000	43360000	7941000	42000	1569706	0
1789798306.044980	13488025468	5310335343	47593506	6733000	43360000	7941000	42000	900437	0
1789798306.550960	13491039376	5311946118	47593506	6733000	43360000	7941000	42000	950958	0
1789798307.063930	13494097168	5313571480	47593506	6733000	43360000	7941000	42000	1023038	0
1789798307.571088	13497126396	5315114811	47593506	6693000	43360000	7893000	42000	1009478	0
1789798308.082191	13500172470	5316737304	47593506	6693000	43360000	7893000	42000	1009270	0
1789798308.591147	13503220436	5318271297	47593506	6693000	43360000	7893000	42000	918079	0
1789798309.104184	13506278045	5319810050	47593506	6693000	43360000	7893000	42000	1013599	0
1789798309.612035	13509306053	5321363025	47593506	6689000	43350000	7889000	42000	1100018	0
1789798310.124001	13512356826	5322920394	47593506	6689000	43350000	7889000	42000	1067314	0
1789798310.629773	13515377876	5324519389	47593933	6689000	43350000	7889000	42000	996143	0
1789798311.138666	13518234985	5325983008	47593933	6689000	43350000	7889000	42000	806845	0
1789798311.645505	13519002439	5326215673	47594909	6704000	43350000	7906000	39000	1004939	0
1789798312.157749	13519478573	5326366186	47595764	6704000	43350000	7906000	39000	973823	0
1789798312.665684	13519688900	5326372961	47596374	6704000	43350000	7906000	39000	704540	0
1789798313.178776	13519882747	5326382177	47597168	6704000	43350000	7906000	39000	669610	0
1789798313.687659	13520023799	5326385107	47597168	6704000	43350000	7906000	39000	1123003	0
1789798314.201519	13520571893	5326574986	47597412	6704000	43350000	7906000	39000	691090	0
1789798314.710066	13523459093	5327956270	47598205	6734000	43340000	7942000	42000	1050025	0
1789798315.222036	13526523965	5329594632	47598327	6734000	43340000	7942000	42000	902101	0
1789798315.731014	13529555146	5331190941	47598327	6734000	43340000	7942000	42000	1036526	0
1789798316.242997	13532617883	5332824848	47598327	6734000	43340000	7942000	42000	934709	0
1789798316.752381	13535658036	5334388870	47598327	6691000	43340000	7891000	42000	941936	0
1789798317.265075	13538717904	5335938976	47598327	6691000	43340000	7891000	42000	903280	0
1789798317.774218	13541750916	5337486213	47598327	6691000	43340000	7891000	42000	1039408	0
1789798318.285137	13544780205	5339071414	47598327	6691000	43340000	7891000	42000	1198259	0
1789798318.791196	13547816696	5340642211	47598327	6689000	43330000	7889000	43000	1002757	0
1789798319.301663	13550862099	5342249751	47598327	6689000	43330000	7889000	43000	997802	0
1789798319.807200	13553868927	5343861502	47598388	6689000	43330000	7889000	43000	1104638	0
1789798320.317982	13556396203	5345052844	47598938	6689000	43330000	7889000	43000	1347038	0
1789798320.823210	13559878860	5346586776	47598938	6694000	43330000	7895000	43000	1596284	0
1789798321.333023	13562995857	5348245952	47598999	6694000	43330000	7895000	43000	944309	0
1789798321.842985	13566040954	5349847998	47599182	6694000	43330000	7895000	43000	949002	0
1789798322.354197	13569087089	5351437716	47599182	6694000	43330000	7895000	43000	1028428	0
1789798322.861120	13572119124	5352977995	47599182	6689000	43320000	7888000	43000	918499	0
1789798323.374874	13575187415	5354538172	47599182	6689000	43320000	7888000	43000	922109	0
1789798323.882983	13578220122	5356098898	47599182	6689000	43320000	7888000	43000	937452	0
1789798324.394197	13581262351	5357713029	47599182	6689000	43320000	7888000	43000	978716	0
1789798324.900121	13584278334	5359288160	47599182	6687000	43310000	7886000	43000	982086	0
1789798325.411194	13587319647	5360900948	47599182	6687000	43310000	7886000	43000	1011420	0
1789798325.917267	13590325926	5362514958	47599182	6687000	43310000	7886000	44000	1122246	0
1789798326.429715	13593353994	5364142700	47599182	6687000	43310000	7886000	44000	1080629	0
1789798326.935971	13596230818	5365414181	47599182	6687000	43310000	7886000	43000	1700127	0
1789798327.446997	13599493017	5367139946	47599182	6687000	43310000	7886000	43000	917946	0
1789798327.951987	13602509611	5368754505	47599182	6673000	43300000	7870000	43000	929260	0
1789798328.464981	13605571126	5370380844	47599182	6673000	43300000	7870000	43000	935046	0
1789798328.970985	13608592603	5371930705	47599182	6673000	43300000	7870000	43000	942248	0
1789798329.481983	13611643498	5373517615	47599182	6673000	43300000	7870000	43000	887729	0
1789798329.988989	13614668332	5375057345	47599182	6685000	43300000	7884000	43000	934762	0
1789798330.501159	13617719960	5376562041	47599182	6685000	43300000	7884000	43000	955880	0
1789798331.007972	13620745709	5378125758	47599182	6685000	43300000	7884000	44000	975886	0
1789798331.518743	13623786228	5379719077	47599182	6685000	43300000	7884000	44000	1108732	0
1789798332.025689	13626809658	5381316729	47599182	6687000	43290000	7886000	44000	1042062	0
1789798332.535158	13629517476	5382666945	47599182	6687000	43290000	7886000	44000	1551050	0
1789798333.038952	13632644726	5384013682	47599182	6687000	43290000	7886000	44000	1830089	0
1789798333.551074	13635934818	5385730170	47599182	6687000	43290000	7886000	44000	900020	0
1789798334.058970	13638956539	5387330263	47599182	6684000	43290000	7883000	44000	1046032	0
1789798334.571930	13642022449	5388973142	47599182	6684000	43290000	7883000	44000	941552	0
1789798335.077977	13645046916	5390560418	47599182	6684000	43290000	7883000	44000	936536	0
1789798335.590989	13648104587	5392144948	47599182	6684000	43290000	7883000	44000	924339	0
1789798336.098069	13651135341	5393661302	47599182	6684000	43280000	7883000	44000	929802	0
1789798336.610991	13654198504	5395203900	47599182	6684000	43280000	7883000	44000	930029	0
1789798337.117077	13657213145	5396738564	47599182	6684000	43280000	7883000	44000	1016219	0
1789798337.629164	13660265078	5398323338	47599182	6684000	43280000	7883000	44000	1048540	0
1789798338.135032	13663217951	5399886872	47599182	6684000	43280000	7883000	45000	978241	0
1789798338.644752	13666246386	5401389492	47599182	6684000	43280000	7883000	45000	1436579	0
1789798339.149591	13667872297	5402097132	47600891	6684000	43270000	7883000	42000	1074280	0
1789798339.662726	13668370648	5402287256	47601928	6684000	43270000	7883000	42000	1098049	0
1789798340.170105	13668539410	5402294214	47601928	6684000	43270000	7883000	42000	1247775	0
1789798340.681143	13668874065	5402318994	47602661	6684000	43270000	7883000	42000	931197	0
1789798341.188329	13669110392	5402328149	47603271	6726000	43270000	7932000	41000	625159	0
1789798341.700600	13669352457	5402341150	47603821	6726000	43270000	7932000	41000	651520	0
1789798342.208513	13669558450	5402350977	47604370	6726000	43270000	7932000	41000	656277	0
1789798342.721659	13669754373	5402363611	47604858	6726000	43270000	7932000	41000	528766	0
1789798343.230775	13670426490	5402608849	47606018	6728000	43270000	7935000	42000	1137104	0
1789798343.753336	13670851049	5402701562	47607788	6728000	43270000	7935000	42000	587150	0
1789798344.259324	13671404637	5402889000	47609680	6728000	43270000	7935000	42000	925803	0
1789798344.767959	13671803623	5402926781	47610595	6728000	43270000	7935000	42000	579642	0
1789798345.274017	13672077487	5402948753	47611511	6725000	43260000	7931000	41000	836569	0
1789798345.784122	13672355501	5402993553	47611755	6725000	43260000	7931000	41000	851557	0
1789798346.289940	13672543977	5403002952	47612549	6725000	43260000	7931000	41000	649865	0
1789798346.798055	13672760835	5403013206	47612549	6725000	43260000	7931000	41000	1172482	0
1789798347.304776	13672952607	5403020531	47612549	6731000	43260000	7938000	40000	1126330	0
1789798347.814930	13673143890	5403030906	47612549	6731000	43260000	7938000	40000	878563	0
1789798348.321062	13673340606	5403041038	47612549	6731000	43260000	7938000	40000	863914	0
1789798348.831037	13673608244	5403050926	47612549	6731000	43260000	7938000	40000	801120	0
1789798349.336273	13673817778	5403063987	47612549	6731000	43260000	7938000	40000	580201	0
1789798349.847298	13674270840	5403236961	47612549	6731000	43260000	7938000	40000	806717	0
1789798350.351139	13674538967	5403282798	47612549	6730000	43260000	7937000	41000	594662	0
1789798350.861277	13674693264	5403288596	47612549	6730000	43260000	7937000	41000	654920	0
1789798351.366907	13674888087	5403299155	47612549	6730000	43260000	7937000	40000	679468	0
1789798351.876193	13675049952	5403304343	47612549	6730000	43260000	7937000	40000	613773	0
1789798352.382310	13675192469	5403308921	47612549	6729000	43260000	7936000	40000	626960	0
1789798352.892150	13675452295	5403315757	47612549	6729000	43260000	7936000	40000	730845	0
1789798353.398410	13675703210	5403330527	47612549	6729000	43260000	7936000	40000	660159	0
1789798353.910303	13675865380	5403336692	47612549	6729000	43260000	7936000	40000	744931	0
1789798354.415998	13676413352	5403499106	47612549	6733000	43250000	7940000	40000	540975	0
1789798354.924995	13676586875	5403504233	47612549	6733000	43250000	7940000	40000	648737	0
1789798355.429993	13676755697	5403513510	47612549	6733000	43250000	7940000	40000	965932	0
1789798355.938991	13676959859	5403524985	47612549	6733000	43250000	7940000	40000	721999	0
1789798356.445225	13677184285	5403535544	47612549	6732000	43250000	7939000	40000	1031286	0
1789798356.955343	13677355061	5403541342	47612549	6732000	43250000	7939000	40000	650675	0
1789798357.461270	13677541767	5403550864	47612549	6732000	43250000	7939000	40000	577053	0
1789798357.971474	13677705280	5403556601	47612549	6732000	43250000	7939000	40000	546908	0
1789798358.476692	13677911761	5403563803	47612549	6733000	43250000	7941000	40000	683810	0
1789798358.988043	13678139605	5403569968	47612549	6733000	43250000	7941000	40000	776651	0
1789798359.494350	13678644486	5403708395	47612854	6733000	43250000	7941000	40000	837735	0
1789798360.005122	13678948319	5403717062	47612854	6733000	43250000	7941000	40000	751184	0
1789798360.511216	13679112381	5403723715	47612854	6733000	43250000	7941000	39000	743280	0
1789798361.020134	13679275466	5403729452	47612854	6733000	43250000	7941000	39000	623855	0
1789798361.526359	13679754286	5403897054	47612854	6733000	43250000	7940000	40000	1453744	0
1789798362.034750	13680060682	5403951070	47614441	6733000	43250000	7940000	40000	622731	0
1789798362.539672	13680521679	5404106465	47614441	6733000	43250000	7940000	39000	1184969	0
1789798363.048992	13680728404	5404124226	47615600	6733000	43250000	7940000	39000	1051832	0
1789798363.554058	13680909617	5404131734	47616150	6731000	43240000	7938000	39000	1004241	0
1789798364.063963	13681303110	5404197591	47617004	6731000	43240000	7938000	39000	1343854	0
1789798364.570041	13681704720	5404308247	47617187	6731000	43240000	7938000	39000	877553	0
1789798365.079489	13681913704	5404317768	47617431	6731000	43240000	7938000	39000	724271	0
1789798365.584283	13682178962	5404324910	47617431	6732000	43240000	7939000	39000	849535	0
1789798366.094332	13682358344	5404331440	47617431	6732000	43240000	7939000	39000	716360	0
1789798366.602055	13682543585	5404338581	47617431	6732000	43240000	7939000	39000	571490	0
1789798367.112278	13682737799	5404347798	47617431	6732000	43240000	7939000	39000	646078	0
1789798367.618205	13682904791	5404354450	47617431	6733000	43240000	7941000	39000	657554	0
1789798368.127348	13683126958	5404367573	47617431	6733000	43240000	7941000	39000	741927	0
1789798368.632933	13683289067	5404373982	47617431	6733000	43240000	7941000	39000	643828	0
1789798369.144149	13683482731	5404383076	47617431	6733000	43240000	7941000	39000	611668	0
1789798369.650288	13683650150	5404389668	47617431	6731000	43240000	7938000	39000	766904	0
1789798370.162318	13683851504	5404400410	47617431	6731000	43240000	7938000	39000	651048	0
1789798370.667910	13684123720	5404414997	47617431	6731000	43240000	7938000	39000	666781	0
1789798371.177335	13684358827	5404425190	47617431	6731000	43240000	7938000	39000	817318	0
1789798371.683283	13684699220	5404509968	47617431	6731000	43240000	7938000	40000	830284	0
1789798372.191953	13685450255	5404841388	47617431	6731000	43240000	7938000	40000	1261729	0
1789798372.697130	13685961301	5405099077	47617431	6734000	43230000	7942000	41000	676636	0
1789798373.204724	13686462460	5405265154	47617431	6734000	43230000	7942000	41000	730426	0
1789798373.709796	13686865108	5405426164	47617431	6734000	43230000	7942000	42000	598100	0
1789798374.218223	13687685357	5405765885	47617431	6734000	43230000	7942000	42000	693929	0
1789798374.722056	13688101555	5405927994	47617431	6729000	43230000	7936000	42000	685027	0
1789798375.230380	13688530570	5406094802	47617431	6729000	43230000	7936000	42000	694680	0
1789798375.735794	13689051808	5406288100	47617431	6729000	43230000	7936000	41000	652997	0
1789798376.243368	13689489796	5406458327	47617431	6729000	43230000	7936000	41000	787767	0
1789798376.748877	13689988452	5406615980	47617431	6732000	43230000	7939000	42000	787562	0
1789798377.256195	13690405565	5406776746	47617431	6732000	43230000	7939000	42000	861387	0
1789798377.761189	13690801987	5406947461	47617431	6732000	43230000	7939000	42000	849695	0
1789798378.269091	13691207076	5407101697	47617431	6732000	43230000	7939000	42000	793680	0
1789798378.773506	13691601240	5407261120	47617431	6726000	43230000	7932000	42000	701796	0
1789798379.281056	13692014569	5407436779	47617431	6726000	43230000	7932000	42000	742825	0
1789798379.785261	13692397747	5407595653	47617431	6726000	43230000	7932000	41000	695724	0
1789798380.294964	13692905009	5407787547	47617492	6726000	43230000	7932000	41000	707891	0
1789798380.800308	13693311075	5407944468	47617492	6733000	43220000	7940000	40000	662901	0
1789798381.309204	13693755471	5408102976	47617492	6733000	43220000	7940000	40000	897410	0
1789798381.814943	13694108802	5408148325	47618103	6733000	43220000	7940000	38000	589873	0
1789798382.326341	13694759680	5408357065	47618957	6733000	43220000	7940000	38000	890340	0
1789798382.832394	13694925756	5408362253	47618957	6733000	43220000	7940000	38000	656027	0
1789798383.343141	13695199010	5408381113	47619812	6733000	43220000	7940000	38000	1130210	0
1789798383.849395	13695409336	5408391366	47620544	6733000	43220000	7940000	38000	1057351	0
1789798384.361573	13695963046	5408574532	47621215	6733000	43220000	7940000	38000	660839	0
1789798384.868291	13696357332	5408688485	47621765	6733000	43220000	7940000	39000	992773	0
1789798385.378229	13697374724	5409172187	47622009	6733000	43220000	7940000	39000	1100003	0
1789798385.884279	13698210843	5409548285	47622009	6727000	43220000	7933000	39000	1061153	0
1789798386.393726	13699101343	5409967778	47622009	6727000	43220000	7933000	39000	942939	0
1789798386.899176	13699969383	5410379093	47622009	6727000	43220000	7933000	39000	959415	0
1789798387.409136	13700858846	5410797854	47622009	6727000	43220000	7933000	39000	846137	0
1789798387.914200	13701815875	5411231081	47622009	6723000	43220000	7929000	40000	1096035	0
1789798388.423304	13702721390	5411669312	47622009	6723000	43220000	7929000	40000	845995	0
1789798388.928560	13703622511	5412105407	47622009	6723000	43220000	7929000	39000	1113095	0
1789798389.437764	13704505382	5412508360	47622009	6723000	43220000	7929000	39000	775441	0
1789798389.943164	13705415780	5412951535	47622009	6723000	43210000	7929000	39000	924405	0
1789798390.452159	13706437140	5413504635	47622009	6723000	43210000	7929000	39000	937901	0
1789798390.957036	13707350285	5413958918	47622009	6723000	43210000	7929000	39000	966274	0
1789798391.465119	13708286806	5414424127	47622009	6723000	43210000	7929000	39000	936576	0
1789798391.970110	13709187499	5414866020	47622009	6723000	43210000	7929000	39000	949512	0
1789798392.481338	13710078427	5415292472	47622009	6723000	43210000	7929000	39000	807856	0
1789798392.985998	13711035700	5415779958	47622009	6723000	43210000	7929000	40000	919140	0
1789798393.495080	13712014945	5416241932	47622009	6723000	43210000	7929000	40000	805767	0
1789798393.999869	13712886953	5416658435	47622009	6723000	43210000	7929000	40000	1069501	0
1789798394.508296	13714000963	5417236437	47622009	6723000	43210000	7929000	40000	654647	0
1789798395.014981	13714903305	5417677903	47622009	6722000	43210000	7928000	40000	937214	0
1789798395.522436	13715838483	5418138839	47622009	6722000	43210000	7928000	40000	906871	0
1789798396.028020	13716743693	5418573835	47622009	6722000	43210000	7928000	40000	1303011	0
1789798396.535998	13717620461	5418985883	47622009	6722000	43210000	7928000	40000	1100584	0
1789798397.041668	13718514990	5419420330	47622009	6722000	43200000	7928000	39000	888025	0
1789798397.550590	13719389927	5419832011	47622009	6722000	43200000	7928000	39000	819060	0
1789798398.055539	13720298249	5420278055	47622009	6722000	43200000	7928000	40000	959884	0
1789798398.564633	13721229949	5420745400	47622009	6722000	43200000	7928000	40000	938517	0
1789798399.068911	13722167935	5421160438	47622009	6722000	43200000	7927000	39000	936270	0
1789798399.577600	13723104700	5421625463	47622009	6722000	43200000	7927000	39000	972239	0
1789798400.082117	13723637108	5421797826	47623230	6722000	43200000	7927000	38000	651298	0
1789798400.591998	13724111411	5421960423	47624389	6722000	43200000	7927000	38000	662493	0
1789798401.097258	13724303183	5421969945	47625061	6722000	43190000	7928000	38000	679125	0
1789798401.608435	13724546591	5421986730	47625732	6722000	43190000	7928000	38000	805680	0
1789798402.113563	13724723104	5421992406	47625732	6722000	43190000	7928000	38000	552838	0
1789798402.624400	13724945088	5422002049	47626403	6722000	43190000	7928000	38000	723154	0
1789798403.129936	13725969255	5422402744	47627319	6726000	43190000	7932000	41000	1680747	0
1789798403.636891	13727077529	5422849825	47627441	6726000	43190000	7932000	41000	1066180	0
1789798404.143095	13728466441	5423508271	47627441	6726000	43190000	7932000	40000	1319614	0
1789798404.651288	13729661202	5424110564	47627441	6726000	43190000	7932000	40000	893425	0
1789798405.156037	13730892766	5424700101	47627441	6726000	43190000	7932000	40000	827454	0
1789798405.664621	13731418033	5424839872	47628112	6726000	43190000	7932000	40000	988576	0
1789798406.172307	13731792178	5424923062	47629150	6715000	43190000	7919000	38000	900945	0
1789798406.681554	13732031618	5424941312	47629943	6715000	43190000	7919000	38000	527678	0
1789798407.187006	13732288209	5424961514	47630554	6715000	43190000	7919000	38000	656477	0
1789798407.696166	13732623963	5424984952	47630798	6715000	43190000	7919000	38000	720145	0
1789798408.202370	13732843811	5424998868	47631652	6729000	43190000	7936000	38000	871805	0
1789798408.713058	13734067379	5425615810	47631652	6729000	43190000	7936000	38000	694794	0
1789798409.217041	13735511895	5426378747	47632568	6729000	43190000	7936000	43000	890864	0
1789798409.723921	13737013234	5427167686	47632568	6729000	43190000	7936000	43000	671322	0
1789798410.228435	13737981554	5427473959	47632568	6715000	43180000	7919000	39000	560439	0
1789798410.738936	13739178816	5427817586	47632568	6715000	43180000	7919000	39000	512181	0
1789798411.243927	13739821027	5427928121	47633972	6715000	43180000	7919000	38000	1218496	0
1789798411.752971	13740313579	5428094624	47634094	6715000	43180000	7919000	38000	806720	0
1789798412.258897	13740521586	5428106587	47634765	6732000	43180000	7939000	38000	795191	0
1789798412.769408	13740834879	5428135395	47635315	6732000	43180000	7939000	38000	773244	0
1789798413.275165	13741004862	5428141743	47635315	6732000	43180000	7939000	38000	600087	0
1789798413.785210	13741226785	5428156147	47636169	6732000	43180000	7939000	38000	660932	0
1789798414.291056	13744028169	5429387467	47636352	6734000	43180000	7942000	41000	1499636	0
1789798414.802077	13747215600	5431083447	47637085	6734000	43180000	7942000	41000	909406	0
1789798415.308968	13750241349	5432647896	47637085	6734000	43180000	7942000	41000	916141	0
1789798415.821565	13753293648	5434271061	47637085	6734000	43180000	7942000	41000	944557	0
1789798416.326976	13756317811	5435840942	47637085	6734000	43180000	7942000	41000	922652	0
1789798416.839163	13759360222	5437453243	47637085	6734000	43180000	7942000	41000	1062679	0
1789798417.347080	13762407395	5439034904	47637085	6689000	43170000	7888000	41000	941316	0
1789798417.858211	13765451942	5440575915	47637085	6689000	43170000	7888000	41000	945391	0
1789798418.365297	13768472504	5442141707	47637085	6689000	43170000	7888000	41000	1017908	0
1789798418.876745	13771527916	5443742350	47637146	6689000	43170000	7888000	41000	1021068	0
1789798419.382647	13774516800	5445335425	47637207	6686000	43170000	7885000	42000	1398553	0
1789798419.890392	13777118172	5446528476	47637207	6686000	43170000	7885000	42000	1173361	0
1789798420.396197	13778466558	5447018343	47638183	6686000	43170000	7885000	39000	687749	0
1789798420.908667	13779128055	5447177705	47638794	6686000	43170000	7885000	39000	1178510	0
1789798421.416808	13779344546	5447188569	47639770	6718000	43160000	7923000	39000	694371	0
1789798421.929573	13779552675	5447204072	47640503	6718000	43160000	7923000	39000	652595	0
1789798422.438040	13779744936	5447213105	47640503	6718000	43160000	7923000	39000	693947	0
1789798422.950329	13780187500	5447237458	47640503	6718000	43160000	7923000	39000	771767	0
1789798423.457882	13782096187	5447922698	47640503	6727000	43160000	7933000	42000	1545667	0
1789798423.966055	13785595812	5449781580	47640503	6727000	43160000	7933000	42000	929327	0
1789798424.473001	13788619852	5451432516	47640503	6727000	43160000	7933000	41000	952787	0
1789798424.986161	13791678133	5453059709	47640503	6727000	43160000	7933000	41000	1040804	0
1789798425.492082	13794704309	5454650769	47640503	6686000	43150000	7885000	42000	933143	0
1789798426.003164	13797748735	5456217843	47640503	6686000	43150000	7885000	42000	974674	0
1789798426.509189	13800757089	5457835332	47640503	6686000	43150000	7885000	42000	1076978	0
1789798427.018158	13803808045	5459414673	47640503	6686000	43150000	7885000	42000	962529	0
1789798427.525062	13806828973	5460983639	47640503	6686000	43150000	7885000	42000	1038679	0
1789798428.036848	13809878648	5462589531	47640503	6686000	43150000	7885000	42000	1010417	0
1789798428.543743	13812901467	5464206958	47640503	6684000	43140000	7883000	43000	1276618	0
1789798429.055119	13815865205	5465784469	47640503	6684000	43140000	7883000	43000	991965	0
1789798429.559976	13818749413	5467033184	47640503	6684000	43140000	7883000	44000	1637797	0
1789798430.068065	13822018387	5468802589	47640503	6684000	43140000	7883000	44000	934921	0
1789798430.576986	13825051216	5470404269	47640503	5918000	43140000	7913000	42000	983215	0
1789798431.088935	13828107788	5472052580	47640503	5918000	43140000	7913000	42000	947421	0
1789798431.594204	13831121574	5473608546	47640503	5918000	43140000	7913000	43000	1022069	0
1789798432.105065	13834177475	5475145529	47640503	5918000	43140000	7913000	43000	928630	0
1789798432.612983	13837208961	5476679583	47640503	5895000	43130000	7882000	43000	927111	0
1789798433.125720	13840270904	5478234510	47640503	5895000	43130000	7882000	43000	928282	0
1789798433.630989	13843279807	5479734934	47640503	5895000	43130000	7882000	43000	974534	0
1789798434.142061	13846330825	5481315374	47640503	5895000	43130000	7882000	43000	951030	0
1789798434.651296	13849352301	5482882631	47640503	5896000	43120000	7883000	43000	1107537	0
1789798435.162027	13852305114	5484400754	47640503	5896000	43120000	7883000	43000	949337	0
1789798435.668046	13855374076	5485790155	47640503	5896000	43120000	7883000	44000	1457670	0
1789798436.177975	13858483565	5487441945	47640503	5896000	43120000	7883000	44000	948800	0
1789798436.683963	13861508276	5489040513	47640503	5894000	43120000	7880000	43000	944182	0
1789798437.195005	13864559904	5490602460	47640503	5894000	43120000	7880000	43000	900799	0
1789798437.702091	13867582723	5492168129	47640503	5894000	43120000	7880000	43000	1011999	0
1789798438.213053	13870635694	5493767369	47640503	5894000	43120000	7880000	43000	924500	0
1789798438.721184	13873661382	5495349823	47640503	5894000	43110000	7880000	43000	1027079	0
1789798439.232646	13876707578	5496969814	47640503	5894000	43110000	7880000	43000	1002713	0
1789798439.739077	13879732717	5498500022	47640503	5894000	43110000	7880000	43000	1082820	0
1789798440.251009	13882782880	5500069049	47641479	5894000	43110000	7880000	43000	1016030	0
1789798440.758145	13885804112	5501676101	47641479	5894000	43110000	7880000	44000	1122175	0
1789798441.268034	13888227446	5502872143	47641479	5894000	43110000	7880000	44000	922348	0
1789798441.774000	13889844385	5503501536	47641479	5894000	43100000	7880000	42000	1727726	0
1789798442.283067	13893883437	5505528996	47641479	5894000	43100000	7880000	42000	928515	0
1789798442.790980	13896911445	5507103577	47641479	5894000	43100000	7880000	44000	1030375	0
1789798443.303693	13899965880	5508725155	47641479	5894000	43100000	7880000	44000	1079332	0
1789798443.809621	13902993216	5510267998	47641479	5891000	43100000	7877000	44000	918771	0
1789798444.322022	13906050093	5511850940	47641479	5891000	43100000	7877000	44000	949300	0
1789798444.828982	13909081885	5513376083	47641479	5891000	43100000	7877000	44000	938528	0
1789798445.341197	13912131682	5514980327	47641479	5891000	43100000	7877000	44000	1022632	0
1789798445.847513	13915150412	5516608680	47641479	5892000	43090000	7878000	44000	974030	0
1789798446.358264	13918190077	5518165438	47641479	5892000	43090000	7878000	44000	1088950	0
1789798446.865118	13921216131	5519774992	47641479	5892000	43090000	7878000	44000	1123031	0
1789798447.374479	13924176939	5521316004	47641479	5892000	43090000	7878000	44000	1213646	0
1789798447.879474	13926271965	5522220360	47641479	5892000	43090000	7878000	45000	786183	0
1789798448.387811	13927441945	5522666220	47643310	5892000	43090000	7878000	45000	1414971	0
1789798448.893996	13928044971	5522835348	47644775	5892000	43090000	7878000	42000	898105	0
1789798449.406374	13928478686	5522864462	47645507	5892000	43090000	7878000	42000	1247416	0
1789798449.911412	13928900926	5522894186	47645507	5925000	43080000	7922000	42000	722624	0
1789798450.422267	13929325791	5522910910	47646545	5925000	43080000	7922000	42000	597357	0
1789798450.928486	13929704757	5522919088	47646789	5925000	43080000	7922000	41000	605143	0
1789798451.438483	13930097456	5522930441	47647155	5925000	43080000	7922000	41000	611845	0
1789798451.945157	13930474042	5522938620	47647522	5925000	43080000	7922000	41000	602712	0
1789798452.454998	13931118327	5523119100	47647522	5925000	43080000	7922000	41000	590010	0
1789798452.960910	13931493754	5523127950	47647522	5927000	43080000	7924000	41000	711593	0
1789798453.471370	13931862588	5523224202	47647522	5927000	43080000	7924000	41000	1009483	0
1789798453.977013	13932119668	5523232991	47647522	5927000	43080000	7924000	40000	579831	0
1789798454.486658	13932707923	5523419575	47647522	5927000	43080000	7924000	40000	627768	0
1789798454.992174	13932953223	5523434041	47647522	5921000	43080000	7916000	40000	642334	0
1789798455.502130	13933157141	5523444111	47647522	5921000	43080000	7916000	40000	623370	0
1789798456.008359	13933344640	5523452717	47647522	5921000	43080000	7916000	40000	1084642	0
1789798456.516901	13933517186	5523460286	47647522	5921000	43080000	7916000	40000	621915	0
1789798457.023265	13933711277	5523469624	47647522	5933000	43070000	7932000	40000	831921	0
1789798457.532381	13933932407	5523480305	47647522	5933000	43070000	7932000	40000	788513	0
1789798458.037209	13934194125	5523491414	47647522	5933000	43070000	7932000	40000	816579	0
1789798458.547549	13934391696	5523505452	47647522	5933000	43070000	7932000	40000	587172	0
1789798459.053061	13934962556	5523721882	47647522	5933000	43070000	7933000	40000	764420	0
1789798459.561998	13935235504	5523739094	47648864	5933000	43070000	7933000	40000	1094604	0
1789798460.068649	13935426239	5523746235	47648864	5933000	43070000	7933000	40000	927151	0
1789798460.577054	13935643035	5523764484	47648864	5933000	43070000	7933000	40000	903724	0
1789798461.083313	13935812834	5523770893	47648864	5933000	43070000	7932000	40000	1073084	0
1789798461.594647	13935987395	5523777424	47648864	5933000	43070000	7932000	40000	802980	0
1789798462.099243	13936162382	5523784443	47648864	5933000	43070000	7932000	40000	579777	0
1789798462.609331	13936363919	5523796894	47648864	5933000	43070000	7932000	40000	526741	0
1789798463.116011	13936542264	5523806842	47648864	5933000	43070000	7932000	40000	650060	0
1789798463.625364	13936732632	5523815326	47648864	5933000	43070000	7932000	40000	713279	0
1789798464.131036	13937157130	5523960956	47648864	5934000	43070000	7934000	41000	1194286	0
1789798464.638325	13937442896	5524008258	47648864	5934000	43070000	7934000	41000	664130	0
1789798465.144187	13937786340	5524024432	47648864	5934000	43070000	7934000	40000	580488	0
1789798465.654367	13937976220	5524034137	47648864	5934000	43070000	7934000	40000	562442	0
1789798466.160405	13938322105	5524064044	47648864	5932000	43060000	7931000	39000	867502	0
1789798466.671439	13938999472	5524286883	47650268	5932000	43060000	7931000	39000	910079	0
1789798467.177062	13939297994	5524341448	47651794	5932000	43060000	7931000	40000	1090909	0
1789798467.686424	13939748799	5524473039	47652649	5932000	43060000	7931000	40000	994504	0
1789798468.192061	13939933918	5524479509	47652649	5932000	43060000	7931000	39000	916913	0
1789798468.703381	13940251483	5524504411	47653198	5932000	43060000	7931000	39000	982034	0
1789798469.209166	13940465471	5524515459	47653564	5932000	43060000	7931000	39000	952049	0
1789798469.717587	13940683733	5524528886	47654296	5932000	43060000	7931000	39000	727591	0
1789798470.223042	13940874955	5524538408	47655090	5936000	43060000	7936000	39000	664938	0
1789798470.731954	13941189591	5524554643	47655090	5936000	43060000	7936000	39000	626239	0
1789798471.238353	13941386001	5524564531	47655151	5936000	43060000	7936000	39000	698284	0
1789798471.747760	13941678847	5524581499	47655151	5936000	43060000	7936000	39000	673073	0
1789798472.253971	13941876357	5524591325	47655151	5936000	43060000	7936000	39000	772055	0
1789798472.766710	13942130689	5524617204	47655151	5936000	43060000	7936000	39000	528495	0
1789798473.271983	13942368848	5524629228	47655151	5936000	43060000	7936000	39000	746971	0
1789798473.780896	13942657177	5524642839	47655151	5936000	43060000	7936000	39000	840189	0
1789798474.287420	13943192271	5524810319	47655151	5936000	43060000	7936000	39000	778208	0
1789798474.796971	13943390330	5524823991	47655151	5936000	43060000	7936000	39000	938952	0
1789798475.302346	13943621530	5524837907	47655151	5933000	43050000	7932000	39000	973738	0
1789798475.809677	13943907907	5524856156	47655151	5933000	43050000	7932000	39000	869867	0
1789798476.315065	13944151070	5524866288	47655151	5933000	43050000	7932000	39000	799088	0
1789798476.825244	13944790778	5525148148	47655151	5933000	43050000	7932000	39000	843796	0
1789798477.330449	13945570439	5525538222	47655151	5935000	43050000	7935000	44000	607701	0
1789798477.840271	13946049136	5525742506	47655151	5935000	43050000	7935000	44000	861093	0
1789798478.345135	13946496279	5525931959	47655151	5935000	43050000	7935000	43000	566369	0
1789798478.854336	13947040406	5526135145	47655151	5935000	43050000	7935000	43000	676083	0
1789798479.359919	13947485229	5526335645	47655151	5934000	43050000	7934000	39000	865814	0
1789798479.870263	13948381467	5526733898	47655578	5934000	43050000	7934000	39000	1022512	0
1789798480.376364	13948858516	5526917918	47655578	5934000	43050000	7934000	39000	664719	0
1789798480.885275	13949374140	5527113719	47655578	5934000	43050000	7934000	39000	580082	0
1789798481.391351	13949821710	5527295115	47655578	5927000	43050000	7925000	39000	665019	0
1789798481.900122	13950392753	5527495859	47655578	5927000	43050000	7925000	39000	717873	0
1789798482.406209	13950816519	5527677743	47655578	5927000	43050000	7925000	39000	974025	0
1789798482.914997	13951292897	5527871773	47655578	5927000	43050000	7925000	39000	915925	0
1789798483.421068	13951771046	5528054268	47655578	5933000	43040000	7932000	39000	812208	0
1789798483.930077	13952246874	5528247322	47655578	5933000	43040000	7932000	39000	780084	0
1789798484.436163	13953014634	5528584540	47655578	5933000	43040000	7932000	39000	570703	0
1789798484.947488	13953459457	5528779608	47655578	5933000	43040000	7932000	39000	641392	0
1789798485.453968	13953896467	5528963690	47655578	5933000	43040000	7932000	39000	778560	0
1789798485.963162	13954449139	5529172124	47655578	5933000	43040000	7932000	39000	595820	0
1789798486.469447	13954872722	5529350285	47655578	5924000	43040000	7920000	39000	670603	0
1789798486.979217	13955192179	5529405339	47656799	5924000	43040000	7920000	39000	812854	0
1789798487.485618	13955782876	5529589726	47657592	5924000	43040000	7920000	39000	655663	0
1789798487.993225	13956030434	5529617496	47657898	5924000	43040000	7920000	39000	1092991	0
1789798488.499343	13956202919	5529623539	47657898	5930000	43040000	7929000	38000	562631	0
1789798489.009315	13956440040	5529643986	47659118	5930000	43040000	7929000	38000	513577	0
1789798489.515414	13956646460	5529653202	47660156	5930000	43040000	7929000	38000	908217	0
1789798490.024700	13957362279	5529995791	47661010	5930000	43040000	7929000	38000	1146912	0
1789798490.530027	13959174225	5531214721	47661071	5930000	43030000	7928000	41000	1277520	0
1789798491.038776	13960581875	5532138669	47661071	5930000	43030000	7928000	41000	1105263	0
1789798491.543425	13961967797	5533052912	47661071	5930000	43030000	7928000	41000	1872182	0
1789798492.049250	13963468831	5534008721	47661071	5930000	43030000	7928000	41000	1048245	0
1789798492.553937	13964946122	5534980947	47661071	5915000	43030000	7909000	41000	1754597	0
1789798493.061535	13966413220	5535953113	47661071	5915000	43030000	7909000	41000	1203944	0
1789798493.566545	13968046639	5537088242	47661071	5915000	43030000	7909000	44000	1272114	0
1789798494.074021	13969814273	5538231061	47661071	5915000	43030000	7909000	44000	1791998	0
1789798494.577645	13971407958	5539247110	47661071	5907000	43030000	7898000	43000	1278893	0
1789798495.085047	13972856624	5540225013	47661071	5907000	43030000	7898000	43000	1085550	0
1789798495.589865	13974315360	5541198338	47661071	5907000	43030000	7898000	41000	1303581	0
1789798496.098072	13975811511	5542217928	47661071	5907000	43030000	7898000	41000	1145209	0
1789798496.602957	13977259078	5543173736	47661071	5907000	43030000	7898000	41000	1335263	0
1789798497.110613	13978662945	5544098172	47661071	5907000	43030000	7898000	41000	1357701	0
1789798497.615541	13980069191	5545024745	47661071	5916000	43020000	7910000	41000	1496853	0
1789798498.124049	13981606907	5545987206	47661071	5916000	43020000	7910000	41000	1629057	0
1789798498.627843	13982999481	5546908895	47661071	5916000	43020000	7910000	41000	1480377	0
1789798499.136760	13984420864	5547862994	47661071	5916000	43020000	7910000	41000	1003897	0
1789798499.641033	13985844262	5548765519	47661804	5918000	43020000	7913000	39000	1207697	0
1789798500.150420	13986197959	5548832413	47662109	5918000	43020000	7913000	39000	1032623	0
1789798500.656320	13986689352	5548976761	47662292	5918000	43020000	7913000	39000	695576	0
1789798501.165409	13987156270	5548992874	47663024	5918000	43020000	7913000	39000	690231	0
1789798501.670423	13987459858	5549026932	47663391	5929000	43010000	7927000	39000	562192	0
1789798502.180363	13987665424	5549038406	47663513	5929000	43010000	7927000	39000	1011346	0
1789798502.686051	13988062762	5549087539	47663879	5929000	43010000	7927000	39000	1327748	0
1789798503.195375	13989813062	5549992200	47663879	5929000	43010000	7927000	39000	970453	0
1789798503.700828	13991448312	5550961680	47664245	5912000	43010000	7905000	43000	1312388	0
1789798504.208620	13993941836	5552601630	47664245	5912000	43010000	7905000	43000	939114	0
1789798504.713000	13995073059	5553089116	47664917	5912000	43010000	7905000	39000	958843	0
1789798505.221362	13995485594	5553204655	47665527	5912000	43010000	7905000	39000	648654	0
1789798505.727967	13995717588	5553218999	47665710	5934000	43010000	7934000	39000	568928	0
1789798506.238352	13995946103	5553232121	47666015	5934000	43010000	7934000	39000	889979	0
1789798506.743744	13996280270	5553246831	47666015	5934000	43010000	7934000	39000	911417	0
1789798507.254080	13996505001	5553259587	47666687	5934000	43010000	7934000	39000	616151	0
1789798507.760235	13998140556	5554238039	47666809	5934000	43010000	7934000	48000	1011891	0
1789798508.267646	14001005783	5556020566	47666809	5934000	43010000	7934000	48000	1537880	0
1789798508.771160	14003729958	5557154291	47666809	5927000	43000000	7925000	43000	683048	0
1789798509.276637	14004763036	5557426690	47667663	5927000	43000000	7925000	43000	655001	0
1789798509.783301	14005131322	5557512750	47667663	5927000	43000000	7925000	39000	1360068	0
1789798510.293362	14005374851	5557526666	47668212	5927000	43000000	7925000	39000	646541	0
1789798510.798205	14005710910	5557563836	47669555	5930000	43000000	7929000	38000	778106	0
1789798511.308818	14005976656	5557576653	47669555	5930000	43000000	7929000	38000	820769	0
1789798511.815742	14006207124	5557592217	47669555	5930000	43000000	7929000	38000	908962	0
1789798512.326000	14009443139	5559187733	47669555	5930000	43000000	7929000	38000	928964	0
1789798512.835919	14012486466	5560791977	47669555	5917000	43000000	7911000	41000	940359	0
1789798513.347052	14015530709	5562415935	47669555	5917000	43000000	7911000	41000	1043223	0
1789798513.852984	14018552674	5563982765	47669555	5917000	43000000	7911000	42000	909572	0
1789798514.364559	14021606987	5565576694	47669555	5917000	43000000	7911000	42000	926755	0
1789798514.872983	14024640061	5567140167	47669555	5894000	42990000	7881000	42000	924209	0
1789798515.386207	14027701393	5568705287	47669555	5894000	42990000	7881000	42000	942782	0
1789798515.896185	14030742340	5570264182	47669555	5894000	42990000	7881000	42000	1030407	0
1789798516.406921	14033778953	5571843585	47669555	5894000	42990000	7881000	42000	1115141	0
1789798516.912537	14036800003	5573442702	47669555	5895000	42980000	7882000	42000	982514	0
1789798517.424047	14039851448	5575060434	47669555	5895000	42980000	7882000	42000	1096179	0
1789798517.930073	14042478028	5576328864	47669555	5895000	42980000	7882000	41000	1407798	0
1789798518.440360	14042966918	5576447272	47669738	5895000	42980000	7882000	41000	976304	0
1789798518.948126	14043366209	5576539740	47669921	5895000	42980000	7882000	39000	1268608	0
1789798519.461530	14043610959	5576550909	47670959	5895000	42980000	7882000	39000	648022	0
1789798519.969752	14043941159	5576581915	47671813	5929000	42980000	7927000	39000	897236	0
1789798520.481970	14044164852	5576599249	47672790	5929000	42980000	7927000	39000	687277	0
1789798520.989839	14044577693	5576648931	47673034	5929000	42980000	7927000	39000	1068529	0
1789798521.500068	14048181138	5578449708	47673034	5929000	42980000	7927000	39000	925873	0
1789798522.006816	14051206399	5580064328	47673950	5922000	42980000	7918000	42000	937687	0
1789798522.517979	14054252045	5581714104	47674011	5922000	42980000	7918000	42000	1046191	0
1789798523.025079	14057276086	5583326465	47674011	5922000	42980000	7918000	42000	1047774	0
1789798523.537445	14060339615	5584933334	47674011	5922000	42980000	7918000	42000	1017959	0
1789798524.046059	14063376046	5586533733	47674072	5892000	42970000	7878000	42000	962532	0
1789798524.561997	14066458191	5588106971	47674072	5892000	42970000	7878000	42000	928022	0
1789798525.067999	14069479057	5589591159	47674072	5892000	42970000	7878000	42000	943792	0
1789798525.580703	14072540878	5591132598	47674133	5892000	42970000	7878000	42000	908961	0
1789798526.088883	14075563453	5592689784	47674133	5893000	42960000	7879000	43000	1058241	0
1789798526.599026	14078525055	5594261862	47674133	5893000	42960000	7879000	43000	988959	0
1789798527.103924	14081263329	5595582904	47674133	5893000	42960000	7879000	42000	918390	0
1789798527.614093	14084677138	5597241042	47674133	5893000	42960000	7879000	42000	893807	0
1789798528.121982	14087707526	5598817942	47674133	5887000	42960000	7871000	43000	921338	0
1789798528.638975	14090786742	5600454717	47674133	5887000	42960000	7871000	43000	1056083	0
1789798529.144986	14093813590	5602026796	47674255	5887000	42960000	7871000	43000	938137	0
1789798529.656774	14096871809	5603587034	47674255	5887000	42960000	7871000	43000	935284	0
1789798530.163987	14099897070	5605140069	47674255	5887000	42960000	7871000	43000	933843	0
1789798530.677610	14102962248	5606691030	47674255	5887000	42960000	7871000	43000	929047	0
1789798531.183180	14105967123	5608254136	47674255	5892000	42950000	7878000	43000	1116843	0
1789798531.693932	14109018263	5609833905	47674255	5892000	42950000	7878000	43000	1018787	0
1789798532.200129	14112034429	5611411110	47674255	5892000	42950000	7878000	43000	1114800	0
1789798532.709028	14114995481	5612989475	47674255	5892000	42950000	7878000	43000	1135773	0
1789798533.214397	14117556876	5614096406	47674255	5891000	42940000	7877000	47000	868777	0
1789798533.722061	14121134992	5615811490	47674255	5891000	42940000	7877000	47000	938816	0
1789798534.229007	14124158544	5617396019	47674255	5891000	42940000	7877000	43000	930740	0
1789798534.740977	14127213895	5619051533	47674255	5891000	42940000	7877000	43000	947719	0
1789798535.246973	14130238545	5620624160	47674255	5890000	42940000	7875000	43000	939534	0
1789798535.756809	14133282971	5622207042	47674255	5890000	42940000	7875000	43000	897246	0
1789798536.262966	14136293400	5623738288	47674255	5890000	42940000	7875000	43000	1018065	0
1789798536.776084	14139378231	5625260928	47674255	5890000	42940000	7875000	43000	717302	0
1789798537.283985	14142396534	5626776794	47674255	5890000	42930000	7875000	43000	922260	0
1789798537.796616	14145459270	5628315852	47674255	5890000	42930000	7875000	43000	891494	0
1789798538.301216	14148460789	5629852042	47674255	5890000	42930000	7875000	44000	1041032	0
1789798538.812073	14151506862	5631444140	47674255	5890000	42930000	7875000	44000	928879	0
1789798539.317659	14154005696	5632601425	47674255	5889000	42920000	7874000	46000	1502560	0
1789798539.827050	14157576549	5634241435	47674255	5889000	42920000	7874000	46000	938822	0
1789798540.332988	14160596866	5635808143	47674438	5889000	42920000	7874000	43000	941564	0
1789798540.845993	14163657649	5637459506	47674499	5889000	42920000	7874000	43000	929038	0
1789798541.353001	14166680408	5639062041	47674499	5889000	42920000	7874000	44000	975167	0
1789798541.866055	14169747416	5640616053	47674499	5889000	42920000	7874000	44000	941648	0
1789798542.374715	14172783908	5642196371	47674499	5889000	42920000	7874000	44000	932684	0
1789798542.886256	14175831141	5643797929	47674499	5889000	42920000	7874000	44000	943643	0
1789798543.393087	14178862566	5645342298	47674499	5889000	42920000	7874000	44000	901941	0
1789798543.905009	14181912058	5646899606	47674499	5889000	42920000	7874000	44000	1021723	0
1789798544.410978	14184928408	5648484807	47674499	5889000	42910000	7873000	44000	1016118	0
1789798544.921233	14187961054	5650096131	47674499	5889000	42910000	7873000	44000	1072297	0
1789798545.426753	14190725085	5651484921	47674499	5889000	42910000	7873000	44000	1042855	0
1789798545.937294	14192378096	5652132564	47675231	5889000	42910000	7873000	44000	729122	0
1789798546.445141	14192836591	5652259944	47676879	5899000	42900000	7887000	42000	1266514	0
1789798546.956278	14193047039	5652292231	47676879	5899000	42900000	7887000	42000	656446	0
1789798547.463816	14193305339	5652302119	47677856	5899000	42900000	7887000	42000	692298	0
1789798547.975459	14193533366	5652316462	47678222	5899000	42900000	7887000	42000	830982	0
1789798548.483205	14193739970	5652326594	47679199	5927000	42900000	7925000	41000	687165	0
1789798548.995933	14193958292	5652336848	47679565	5927000	42900000	7925000	41000	655215	0
1789798549.504735	14194212808	5652348689	47679687	5927000	42900000	7925000	41000	676789	0
1789798550.017851	14194864784	5652602350	47679870	5927000	42900000	7925000	41000	1348907	0
1789798550.524332	14195117346	5652631952	47679870	5911000	42900000	7903000	41000	587790	0
1789798551.033581	14195310278	5652642023	47679931	5911000	42900000	7903000	41000	606201	0
1789798551.539409	14195523412	5652659357	47680175	5911000	42900000	7903000	41000	622556	0
1789798552.049248	14195745519	5652677911	47680175	5911000	42900000	7903000	41000	970727	0
1789798552.555366	14195978794	5652694818	47680175	5928000	42900000	7926000	41000	917236	0
1789798553.064761	14196183506	5652707452	47680175	5928000	42900000	7926000	41000	1118255	0
1789798553.570809	14196366245	5652716180	47680175	5928000	42900000	7926000	41000	793903	0
1789798554.080941	14196757723	5652818231	47680175	5928000	42900000	7926000	41000	1514425	0
1789798554.586562	14197120210	5652896600	47680175	5928000	42900000	7926000	40000	1002672	0
1789798555.096340	14197319733	5652907891	47680175	5928000	42900000	7926000	40000	770775	0
1789798555.603106	14197630402	5652920159	47680175	5928000	42890000	7926000	40000	827410	0
1789798556.113910	14197832672	5652935174	47680175	5928000	42890000	7926000	40000	742519	0
1789798556.619034	14198271330	5653092217	47680175	5928000	42890000	7926000	41000	1256590	0
1789798557.128114	14198559781	5653156914	47680175	5928000	42890000	7926000	41000	617553	0
1789798557.634012	14198724942	5653166008	47680175	5925000	42890000	7922000	40000	633924	0
1789798558.145223	14198937527	5653180291	47680175	5925000	42890000	7922000	40000	613256	0
1789798558.651298	14199103908	5653186272	47680175	5925000	42890000	7922000	40000	697305	0
1789798559.159990	14199264125	5653192314	47680175	5925000	42890000	7922000	40000	671117	0
1789798559.666082	14199420741	5653197991	47680175	5930000	42890000	7928000	40000	675893	0
1789798560.176424	14199703577	5653244927	47680480	5930000	42890000	7928000	40000	884488	0
1789798560.681343	14199873804	5653251030	47680480	5930000	42890000	7928000	40000	1043942	0
1789798561.191283	14200150293	5653261223	47680480	5930000	42890000	7928000	40000	540455	0
1789798561.697268	14200346825	5653267632	47680480	5930000	42890000	7929000	40000	648281	0
1789798562.207338	14200532250	5653279839	47680480	5930000	42890000	7929000	40000	1233236	0
1789798562.712354	14200700279	5653285820	47680480	5930000	42890000	7929000	40000	681520	0
1789798563.221044	14200880454	5653294548	47680480	5930000	42890000	7929000	40000	624826	0
1789798563.726346	14201038230	5653299980	47680480	5930000	42880000	7929000	40000	638869	0
1789798564.238343	14201601339	5653453666	47680480	5930000	42880000	7929000	40000	764509	0
1789798564.744288	14201891438	5653476249	47680480	5930000	42880000	7929000	40000	579610	0
1789798565.254247	14202105427	5653484611	47680480	5930000	42880000	7929000	40000	582384	0
1789798565.760361	14202279254	5653491874	47680480	5930000	42880000	7929000	40000	649577	0
1789798566.269901	14202480243	5653502555	47680480	5930000	42880000	7929000	40000	634990	0
1789798566.775899	14202709185	5653509208	47680480	5931000	42880000	7930000	39000	732991	0
1789798567.286351	14202893144	5653516899	47680480	5931000	42880000	7930000	39000	608549	0
1789798567.792364	14203091569	5653522392	47680480	5931000	42880000	7930000	39000	621746	0
1789798568.302041	14203560257	5653672294	47680480	5931000	42880000	7930000	39000	1622092	0
1789798568.805717	14203884780	5653725455	47682006	5933000	42880000	7932000	39000	562394	0
1789798569.316386	14204394483	5653878592	47682006	5933000	42880000	7932000	39000	1165344	0
1789798569.822354	14204623243	5653895316	47682861	5933000	42880000	7932000	39000	831517	0
1789798570.330810	14204894116	5653912711	47683654	5933000	42880000	7932000	39000	808645	0
1789798570.837162	14205152111	5653923819	47684570	5929000	42880000	7927000	39000	863260	0
1789798571.347324	14205431834	5653933768	47684692	5929000	42880000	7927000	39000	681518	0
1789798571.852302	14205610606	5653941336	47684936	5929000	42880000	7927000	39000	669029	0
1789798572.362008	14205892832	5653951895	47684936	5929000	42880000	7927000	39000	736008	0
1789798572.868362	14206057565	5653957266	47684936	5930000	42870000	7928000	39000	645107	0
1789798573.377128	14206286812	5653968802	47684936	5930000	42870000	7928000	39000	664109	0
1789798573.883183	14206473213	5653977041	47684936	5930000	42870000	7928000	39000	874693	0
1789798574.393297	14207088507	5654149954	47684936	5930000	42870000	7928000	39000	584651	0
1789798574.899442	14207299444	5654162161	47684936	5931000	42870000	7930000	39000	554677	0
1789798575.409547	14207511663	5654175222	47684936	5931000	42870000	7930000	39000	862319	0
1789798575.915102	14207674565	5654181081	47684936	5931000	42870000	7930000	39000	749095	0
1789798576.427206	14207871708	5654192373	47684936	5931000	42870000	7930000	39000	681897	0
1789798576.933331	14208056644	5654200063	47684936	5931000	42870000	7930000	39000	910604	0
1789798577.442025	14208269046	5654213430	47684936	5931000	42870000	7930000	39000	1052521	0
1789798577.948245	14208596804	5654231618	47684936	5933000	42870000	7933000	39000	770897	0
1789798578.458390	14208962709	5654323964	47684936	5933000	42870000	7933000	39000	985167	0
1789798578.963139	14209699951	5654711598	47684936	5933000	42870000	7933000	41000	1110281	0
1789798579.472213	14210236448	5654954212	47684936	5933000	42870000	7933000	41000	681107	0
1789798579.977674	14210650327	5655143725	47684936	5915000	42870000	7908000	39000	744996	0
1789798580.485244	14211101192	5655342761	47684936	5915000	42870000	7908000	39000	845723	0
1789798580.991038	14211502558	5655530504	47684936	5915000	42870000	7908000	39000	824810	0
1789798581.500245	14211973260	5655728013	47684936	5915000	42870000	7908000	39000	832906	0
1789798582.005060	14212395134	5655921433	47684936	5928000	42860000	7926000	40000	901826	0
1789798582.514283	14212817985	5656107895	47684936	5928000	42860000	7926000	40000	871981	0
1789798583.019441	14213226187	5656297653	47684936	5928000	42860000	7926000	40000	1746672	0
1789798583.527636	14213729237	5656503890	47684936	5928000	42860000	7926000	40000	1088973	0
1789798584.032967	14214169788	5656711715	47684936	5923000	42860000	7919000	41000	2013058	0
1789798584.539933	14214991929	5657131269	47684936	5923000	42860000	7919000	41000	1460243	0
1789798585.045045	14215404404	5657311628	47684936	5923000	42860000	7919000	42000	1190256	0
1789798585.553104	14215939559	5657526471	47684936	5923000	42860000	7919000	42000	984553	0
1789798586.058131	14216361921	5657717266	47684936	5930000	42860000	7928000	40000	1142980	0
1789798586.567884	14216796246	5657908306	47684936	5930000	42860000	7928000	40000	694554	0
1789798587.074116	14217206706	5658090800	47684936	5930000	42860000	7928000	41000	609056	0
1789798587.584337	14217686319	5658274760	47684936	5930000	42860000	7928000	41000	603398	0
1789798588.090282	14218116128	5658459025	47684936	5930000	42860000	7928000	39000	671581	0
1789798588.599088	14218423683	5658506754	47685424	5930000	42860000	7928000	39000	602310	0
1789798589.105410	14218879798	5658619730	47685852	5929000	42860000	7927000	40000	668371	0
1789798589.613317	14219140234	5658673685	47685852	5929000	42860000	7927000	40000	676330	0
1789798590.119190	14219335180	5658684610	47686767	5929000	42860000	7927000	38000	960533	0
1789798590.629162	14219547032	5658696268	47687133	5929000	42860000	7927000	38000	1021264	0
1789798591.134790	14219733189	5658705789	47687561	5935000	42850000	7935000	38000	654192	0
1789798591.643168	14220178928	5658855691	47687683	5935000	42850000	7935000	38000	1341036	0
1789798592.148653	14221979033	5660076818	47687683	5935000	42850000	7935000	41000	1007402	0
1789798592.657027	14223371547	5660993259	47687683	5935000	42850000	7935000	41000	1097201	0
1789798593.160717	14224757163	5661901093	47687683	5916000	42850000	7910000	41000	1066289	0
1789798593.669986	14226223285	5662860625	47687683	5916000	42850000	7910000	41000	1299115	0
1789798594.174404	14228056166	5663984706	47687683	5916000	42850000	7910000	41000	1244996	0
1789798594.682763	14229542917	5664971825	47687683	5916000	42850000	7910000	41000	1281424	0
1789798595.188730	14231188909	5666125326	47687683	5913000	42850000	7906000	41000	1497410	0
1789798595.699749	14232700990	5667147113	47687683	5913000	42850000	7906000	41000	1453965	0
1789798596.205790	14234135984	5668100540	47687683	5913000	42850000	7906000	41000	1409677	0
1789798596.716197	14235629694	5669110426	47687683	5913000	42850000	7906000	41000	1360288	0
1789798597.223219	14237088003	5670088572	47687683	5910000	42840000	7902000	41000	1381045	0
1789798597.735226	14238551317	5671066353	47687683	5910000	42840000	7902000	41000	1250514	0
1789798598.242612	14240042402	5672037908	47687683	5910000	42840000	7902000	43000	1193601	0
1789798598.752811	14241456217	5672962894	47687683	5910000	42840000	7902000	43000	1191256	0
1789798599.258236	14242871863	5673905274	47687683	5910000	42840000	7902000	41000	1200736	0
1789798599.768767	14244329012	5674855589	47687683	5910000	42840000	7902000	41000	890408	0
1789798600.275517	14245732268	5675793392	47687683	5915000	42840000	7908000	41000	1210351	0
1789798600.786748	14247615320	5677054131	47687683	5915000	42840000	7908000	41000	1049388	0
1789798601.293894	14249175558	5678069814	47687683	5915000	42840000	7908000	41000	1233268	0
1789798601.804071	14249842548	5678313527	47688171	5915000	42840000	7908000	41000	1540428	0
1789798602.310663	14250383684	5678493214	47689147	5924000	42830000	7920000	39000	1081693	0
1789798602.821681	14250638628	5678517811	47689941	5924000	42830000	7920000	39000	652847	0
1789798603.329358	14251177078	5678660694	47695007	5924000	42830000	7920000	39000	1128006	0
1789798603.840142	14251813796	5678887073	47696350	5924000	42830000	7920000	39000	1122735	0
1789798604.348061	14252589795	5679204333	47696350	5920000	42830000	7915000	39000	1497958	0
1789798604.857947	14254289131	5680059921	47696350	5920000	42830000	7915000	39000	1722871	0
1789798605.363175	14256108340	5681158796	47696350	5920000	42830000	7915000	42000	1245899	0
1789798605.873812	14258630734	5682777139	47696350	5920000	42830000	7915000	42000	1235457	0
1789798606.379220	14260251335	5683581031	47702453	5894000	42830000	7880000	41000	2170645	0
1789798606.888389	14261086538	5683890478	47708068	5894000	42830000	7880000	41000	1169496	0
1789798607.396904	14261385731	5683917761	47710266	5894000	42830000	7880000	39000	915316	0
1789798607.909752	14261558705	5683926122	47710266	5894000	42830000	7880000	39000	981373	0
1789798608.417832	14261830188	5683937536	47710754	5928000	42820000	7926000	39000	1028720	0
1789798608.930128	14262115466	5683951513	47711242	5928000	42820000	7926000	39000	1107855	0
1789798609.437974	14263941633	5685058444	47712707	5928000	42820000	7926000	48000	1997169	0
1789798609.945884	14266806006	5686943388	47715698	5928000	42820000	7926000	48000	1378479	0
1789798610.450139	14269629180	5688172388	47715698	5928000	42820000	7926000	44000	879405	0
1789798610.957157	14270875270	5688536523	47718200	5928000	42820000	7926000	44000	1440817	0
1789798611.463937	14271248194	5688643273	47718200	5897000	42820000	7884000	39000	686273	0
1789798611.975643	14271457483	5688653588	47718566	5897000	42820000	7884000	39000	537615	0
1789798612.483849	14271717004	5688668420	47719055	5897000	42820000	7884000	39000	669111	0
1789798612.996652	14271892541	5688675805	47719055	5897000	42820000	7884000	39000	662467	0
1789798613.504912	14272091454	5688683312	47719055	5927000	42810000	7925000	38000	674139	0
1789798614.017052	14275242263	5690164327	47719055	5927000	42810000	7925000	38000	1138611	0
1789798614.526001	14278297675	5691780839	47719055	5927000	42810000	7925000	41000	948546	0
1789798615.037975	14281353759	5693399487	47719055	5927000	42810000	7925000	41000	936944	0
1789798615.543494	14284365592	5694999825	47719055	5892000	42810000	7878000	42000	927092	0
1789798616.054926	14287418624	5696606876	47719055	5892000	42810000	7878000	42000	927574	0
1789798616.560966	14290436316	5698174194	47719055	5892000	42810000	7878000	42000	1047857	0
1789798617.071969	14293494475	5699715877	47719055	5892000	42810000	7878000	42000	918990	0
1789798617.578967	14296514731	5701235709	47719055	5890000	42810000	7875000	42000	950021	0
1789798618.089731	14299554823	5702780811	47719055	5890000	42810000	7875000	42000	1038138	0
1789798618.596022	14302573981	5704374068	47719055	5890000	42810000	7875000	42000	1030393	0
1789798619.106191	14305612791	5705956095	47719055	5890000	42810000	7875000	42000	1114950	0
1789798619.612316	14308172538	5707197486	47719055	5891000	42800000	7876000	42000	1016540	0
1789798620.123380	14309574573	5707696264	47720703	5891000	42800000	7876000	42000	1470295	0
1789798620.629792	14310190355	5707900060	47721313	5891000	42800000	7876000	39000	1017908	0
1789798621.141333	14310405015	5707912877	47722656	5891000	42800000	7876000	39000	670365	0
1789798621.649788	14310667710	5707932226	47722656	5891000	42800000	7876000	39000	819223	0
1789798622.161904	14310862472	5707943639	47723327	5891000	42800000	7876000	39000	653103	0
1789798622.669695	14311086532	5707955053	47723998	5924000	42790000	7921000	39000	798145	0
1789798623.182970	14313487405	5709000704	47724914	5924000	42790000	7921000	39000	1588218	0
1789798623.691908	14316729218	5710730497	47725646	5924000	42790000	7921000	42000	1032317	0
1789798624.208068	14319807396	5712362451	47725707	5924000	42790000	7921000	42000	943587	0
1789798624.719183	14322860794	5713960225	47725707	5890000	42790000	7875000	42000	946918	0
1789798625.230119	14325905952	5715574418	47725707	5890000	42790000	7875000	42000	1019685	0
1789798625.736748	14328927246	5717156262	47725707	5890000	42790000	7875000	42000	1052001	0
1789798626.249066	14331994560	5718715218	47725707	5890000	42790000	7875000	42000	931128	0
1789798626.757966	14335027328	5720250126	47725707	5890000	42780000	7875000	42000	1018634	0
1789798627.269369	14338078162	5721814514	47725768	5890000	42780000	7875000	42000	1016496	0
1789798627.776115	14341095427	5723369991	47725768	5890000	42780000	7875000	43000	1111994	0
1789798628.286061	14344059226	5724940666	47725768	5890000	42780000	7875000	43000	1731933	0
1789798628.793526	14347085158	5726468677	47725768	5891000	42780000	7876000	42000	1159199	0
1789798629.305952	14350188177	5727924545	47725768	5891000	42780000	7876000	42000	1486336	0
1789798629.812073	14353261656	5729540813	47725768	5891000	42780000	7876000	43000	947402	0
1789798630.325966	14356322866	5731159644	47725768	5891000	42780000	7876000	43000	957789	0
1789798630.830972	14359338911	5732766085	47725768	5889000	42770000	7873000	43000	956320	0
1789798631.343067	14362396703	5734316496	47725768	5889000	42770000	7873000	43000	950023	0
1789798631.852159	14365433256	5735862513	47725768	5889000	42770000	7873000	43000	1000501	0
1789798632.363147	14368479940	5737444052	47725768	5889000	42770000	7873000	43000	1019961	0
1789798632.870432	14371497022	5739022051	47725768	5886000	42760000	7870000	43000	1020490	0
1789798633.380124	14374540593	5740577894	47725768	5886000	42760000	7870000	43000	1033460	0
1789798633.886963	14377567563	5742175180	47725768	5886000	42760000	7870000	43000	1036686	0
1789798634.395892	14380551381	5743760747	47725768	5886000	42760000	7870000	43000	1108682	0
1789798634.902781	14383517865	5745232301	47725768	5886000	42760000	7870000	43000	1030358	0
1789798635.412004	14386333227	5746378965	47725768	5886000	42760000	7870000	43000	1747814	0
1789798635.919997	14389718045	5748190423	47725768	5885000	42760000	7868000	43000	945017	0
1789798636.428980	14392751667	5749791066	47725768	5885000	42760000	7868000	43000	930833	0
1789798636.935185	14395769115	5751396409	47725768	5885000	42760000	7868000	43000	1031559	0
1789798637.447993	14398835087	5752992718	47725768	5885000	42760000	7868000	43000	928172	0
1789798637.957192	14401862301	5754592751	47725768	5886000	42750000	7869000	44000	1002142	0
1789798638.468064	14404926807	5756180393	47725768	5886000	42750000	7869000	44000	904103	0
1789798638.977055	14407963908	5757718292	47725768	5886000	42750000	7869000	43000	942274	0
1789798639.489206	14411017062	5759248867	47725768	5886000	42750000	7869000	43000	940832	0
1789798639.996553	14414030971	5760829002	47725768	5885000	42740000	7868000	44000	1167122	0
1789798640.507846	14417056964	5762406634	47725768	5885000	42740000	7868000	44000	1237088	0
1789798641.015315	14419998057	5763873977	47725768	5885000	42740000	7868000	43000	1037848	0
1789798641.524938	14422445256	5764878735	47725768	5885000	42740000	7868000	43000	1875213	0
1789798642.030996	14426170954	5766811775	47725768	5868000	42740000	7845000	44000	943216	0
1789798642.542831	14429221606	5768426211	47725768	5868000	42740000	7845000	44000	1022659	0
1789798643.049958	14432249186	5770032225	47725768	5868000	42740000	7845000	44000	1028323	0
1789798643.562042	14435304537	5771628962	47725768	5868000	42740000	7845000	44000	996406	0
1789798644.078073	14438387048	5773247732	47725768	5886000	42730000	7869000	44000	953506	0
1789798644.591005	14441452226	5774803575	47725768	5886000	42730000	7869000	44000	945089	0
1789798645.097923	14444475229	5776329572	47725768	5886000	42730000	7869000	44000	1026696	0
1789798645.608207	14447519105	5777891092	47725768	5886000	42730000	7869000	44000	1013092	0
1789798646.114169	14450540154	5779443090	47725768	5886000	42730000	7869000	44000	978550	0
1789798646.625997	14453588670	5780985505	47725768	5886000	42730000	7869000	44000	1025902	0
1789798647.132762	14456583718	5782612393	47725768	5884000	42720000	7867000	44000	1277001	0
1789798647.644941	14458168187	5783386561	47726135	5884000	42720000	7867000	44000	872661	0
1789798648.150136	14458959261	5783631678	47726379	5884000	42720000	7867000	43000	1014962	0
1789798648.663140	14459191866	5783647974	47726745	5884000	42720000	7867000	43000	1006860	0
1789798649.169988	14459366792	5783653345	47726745	5919000	42720000	7914000	42000	646672	0
1789798649.682558	14459575410	5783667322	47727661	5919000	42720000	7914000	42000	949679	0
1789798650.190844	14459874908	5783678064	47727783	5919000	42720000	7914000	42000	802056	0
1789798650.702379	14460211211	5783693140	47728698	5919000	42720000	7914000	42000	645971	0
1789798651.209933	14460475371	5783702845	47729308	5924000	42710000	7920000	41000	759591	0
1789798651.722020	14461065457	5783912927	47729370	5924000	42710000	7920000	41000	537532	0
1789798652.229910	14461279019	5783920801	47729370	5924000	42710000	7920000	41000	1164447	0
1789798652.742531	14461559963	5783965356	47729614	5924000	42710000	7920000	41000	584980	0
1789798653.248419	14461772792	5783975854	47730224	5921000	42710000	7917000	41000	654554	0
1789798653.758074	14462102015	5784004296	47730224	5921000	42710000	7917000	41000	593832	0
1789798654.264353	14462644249	5784159508	47730590	5921000	42710000	7917000	41000	1199160	0
1789798654.772998	14463002403	5784182519	47730590	5921000	42710000	7917000	41000	647603	0
1789798655.280058	14463205832	5784191369	47730590	5923000	42710000	7919000	41000	693352	0
1789798655.790795	14463391440	5784204735	47730590	5923000	42710000	7919000	41000	1021427	0
1789798656.296194	14463584921	5784212914	47730590	5923000	42710000	7919000	41000	882000	0
1789798656.806004	14463784688	5784222313	47730590	5923000	42710000	7919000	41000	1044082	0
1789798657.311348	14463981465	5784230858	47730651	5923000	42710000	7919000	41000	861510	0
1789798657.821170	14464260273	5784245812	47730651	5923000	42710000	7919000	41000	1044748	0
1789798658.327089	14464905596	5784464378	47730651	5925000	42710000	7922000	41000	1035309	0
1789798658.836271	14465110613	5784488121	47730651	5925000	42710000	7922000	41000	808934	0
1789798659.342223	14465281267	5784495201	47730651	5925000	42710000	7922000	41000	651125	0
1789798659.852203	14465540482	5784506981	47730651	5925000	42710000	7922000	41000	780638	0
1789798660.357261	14465714554	5784513084	47730651	5926000	42700000	7923000	40000	652948	0
1789798660.867059	14465894913	5784521324	47730651	5926000	42700000	7923000	40000	770906	0
1789798661.372969	14466080337	5784526512	47730651	5926000	42700000	7923000	40000	660209	0
1789798661.882077	14466270522	5784537132	47730651	5926000	42700000	7923000	40000	749501	0
1789798662.388120	14466470717	5784548423	47730651	5927000	42700000	7924000	40000	558627	0
1789798662.898347	14466668409	5784556846	47730651	5927000	42700000	7924000	40000	678446	0
1789798663.405026	14466921582	5784563804	47730651	5927000	42700000	7924000	40000	719738	0
1789798663.914386	14467138318	5784576805	47730651	5927000	42700000	7924000	40000	914274	0
1789798664.420330	14467680491	5784741294	47730651	5927000	42700000	7924000	40000	844112	0
1789798664.928078	14467888194	5784752524	47730651	5927000	42700000	7924000	40000	877876	0
1789798665.434300	14468091562	5784761436	47730651	5927000	42700000	7924000	40000	975478	0
1789798665.944250	14468273202	5784774070	47730651	5927000	42700000	7924000	40000	708176	0
1789798666.450421	14468441415	5784781272	47730651	5927000	42700000	7924000	40000	608013	0
1789798666.960389	14468994453	5784919089	47731017	5927000	42700000	7924000	40000	792964	0
1789798667.466113	14469183051	5784924033	47731017	5927000	42700000	7924000	40000	649988	0
1789798667.976212	14469372992	5784936240	47731017	5927000	42700000	7924000	40000	629705	0
1789798668.482394	14469542425	5784941672	47731017	5927000	42700000	7924000	39000	700739	0
1789798668.992363	14469753545	5784950034	47731017	5927000	42700000	7924000	39000	643916	0
1789798669.498236	14469985417	5784963217	47731017	5928000	42700000	7926000	39000	693659	0
1789798670.007398	14470621097	5785177511	47731506	5928000	42700000	7926000	39000	671641	0
1789798670.513879	14470959658	5785238790	47732116	5928000	42700000	7926000	40000	1467765	0
1789798671.024253	14471364320	5785357381	47733093	5928000	42700000	7926000	40000	578927	0
1789798671.530324	14471693787	5785367879	47733093	5921000	42690000	7916000	39000	983585	0
1789798672.039595	14471977661	5785378377	47733520	5921000	42690000	7916000	39000	1045022	0
1789798672.546416	14472305663	5785417623	47736755	5921000	42690000	7916000	39000	1186170	0
1789798673.054933	14472669492	5785453695	47739135	5921000	42690000	7916000	39000	746389	0
1789798673.561051	14472947080	5785478841	47739135	5923000	42690000	7919000	39000	1012741	0
1789798674.070057	14473363460	5785578633	47739135	5923000	42690000	7919000	39000	1427376	0
1789798674.574686	14473792964	5785685628	47739135	5923000	42690000	7919000	39000	562905	0
1789798675.086273	14474056879	5785715169	47739196	5923000	42690000	7919000	39000	787506	0
1789798675.592623	14474269830	5785725911	47739196	5925000	42690000	7922000	39000	826021	0
1789798676.101993	14474484307	5785744526	47739196	5925000	42690000	7922000	39000	748577	0
1789798676.608046	14474740532	5785775044	47739318	5925000	42690000	7922000	39000	581233	0
1789798677.118382	14474946220	5785787495	47739318	5925000	42690000	7922000	39000	600596	0
1789798677.624461	14475225882	5785797444	47739318	5927000	42690000	7924000	39000	656966	0
1789798678.135265	14475439322	5785811848	47739318	5927000	42690000	7924000	39000	978167	0
1789798678.642665	14475703054	5785855671	47739318	5927000	42690000	7924000	39000	1225942	0
1789798679.150972	14476211231	5786002460	47741699	5927000	42690000	7924000	39000	830541	0
1789798679.656501	14476401661	5786009357	47741699	5927000	42690000	7924000	39000	1337261	0
1789798680.165995	14477054064	5786237567	47741699	5927000	42690000	7924000	39000	1113046	0
1789798680.672254	14477893722	5786640825	47742492	5929000	42680000	7927000	40000	587974	0
1789798681.181459	14478378462	5786840105	47742492	5929000	42680000	7927000	40000	576224	0
1789798681.687433	14478787824	5787019975	47742492	5929000	42680000	7927000	39000	693270	0
1789798682.198018	14479205792	5787203690	47742492	5929000	42680000	7927000	39000	688694	0
1789798682.704042	14479621806	5787384781	47742492	5921000	42680000	7916000	39000	584621	0
1789798683.214310	14480144632	5787570083	47742492	5921000	42680000	7916000	39000	728207	0
1789798683.719127	14480564248	5787750136	47742492	5921000	42680000	7916000	39000	580898	0
1789798684.228642	14481308325	5788125135	47742492	5921000	42680000	7916000	39000	651965	0
1789798684.734134	14481734105	5788317091	47742492	5924000	42680000	7921000	39000	662334	0
1789798685.243948	14482190220	5788505261	47742492	5924000	42680000	7921000	39000	575968	0
1789798685.750384	14482593600	5788682812	47742492	5924000	42680000	7921000	39000	648752	0
1789798686.259914	14483001070	5788864147	47742492	5924000	42680000	7921000	39000	614117	0
1789798686.765425	14483422517	5789046947	47742492	5919000	42670000	7914000	39000	720878	0
1789798687.275343	14483851104	5789243358	47742492	5919000	42670000	7914000	39000	1249608	0
1789798687.780784	14484290068	5789441355	47742492	5919000	42670000	7914000	39000	1424924	0
1789798688.290053	14484717984	5789622690	47742492	5919000	42670000	7914000	39000	838852	0
1789798688.796314	14485275600	5789808908	47742492	5915000	42670000	7909000	39000	1107412	0
1789798689.305980	14485729823	5789991769	47742492	5915000	42670000	7909000	39000	771383	0
1789798689.812238	14486249963	5790232552	47742492	5915000	42670000	7909000	39000	560189	0
1789798690.323328	14486561669	5790285530	47743835	5915000	42670000	7909000	39000	1212690	0
1789798690.828214	14487392538	5790597236	47745788	5915000	42670000	7909000	39000	623946	0
1789798691.337372	14487669454	5790625251	47747924	5915000	42670000	7909000	39000	597544	0
1789798691.843444	14487820699	5790629707	47747924	5916000	42670000	7910000	38000	655032	0
1789798692.353035	14488017231	5790641486	47747985	5916000	42670000	7910000	38000	722826	0
1789798692.859164	14488217487	5790649848	47748962	5916000	42670000	7910000	38000	580673	0
1789798693.368985	14489094499	5791111883	47749877	5916000	42670000	7910000	38000	1941692	0
1789798693.873631	14490765637	5792236270	47750732	5927000	42670000	7924000	42000	1338556	0
1789798694.381782	14492562569	5793332581	47750732	5927000	42670000	7924000	42000	1256321	0
1789798694.886233	14493935551	5794239256	47750732	5927000	42670000	7924000	42000	1649106	0
1789798695.394803	14495375367	5795195186	47750732	5927000	42670000	7924000	42000	1239329	0
1789798695.899450	14496905636	5796192803	47750732	5910000	42660000	7902000	42000	1287585	0
1789798696.407616	14498458123	5797212454	47750732	5910000	42660000	7902000	42000	1358447	0
1789798696.912987	14500112842	5798351794	47750732	5910000	42660000	7902000	43000	1432709	0
1789798697.420474	14501642868	5799365646	47750732	5910000	42660000	7902000	43000	1270328	0
1789798697.924768	14503076214	5800319867	47750732	5905000	42660000	7895000	42000	1268757	0
1789798698.432953	14504612160	5801348734	47750915	5905000	42660000	7895000	42000	1380362	0
1789798698.937990	14506098118	5802339577	47751159	5905000	42660000	7895000	42000	1578765	0
1789798699.446118	14507626861	5803350377	47751159	5905000	42660000	7895000	42000	1393141	0
1789798699.952562	14509124294	5804285250	47751159	5907000	42650000	7898000	42000	1229846	0
1789798700.464802	14510597008	5805240692	47751159	5907000	42650000	7898000	42000	1481099	0
1789798700.970380	14511994953	5806164823	47751159	5907000	42650000	7898000	44000	1197210	0
1789798701.481762	14513441849	5807103480	47751159	5907000	42650000	7898000	44000	1235026	0
1789798701.989765	14514829358	5808025841	47751159	5907000	42650000	7898000	43000	1368805	0
1789798702.500737	14516275643	5808987082	47751159	5907000	42650000	7898000	43000	1887717	0
1789798703.008263	14517649052	5809795124	47751830	5911000	42650000	7903000	39000	1029580	0
1789798703.518688	14518083622	5809902301	47751830	5911000	42650000	7903000	39000	844198	0
1789798704.024105	14518485171	5810007587	47753356	5911000	42650000	7903000	39000	1473901	0
1789798704.534433	14518982240	5810188006	47754211	5911000	42650000	7903000	39000	547994	0
1789798705.039450	14519183411	5810196429	47755004	5925000	42650000	7922000	39000	678459	0
1789798705.548074	14519496643	5810210833	47756042	5925000	42650000	7922000	39000	841354	0
1789798706.054081	14520025389	5810391558	47756713	5925000	42650000	7922000	39000	1588792	0
1789798706.563687	14521835748	5811402908	47756957	5925000	42650000	7922000	39000	862093	0
1789798707.069024	14523714467	5812619824	47756957	5884000	42640000	7867000	46000	1254236	0
1789798707.575997	14526003767	5814031441	47756957	5884000	42640000	7867000	46000	1984468	0
1789798708.079727	14526491132	5814173653	47757629	5884000	42640000	7867000	39000	1058231	0
1789798708.590209	14526885174	5814282783	47757629	5884000	42640000	7867000	39000	1034316	0
1789798709.095302	14527088970	5814291694	47757873	5924000	42640000	7920000	38000	1098820	0
1789798709.605243	14527285319	5814302681	47757995	5924000	42640000	7920000	38000	714278	0
1789798710.111298	14527442423	5814307075	47757995	5924000	42640000	7920000	38000	955602	0
1789798710.620904	14527688761	5814334114	47758178	5924000	42640000	7920000	38000	1218370	0
1789798711.142996	14530387301	5816039004	47758178	5906000	42640000	7896000	48000	1281311	0
1789798711.649155	14533234706	5817721190	47758178	5906000	42640000	7896000	48000	899169	0
1789798712.152739	14535650776	5818539486	47758788	5906000	42640000	7896000	40000	914410	0
1789798712.663336	14536183856	5818726253	47759582	5906000	42640000	7896000	40000	742938	0
1789798713.167718	14536481463	5818760067	47760436	5906000	42640000	7896000	39000	877503	0
1789798713.679213	14536663774	5818765743	47760436	5906000	42640000	7896000	39000	589424	0
1789798714.184252	14537274368	5818969051	47760803	5925000	42630000	7922000	39000	1102431	0
1789798714.694549	14537562393	5819004329	47760803	5925000	42630000	7922000	39000	642693	0
1789798715.201088	14538025221	5819110347	47760803	5925000	42630000	7922000	39000	1531693	0
1789798715.711988	14542086002	5821164235	47760803	5925000	42630000	7922000	39000	843083	0
1789798716.220002	14545113765	5822697435	47760803	5927000	42630000	7924000	41000	921814	0
1789798716.731862	14548167041	5824310285	47760803	5927000	42630000	7924000	41000	948445	0
1789798717.236974	14551184062	5825889565	47760803	5927000	42630000	7924000	42000	918865	0
1789798717.749129	14554230014	5827478123	47760803	5927000	42630000	7924000	42000	1042578	0
1789798718.255069	14557256312	5829045319	47760803	5888000	42620000	7872000	42000	1027082	0
1789798718.769996	14560336199	5830601284	47760803	5888000	42620000	7872000	42000	901565	0
1789798719.276174	14563345530	5832167991	47760803	5888000	42620000	7872000	42000	1035947	0
1789798719.789142	14566412172	5833774250	47760803	5888000	42620000	7872000	42000	1014149	0
1789798720.295069	14569422541	5835349624	47760803	5886000	42620000	7870000	42000	1088483	0
1789798720.805952	14572104968	5836639049	47760803	5886000	42620000	7870000	42000	977918	0
1789798721.311781	14574946635	5837811104	47760803	5886000	42620000	7870000	44000	2009915	0
1789798721.819160	14575569192	5837990181	47760986	5886000	42620000	7870000	44000	1068500	0
1789798722.326417	14575952248	5838078987	47761291	5918000	42610000	7913000	39000	851851	0
1789798722.837269	14576193031	5838097420	47761962	5918000	42610000	7913000	39000	714830	0
1789798723.343814	14576425147	5838112373	47762512	5918000	42610000	7913000	39000	653741	0
1789798723.856760	14576679785	5838126411	47762756	5918000	42610000	7913000	39000	647655	0
1789798724.363853	14577209264	5838312080	47762756	5914000	42610000	7907000	39000	1329818	0
1789798724.875033	14580825099	5840080935	47763366	5914000	42610000	7907000	39000	890956	0
1789798725.384069	14583862323	5841688963	47764159	5914000	42610000	7907000	42000	945997	0
1789798725.895980	14586907054	5843309381	47764220	5914000	42610000	7907000	42000	1091311	0
1789798726.401677	14589937808	5844889211	47764220	5914000	42610000	7907000	42000	932394	0
1789798726.914012	14592995112	5846396166	47766540	5914000	42610000	7907000	42000	940743	0
1789798727.420571	14596026232	5847908674	47766601	5886000	42600000	7870000	42000	898075	0
1789798727.933991	14599085734	5849493142	47766601	5886000	42600000	7870000	42000	889003	0
1789798728.440198	14602099032	5851055455	47766662	5886000	42600000	7870000	42000	965825	0
1789798728.951190	14605147547	5852644685	47766662	5886000	42600000	7870000	42000	1044402	0
1789798729.459211	14608163530	5854234280	47766723	5886000	42600000	7870000	43000	1033630	0
1789798729.970001	14611212534	5855859215	47766723	5886000	42600000	7870000	43000	1033023	0
1789798730.475183	14613707217	5857000447	47766723	5886000	42600000	7870000	46000	1587016	0
1789798730.983173	14617280939	5858716874	47766723	5886000	42600000	7870000	46000	942739	0
1789798731.493051	14620322374	5860342846	47766723	5904000	42590000	7894000	43000	1035506	0
1789798732.006984	14623391641	5861991890	47766723	5904000	42590000	7894000	43000	936884	0
1789798732.512176	14626408784	5863569644	47766784	5904000	42590000	7894000	43000	942203	0
1789798733.024243	14629461632	5865119140	47766784	5904000	42590000	7894000	43000	1027279	0
1789798733.532074	14632499466	5866669063	47766784	5882000	42580000	7864000	43000	936155	0
1789798734.047999	14635576973	5868230399	47766784	5882000	42580000	7864000	43000	942181	0
1789798734.554978	14638599060	5869798388	47766784	5882000	42580000	7864000	43000	1036643	0
1789798735.065206	14641650017	5871348982	47766784	5882000	42580000	7864000	43000	911790	0
1789798735.572147	14644670517	5872918436	47766784	5884000	42570000	7867000	43000	1031873	0
1789798736.085026	14647717872	5874502234	47766784	5884000	42570000	7867000	43000	1055486	0
1789798736.591150	14650635651	5876038424	47766784	5884000	42570000	7867000	43000	1159209	0
1789798737.102051	14653801597	5877570219	47766784	5884000	42570000	7867000	43000	1035873	0
1789798737.611976	14656848769	5879196741	47766784	5884000	42570000	7867000	43000	1038005	0
1789798738.121986	14659894477	5880812948	47766784	5884000	42570000	7867000	43000	940561	0
1789798738.628875	14662921386	5882383256	47766784	5882000	42570000	7864000	43000	945335	0
1789798739.141187	14665974295	5883981274	47766784	5882000	42570000	7864000	43000	966773	0
1789798739.649061	14669011153	5885547188	47766784	5882000	42570000	7864000	43000	928560	0
1789798740.161982	14672074988	5887093449	47766845	5882000	42570000	7864000	43000	921070	0
1789798740.668984	14675100310	5888639282	47766845	5883000	42560000	7865000	43000	945141	0
1789798741.178191	14678133871	5890187985	47766845	5883000	42560000	7865000	43000	994450	0
1789798741.685374	14681154676	5891733452	47766845	5883000	42560000	7865000	44000	1012048	0
1789798742.195037	14684117376	5893276417	47766845	5883000	42560000	7865000	44000	1003311	0
1789798742.700272	14686735656	5894512070	47766906	5883000	42560000	7866000	45000	1035966	0
1789798743.209054	14690254812	5896133099	47766906	5883000	42560000	7866000	45000	1050045	0
1789798743.716968	14693291120	5897738502	47766906	5883000	42560000	7866000	44000	962523	0
1789798744.227976	14696337499	5899371555	47766906	5883000	42560000	7866000	44000	1033296	0
1789798744.733656	14699364652	5900970855	47766906	5879000	42550000	7860000	44000	1017369	0
1789798745.245063	14702418538	5902544581	47766906	5879000	42550000	7860000	44000	898361	0
1789798745.754056	14705447156	5904117270	47766906	5879000	42550000	7860000	44000	958270	0
1789798746.264901	14708495183	5905708025	47766906	5879000	42550000	7860000	44000	1001677	0
1789798746.770664	14711503293	5907274855	47766906	5880000	42540000	7861000	44000	1096811	0
1789798747.282069	14714558522	5908888437	47766906	5880000	42540000	7861000	44000	1065902	0
1789798747.787524	14717578167	5910486089	47766906	5880000	42540000	7861000	45000	1115828	0
1789798748.297815	14720622593	5912101442	47766906	5880000	42540000	7861000	45000	987276	0
1789798748.804166	14723636684	5913708005	47766906	5880000	42540000	7861000	45000	1101271	0
1789798749.314206	14724933922	5914306880	47768798	5880000	42540000	7861000	45000	936173	0
1789798749.821803	14725522971	5914472407	47769897	5880000	42540000	7862000	42000	700150	0
1789798750.334829	14725772787	5914486750	47770507	5880000	42540000	7862000	42000	807615	0
1789798750.842624	14725925741	5914491206	47770507	5880000	42540000	7862000	42000	697412	0
1789798751.356692	14726137166	5914501826	47771484	5880000	42540000	7862000	42000	814247	0
1789798751.863849	14726397053	5914510066	47772338	5918000	42530000	7913000	42000	648793	0
1789798752.375588	14726636005	5914520930	47772582	5918000	42530000	7913000	42000	787232	0
1789798752.885040	14726831134	5914529780	47773559	5918000	42530000	7913000	41000	842685	0
1789798753.398115	14727598710	5914769465	47775756	5918000	42530000	7913000	41000	1196156	0
1789798753.904978	14727998245	5914784174	47777099	5914000	42530000	7907000	41000	823011	0
1789798754.418979	14728671950	5914977655	47777099	5914000	42530000	7907000	41000	697112	0
1789798754.926662	14729067457	5914991449	47778503	5914000	42530000	7907000	41000	612577	0
1789798755.438893	14729478955	5915011407	47778869	5914000	42530000	7907000	41000	714901	0
1789798755.946055	14729877025	5915022272	47778869	5916000	42530000	7910000	41000	706005	0
1789798756.458363	14730271006	5915034356	47778869	5916000	42530000	7910000	41000	869508	0
1789798756.966054	14730659982	5915044488	47778869	5916000	42530000	7910000	41000	754823	0
1789798757.480633	14731037300	5915051141	47778869	5916000	42530000	7910000	41000	927964	0
1789798757.988390	14731636664	5915222161	47778869	5916000	42520000	7910000	41000	915130	0
1789798758.501335	14732036260	5915239251	47780578	5916000	42520000	7910000	41000	730452	0
1789798759.010340	14732501347	5915250481	47781982	5916000	42520000	7910000	41000	719281	0
1789798759.524694	14732910647	5915261529	47783324	5916000	42520000	7910000	41000	726136	0
1789798760.031488	14733602357	5915468437	47783324	5916000	42520000	7910000	41000	723941	0
1789798760.542512	14734117798	5915490044	47783324	5916000	42520000	7910000	41000	576661	0
1789798761.047930	14734481810	5915493584	47783324	5915000	42520000	7909000	40000	540874	0
1789798761.556640	14734884763	5915505364	47783324	5915000	42520000	7909000	40000	663930	0
1789798762.062163	14735255673	5915510613	47783324	5915000	42520000	7909000	40000	768656	0
1789798762.573110	14735628414	5915517815	47783324	5915000	42520000	7909000	40000	577484	0
1789798763.078528	14735996455	5915524345	47783324	5918000	42520000	7912000	40000	587806	0
1789798763.588994	14736479059	5915622307	47783324	5918000	42520000	7912000	40000	615533	0
1789798764.094071	14736835991	5915716178	47783324	5918000	42520000	7912000	41000	1052069	0
1789798764.602942	14737200675	5915808097	47783324	5918000	42520000	7912000	41000	652110	0
1789798765.111008	14737483756	5915831657	47784179	5915000	42520000	7909000	40000	675010	0
1789798765.623643	14737731680	5915842399	47784179	5915000	42520000	7909000	40000	700007	0
1789798766.131600	14737969167	5915847831	47784179	5915000	42520000	7909000	40000	637386	0
1789798766.644047	14738129506	5915854301	47784179	5915000	42520000	7909000	40000	726260	0
1789798767.151048	14738291127	5915858329	47784179	5924000	42510000	7920000	40000	779519	0
1789798767.663252	14738490345	5915868400	47784179	5924000	42510000	7920000	40000	566292	0
1789798768.170916	14738671924	5915876334	47784179	5924000	42510000	7920000	40000	658055	0
1789798768.684808	14738845935	5915882804	47784179	5924000	42510000	7920000	40000	1078709	0
1789798769.192221	14739037158	5915888663	47784179	5924000	42510000	7920000	40000	1093646	0
1789798769.703550	14739294786	5915898185	47784179	5924000	42510000	7920000	40000	1063874	0
1789798770.211698	14739480333	5915904594	47784179	5924000	42510000	7920000	39000	1146289	0
1789798770.724840	14739657884	5915910758	47784179	5924000	42510000	7920000	39000	1039918	0
1789798771.232016	14739837449	5915917777	47784179	5922000	42510000	7918000	39000	821795	0
1789798771.746039	14740525069	5916104361	47786681	5922000	42510000	7918000	39000	735259	0
1789798772.253372	14740821699	5916157645	47788085	5922000	42510000	7918000	40000	1267461	0
1789798772.763478	14741246686	5916284170	47788634	5922000	42510000	7918000	40000	908250	0
1789798773.271211	14741439190	5916293142	47788634	5922000	42510000	7918000	39000	561392	0
1789798773.780339	14741747051	5916307425	47789123	5922000	42510000	7918000	39000	634638	0
1789798774.285968	14742375101	5916481679	47789916	5923000	42510000	7919000	39000	935622	0
1789798774.796585	14742763650	5916518178	47790099	5923000	42510000	7919000	39000	684768	0
1789798775.303876	14743080482	5916527700	47790099	5923000	42510000	7919000	39000	725519	0
1789798775.814310	14743292823	5916540151	47790099	5923000	42510000	7919000	39000	587861	0
1789798776.320040	14743478919	5916548940	47790099	5923000	42500000	7919000	39000	814280	0
1789798776.829092	14743670080	5916559011	47790099	5923000	42500000	7919000	39000	670695	0
1789798777.336121	14743952917	5916571828	47790099	5923000	42500000	7919000	39000	568941	0
1789798777.846463	14744194371	5916582998	47790099	5923000	42500000	7919000	39000	662731	0
1789798778.354181	14744406468	5916595021	47790099	5924000	42500000	7921000	39000	631814	0
1789798778.865490	14744623447	5916606313	47790099	5924000	42500000	7921000	39000	551321	0
1789798779.370714	14744806125	5916612722	47790099	5924000	42500000	7921000	39000	935166	0
1789798779.881304	14745059725	5916621877	47790099	5924000	42500000	7921000	39000	712625	0
1789798780.387042	14745327364	5916630178	47790099	5924000	42500000	7921000	39000	1215217	0
1789798780.896432	14745513032	5916640798	47790099	5924000	42500000	7921000	39000	615485	0
1789798781.402427	14745732453	5916649404	47790099	5924000	42500000	7921000	39000	1078046	0
1789798781.912526	14746274383	5916858815	47790099	5924000	42500000	7921000	39000	853084	0
1789798782.417647	14747026090	5917224781	47790099	5913000	42500000	7906000	42000	684087	0
1789798782.929127	14747601162	5917395251	47790099	5913000	42500000	7906000	42000	657728	0
1789798783.435159	14748040614	5917557788	47790099	5913000	42500000	7906000	40000	577692	0
1789798783.945317	14748438989	5917726488	47790099	5913000	42500000	7906000	40000	667996	0
1789798784.451312	14749184959	5918042039	47790099	5913000	42500000	7906000	39000	593029	0
1789798784.960307	14749632712	5918204881	47790099	5913000	42500000	7906000	39000	685473	0
1789798785.466320	14750106404	5918359421	47790099	5912000	42490000	7905000	39000	881571	0
1789798785.975043	14750511738	5918518417	47790099	5912000	42490000	7905000	39000	673617	0
1789798786.481345	14750903521	5918674728	47790099	5912000	42490000	7905000	39000	702001	0
1789798786.991572	14751306108	5918835616	47790099	5912000	42490000	7905000	39000	584881	0
1789798787.496227	14751896195	5919088667	47790710	5922000	42490000	7918000	39000	614741	0
1789798788.005684	14752404982	5919250349	47790710	5922000	42490000	7918000	39000	1202127	0
1789798788.510975	14752804456	5919416914	47790710	5922000	42490000	7918000	39000	719554	0
1789798789.019142	14753227429	5919572370	47790710	5922000	42490000	7918000	39000	1031284	0
1789798789.525349	14753651988	5919736859	47790710	5916000	42490000	7910000	39000	579700	0
1789798790.035380	14754061472	5919895306	47790710	5916000	42490000	7910000	39000	653816	0
1789798790.541891	14754480233	5920061443	47790710	5916000	42490000	7910000	39000	773524	0
1789798791.050222	14754958381	5920222576	47790710	5916000	42490000	7910000	39000	596958	0
1789798791.556373	14755340583	5920376811	47790710	5916000	42490000	7910000	39000	693072	0
1789798792.066146	14755636480	5920418742	47790893	5916000	42490000	7910000	39000	1026295	0
1789798792.571549	14756096501	5920575968	47791503	5916000	42490000	7910000	39000	648440	0
1789798793.082336	14756360294	5920590189	47791747	5916000	42490000	7910000	39000	618681	0
1789798793.587839	14756559513	5920594828	47791747	5924000	42480000	7920000	39000	565524	0
1789798794.098335	14757074465	5920708658	47791747	5924000	42480000	7920000	39000	1099807	0
1789798794.603483	14757459535	5920788919	47792113	5924000	42480000	7920000	38000	779832	0
1789798795.111488	14758055358	5920965250	47792113	5924000	42480000	7920000	38000	848684	0
1789798795.615718	14759069028	5921467018	47792113	5924000	42480000	7920000	40000	808176	0
1789798796.124048	14759868098	5921799171	47792113	5924000	42480000	7920000	40000	887824	0
1789798796.627886	14760735039	5922207373	47792113	5910000	42480000	7902000	41000	1259324	0
1789798797.135032	14761616079	5922609349	47792113	5910000	42480000	7902000	41000	699621	0
1789798797.638578	14762497303	5923022983	47792113	5910000	42480000	7902000	40000	1074960	0
1789798798.145888	14763420030	5923471164	47792113	5910000	42480000	7902000	40000	752653	0
1789798798.650966	14764268416	5923855440	47792113	5915000	42480000	7909000	41000	955389	0
1789798799.157674	14765226910	5924300507	47792113	5915000	42480000	7909000	41000	736972	0
1789798799.662572	14766096598	5924709625	47792113	5915000	42480000	7909000	40000	941178	0
1789798800.170281	14767040016	5925163847	47792175	5915000	42480000	7909000	40000	735790	0
1789798800.673894	14768056187	5925707364	47792236	5914000	42470000	7907000	41000	749372	0
1789798801.181330	14768972811	5926152126	47792236	5914000	42470000	7907000	41000	780310	0
1789798801.685817	14769878631	5926595972	47792236	5914000	42470000	7907000	40000	738735	0
1789798802.193796	14770818204	5927012536	47792236	5914000	42470000	7907000	40000	744762	0
1789798802.697642	14771679347	5927415733	47792236	5912000	42470000	7905000	40000	747904	0
1789798803.204889	14772661339	5927921469	47792236	5912000	42470000	7905000	40000	736957	0
1789798803.708436	14773510458	5928318014	47792236	5912000	42470000	7905000	40000	784643	0
1789798804.216431	14774649920	5928873982	47792236	5912000	42470000	7905000	40000	877423	0
1789798804.720982	14775648514	5929349261	47792236	5912000	42470000	7905000	41000	1137244	0
1789798805.228145	14776576795	5929795122	47792236	5912000	42470000	7905000	41000	893601	0
1789798805.731907	14777442455	5930204728	47792236	5912000	42470000	7905000	40000	998465	0
1789798806.239016	14778293649	5930595962	47792236	5912000	42470000	7905000	40000	740686	0
1789798806.742812	14779175177	5931027358	47792236	5912000	42470000	7905000	41000	906673	0
1789798807.250096	14780060917	5931443555	47792236	5912000	42470000	7905000	41000	735493	0
1789798807.755195	14780908022	5931837475	47792236	5915000	42460000	7908000	40000	591746	0
1789798808.261575	14781777283	5932251598	47792236	5915000	42460000	7908000	40000	746072	0
1789798808.764988	14782687681	5932706919	47792236	5915000	42460000	7908000	42000	753023	0
1789798809.274005	14783574153	5933125069	47792236	5915000	42460000	7908000	42000	731380	0
1789798809.777843	14784440972	5933538337	47792236	5914000	42460000	7907000	41000	739660	0
1789798810.284937	14785087882	5933769477	47793395	5914000	42460000	7907000	41000	1225332	0
1789798810.790438	14785585256	5933933844	47794799	5914000	42460000	7907000	39000	887428	0
1789798811.300100	14785771657	5933942572	47795715	5914000	42460000	7907000	39000	585221	0
1789798811.806342	14785931996	5933948065	47795715	5924000	42460000	7920000	38000	660976	0
1789798812.316006	14786149708	5933958808	47797057	5924000	42460000	7920000	38000	1296181	0
1789798812.822162	14786432544	5933973029	47797912	5924000	42460000	7920000	38000	1070175	0
1789798813.332043	14787196519	5934236151	47797973	5924000	42460000	7920000	38000	1549706	0
1789798813.835995	14788388167	5934785954	47797973	5907000	42450000	7898000	39000	1241988	0
1789798814.344323	14789795695	5935397097	47797973	5907000	42450000	7898000	39000	831030	0
1789798814.848948	14790941261	5935940553	47797973	5907000	42450000	7898000	41000	1246827	0
1789798815.357107	14792065891	5936493957	47797973	5907000	42450000	7898000	41000	697034	0
1789798815.861519	14792915255	5936745727	47798888	5915000	42450000	7909000	39000	682010	0
1789798816.371637	14793395417	5936903868	47799438	5915000	42450000	7909000	39000	530977	0
1789798816.877401	14793582794	5936917479	47799560	5915000	42450000	7909000	38000	542254	0
1789798817.386792	14793798858	5936930113	47800414	5915000	42450000	7909000	38000	975164	0
1789798817.893226	14794000152	5936942504	47800475	5915000	42450000	7909000	38000	480072	0
1789798818.403502	14794181670	5936950987	47800475	5915000	42450000	7909000	38000	615142	0
1789798818.908428	14795087917	5937391965	47800536	5921000	42450000	7917000	41000	865429	0
1789798819.418208	14796491478	5938153682	47800536	5921000	42450000	7917000	41000	598973	0
1789798819.922162	14797954243	5938928949	47800536	5921000	42450000	7917000	42000	617514	0
1789798820.429206	14799111528	5939386650	47800536	5921000	42450000	7917000	42000	495299	0
1789798820.936929	14800138442	5939681693	47800536	5909000	42440000	7901000	39000	646524	0
1789798821.444272	14801117992	5939868155	47801269	5909000	42440000	7901000	39000	639259	0
1789798821.950509	14801605845	5940033255	47801818	5909000	42440000	7901000	39000	844436	0
1789798822.460991	14801794199	5940041189	47801818	5909000	42440000	7901000	39000	852464	0
1789798822.968500	14802018381	5940055227	47802734	5920000	42440000	7915000	38000	960471	0
1789798823.477742	14802280404	5940066641	47803588	5920000	42440000	7915000	38000	999589	0
1789798823.982679	14802513558	5940077444	47804137	5920000	42440000	7915000	38000	974572	0
1789798824.492934	14804556521	5940920277	47804992	5920000	42440000	7915000	38000	1676225	0
1789798824.997994	14807983697	5942762252	47804992	5883000	42440000	7865000	41000	945429	0
1789798825.511053	14811043260	5944382670	47804992	5883000	42440000	7865000	41000	941640	0
1789798826.020990	14814087991	5945968603	47804992	5883000	42440000	7865000	41000	943361	0
1789798826.532979	14817143891	5947545870	47804992	5883000	42440000	7865000	41000	918771	0
1789798827.039014	14820162743	5949126615	47804992	5885000	42430000	7868000	41000	906392	0
1789798827.552003	14823222550	5950682153	47804992	5885000	42430000	7868000	41000	937379	0
1789798828.058967	14826251412	5952207052	47804992	5885000	42430000	7868000	41000	930401	0
1789798828.574292	14829319519	5953775957	47804992	5885000	42430000	7868000	41000	965296	0
1789798829.080051	14832338738	5955300306	47804992	5885000	42430000	7868000	42000	1036150	0
1789798829.590545	14835297592	5956827951	47804992	5885000	42430000	7868000	42000	1191547	0
1789798830.097224	14838324623	5958350347	47804992	5884000	42420000	7867000	43000	1119920	0
1789798830.606365	14839506322	5958804508	47805907	5884000	42420000	7867000	43000	1109677	0
1789798831.111299	14840032993	5958960880	47806701	5884000	42420000	7867000	39000	844201	0
1789798831.623730	14840218661	5958967838	47806823	5884000	42420000	7867000	39000	668185	0
1789798832.131353	14840506685	5958980716	47807494	5921000	42420000	7916000	39000	803416	0
1789798832.643816	14840663484	5958985172	47807494	5921000	42420000	7916000	39000	681867	0
1789798833.152297	14840846895	5958990726	47807494	5921000	42420000	7916000	39000	680766	0
1789798833.666730	14843224391	5960043213	47807494	5921000	42420000	7916000	39000	1737464	0
1789798834.176076	14846431597	5961758419	47807494	5894000	42420000	7880000	42000	945491	0
1789798834.689007	14849490976	5963389030	47807494	5894000	42420000	7880000	42000	939885	0
1789798835.193991	14852503786	5964988941	47807494	5894000	42420000	7880000	42000	962525	0
1789798835.705569	14855556757	5966535384	47807494	5894000	42420000	7880000	42000	938437	0
1789798836.211930	14858567674	5968118510	47807494	5883000	42410000	7865000	42000	1021766	0
1789798836.723070	14861633157	5969696143	47807494	5883000	42410000	7865000	42000	942509	0
1789798837.231217	14864662752	5971228488	47807494	5883000	42410000	7865000	42000	1032168	0
1789798837.741936	14867710962	5972768767	47807494	5883000	42410000	7865000	42000	1035879	0
1789798838.248311	14870727250	5974341150	47807494	5881000	42400000	7863000	42000	1004126	0
1789798838.758161	14873725472	5975930441	47807494	5881000	42400000	7863000	42000	984044	0
1789798839.264902	14876336672	5977127215	47807494	5881000	42400000	7863000	43000	908426	0
1789798839.773929	14878169126	5977850541	47807494	5881000	42400000	7863000	43000	2046439	0
1789798840.280956	14882133044	5979916209	47807494	5881000	42400000	7863000	42000	938458	0
1789798840.793955	14885183817	5981517707	47807494	5881000	42400000	7863000	42000	1035694	0
1789798841.299974	14888198397	5983161074	47807494	5875000	42400000	7855000	43000	1062534	0
1789798841.811209	14891260096	5984757200	47807494	5875000	42400000	7855000	43000	1030995	0
1789798842.318414	14894280779	5986369257	47807494	5875000	42400000	7855000	43000	1079451	0
1789798842.829053	14897340707	5987920950	47807494	5875000	42400000	7855000	43000	940006	0
1789798843.339901	14900385988	5989433885	47807494	5880000	42390000	7861000	43000	930818	0
1789798843.850155	14903433954	5990997480	47807494	5880000	42390000	7861000	43000	933324	0
1789798844.357959	14906462022	5992555093	47807494	5880000	42390000	7861000	43000	1041194	0
1789798844.868196	14909491982	5994153478	47807494	5880000	42390000	7861000	43000	1119220	0
1789798845.374917	14912146517	5995458589	47807494	5879000	42390000	7860000	42000	1388903	0
1789798845.884350	14914660731	5996474517	47807494	5879000	42390000	7860000	42000	1401215	0
1789798846.390076	14918601639	5998434228	47807494	5879000	42390000	7860000	43000	839183	0
1789798846.902994	14921653328	6000005208	47807494	5879000	42390000	7860000	43000	910201	0
1789798847.410964	14924680603	6001622941	47807494	5880000	42380000	7861000	43000	1037167	0
1789798847.923164	14927739555	6003228284	47807494	5880000	42380000	7861000	43000	1035002	0
1789798848.432066	14930781662	6004819039	47807494	5880000	42380000	7861000	43000	924972	0
1789798848.945877	14933846412	6006378666	47807494	5880000	42380000	7861000	43000	918542	0
1789798849.454992	14936887298	6007914795	47808898	5875000	42370000	7855000	43000	925620	0
1789798849.970986	14939972129	6009505367	47808898	5875000	42370000	7855000	43000	925519	0
1789798850.478166	14942989150	6011070915	47808898	5875000	42370000	7855000	43000	1036102	0
1789798850.990404	14946035285	6012685352	47808898	5875000	42370000	7855000	43000	950233	0
1789798851.496706	14948980407	6014195541	47808898	5875000	42370000	7855000	43000	1177174	0
1789798852.008250	14951018915	6015028485	47808898	5875000	42370000	7855000	43000	935835	0
1789798852.516057	14954383408	6016612405	47808898	5877000	42370000	7857000	44000	1074256	0
1789798853.029977	14957465309	6018211338	47808898	5877000	42370000	7857000	44000	936877	0
1789798853.535973	14960479035	6019828156	47808898	5877000	42370000	7857000	44000	1023885	0
1789798854.048019	14963545494	6021429226	47808898	5877000	42370000	7857000	44000	945475	0
1789798854.555007	14966568863	6022998863	47808898	5877000	42360000	7858000	43000	934781	0
1789798855.065266	14969619148	6024568744	47808898	5877000	42360000	7858000	43000	940019	0
1789798855.573069	14972649169	6026112258	47808898	5877000	42360000	7858000	44000	940818	0
1789798856.086074	14975711478	6027671397	47808898	5877000	42360000	7858000	44000	923350	0
1789798856.593276	14978729903	6029223212	47808898	5877000	42350000	7858000	44000	1028088	0
1789798857.107170	14981790442	6030837283	47808898	5877000	42350000	7858000	44000	1012000	0
1789798857.613114	14984806548	6032437010	47808898	5877000	42350000	7858000	44000	1108834	0
1789798858.124165	14987374840	6033658809	47808898	5877000	42350000	7858000	44000	840072	0
1789798858.629797	14988432027	6034019342	47809814	5881000	42340000	7863000	42000	735340	0
1789798859.141630	14989067523	6034167352	47811217	5881000	42340000	7863000	42000	1085146	0
1789798859.648766	14989314715	6034190546	47811340	5881000	42340000	7863000	41000	825342	0
1789798860.161484	14989622209	6034224115	47812011	5881000	42340000	7863000	41000	1024628	0
1789798860.669028	14989850602	6034238946	47812621	5913000	42340000	7906000	41000	671647	0
1789798861.182499	14990137894	6034254205	47813537	5913000	42340000	7906000	41000	662518	0
1789798861.690973	14990361771	6034270624	47814574	5913000	42340000	7906000	41000	744056	0
1789798862.202794	14990543411	6034281915	47814574	5913000	42340000	7906000	41000	637056	0
1789798862.710942	14991081556	6034454400	47814574	5913000	42340000	7906000	41000	664776	0
1789798863.222149	14991288831	6034466973	47814574	5913000	42340000	7906000	41000	1034944	0
1789798863.728983	14991551404	6034494622	47814574	5912000	42340000	7904000	41000	656069	0
1789798864.240935	14992119701	6034683525	47814574	5912000	42340000	7904000	41000	751596	0
1789798864.748293	14992432505	6034704216	47814635	5912000	42340000	7904000	40000	654374	0
1789798865.260182	14992644357	6034715080	47814635	5912000	42340000	7904000	40000	662528	0
1789798865.768045	14992913522	6034732109	47814635	5915000	42340000	7909000	41000	1048949	0
1789798866.281728	14993107369	6034740898	47814635	5915000	42340000	7909000	41000	861740	0
1789798866.789694	14993371590	6034769218	47814635	5915000	42340000	7909000	40000	955882	0
1789798867.301544	14993560920	6034778191	47814635	5915000	42340000	7909000	40000	1017592	0
1789798867.810639	14993894782	6034808769	47814696	5916000	42340000	7910000	40000	950030	0
1789798868.322526	14994181585	6034820854	47814696	5916000	42340000	7910000	40000	643824	0
1789798868.830931	14994385137	6034837028	47814696	5916000	42340000	7910000	40000	835962	0
1789798869.342781	14995105899	6035090568	47814696	5916000	42340000	7910000	40000	893203	0
1789798869.850504	14995441103	6035121085	47814696	5915000	42330000	7909000	40000	893292	0
1789798870.363744	14995682863	6035130790	47814696	5915000	42330000	7909000	40000	832404	0
1789798870.871955	14995892213	6035152823	47814696	5915000	42330000	7909000	40000	776510	0
1789798871.385586	14996197815	6035167045	47814696	5915000	42330000	7909000	40000	947353	0
1789798871.892897	14996371826	6035175712	47814696	5916000	42330000	7910000	40000	1081900	0
1789798872.405379	14996547302	6035185538	47814696	5916000	42330000	7910000	40000	881807	0
1789798872.913845	14996731871	6035192191	47814696	5916000	42330000	7910000	40000	651287	0
1789798873.426598	14996955321	6035206046	47814696	5916000	42330000	7910000	40000	668998	0
1789798873.934772	14997139707	6035216849	47814696	5919000	42330000	7914000	40000	665285	0
1789798874.450002	14997660275	6035392203	47814696	5919000	42330000	7914000	40000	650109	0
1789798874.956907	14997908809	6035399710	47814696	5919000	42330000	7914000	40000	721232	0
1789798875.468424	14998080989	6035406973	47814696	5919000	42330000	7914000	40000	657108	0
1789798875.976160	14998242671	6035410635	47814696	5919000	42330000	7914000	40000	1080897	0
1789798876.488830	14998409663	6035417593	47814696	5919000	42330000	7914000	40000	649419	0
1789798876.996564	14998713190	6035425955	47814696	5921000	42330000	7916000	40000	812380	0
1789798877.509533	14998892633	6035433157	47814696	5921000	42330000	7916000	40000	786232	0
1789798878.018014	14999043633	6035436453	47814696	5921000	42330000	7916000	39000	694193	0
1789798878.531701	14999211968	6035444143	47814696	5921000	42330000	7916000	39000	611825	0
1789798879.039833	14999863882	6035698904	47815124	5918000	42320000	7913000	39000	661599	0
1789798879.553539	15000421742	6035857839	47816039	5918000	42320000	7913000	39000	764459	0
1789798880.061428	15000641468	6035874013	47816772	5918000	42320000	7913000	39000	893406	0
1789798880.573591	15000940479	6035892018	47817565	5918000	42320000	7913000	39000	832456	0
1789798881.081959	15001131763	6035897756	47818542	5912000	42320000	7904000	39000	983063	0
1789798881.593310	15001352282	6035906606	47818542	5912000	42320000	7904000	39000	1248024	0
1789798882.100021	15001559862	6035916188	47818786	5912000	42320000	7904000	39000	759340	0
1789798882.612317	15001814622	6035924794	47818786	5912000	42320000	7904000	39000	638641	0
1789798883.119992	15002033433	6035931996	47818786	5920000	42320000	7915000	39000	920897	0
1789798883.631779	15002208420	6035939748	47818786	5920000	42320000	7915000	39000	681263	0
1789798884.140075	15002693526	6036104786	47818786	5920000	42320000	7915000	40000	1418319	0
1789798884.649592	15002931563	6036135365	47818786	5920000	42320000	7915000	40000	696190	0
1789798885.157822	15003165693	6036150929	47818786	5920000	42320000	7915000	39000	1163529	0
1789798885.670594	15003355512	6036159352	47818786	5920000	42320000	7915000	39000	969071	0
1789798886.178816	15003537091	6036167469	47818786	5920000	42320000	7915000	39000	694181	0
1789798886.691375	15003731854	6036175831	47818786	5920000	42320000	7915000	39000	965647	0
1789798887.200000	15003926433	6036183644	47818786	5920000	42320000	7915000	39000	681243	0
1789798887.713679	15004103984	6036191273	47818786	5920000	42320000	7915000	39000	938777	0
1789798888.221156	15004341715	6036198231	47818786	5921000	42310000	7917000	39000	858552	0
1789798888.734433	15004519693	6036206287	47818786	5921000	42310000	7917000	39000	1213880	0
1789798889.241663	15005084267	6036470447	47818786	5921000	42310000	7917000	39000	830287	0
1789798889.753831	15005787695	6036850756	47818786	5921000	42310000	7917000	39000	884815	0
1789798890.262255	15006259252	6037032762	47818786	5918000	42310000	7912000	39000	860820	0
1789798890.774752	15006702793	6037226610	47818786	5918000	42310000	7912000	39000	645563	0
1789798891.281754	15007115329	6037405564	47818786	5918000	42310000	7912000	39000	693029	0
1789798891.795932	15007519869	6037587082	47818786	5918000	42310000	7912000	39000	605464	0
1789798892.303806	15007939973	6037768234	47818786	5918000	42310000	7912000	39000	785941	0
1789798892.816298	15008353058	6037950302	47818786	5918000	42310000	7912000	39000	682464	0
1789798893.324793	15008779753	6038131270	47818786	5918000	42310000	7912000	39000	740729	0
1789798893.836988	15009284269	6038307295	47818786	5918000	42310000	7912000	39000	681528	0
1789798894.345814	15010076503	6038686140	47818786	5919000	42310000	7914000	39000	693273	0
1789798894.857936	15010488794	6038867902	47818786	5919000	42310000	7914000	39000	845575	0
1789798895.366515	15010983788	6039063946	47818786	5919000	42310000	7914000	38000	1171379	0
1789798895.878576	15011441978	6039253338	47818786	5919000	42310000	7914000	38000	681635	0
1789798896.386609	15011862021	6039436748	47818786	5914000	42300000	7907000	39000	687584	0
1789798896.899733	15012281026	6039620280	47818786	5914000	42300000	7907000	39000	637349	0
1789798897.407725	15012720966	6039805949	47818786	5914000	42300000	7907000	39000	720412	0
1789798897.920840	15013127459	6039988504	47818786	5914000	42300000	7907000	39000	637561	0
1789798898.427233	15013541948	6040174051	47818786	5920000	42300000	7915000	39000	776120	0
1789798898.937959	15013957108	6040365151	47818786	5920000	42300000	7915000	39000	1113867	0
1789798899.465614	15014461745	6040507424	47819335	5920000	42300000	7915000	38000	1207646	0
1789798899.977483	15014833876	6040617958	47820129	5920000	42300000	7915000	38000	698448	0
1789798900.484587	15015085706	6040633278	47820373	5920000	42300000	7915000	38000	680966	0
1789798900.996679	15015293286	6040642494	47821288	5920000	42300000	7915000	38000	654058	0
1789798901.503853	15015471386	6040650002	47821410	5920000	42300000	7915000	38000	663106	0
1789798902.018690	15015867748	6040685707	47821532	5920000	42300000	7915000	38000	995267	0
1789798902.524988	15017163399	6041480627	47821532	5920000	42300000	7915000	42000	1516211	0
1789798903.032753	15018867740	6042616610	47821532	5920000	42300000	7915000	42000	1773099	0
1789798903.539012	15020248230	6043523591	47821532	5903000	42290000	7893000	42000	1281253	0
1789798904.046656	15021772457	6044513883	47821532	5903000	42290000	7893000	42000	2375047	0
1789798904.552144	15023546134	6045635707	47821532	5903000	42290000	7893000	42000	1211387	0
1789798905.063509	15024978198	6046581139	47821532	5903000	42290000	7893000	42000	1762461	0
1789798905.570564	15026550093	6047658529	47821532	5905000	42290000	7895000	48000	1742774	0
1789798906.082326	15028064860	6048671221	47821532	5905000	42290000	7895000	48000	1206317	0
1789798906.589232	15029553931	6049682693	47821532	5905000	42290000	7895000	43000	1219258	0
1789798907.100713	15030929172	6050578809	47821532	5905000	42290000	7895000	43000	1217131	0
1789798907.606503	15032424712	6051601756	47821532	5904000	42290000	7894000	42000	1215610	0
1789798908.117679	15033906276	6052591133	47821532	5904000	42290000	7894000	42000	1184889	0
1789798908.624792	15035343955	6053557134	47821532	5904000	42290000	7894000	42000	1235476	0
1789798909.136023	15036952044	6054597171	47822021	5904000	42290000	7894000	42000	1817545	0
1789798909.640685	15038418654	6055572571	47822082	5900000	42280000	7888000	43000	1188685	0
1789798910.151411	15039913829	6056519102	47822082	5900000	42280000	7888000	43000	1219806	0
1789798910.658082	15041288520	6057421138	47822082	5900000	42280000	7888000	42000	1216072	0
1789798911.169083	15042716251	6058376702	47822082	5900000	42280000	7888000	42000	1213616	0
1789798911.676695	15044157836	6059354788	47822082	5900000	42280000	7888000	43000	1211287	0
1789798912.188435	15044981016	6059751149	47822082	5900000	42280000	7888000	43000	748382	0
1789798912.696683	15045350277	6059860036	47822570	5903000	42280000	7893000	39000	709070	0
1789798913.208760	15045634090	6059880910	47822570	5903000	42280000	7893000	39000	803662	0
1789798913.717411	15045823604	6059890187	47822753	5903000	42280000	7893000	38000	912707	0
1789798914.229938	15046323908	6060036060	47822753	5903000	42280000	7893000	38000	1360124	0
1789798914.736922	15046499505	6060045704	47822997	5921000	42270000	7916000	38000	696544	0
1789798915.247169	15047637808	6060477221	47823058	5921000	42270000	7916000	38000	1032489	0
1789798915.751192	15048995898	6061094102	47823058	5921000	42270000	7916000	41000	637097	0
1789798916.259056	15051084760	6062468000	47823058	5921000	42270000	7916000	41000	730081	0
1789798916.763381	15052843910	6063512797	47823913	5900000	42270000	7888000	39000	1103624	0
1789798917.272041	15053456946	6063730265	47824340	5900000	42270000	7888000	39000	743684	0
1789798917.778400	15053651403	6063741434	47824340	5900000	42270000	7888000	38000	995950	0
1789798918.288105	15053919286	6063756693	47825194	5900000	42270000	7888000	38000	915982	0
1789798918.794608	15054149144	6063766520	47826354	5918000	42270000	7912000	38000	667202	0
1789798919.304968	15054343968	6063776346	47826842	5918000	42270000	7912000	38000	798402	0
1789798919.810038	15054811801	6063897318	47827148	5918000	42270000	7912000	40000	908371	0
1789798920.318058	15057751002	6065785435	47827209	5918000	42270000	7912000	40000	1113552	0
1789798920.821936	15060403522	6067240937	47827209	5889000	42260000	7873000	43000	957318	0
1789798921.328728	15062612928	6068009917	47827941	5889000	42260000	7873000	43000	817321	0
1789798921.833733	15063193432	6068219267	47828185	5889000	42260000	7873000	39000	803395	0
1789798922.343394	15063397594	6068233305	47828796	5889000	42260000	7873000	39000	1046041	0
1789798922.849388	15063584300	6068240324	47829894	5889000	42260000	7873000	38000	952807	0
1789798923.358248	15063770823	6068247709	47829894	5889000	42260000	7873000	38000	567181	0
1789798923.864046	15063940745	6068253264	47829894	5921000	42260000	7916000	38000	1193250	0
1789798924.372892	15065390570	6068811673	47829894	5921000	42260000	7916000	38000	1842579	0
1789798924.880000	15069117245	6070806602	47829894	5921000	42260000	7916000	41000	912523	0
1789798925.389995	15072155445	6072408709	47829894	5921000	42260000	7916000	41000	954466	0
1789798925.897991	15075187908	6073998610	47829894	5881000	42260000	7863000	41000	962539	0
1789798926.406990	15078225559	6075571299	47829894	5881000	42260000	7863000	41000	939435	0
1789798926.914779	15081255703	6077148565	47829894	5881000	42260000	7863000	42000	1040641	0
1789798927.424136	15084293110	6078737795	47829894	5881000	42260000	7863000	42000	1011154	0
1789798927.935080	15087345348	6080292967	47829894	5879000	42250000	7860000	42000	1049131	0
1789798928.445171	15090388187	6081891534	47829894	5879000	42250000	7860000	42000	972168	0
1789798928.951136	15093402767	6083472951	47829894	5879000	42250000	7860000	42000	1022853	0
1789798929.461998	15096447559	6085074326	47829894	5879000	42250000	7860000	42000	1081650	0
1789798929.967396	15099392436	6086585736	47829894	5880000	42250000	7861000	42000	1013746	0
1789798930.475763	15101191077	6087302470	47830199	5880000	42250000	7861000	42000	1051719	0
1789798930.983047	15101630285	6087418803	47830504	5880000	42250000	7861000	40000	1330554	0
1789798931.493245	15101942356	6087473246	47830504	5880000	42250000	7861000	40000	1052036	0
1789798932.000133	15102258335	6087487589	47830627	5914000	42240000	7907000	39000	951668	0
1789798932.510810	15102445346	6087496928	47830993	5914000	42240000	7907000	39000	757788	0
1789798933.017962	15102862093	6087509806	47830993	5914000	42240000	7907000	39000	1053686	0
1789798933.529435	15103900909	6087869790	47830993	5914000	42240000	7907000	39000	1739449	0
1789798934.035235	15107669698	6089837742	47830993	5914000	42240000	7907000	42000	938395	0
1789798934.552994	15110749463	6091486603	47830993	5914000	42240000	7907000	42000	1037427	0
1789798935.060972	15113779606	6093077602	47830993	5875000	42240000	7855000	42000	1019027	0
1789798935.572985	15116841061	6094597495	47830993	5875000	42240000	7855000	42000	901310	0
1789798936.078160	15119853688	6096172076	47831054	5875000	42240000	7855000	42000	1033631	0
1789798936.589009	15122903729	6097758803	47831054	5875000	42240000	7855000	42000	1044894	0
1789798937.095501	15125925022	6099327647	47831054	5878000	42230000	7859000	42000	1030930	0
1789798937.608112	15128987942	6100898566	47831115	5878000	42230000	7859000	42000	936096	0
1789798938.114164	15131999408	6102466677	47831115	5878000	42230000	7859000	43000	973780	0
1789798938.625733	15135045421	6104079954	47831115	5878000	42230000	7859000	43000	1016458	0
1789798939.133185	15137957035	6105621149	47831115	5878000	42220000	7859000	42000	1038015	0
1789798939.643244	15140475949	6106650443	47831115	5878000	42220000	7859000	42000	1273366	0
1789798940.148070	15144155505	6108551805	47831176	5878000	42220000	7859000	42000	896163	0
1789798940.664002	15147226664	6110129804	47831176	5878000	42220000	7859000	42000	919829	0
1789798941.172655	15150262118	6111762307	47831176	5877000	42220000	7857000	42000	932154	0
1789798941.682202	15153303736	6113359166	47831176	5877000	42220000	7857000	42000	937236	0
1789798942.188955	15156318560	6114924470	47831176	5877000	42220000	7857000	43000	1018909	0
1789798942.700601	15159373850	6116555691	47831176	5877000	42220000	7857000	43000	1025265	0
1789798943.208062	15162418215	6118103966	47831176	5876000	42210000	7856000	43000	945384	0
1789798943.719935	15165458429	6119667378	47831176	5876000	42210000	7856000	43000	1081690	0
1789798944.227136	15168493028	6121256973	47831176	5876000	42210000	7856000	43000	1043659	0
1789798944.736983	15171516153	6122870250	47831176	5876000	42210000	7856000	43000	1021566	0
1789798945.242453	15174537447	6124431342	47831176	5876000	42210000	7856000	43000	1097069	0
1789798945.753694	15176731899	6125449589	47831176	5876000	42210000	7856000	43000	1519468	0
1789798946.261074	15180643083	6127411926	47831176	5873000	42200000	7852000	43000	941606	0
1789798946.773987	15183693307	6129007503	47831176	5873000	42200000	7852000	43000	951774	0
1789798947.281526	15186727967	6130607291	47831176	5873000	42200000	7852000	43000	950046	0
1789798947.791007	15189767632	6132180224	47831176	5873000	42200000	7852000	43000	895906	0
1789798948.295934	15192782090	6133743758	47831176	5874000	42200000	7854000	43000	922952	0
1789798948.807933	15195837868	6135350382	47831176	5874000	42200000	7854000	43000	923646	0
1789798949.316532	15198876923	6136921362	47831176	5874000	42200000	7854000	43000	928266	0
1789798949.828111	15201915062	6138527132	47831176	5874000	42200000	7854000	43000	1064232	0
1789798950.334913	15204935623	6140111173	47831176	5876000	42190000	7856000	44000	998044	0
1789798950.844088	15207979439	6141652124	47831176	5876000	42190000	7856000	44000	1024002	0
1789798951.349132	15210926330	6143206380	47831176	5876000	42190000	7856000	44000	992085	0
1789798951.858894	15213344659	6144241594	47831176	5876000	42190000	7856000	44000	1930340	0
1789798952.366071	15217082931	6146168286	47831176	5886000	42180000	7870000	44000	903091	0
1789798952.878979	15220131873	6147781746	47831176	5886000	42180000	7870000	44000	1015817	0
1789798953.386964	15223163543	6149402958	47831176	5886000	42180000	7870000	44000	1033512	0
1789798953.897015	15226216636	6150988220	47831176	5886000	42180000	7870000	44000	888472	0
1789798954.402980	15229233901	6152561703	47831176	5875000	42180000	7855000	44000	934600	0
1789798954.913205	15232279669	6154123832	47831176	5875000	42180000	7855000	44000	932276	0
1789798955.421070	15235309752	6155683582	47831176	5875000	42180000	7855000	44000	934301	0
1789798955.932189	15238363211	6157240646	47831176	5875000	42180000	7855000	44000	927149	0
1789798956.439596	15241387495	6158787883	47831176	5875000	42180000	7855000	44000	967068	0
1789798956.950952	15244424169	6160397193	47831176	5875000	42180000	7855000	44000	1053141	0
1789798957.458247	15247382292	6161904208	47831176	5871000	42170000	7850000	45000	1009989	0
1789798957.966956	15249799034	6162975189	47831176	5871000	42170000	7850000	45000	1751610	0
1789798958.472406	15250048117	6163003998	47832275	5871000	42170000	7850000	42000	1102477	0
1789798958.983062	15250549764	6163142730	47833068	5871000	42170000	7850000	42000	678651	0
1789798959.490539	15250742452	6163152679	47833800	5909000	42170000	7901000	42000	712694	0
1789798960.003627	15251069111	6163172027	47834655	5909000	42170000	7901000	42000	644973	0
1789798960.511207	15251308673	6163183013	47834777	5909000	42170000	7901000	41000	642044	0
1789798961.024049	15251764788	6163212127	47834899	5909000	42170000	7901000	41000	730444	0
1789798961.533003	15251941118	6163216460	47834899	5908000	42160000	7899000	41000	666105	0
1789798962.046407	15252424820	6163282500	47835631	5908000	42160000	7899000	41000	887062	0
1789798962.551446	15252915969	6163477995	47835754	5908000	42160000	7899000	41000	683765	0
1789798963.063398	15253242201	6163498930	47836791	5908000	42160000	7899000	41000	1111376	0
1789798963.570543	15253439222	6163512541	47836974	5912000	42160000	7904000	41000	736714	0
1789798964.082647	15254014599	6163609831	47837096	5912000	42160000	7904000	41000	1162970	0
1789798964.587715	15254372020	6163711943	47837951	5912000	42160000	7904000	41000	1081611	0
1789798965.099541	15254937875	6163811796	47837951	5912000	42160000	7904000	41000	727731	0
1789798965.607906	15255102853	6163819364	47837951	5909000	42160000	7900000	41000	963550	0
1789798966.116557	15255402352	6163834867	47837951	5909000	42160000	7900000	41000	848015	0
1789798966.624789	15255717109	6163853666	47837951	5909000	42160000	7900000	41000	720198	0
1789798967.136154	15256043036	6163864042	47837951	5909000	42160000	7900000	41000	898739	0
1789798967.644671	15256318426	6163884672	47837951	5913000	42150000	7906000	41000	816134	0
1789798968.157980	15256523504	6163892240	47837951	5913000	42150000	7906000	41000	984443	0
1789798968.664918	15256959294	6163984586	47837951	5913000	42150000	7906000	40000	1095235	0
1789798969.175637	15257409671	6164088712	47838012	5913000	42150000	7906000	40000	1375652	0
1789798969.682187	15257944093	6164199063	47838195	5913000	42150000	7906000	40000	579121	0
1789798970.192020	15258130860	6164209073	47838195	5913000	42150000	7906000	40000	875812	0
1789798970.698115	15258372193	6164236477	47838195	5913000	42150000	7906000	40000	609193	0
1789798971.207168	15258543274	6164244900	47838195	5913000	42150000	7906000	40000	596052	0
1789798971.713237	15258723510	6164259793	47838195	5913000	42150000	7906000	40000	621535	0
1789798972.222014	15258926574	6164273770	47838195	5913000	42150000	7906000	40000	761094	0
1789798972.727141	15259107604	6164285672	47838195	5915000	42150000	7909000	40000	755893	0
1789798973.236282	15259344114	6164293118	47838195	5915000	42150000	7909000	40000	560344	0
1789798973.744017	15259550840	6164315396	47838195	5915000	42150000	7909000	40000	537500	0
1789798974.251773	15260122799	6164515224	47838195	5915000	42150000	7909000	40000	719403	0
1789798974.757186	15260320552	6164527614	47838195	5905000	42150000	7895000	40000	1131956	0
1789798975.267226	15260512141	6164534572	47838195	5905000	42150000	7895000	40000	647955	0
1789798975.773174	15260793451	6164566616	47838195	5905000	42150000	7895000	40000	945644	0
1789798976.282111	15260974908	6164576320	47838195	5905000	42150000	7895000	40000	613111	0
1789798976.788411	15261194940	6164595851	47838195	5915000	42150000	7908000	40000	554324	0
1789798977.298476	15261404290	6164604335	47838195	5915000	42150000	7908000	40000	649525	0
1789798977.805887	15261611809	6164619716	47838195	5915000	42150000	7908000	39000	645197	0
1789798978.316032	15262024710	6164683986	47838195	5915000	42150000	7908000	39000	1044713	0
1789798978.821341	15262584829	6164880030	47839477	5912000	42140000	7904000	40000	608092	0
1789798979.332425	15263097462	6165063807	47840026	5912000	42140000	7904000	40000	589108	0
1789798979.838387	15263302661	6165079310	47840758	5912000	42140000	7904000	39000	631704	0
1789798980.348055	15263567614	6165112452	47842834	5912000	42140000	7904000	39000	646125	0
1789798980.853372	15263768114	6165122034	47843383	5912000	42140000	7904000	39000	652946	0
1789798981.363119	15263998338	6165138147	47843688	5912000	42140000	7904000	39000	659058	0
1789798981.869687	15264190965	6165148279	47843688	5917000	42140000	7911000	39000	782784	0
1789798982.379913	15264375229	6165157984	47843688	5917000	42140000	7911000	39000	774678	0
1789798982.884933	15264653915	6165168787	47843688	5917000	42140000	7911000	39000	1128000	0
1789798983.395083	15264865340	6165179529	47843688	5917000	42140000	7911000	39000	702203	0
1789798983.902601	15265030379	6165187647	47843688	5915000	42140000	7908000	39000	1366154	0
1789798984.411957	15265611432	6165380212	47843688	5915000	42140000	7908000	39000	1074347	0
1789798984.917752	15265787274	6165388391	47843688	5915000	42140000	7908000	39000	686559	0
1789798985.427312	15265962139	6165396081	47843688	5915000	42140000	7908000	39000	531559	0
1789798985.934433	15266170330	6165408410	47843688	5918000	42140000	7912000	39000	574991	0
1789798986.442780	15266488078	6165418847	47843688	5918000	42140000	7912000	39000	569727	0
1789798986.949358	15266702738	6165426599	47843688	5918000	42140000	7912000	39000	591902	0
1789798987.459330	15266899637	6165435022	47843688	5918000	42140000	7912000	39000	666216	0
1789798987.964993	15267108926	6165447412	47843688	5918000	42130000	7913000	39000	652490	0
1789798988.475016	15267314064	6165470605	47843688	5918000	42130000	7913000	39000	1436393	0
1789798988.979687	15268079688	6165816185	47843688	5918000	42130000	7913000	39000	893547	0
1789798989.490275	15268643468	6166102500	47843688	5918000	42130000	7913000	39000	768190	0
1789798989.996404	15269086826	6166278403	47843688	5916000	42130000	7910000	39000	616831	0
1789798990.506461	15269546481	6166476157	47843688	5916000	42130000	7910000	39000	1065915	0
1789798991.011933	15269952241	6166658956	47843688	5916000	42130000	7910000	39000	993992	0
1789798991.521313	15270363434	6166848348	47843688	5916000	42130000	7910000	39000	763150	0
1789798992.026693	15270765472	6167029988	47843688	5916000	42130000	7910000	39000	1332076	0
1789798992.535942	15271300749	6167226948	47843688	5916000	42130000	7910000	39000	784582	0
1789798993.042223	15271789517	6167420429	47843688	5918000	42130000	7912000	39000	1203995	0
1789798993.551360	15272257289	6167628803	47843688	5918000	42130000	7912000	39000	812301	0
1789798994.056072	15272735010	6167858172	47843688	5918000	42130000	7912000	40000	1611691	0
1789798994.563580	15273379662	6168185381	47843688	5918000	42130000	7912000	40000	700913	0
1789798995.070441	15273811606	6168378679	47843688	5917000	42120000	7911000	39000	846889	0
1789798995.579060	15274278951	6168570084	47843688	5917000	42120000	7911000	39000	833980	0
1789798996.084908	15274699422	6168762100	47843688	5917000	42120000	7911000	40000	889190	0
1789798996.594130	15275115802	6168960586	47843688	5917000	42120000	7911000	40000	860238	0
1789798997.099801	15275528826	6169148940	47843688	5918000	42120000	7913000	39000	1023762	0
1789798997.609066	15276004960	6169343276	47843688	5918000	42120000	7913000	39000	823890	0
1789798998.115197	15276470108	6169540114	47843688	5918000	42120000	7913000	40000	1189381	0
1789798998.623142	15276833632	6169656874	47843810	5918000	42120000	7913000	40000	876318	0
1789798999.128576	15277162245	6169719923	47843810	5918000	42120000	7912000	39000	1410367	0
1789798999.638394	15277503736	6169800001	47844237	5918000	42120000	7912000	39000	622584	0
1789799000.143468	15277748486	6169813550	47844420	5918000	42120000	7912000	38000	1106737	0
1789799000.653424	15277956615	6169829542	47844848	5918000	42120000	7912000	38000	604604	0
1789799001.160093	15278228221	6169840162	47844848	5916000	42120000	7910000	38000	793052	0
1789799001.671374	15278568003	6169899732	47844970	5916000	42120000	7910000	38000	919853	0
1789799002.176028	15280098944	6170853404	47844970	5916000	42120000	7910000	44000	1068801	0
1789799002.682245	15281415164	6171690865	47844970	5916000	42120000	7910000	44000	806801	0
1789799003.185591	15282782104	6172565863	47844970	5916000	42120000	7910000	43000	1168366	0
1789799003.691964	15284206782	6173481571	47844970	5916000	42120000	7910000	43000	737500	0
1789799004.195970	15285981741	6174610718	47844970	5900000	42110000	7889000	43000	1031207	0
1789799004.702931	15287339526	6175496824	47844970	5900000	42110000	7889000	43000	741491	0
1789799005.206941	15288920027	6176571956	47844970	5900000	42110000	7889000	48000	1004951	0
1789799005.714541	15290330912	6177507745	47844970	5900000	42110000	7889000	48000	904660	0
1789799006.218952	15291768164	6178473013	47844970	5900000	42110000	7889000	44000	854639	0
1789799006.725816	15293141391	6179326405	47844970	5900000	42110000	7889000	44000	963006	0
1789799007.230901	15294615325	6180314378	47844970	5900000	42110000	7889000	43000	975099	0
1789799007.736790	15296016506	6181215377	47844970	5900000	42110000	7889000	43000	946474	0
1789799008.242905	15297469993	6182175274	47844970	5897000	42110000	7885000	43000	1045748	0
1789799008.748651	15298895771	6183109842	47844970	5897000	42110000	7885000	43000	936381	0
1789799009.253806	15300248673	6183980567	47844970	5897000	42110000	7885000	43000	1355734	0
1789799009.759577	15301614819	6184867406	47844970	5897000	42110000	7885000	43000	987502	0
1789799010.263614	15302969064	6185744967	47844970	5900000	42100000	7889000	43000	807228	0
1789799010.770967	15304339788	6186651276	47844970	5900000	42100000	7889000	43000	727976	0
1789799011.274504	15305691286	6187535429	47844970	5900000	42100000	7889000	43000	966322	0
1789799011.780452	15306518005	6187977261	47845580	5900000	42100000	7889000	43000	957208	0
1789799012.298820	15307094602	6188161343	47846252	5912000	42100000	7904000	39000	819836	0
1789799012.808513	15307273984	6188172146	47846923	5912000	42100000	7904000	39000	940802	0
1789799013.315106	15307454221	6188179165	47846923	5912000	42100000	7904000	39000	1292972	0
1789799013.825473	15307629757	6188188748	47847961	5912000	42100000	7904000	39000	429461	0
1789799014.331047	15308183894	6188379970	47848266	5912000	42100000	7904000	39000	734184	0
1789799014.840954	15308961053	6188693385	47848388	5912000	42100000	7904000	39000	894817	0
1789799015.346737	15310512806	6189481042	47848388	5904000	42090000	7894000	39000	945644	0
1789799015.856993	15312670089	6190946919	47848388	5904000	42090000	7894000	39000	1179982	0
1789799016.360725	15314767923	6192208269	47849547	5904000	42090000	7894000	39000	856250	0
1789799016.870946	15315318946	6192398148	47849547	5904000	42090000	7894000	39000	744555	0
1789799017.377374	15315598609	6192426652	47849853	5908000	42090000	7899000	39000	791381	0
1789799017.887355	15315815954	6192440995	47851012	5908000	42090000	7899000	39000	1094667	0
1789799018.393411	15316024572	6192451432	47851134	5908000	42090000	7899000	38000	859911	0
1789799018.904175	15316212255	6192461991	47851256	5908000	42090000	7899000	38000	1104274	0
1789799019.410366	15316622044	6192560318	47851256	5916000	42090000	7910000	41000	686441	0
1789799019.919029	15319415494	6194392955	47851256	5916000	42090000	7910000	41000	926836	0
1789799020.423042	15322114950	6195901008	47851256	5916000	42090000	7910000	43000	695234	0
1789799020.931044	15324321670	6196659307	47851378	5916000	42090000	7910000	43000	610189	0
1789799021.437332	15324916883	6196875127	47851440	5903000	42080000	7893000	39000	825829	0
1789799021.945810	15325108167	6196886235	47852172	5903000	42080000	7893000	39000	648990	0
1789799022.450629	15325419934	6196902287	47852904	5903000	42080000	7893000	38000	652767	0
1789799022.959949	15325594128	6196909367	47852904	5903000	42080000	7893000	38000	675789	0
1789799023.465413	15325791881	6196920048	47852904	5915000	42080000	7908000	39000	641947	0
1789799023.978925	15326789315	6197266361	47852904	5915000	42080000	7908000	39000	1782638	0
1789799024.484084	15330543212	6199240721	47852904	5915000	42080000	7908000	41000	940267	0
1789799024.999671	15333618887	6200870783	47852904	5915000	42080000	7908000	41000	940169	0
1789799025.506000	15336639449	6202459829	47852904	5915000	42080000	7908000	41000	1025115	0
1789799026.017984	15339693823	6204058580	47852904	5915000	42080000	7908000	41000	1001719	0
1789799026.524057	15342713896	6205653913	47852904	5877000	42080000	7858000	42000	1021707	0
1789799027.040101	15345794515	6207259133	47852904	5877000	42080000	7858000	42000	997648	0
1789799027.546240	15348808058	6208833409	47852904	5877000	42080000	7858000	42000	1083517	0
1789799028.056137	15351857488	6210401093	47852904	5877000	42080000	7858000	42000	1022314	0
1789799028.563108	15354874326	6211969815	47852904	5877000	42070000	7858000	42000	1163812	0
1789799029.074098	15357920400	6213590599	47852904	5877000	42070000	7858000	42000	1224191	0
1789799029.579058	15360861677	6215144916	47855041	5877000	42070000	7858000	41000	1583230	0
1789799030.090187	15363121864	6216118608	47856017	5877000	42070000	7858000	41000	1081877	0
1789799030.596236	15363537634	6216233964	47856017	5880000	42060000	7862000	40000	1048355	0
1789799031.108557	15363891149	6216342850	47857726	5880000	42060000	7862000	40000	696363	0
1789799031.616484	15364131688	6216352433	47857970	5880000	42060000	7862000	40000	689376	0
1789799032.129459	15364339329	6216364274	47858703	5880000	42060000	7862000	40000	685225	0
1789799032.637852	15364535434	6216372574	47859008	5913000	42060000	7906000	39000	655077	0
1789799033.148942	15364823764	6216418351	47859252	5913000	42060000	7906000	39000	1108882	0
1789799033.654988	15368727379	6218351390	47859252	5913000	42060000	7906000	42000	945864	0
1789799034.168984	15371796890	6220005744	47859252	5913000	42060000	7906000	42000	948955	0
1789799034.679089	15374836861	6221614993	47859252	5873000	42050000	7852000	42000	1007719	0
1789799035.191992	15377902099	6223242552	47859313	5873000	42050000	7852000	42000	923476	0
1789799035.700992	15380941337	6224801569	47859313	5873000	42050000	7852000	42000	926608	0
1789799036.210589	15383985030	6226367422	47859313	5873000	42050000	7852000	42000	934388	0
1789799036.718981	15387015662	6227902391	47859313	5873000	42050000	7852000	42000	932217	0
1789799037.227995	15390054595	6229429792	47859313	5873000	42050000	7852000	42000	933869	0
1789799037.733200	15393064353	6230988809	47859313	5874000	42050000	7854000	42000	971456	0
1789799038.243904	15396109633	6232567662	47859374	5874000	42050000	7854000	42000	995072	0
1789799038.751238	15399053656	6234083344	47859435	5874000	42050000	7854000	43000	966348	0
1789799039.257993	15401611633	6235211943	47859435	5874000	42050000	7854000	43000	1360741	0
1789799039.764079	15405189444	6236961999	47859435	5874000	42040000	7853000	43000	1046262	0
1789799040.277628	15408258345	6238578084	47859435	5874000	42040000	7853000	43000	945711	0
1789799040.783968	15411277685	6240204422	47859435	5874000	42040000	7853000	43000	1041826	0
1789799041.296765	15414339628	6241826061	47859435	5874000	42040000	7853000	43000	1029471	0
1789799041.805114	15417379293	6243418526	47859435	5871000	42040000	7850000	42000	880446	0
1789799042.319086	15420445753	6244967777	47859435	5871000	42040000	7850000	42000	940722	0
1789799042.826974	15423477178	6246492981	47859435	5871000	42040000	7850000	43000	932716	0
1789799043.338218	15426522885	6248035884	47859435	5871000	42040000	7850000	43000	955166	0
1789799043.845468	15429555409	6249586601	47859435	5871000	42030000	7849000	43000	1012773	0
1789799044.356099	15432599835	6251132068	47859435	5871000	42030000	7849000	43000	1034321	0
1789799044.863397	15435571385	6252702132	47859435	5871000	42030000	7849000	43000	1053563	0
1789799045.373017	15438138456	6253892071	47859435	5871000	42030000	7849000	43000	875046	0
1789799045.877963	15441684163	6255597572	47859435	5874000	42020000	7854000	43000	1050024	0
1789799046.391968	15444752331	6257232333	47859435	5874000	42020000	7854000	43000	1050020	0
1789799046.898978	15447780155	6258850005	47859435	5874000	42020000	7854000	43000	1041094	0
1789799047.411081	15450841793	6260442957	47859435	5874000	42020000	7854000	43000	897911	0
1789799047.918586	15453867664	6262020224	47859435	5874000	42020000	7854000	43000	1038036	0
1789799048.430064	15456922222	6263581804	47859435	5874000	42020000	7854000	43000	896788	0
1789799048.937975	15459955905	6265095838	47859435	5872000	42020000	7851000	43000	945164	0
1789799049.450026	15462996486	6266689279	47859435	5872000	42020000	7851000	43000	1119853	0
1789799049.956256	15466022235	6268226568	47859435	5872000	42020000	7851000	44000	1032845	0
1789799050.466798	15469060740	6269802064	47859435	5872000	42020000	7851000	44000	1105049	0
1789799050.972042	15472003543	6271362851	47859435	5868000	42010000	7846000	44000	1043607	0
1789799051.481340	15474710079	6272607416	47859435	5868000	42010000	7846000	44000	820666	0
1789799051.986224	15478147753	6274265126	47859435	5868000	42010000	7846000	44000	942809	0
1789799052.498066	15481206766	6275860093	47859435	5868000	42010000	7846000	44000	944100	0
1789799053.006986	15484241305	6277488202	47859435	5868000	42000000	7846000	44000	1050023	0
1789799053.516980	15487290674	6279072853	47859435	5868000	42000000	7846000	44000	904458	0
1789799054.022985	15490310381	6280633823	47859435	5868000	42000000	7846000	44000	931856	0
1789799054.536104	15493372324	6282234100	47859435	5868000	42000000	7846000	44000	889432	0
1789799055.044067	15496404298	6283758510	47859435	5868000	41990000	7846000	44000	942983	0
1789799055.556124	15499459710	6285320213	47859435	5868000	41990000	7846000	44000	896940	0
1789799056.063057	15502480149	6286883624	47859435	5868000	41990000	7846000	44000	1010189	0
1789799056.573119	15505515420	6288481337	47859435	5868000	41990000	7846000	44000	1041356	0
1789799057.078849	15508540009	6290082530	47859435	5869000	41990000	7847000	45000	1091500	0
1789799057.590041	15511107935	6291357795	47859435	5869000	41990000	7847000	45000	1035528	0
1789799058.096065	15512797384	6292009466	47861083	5869000	41990000	7847000	42000	705391	0
1789799058.607916	15513334126	6292193913	47862121	5869000	41990000	7847000	42000	1055321	0
1789799059.114767	15513831378	6292214909	47862853	5869000	41990000	7847000	42000	848272	0
1789799059.626660	15514026140	6292225163	47862853	5869000	41990000	7847000	42000	1222985	0
1789799060.131044	15514324663	6292248662	47862914	5901000	41980000	7890000	42000	769295	0
1789799060.641180	15514709916	6292288151	47863524	5901000	41980000	7890000	42000	1643634	0
1789799061.148780	15515016128	6292297246	47863647	5901000	41980000	7890000	42000	872105	0
1789799061.659714	15515261794	6292314519	47863647	5901000	41980000	7890000	42000	738982	0
1789799062.166042	15515910596	6292516544	47863647	5908000	41980000	7899000	42000	1300889	0
1789799062.673969	15516178235	6292546574	47863647	5908000	41980000	7899000	42000	696966	0
1789799063.179399	15516445995	6292564640	47863647	5908000	41980000	7899000	41000	1000307	0
1789799063.689646	15516877635	6292590519	47863708	5908000	41980000	7899000	41000	636425	0
1789799064.194772	15517555733	6292760318	47863708	5906000	41980000	7897000	42000	940296	0
1789799064.704600	15517982612	6292779788	47863769	5906000	41980000	7897000	42000	631968	0
1789799065.209827	15518401679	6292789432	47863769	5906000	41980000	7897000	41000	651004	0
1789799065.721013	15518832647	6292822330	47863769	5906000	41980000	7897000	41000	794392	0
1789799066.227497	15519208683	6292829654	47863769	5906000	41980000	7897000	41000	613947	0
1789799066.737057	15519619571	6292850711	47863769	5906000	41980000	7897000	41000	755394	0
1789799067.243368	15520001040	6292860049	47863769	5906000	41980000	7897000	41000	549415	0
1789799067.754546	15520458741	6292878299	47863769	5906000	41980000	7897000	41000	604029	0
1789799068.260811	15521025085	6293046694	47863769	5905000	41970000	7895000	41000	623544	0
1789799068.772513	15521551878	6293235171	47863769	5905000	41970000	7895000	41000	869063	0
1789799069.277798	15521823911	6293273012	47863769	5905000	41970000	7895000	41000	940099	0
1789799069.787058	15522024838	6293289553	47863769	5905000	41970000	7895000	41000	829989	0
1789799070.292563	15522229428	6293301455	47863769	5908000	41970000	7899000	41000	768693	0
1789799070.802131	15522532161	6293321840	47863769	5908000	41970000	7899000	41000	648663	0
1789799071.307386	15522878779	6293354677	47863769	5908000	41970000	7899000	40000	843407	0
1789799071.817263	15523058466	6293365480	47863769	5908000	41970000	7899000	40000	779722	0
1789799072.325975	15523273614	6293377931	47863769	5908000	41970000	7899000	40000	659248	0
1789799072.837950	15523536614	6293388979	47863769	5908000	41970000	7899000	40000	625960	0
1789799073.344761	15523713249	6293395937	47863769	5908000	41970000	7899000	40000	744170	0
1789799073.856700	15523885368	6293406862	47863769	5908000	41970000	7899000	40000	635640	0
1789799074.364979	15524448294	6293571412	47863769	5908000	41970000	7899000	40000	824650	0
1789799074.878006	15524624441	6293588502	47863769	5908000	41970000	7899000	40000	788773	0
1789799075.385962	15524865468	6293594972	47863769	5908000	41970000	7899000	40000	700018	0
1789799075.897323	15525066640	6293614076	47863769	5908000	41970000	7899000	40000	607013	0
1789799076.404953	15525271168	6293623719	47863769	5908000	41970000	7899000	40000	683158	0
1789799076.917496	15525578845	6293642762	47863769	5908000	41970000	7899000	40000	643296	0
1789799077.425974	15525774523	6293651551	47863769	5912000	41960000	7905000	40000	611742	0
1789799077.937933	15526130480	6293671998	47863769	5912000	41960000	7905000	40000	630131	0
1789799078.446088	15526425401	6293680543	47863769	5912000	41960000	7905000	40000	778384	0
1789799078.958942	15526667282	6293693543	47863769	5912000	41960000	7905000	40000	848437	0
1789799079.465760	15526819565	6293698609	47863769	5912000	41960000	7905000	39000	685256	0
1789799079.978127	15527021896	6293716004	47863769	5912000	41960000	7905000	39000	872769	0
1789799080.485932	15527710554	6294000794	47864501	5912000	41960000	7905000	40000	1086769	0
1789799080.998000	15528133404	6294077515	47865050	5912000	41960000	7905000	40000	1342556	0
1789799081.504440	15528609843	6294236572	47865355	5910000	41960000	7902000	39000	1316299	0
1789799082.016169	15528804301	6294248901	47865355	5910000	41960000	7902000	39000	1001031	0
1789799082.523564	15528994730	6294259155	47865417	5910000	41960000	7902000	39000	997620	0
1789799083.034029	15529345071	6294286254	47865844	5910000	41960000	7902000	39000	948013	0
1789799083.539826	15529562111	6294297302	47866088	5910000	41960000	7902000	39000	798374	0
1789799084.052090	15530061439	6294372558	47866088	5910000	41960000	7902000	39000	1393724	0
1789799084.557760	15530569433	6294499511	47866088	5913000	41960000	7906000	39000	644555	0
1789799085.070851	15530821263	6294514281	47866088	5913000	41960000	7906000	39000	968593	0
1789799085.578000	15531041173	6294521910	47866088	5913000	41960000	7906000	39000	793010	0
1789799086.091934	15531278599	6294543639	47866088	5913000	41960000	7906000	39000	868462	0
1789799086.599755	15531478794	6294551634	47866088	5906000	41950000	7897000	39000	930719	0
1789799087.111563	15531809725	6294573058	47866088	5906000	41950000	7897000	39000	631259	0
1789799087.619973	15531996737	6294581725	47866088	5906000	41950000	7897000	39000	736534	0
1789799088.132998	15532229951	6294601561	47866088	5906000	41950000	7897000	39000	650959	0
1789799088.642241	15532588654	6294613951	47866088	5914000	41950000	7907000	39000	888325	0
1789799089.154003	15532845733	6294629088	47866088	5914000	41950000	7907000	39000	657908	0
1789799089.661047	15533138640	6294645811	47866088	5914000	41950000	7907000	39000	642593	0
1789799090.174926	15533402250	6294656126	47866088	5914000	41950000	7907000	39000	757819	0
1789799090.682999	15533964810	6294884275	47866088	5912000	41950000	7904000	39000	678697	0
1789799091.195336	15534704432	6295255551	47866088	5912000	41950000	7904000	39000	715013	0
1789799091.702700	15535490746	6295606991	47866149	5912000	41950000	7904000	39000	690954	0
1789799092.215832	15535927391	6295787776	47866149	5912000	41950000	7904000	39000	668872	0
1789799092.723758	15536344260	6295977412	47866149	5913000	41950000	7906000	39000	666014	0
1789799093.236997	15536822591	6296182734	47866149	5913000	41950000	7906000	39000	600037	0
1789799093.745331	15537314167	6296385858	47866149	5913000	41950000	7906000	39000	690566	0
1789799094.257885	15538039018	6296741448	47866149	5913000	41950000	7906000	39000	910346	0
1789799094.765700	15538457657	6296929131	47866149	5913000	41950000	7906000	39000	681660	0
1789799095.277955	15538954665	6297111381	47866149	5913000	41950000	7906000	39000	653926	0
1789799095.785967	15539426344	6297308952	47866149	5913000	41940000	7906000	39000	695469	0
1789799096.299558	15539891431	6297492972	47866149	5913000	41940000	7906000	39000	841702	0
1789799096.807814	15540364269	6297695425	47866149	5913000	41940000	7906000	39000	1176513	0
1789799097.319390	15540785532	6297880789	47866149	5913000	41940000	7906000	39000	617532	0
1789799097.828011	15541315743	6298077016	47866149	5913000	41940000	7906000	39000	1238687	0
1789799098.340998	15541784309	6298259328	47866149	5913000	41940000	7906000	39000	720268	0
1789799098.848529	15542237189	6298449146	47866149	5913000	41940000	7906000	39000	1247686	0
1789799099.360892	15542665899	6298628833	47866149	5913000	41940000	7906000	39000	671497	0
1789799099.868793	15543296085	6298853076	47866149	5909000	41940000	7901000	39000	818782	0
1789799100.380838	15543777346	6299056017	47866210	5909000	41940000	7901000	39000	1057385	0
1789799100.889114	15544197206	6299113512	47866820	5909000	41940000	7901000	39000	711471	0
1789799101.400672	15544695618	6299281115	47867675	5909000	41940000	7901000	39000	709366	0
1789799101.908600	15545010924	6299310778	47867980	5912000	41940000	7904000	39000	723577	0
1789799102.420026	15545230162	6299322496	47868407	5912000	41940000	7904000	39000	839125	0
1789799102.927623	15545538572	6299355333	47868407	5912000	41940000	7904000	38000	816185	0
1789799103.439811	15545743589	6299365099	47869201	5912000	41940000	7904000	38000	665448	0
1789799103.947767	15546860651	6299992966	47869811	5912000	41930000	7905000	43000	877228	0
1789799104.456104	15548759267	6301231061	47869811	5912000	41930000	7905000	43000	891335	0
1789799104.962272	15550168992	6302107279	47869811	5912000	41930000	7905000	44000	1100633	0
1789799105.471455	15551553449	6303000282	47869811	5912000	41930000	7905000	44000	909165	0
1789799105.976355	15552931986	6303902868	47869811	5912000	41930000	7905000	43000	1547273	0
1789799106.486772	15554333532	6304791721	47869811	5912000	41930000	7905000	43000	913611	0
1789799106.992706	15555766146	6305742158	47869811	5897000	41930000	7885000	43000	920837	0
1789799107.502808	15557351530	6306835539	47869811	5897000	41930000	7885000	43000	918157	0
1789799108.008089	15558796473	6307799708	47869811	5897000	41930000	7885000	43000	1072494	0
1789799108.517228	15560205099	6308711388	47869811	5897000	41930000	7885000	43000	737500	0
1789799109.022752	15561685747	6309710897	47869811	5897000	41920000	7884000	44000	929183	0
1789799109.532454	15563098891	6310617633	47869811	5897000	41920000	7884000	44000	908878	0
1789799110.037050	15564613291	6311641373	47869811	5897000	41920000	7884000	43000	1075270	0
1789799110.545306	15565979071	6312531325	47869811	5897000	41920000	7884000	43000	900390	0
1789799111.051129	15567382083	6313445202	47869811	5895000	41920000	7882000	43000	886359	0
1789799111.560121	15568768554	6314341074	47869811	5895000	41920000	7882000	43000	895803	0
1789799112.065107	15570137813	6315192634	47869811	5895000	41920000	7882000	43000	1055658	0
1789799112.573099	15571487785	6316071233	47869811	5895000	41920000	7882000	43000	909846	0
1789799113.078426	15572865711	6316982302	47869811	5894000	41920000	7880000	43000	1098776	0
1789799113.586629	15574203782	6317800293	47870849	5894000	41920000	7880000	43000	704857	0
1789799114.093843	15574619003	6317945984	47870849	5894000	41920000	7880000	40000	1614908	0
1789799114.602589	15575101179	6318142089	47871520	5894000	41920000	7880000	40000	690745	0
1789799115.110161	15575314069	6318154723	47872252	5909000	41910000	7901000	39000	1128862	0
1789799115.621351	15575506513	6318164916	47872802	5909000	41910000	7901000	39000	913279	0
1789799116.129469	15575702008	6318175353	47872924	5909000	41910000	7901000	38000	974157	0
1789799116.641759	15576089336	6318253112	47873534	5909000	41910000	7901000	38000	1176753	0
1789799117.146141	15577869117	6319239071	47873534	5909000	41910000	7901000	40000	1229799	0
1789799117.659007	15579560213	6320233087	47873534	5909000	41910000	7901000	40000	822790	0
1789799118.162905	15581849514	6321713735	47873534	5882000	41910000	7864000	45000	1192873	0
1789799118.668571	15582495936	6321920949	47875182	5882000	41910000	7864000	45000	923255	0
1789799119.175036	15582886316	6322032338	47875854	5882000	41910000	7864000	38000	636880	0
1789799119.684239	15583098412	6322044667	47875854	5882000	41910000	7864000	38000	585804	0
1789799120.190288	15583283226	6322050710	47876525	5911000	41910000	7903000	38000	648545	0
1789799120.701014	15583501365	6322066640	47876525	5911000	41910000	7903000	38000	619861	0
1789799121.207086	15583794578	6322077321	47877257	5911000	41910000	7903000	39000	848890	0
1789799121.714762	15585865434	6323364976	47877257	5911000	41910000	7903000	39000	980855	0
1789799122.219618	15588786813	6325180035	47877257	5888000	41900000	7872000	44000	970207	0
1789799122.727220	15591523440	6326211099	47877257	5888000	41900000	7872000	44000	909161	0
1789799123.230883	15592123902	6326386575	47878417	5888000	41900000	7872000	39000	927377	0
1789799123.739048	15592484924	6326494302	47879149	5888000	41900000	7872000	39000	1286273	0
1789799124.244421	15593015806	6326680092	47879149	5911000	41900000	7903000	39000	697434	0
1789799124.753805	15593220029	6326691445	47879210	5911000	41900000	7903000	39000	662024	0
1789799125.259119	15593412290	6326701943	47879210	5911000	41900000	7903000	39000	670114	0
1789799125.769113	15593612362	6326712441	47879210	5911000	41900000	7903000	39000	700022	0
1789799126.273203	15597337145	6328486240	47879210	5912000	41900000	7904000	41000	946643	0
1789799126.786062	15600388956	6330130523	47879210	5912000	41900000	7904000	41000	1041853	0
1789799127.292983	15603416048	6331707240	47879210	5912000	41900000	7904000	42000	946953	0
1789799127.805199	15606480127	6333289939	47879210	5912000	41900000	7904000	42000	921634	0
1789799128.312058	15609496721	6334824053	47879210	5912000	41900000	7904000	42000	1039164	0
1789799128.823798	15612552805	6336438490	47879210	5912000	41900000	7904000	42000	1034705	0
1789799129.330445	15615579164	6338012033	47879210	5871000	41890000	7849000	42000	1034991	0
1789799129.841843	15618628900	6339599249	47879210	5871000	41890000	7849000	42000	1038244	0
1789799130.349638	15621653795	6341170534	47879210	5871000	41890000	7849000	42000	986498	0
1789799130.859202	15624688516	6342783933	47879210	5871000	41890000	7849000	42000	1186191	0
1789799131.364888	15627632051	6344299005	47879210	5871000	41880000	7850000	41000	1384272	0
1789799131.873989	15630180628	6345395376	47879210	5871000	41880000	7850000	41000	1535275	0
1789799132.377827	15630733178	6345559988	47880309	5871000	41880000	7850000	40000	863875	0
1789799132.890655	15631114708	6345666494	47880736	5871000	41880000	7850000	40000	1213808	0
1789799133.398850	15631350303	6345675283	47881041	5901000	41880000	7890000	39000	712523	0
1789799133.910770	15631545371	6345685415	47881286	5901000	41880000	7890000	39000	654427	0
1789799134.418926	15632108175	6345856740	47882140	5901000	41880000	7890000	39000	897504	0
1789799134.927658	15632281026	6345863027	47882140	5901000	41880000	7890000	39000	1191724	0
1789799135.433982	15635923900	6347672165	47882689	5908000	41870000	7899000	42000	926320	0
1789799135.945987	15638977053	6349315105	47882689	5908000	41870000	7899000	42000	1043442	0
1789799136.451975	15641996760	6350905433	47882689	5908000	41870000	7899000	42000	1049436	0
1789799136.963178	15645052477	6352523410	47882689	5908000	41870000	7899000	42000	1033598	0
1789799137.470132	15648082682	6354139617	47882750	5870000	41870000	7848000	42000	921881	0
1789799137.982991	15651141573	6355694056	47882811	5870000	41870000	7848000	42000	935425	0
1789799138.488970	15654163294	6357220297	47882811	5870000	41870000	7848000	42000	932207	0
1789799139.002979	15657233293	6358743304	47882811	5870000	41870000	7848000	42000	891075	0
1789799139.507980	15660247751	6360287916	47882873	5869000	41860000	7847000	42000	942827	0
1789799140.020133	15663287294	6361873056	47882934	5869000	41860000	7847000	42000	1072509	0
1789799140.527078	15666236566	6363393194	47882934	5869000	41860000	7847000	43000	1022083	0
1789799141.036378	15668827929	6364601077	47882934	5869000	41860000	7847000	43000	991563	0
1789799141.540732	15672385171	6366324705	47882934	5869000	41860000	7847000	43000	936638	0
1789799142.055986	15675457551	6367898676	47882934	5869000	41860000	7847000	43000	891447	0
1789799142.562971	15678476891	6369510427	47882934	5850000	41860000	7822000	43000	954725	0
1789799143.074203	15681533585	6371129258	47882934	5850000	41860000	7822000	43000	928414	0
1789799143.581705	15684558724	6372717694	47882934	5850000	41860000	7822000	43000	1041074	0
1789799144.099060	15687650818	6374258095	47882934	5850000	41860000	7822000	43000	939823	0
1789799144.608058	15690686211	6375834263	47882934	5868000	41850000	7846000	43000	922546	0
1789799145.120632	15693752609	6377393097	47882934	5868000	41850000	7846000	43000	884702	0
1789799145.630055	15696777198	6378938992	47882934	5868000	41850000	7846000	43000	1014567	0
1789799146.141399	15699831756	6380521019	47882934	5868000	41850000	7846000	43000	1041551	0
1789799146.648823	15702632286	6381956745	47882934	5868000	41840000	7846000	43000	1317647	0
1789799147.159485	15705358109	6383142228	47882934	5868000	41840000	7846000	43000	1143387	0
1789799147.665060	15708930549	6384860729	47882934	5868000	41840000	7846000	43000	953744	0
1789799148.177987	15711997069	6386459175	47882934	5868000	41840000	7846000	43000	939285	0
1789799148.684963	15715017203	6388081607	47882934	5865000	41830000	7841000	43000	1045115	0
1789799149.196998	15718074934	6389684386	47882934	5865000	41830000	7841000	43000	949944	0
1789799149.702211	15721094336	6391204768	47882934	5865000	41830000	7841000	43000	1027372	0
1789799150.213394	15724143461	6392789054	47882934	5865000	41830000	7841000	43000	1007918	0
1789799150.720071	15727164389	6394354480	47882934	5865000	41830000	7841000	44000	1027452	0
1789799151.241747	15730275587	6395961714	47882934	5865000	41830000	7841000	44000	988462	0
1789799151.748177	15733307317	6397496256	47882934	5865000	41830000	7841000	43000	885335	0
1789799152.259461	15736342832	6399080725	47882934	5865000	41830000	7841000	43000	953580	0
1789799152.765498	15739363393	6400680086	47882934	5865000	41830000	7841000	44000	1039135	0
1789799153.274976	15742066267	6401991179	47882934	5865000	41830000	7841000	44000	1154820	0
1789799153.782072	15745446874	6403664392	47883300	5863000	41820000	7839000	44000	941589	0
1789799154.295979	15748515775	6405269796	47883300	5863000	41820000	7839000	44000	905024	0
1789799154.804707	15751553792	6406891679	47883300	5863000	41820000	7839000	44000	944656	0
1789799155.315175	15754594616	6408477551	47883300	5863000	41820000	7839000	44000	932141	0
1789799155.824208	15757625187	6410097603	47883300	5865000	41820000	7842000	44000	1053615	0
1789799156.335062	15760685848	6411661381	47883300	5865000	41820000	7842000	44000	936276	0
1789799156.842982	15763717701	6413195313	47883300	5865000	41820000	7842000	44000	940696	0
1789799157.354982	15766782390	6414710568	47883300	5865000	41820000	7842000	44000	800225	0
1789799157.861993	15769800205	6416263847	47883300	5866000	41810000	7843000	44000	931155	0
1789799158.374781	15772846340	6417872913	47883300	5866000	41810000	7843000	44000	1085440	0
1789799158.880985	15775860614	6419499862	47883300	5866000	41810000	7843000	45000	1002211	0
1789799159.392162	15778567150	6420877727	47883300	5866000	41810000	7843000	45000	931156	0
1789799159.897136	15779436838	6421170512	47883971	5868000	41800000	7846000	42000	992275	0
1789799160.409437	15780042671	6421335551	47885619	5868000	41800000	7846000	42000	544130	0
1789799160.914803	15780451789	6421353739	47886046	5868000	41800000	7846000	42000	746065	0
1789799161.425200	15780731451	6421372477	47886718	5868000	41800000	7846000	42000	882974	0
1789799161.930984	15780983038	6421400980	47886718	5903000	41800000	7893000	42000	587683	0
1789799162.442244	15781178228	6421413248	47886718	5903000	41800000	7893000	42000	683691	0
1789799162.947779	15781625492	6421472025	47887145	5903000	41800000	7893000	42000	755477	0
1789799163.457154	15781865848	6421483499	47887206	5903000	41800000	7893000	42000	603038	0
1789799163.962601	15782651918	6421764749	47888061	5903000	41800000	7893000	42000	764674	0
1789799164.470822	15783231445	6421944619	47888610	5903000	41800000	7893000	42000	770231	0
1789799164.977164	15783574034	6421964638	47888610	5895000	41800000	7882000	41000	632024	0
1789799165.487059	15783785704	6421974709	47889464	5895000	41800000	7882000	41000	833001	0
1789799165.992372	15784073118	6422003090	47889464	5895000	41800000	7882000	41000	785023	0
1789799166.502077	15784275937	6422013833	47889464	5895000	41800000	7882000	41000	978685	0
1789799167.007346	15784575069	6422028176	47889464	5905000	41790000	7895000	41000	889186	0
1789799167.518057	15784832149	6422038308	47889464	5905000	41790000	7895000	41000	643917	0
1789799168.023350	15785226801	6422057534	47889464	5905000	41790000	7895000	41000	1090293	0
1789799168.534264	15785386713	6422062844	47889464	5905000	41790000	7895000	41000	592781	0
1789799169.040325	15785887810	6422136574	47889464	5906000	41790000	7897000	41000	662084	0
1789799169.552101	15786112846	6422147133	47889464	5906000	41790000	7897000	41000	644867	0
1789799170.057964	15786489066	6422182838	47889464	5906000	41790000	7897000	41000	820291	0
1789799170.567212	15786986623	6422316505	47889464	5906000	41790000	7897000	41000	666232	0
1789799171.073134	15787221669	6422337196	47889464	5906000	41790000	7897000	40000	582218	0
1789799171.584388	15787394032	6422343544	47889464	5906000	41790000	7897000	40000	749904	0
1789799172.089357	15787583057	6422354225	47889464	5906000	41790000	7897000	40000	638267	0
1789799172.599271	15787742969	6422361000	47889464	5906000	41790000	7897000	40000	586331	0
1789799173.105442	15787944629	6422370582	47889464	5907000	41790000	7898000	40000	639898	0
1789799173.617386	15788100939	6422375831	47889464	5907000	41790000	7898000	40000	727154	0
1789799174.123339	15788545823	6422504188	47889464	5907000	41790000	7898000	40000	1543684	0
1789799174.633144	15788773606	6422543372	47889464	5907000	41790000	7898000	40000	920735	0
1789799175.139195	15789073349	6422551856	47889464	5907000	41790000	7898000	40000	1251528	0
1789799175.649045	15789216964	6422557715	47889464	5907000	41790000	7898000	40000	1011780	0
1789799176.155050	15789404830	6422569617	47889464	5906000	41780000	7897000	40000	930353	0
1789799176.665352	15789559249	6422574866	47889464	5906000	41780000	7897000	40000	633562	0
1789799177.171211	15789737593	6422581519	47889464	5906000	41780000	7897000	40000	562062	0
1789799177.680459	15789892683	6422587134	47889464	5906000	41780000	7897000	40000	556322	0
1789799178.186439	15790102094	6422601294	47889464	5909000	41780000	7900000	40000	651364	0
1789799178.696216	15790294659	6422615149	47889464	5909000	41780000	7900000	40000	526120	0
1789799179.202753	15790462628	6422621680	47889464	5909000	41780000	7900000	40000	651355	0
1789799179.711841	15790626568	6422628211	47889464	5909000	41780000	7900000	40000	645096	0
1789799180.217992	15790881267	6422640601	47889464	5909000	41780000	7901000	39000	557235	0
1789799180.728336	15791096781	6422656043	47889464	5909000	41780000	7901000	39000	1135673	0
1789799181.234735	15791276346	6422662818	47889464	5909000	41780000	7901000	39000	584814	0
1789799181.744364	15791443338	6422669898	47889464	5909000	41780000	7901000	39000	591321	0
1789799182.250288	15792062294	6422870093	47891295	5909000	41780000	7901000	39000	809944	0
1789799182.758843	15792498389	6422965734	47892455	5909000	41780000	7901000	39000	826482	0
1789799183.264984	15792849828	6423053137	47893676	5909000	41780000	7901000	39000	1037616	0
1789799183.775365	15793041906	6423063879	47894835	5909000	41780000	7901000	39000	672299	0
1789799184.281192	15793589451	6423245275	47894835	5909000	41780000	7900000	39000	700824	0
1789799184.791045	15793875644	6423268102	47895873	5909000	41780000	7900000	39000	634168	0
1789799185.296393	15794150790	6423283971	47896056	5909000	41780000	7900000	39000	584234	0
1789799185.805405	15794343355	6423295445	47896056	5909000	41780000	7900000	39000	591441	0
1789799186.311055	15794549714	6423304784	47896056	5909000	41780000	7900000	39000	661958	0
1789799186.822054	15794736726	6423313878	47896056	5909000	41780000	7900000	39000	589294	0
1789799187.328272	15794922821	6423321080	47896056	5909000	41770000	7901000	39000	1095736	0
1789799187.838638	15795100250	6423329625	47896056	5909000	41770000	7901000	39000	652887	0
1789799188.344893	15795300018	6423340245	47896056	5909000	41770000	7901000	39000	573172	0
1789799188.855189	15795475310	6423349767	47896056	5909000	41770000	7901000	39000	640267	0
1789799189.361085	15795669890	6423360082	47896056	5909000	41770000	7900000	39000	601141	0
1789799189.870381	15795876188	6423371007	47896056	5909000	41770000	7900000	39000	867330	0
1789799190.376393	15796140225	6423381017	47896056	5909000	41770000	7900000	39000	764092	0
1789799190.885021	15796334317	6423386449	47896056	5909000	41770000	7900000	39000	1142220	0
1789799191.391311	15796543300	6423397374	47896056	5910000	41770000	7902000	39000	683388	0
1789799191.901366	15796724819	6423408421	47896056	5910000	41770000	7902000	39000	787819	0
1789799192.407979	15797235559	6423595432	47896056	5910000	41770000	7902000	40000	784150	0
1789799192.918313	15798008995	6423950961	47896056	5910000	41770000	7902000	40000	806756	0
1789799193.423019	15798456320	6424122287	47896056	5897000	41770000	7884000	40000	599120	0
1789799193.931310	15798855550	6424281283	47896056	5897000	41770000	7884000	40000	784904	0
1789799194.437550	15799589069	6424599641	47896056	5897000	41770000	7884000	39000	721241	0
1789799194.945232	15799978045	6424750459	47896056	5897000	41770000	7884000	39000	662334	0
1789799195.450726	15800393510	6424911530	47896056	5909000	41760000	7901000	39000	1142476	0
1789799195.958944	15800963577	6425069245	47896056	5909000	41760000	7901000	39000	802307	0
1789799196.465087	15801362258	6425227142	47896056	5909000	41760000	7901000	39000	940409	0
1789799196.975319	15801788893	6425388275	47896056	5909000	41760000	7901000	39000	876868	0
1789799197.482037	15802213940	6425553740	47896056	5909000	41760000	7901000	39000	868064	0
1789799197.993328	15802607738	6425712859	47896056	5909000	41760000	7901000	39000	1032534	0
1789799198.499090	15803001963	6425871611	47896056	5900000	41760000	7889000	39000	601816	0
1789799199.007423	15803405404	6426041715	47896056	5900000	41760000	7889000	39000	964208	0
1789799199.513293	15803791512	6426201078	47896056	5900000	41760000	7889000	38000	650719	0
1789799200.023194	15804269843	6426369656	47896056	5900000	41760000	7889000	38000	862829	0
1789799200.528055	15804678045	6426528286	47896056	5907000	41760000	7898000	38000	571059	0
1789799201.036386	15805219487	6426744777	47896056	5907000	41760000	7898000	38000	753215	0
1789799201.543253	15805656803	6426901821	47896056	5907000	41760000	7898000	38000	649561	0
1789799202.053323	15806072878	6427071254	47896056	5907000	41760000	7898000	38000	982769	0
1789799202.559128	15806344118	6427116786	47896300	5907000	41750000	7898000	39000	644782	0
1789799203.068661	15806855042	6427282313	47897155	5907000	41750000	7898000	39000	778685	0
1789799203.574419	15807046875	6427291102	47897887	5907000	41750000	7898000	38000	611281	0
1789799204.085038	15807411498	6427401087	47898925	5907000	41750000	7898000	38000	1472172	0
1789799204.591148	15807710997	6427467249	47898925	5911000	41750000	7903000	38000	888624	0
1789799205.098852	15807944577	6427479700	47898986	5911000	41750000	7903000	38000	754671	0
1789799205.604063	15808546749	6427689172	47899291	5911000	41750000	7903000	39000	1104717	0
1789799206.112226	15809666741	6428205406	47899291	5911000	41750000	7903000	39000	1133127	0
1789799206.617218	15810553763	6428631919	47899291	5898000	41750000	7886000	39000	1103378	0
1789799207.124921	15811478443	6429048116	47899291	5898000	41750000	7886000	39000	850852	0
1789799207.630114	15812336168	6429455037	47899291	5898000	41750000	7886000	39000	946554	0
1789799208.139048	15813257674	6429911212	47899291	5898000	41750000	7886000	39000	978510	0
1789799208.644071	15814133587	6430329790	47899291	5898000	41750000	7886000	39000	949141	0
1789799209.152964	15815047892	6430774064	47899291	5898000	41750000	7886000	39000	843923	0
1789799209.659174	15815927345	6431194961	47899291	5900000	41750000	7888000	39000	811124	0
1789799210.166490	15816859716	6431660658	47899291	5900000	41750000	7888000	39000	1439867	0
1789799210.671183	15817852877	6432179517	47899291	5900000	41750000	7888000	40000	1518794	0
1789799211.180137	15818873016	6432722728	47899291	5900000	41750000	7888000	40000	859444	0
1789799211.685144	15819781217	6433169566	47899291	5895000	41740000	7882000	39000	805177	0
1789799212.195080	15820696864	6433618600	47899291	5895000	41740000	7882000	39000	864956	0
1789799212.699887	15821719628	6434066475	47899291	5895000	41740000	7882000	39000	908568	0
1789799213.209940	15822701254	6434549628	47899291	5895000	41740000	7882000	39000	947628	0
1789799213.714672	15823610858	6434993719	47899291	5900000	41740000	7888000	39000	922451	0
1789799214.224138	15824685684	6435532658	47899291	5900000	41740000	7888000	39000	899757	0
1789799214.729645	15825595045	6435978641	47899291	5900000	41740000	7888000	39000	976993	0
1789799215.239116	15826521617	6436435915	47899291	5900000	41740000	7888000	39000	1097932	0
1789799215.745107	15827580208	6436972351	47899413	5897000	41740000	7884000	39000	954482	0
1789799216.252926	15828489019	6437412841	47899413	5897000	41740000	7884000	39000	964218	0
1789799216.758869	15829378483	6437846922	47899413	5897000	41740000	7884000	39000	923904	0
1789799217.266414	15830291566	6438288510	47899413	5897000	41740000	7884000	39000	935216	0
1789799217.772009	15831205504	6438747127	47899413	5897000	41730000	7884000	39000	942715	0
1789799218.281594	15832194149	6439195063	47899413	5897000	41730000	7884000	39000	969370	0
1789799218.787045	15833083368	6439630853	47899413	5897000	41730000	7884000	39000	947129	0
1789799219.295634	15833992790	6440080498	47899413	5897000	41730000	7884000	39000	983067	0
1789799219.799910	15834889394	6440523551	47899413	5897000	41730000	7884000	39000	895093	0
1789799220.310023	15835852953	6440977834	47900023	5897000	41730000	7884000	39000	1356970	0
1789799220.814907	15836066271	6440999746	47900023	5900000	41730000	7888000	38000	923883	0
1789799221.325743	15836548630	6441155507	47900512	5900000	41730000	7888000	38000	626472	0
1789799221.831183	15836732529	6441164357	47901183	5900000	41730000	7888000	38000	676810	0
1789799222.340381	15836999679	6441184682	47901183	5900000	41730000	7888000	38000	663767	0
1789799222.845196	15837242598	6441193288	47901488	5909000	41730000	7901000	38000	852488	0
1789799223.354044	15837616682	6441235951	47901671	5909000	41730000	7901000	38000	1122442	0
1789799223.858766	15838829020	6441779773	47901671	5909000	41730000	7901000	40000	1233326	0
1789799224.367814	15840058265	6442353929	47901671	5909000	41730000	7901000	40000	838779	0
1789799224.872978	15841205296	6442891037	47901671	5901000	41720000	7890000	41000	823585	0
1789799225.380047	15842323518	6443435531	47901671	5901000	41720000	7890000	41000	669371	0
1789799225.884449	15843485929	6443911359	47902160	5901000	41720000	7890000	39000	1073649	0
1789799226.394432	15843960049	6444063337	47902770	5901000	41720000	7890000	39000	996792	0
1789799226.900044	15844241726	6444118146	47902770	5906000	41720000	7897000	38000	1085117	0
1789799227.410258	15844470851	6444132550	47903685	5906000	41720000	7897000	38000	622797	0
1789799227.916150	15844669825	6444140973	47904174	5906000	41720000	7897000	38000	575436	0
1789799228.425349	15844874659	6444151654	47905028	5906000	41720000	7897000	38000	631320	0
1789799228.930895	15845292260	6444218854	47905150	5905000	41720000	7895000	38000	881984	0
1789799229.439337	15846713948	6444990641	47905150	5905000	41720000	7895000	38000	1013435	0
1789799229.944679	15848177018	6445761208	47905150	5905000	41720000	7895000	40000	1053776	0
1789799230.453104	15849470533	6446385657	47905150	5905000	41720000	7895000	40000	715573	0
1789799230.958972	15850445201	6446705664	47905150	5905000	41720000	7895000	39000	742303	0
1789799231.469993	15851699837	6447024999	47905150	5905000	41720000	7895000	39000	543665	0
1789799231.976808	15852191351	6447095739	47905883	5899000	41710000	7887000	38000	883731	0
1789799232.486400	15852714360	6447255528	47907042	5899000	41710000	7887000	38000	986529	0
1789799232.991497	15852942387	6447269993	47907653	5899000	41710000	7887000	38000	1031237	0
1789799233.501453	15853161442	6447281956	47908019	5899000	41710000	7887000	38000	715791	0
1789799234.008038	15853438296	6447302464	47908446	5907000	41710000	7898000	38000	1169658	0
1789799234.516421	15853974611	6447463535	47908446	5907000	41710000	7898000	38000	917184	0
1789799235.022997	15857397820	6449131134	47909179	5907000	41710000	7898000	41000	929581	0
1789799235.545966	15860515183	6450764186	47909179	5907000	41710000	7898000	41000	1036215	0
1789799236.053979	15863547340	6452388633	47909179	5866000	41710000	7843000	41000	1020425	0
1789799236.564977	15866601288	6453989337	47909179	5866000	41710000	7843000	41000	917270	0
1789799237.071993	15869627464	6455552748	47909240	5866000	41710000	7843000	41000	934771	0
1789799237.584740	15872690139	6457118296	47909240	5866000	41710000	7843000	41000	891898	0
1789799238.090974	15875710334	6458667791	47909240	5869000	41700000	7847000	41000	928540	0
1789799238.603207	15878767394	6460236696	47909240	5869000	41700000	7847000	41000	1006490	0
1789799239.109411	15881780509	6461796079	47909240	5869000	41700000	7847000	42000	1067317	0
1789799239.619422	15884826583	6463407281	47909240	5869000	41700000	7847000	42000	1025449	0
1789799240.125617	15887790259	6464943410	47909240	5867000	41690000	7844000	42000	1081044	0
1789799240.635172	15889586641	6465672656	47909240	5867000	41690000	7844000	42000	903833	0
1789799241.141395	15890838225	6466139086	47910460	5867000	41690000	7844000	39000	1035839	0
1789799241.653761	15891401212	6466302660	47911071	5867000	41690000	7844000	39000	1477187	0
1789799242.159066	15891669705	6466316576	47911742	5906000	41690000	7896000	39000	687521	0
1789799242.673383	15891893947	6466338304	47912413	5906000	41690000	7896000	39000	721598	0
1789799243.181298	15892266383	6466346727	47912413	5906000	41690000	7896000	39000	1169232	0
1789799243.693691	15892438136	6466358446	47912413	5906000	41690000	7896000	39000	674532	0
1789799244.200941	15893963217	6466970871	47912413	5906000	41690000	7896000	41000	1587909	0
1789799244.709990	15897642102	6468865397	47912413	5906000	41690000	7896000	41000	894616	0
1789799245.217054	15900665409	6470471289	47912413	5863000	41690000	7839000	42000	941802	0
1789799245.729964	15903723873	6472081575	47912413	5863000	41690000	7839000	42000	994323	0
1789799246.234963	15906741749	6473664701	47912413	5863000	41690000	7839000	42000	928693	0
1789799246.748585	15909811870	6475209741	47912413	5863000	41690000	7839000	42000	929687	0
1789799247.254633	15912833591	6476740743	47912413	5866000	41680000	7843000	42000	897573	0
1789799247.767822	15915883998	6478312333	47912413	5866000	41680000	7843000	42000	1085792	0
1789799248.274229	15918901691	6479909680	47912413	5866000	41680000	7843000	42000	998226	0
1789799248.784723	15921954662	6481498910	47912413	5866000	41680000	7843000	42000	1079910	0
1789799249.291300	15924964786	6483092717	47912413	5865000	41670000	7842000	43000	1206731	0
1789799249.799454	15927671017	6484440614	47912413	5865000	41670000	7842000	43000	786258	0
1789799250.304984	15929314933	6485071105	47912413	5865000	41670000	7842000	40000	1650695	0
1789799250.812072	15933147687	6486924067	47912413	5865000	41670000	7842000	40000	940450	0
1789799251.320913	15936178746	6488510977	47912413	5862000	41670000	7837000	42000	1041788	0
1789799251.832974	15939237820	6490152574	47912413	5862000	41670000	7837000	42000	1012760	0
1789799252.340580	15942273457	6491699567	47912413	5862000	41670000	7837000	42000	948855	0
1789799252.851882	15945323986	6493282083	47912413	5862000	41670000	7837000	42000	896758	0
1789799253.358990	15948351628	6494844884	47912413	5866000	41660000	7843000	42000	897252	0
1789799253.871974	15951413326	6496421052	47912413	5866000	41660000	7843000	42000	899391	0
1789799254.378195	15954426136	6497960415	47912413	5866000	41660000	7843000	43000	970551	0
1789799254.888200	15957472088	6499547570	47912413	5866000	41660000	7843000	43000	1025314	0
1789799255.395130	15960488682	6501136250	47912413	5866000	41660000	7843000	43000	1105687	0
1789799255.906180	15963461269	6502703689	47912413	5866000	41660000	7843000	43000	1170899	0
1789799256.412663	15965627157	6503648145	47912413	5866000	41650000	7843000	42000	969106	0
1789799256.923946	15968033401	6504622447	47912413	5866000	41650000	7843000	42000	1789581	0
1789799257.429996	15971542914	6506464605	47912413	5866000	41650000	7843000	43000	941784	0
1789799257.942982	15974600035	6508089296	47912413	5866000	41650000	7843000	43000	940538	0
1789799258.448203	15977613027	6509699277	47912413	5860000	41650000	7835000	43000	1039250	0
1789799258.960102	15980673627	6511265984	47912413	5860000	41650000	7835000	43000	923796	0
1789799259.467989	15983704137	6512802785	47912413	5860000	41650000	7835000	43000	945806	0
1789799259.980020	15986759488	6514354966	47912413	5860000	41650000	7835000	43000	942050	0
1789799260.486775	15989785115	6515894391	47912413	5861000	41640000	7836000	43000	930173	0
1789799260.998122	15992826123	6517489906	47912413	5861000	41640000	7836000	43000	977527	0
1789799261.504245	15995848210	6519074497	47912413	5861000	41640000	7836000	43000	974829	0
1789799262.014193	15998879819	6520679474	47912413	5861000	41640000	7836000	43000	1010659	0
1789799262.519931	16001657460	6522035671	47912413	5864000	41640000	7840000	42000	1034619	0
1789799263.029919	16003327988	6522664759	47912413	5864000	41640000	7840000	42000	1610646	0
1789799263.535067	16007224768	6524576924	47912413	5864000	41640000	7840000	43000	926056	0
1789799264.047561	16010275358	6526190568	47912413	5864000	41640000	7840000	43000	1028765	0
1789799264.552982	16013294271	6527859509	47912413	5862000	41630000	7837000	44000	1031410	0
1789799265.064151	16016347486	6529437691	47912413	5862000	41630000	7837000	44000	948612	0
1789799265.571621	16019377874	6531018558	47912413	5862000	41630000	7837000	44000	979042	0
1789799266.083052	16022434446	6532579406	47912413	5862000	41630000	7837000	44000	895662	0
1789799266.591965	16025472829	6534124202	47912413	5862000	41630000	7837000	43000	927869	0
1789799267.104177	16028522382	6535690238	47912413	5862000	41630000	7837000	43000	1022810	0
1789799267.611373	16031538365	6537270557	47912413	5862000	41620000	7838000	44000	1032507	0
1789799268.121559	16034583463	6538885421	47912413	5862000	41620000	7838000	44000	1017961	0
1789799268.627804	16037532857	6540400675	47912413	5862000	41620000	7838000	45000	1015511	0
1789799269.136883	16039763015	6541399696	47912413	5862000	41620000	7838000	45000	1460638	0
1789799269.642569	16040068922	6541437782	47912963	5865000	41620000	7841000	41000	696797	0
1789799270.154123	16040567456	6541595924	47913573	5865000	41620000	7841000	41000	662522	0
1789799270.661000	16040755200	6541604164	47915038	5865000	41620000	7841000	41000	905717	0
1789799271.172601	16040970714	6541618446	47915343	5865000	41620000	7841000	41000	922949	0
1789799271.680678	16041153331	6541626380	47916076	5900000	41610000	7889000	41000	695131	0
1789799272.192796	16041348704	6541635780	47916686	5900000	41610000	7889000	41000	817481	0
1789799272.698983	16041506480	6541639930	47916686	5900000	41610000	7889000	41000	673042	0
