t_s,tier,phase,soc_w,core_w,uncore_w,bat_power_now_w,bat_energy_wh,pkg_temp_c,cpu_mhz,fan_rpm
0.00,ref,settle,0.627,0.069,0.000,6.742,44.930,37.0,641,0
0.51,ref,settle,1.189,0.359,0.000,6.742,44.930,36.0,983,0
1.02,ref,settle,0.534,0.037,0.000,6.742,44.930,36.0,828,0
1.53,ref,settle,0.358,0.019,0.000,6.754,44.920,36.0,795,0
2.03,ref,settle,0.483,0.035,0.000,6.754,44.920,36.0,665,0
2.54,ref,settle,0.453,0.022,0.000,6.754,44.920,36.0,955,0
3.05,ref,settle,0.411,0.026,0.000,6.754,44.920,36.0,892,0
3.56,ref,settle,0.655,0.008,0.000,6.758,44.920,36.0,672,0
4.06,ref,settle,0.375,0.024,0.000,6.758,44.920,36.0,885,0
4.57,ref,settle,0.276,0.008,0.000,6.758,44.920,36.0,651,0
5.08,ref,settle,0.418,0.027,0.000,6.758,44.920,36.0,747,0
5.59,ref,settle,0.540,0.025,0.000,6.771,44.920,36.0,657,0
6.09,ref,settle,0.866,0.074,0.000,6.771,44.920,36.0,588,0
6.60,ref,settle,0.331,0.010,0.000,6.771,44.920,36.0,572,0
7.11,ref,settle,0.360,0.025,0.000,6.771,44.920,36.0,655,0
7.62,ref,settle,1.177,0.401,0.000,6.771,44.920,36.0,998,0
8.13,ref,settle,1.276,0.182,0.000,6.771,44.920,36.0,1129,0
8.63,ref,settle,1.242,0.174,0.000,6.764,44.910,36.0,924,0
9.14,ref,settle,1.234,0.177,0.000,6.764,44.910,36.0,556,0
9.65,ref,settle,0.310,0.011,0.000,6.764,44.910,36.0,882,0
10.15,ref,settle,0.489,0.039,0.000,6.764,44.910,36.0,663,0
10.66,ref,settle,0.490,0.033,0.000,6.770,44.910,36.0,642,0
11.17,ref,settle,0.444,0.030,0.000,6.770,44.910,36.0,913,0
11.68,ref,settle,0.492,0.014,0.000,6.770,44.910,36.0,681,0
12.18,ref,settle,0.479,0.026,0.000,6.770,44.910,36.0,642,0
12.69,ref,settle,0.301,0.011,0.000,6.768,44.910,36.0,674,0
13.20,ref,settle,0.876,0.239,0.000,6.768,44.910,36.0,600,0
13.71,ref,settle,0.394,0.026,0.000,6.768,44.910,36.0,560,0
14.22,ref,settle,0.462,0.028,0.000,6.768,44.910,36.0,613,0
14.73,ref,settle,1.086,0.356,0.005,6.772,44.910,36.0,867,0
15.23,ref,settle,0.546,0.035,0.004,6.772,44.910,36.0,678,0
15.74,ref,settle,0.420,0.033,0.005,6.772,44.910,36.0,785,0
16.25,ref,settle,0.900,0.040,0.000,6.772,44.910,36.0,660,0
16.76,ref,settle,0.563,0.029,0.003,6.769,44.910,36.0,655,0
17.26,ref,settle,0.683,0.044,0.002,6.769,44.910,36.0,569,0
17.78,ref,settle,1.015,0.349,0.003,6.769,44.910,36.0,1110,0
18.28,ref,settle,0.539,0.039,0.004,6.769,44.910,36.0,1116,0
18.79,ref,settle,0.403,0.034,0.000,6.769,44.910,36.0,1029,0
19.30,ref,settle,0.370,0.019,0.000,6.769,44.910,36.0,578,0
19.81,ref,settle,0.453,0.031,0.000,6.772,44.900,36.0,578,0
20.31,ref,settle,0.412,0.022,0.000,6.772,44.900,36.0,677,0
20.82,ref,settle,1.157,0.310,0.000,6.772,44.900,37.0,1457,0
21.33,warm,warm,7.947,3.969,0.000,6.772,44.900,37.0,986,0
21.83,warm,warm,5.958,3.197,0.000,6.761,44.900,38.0,1045,0
22.34,warm,warm,5.976,3.256,0.000,6.761,44.900,38.0,1035,0
22.85,warm,warm,5.971,3.078,0.000,6.761,44.900,39.0,1042,0
23.36,warm,warm,5.973,3.068,0.000,6.761,44.900,39.0,999,0
23.87,warm,warm,5.975,2.956,0.000,6.728,44.890,39.0,921,0
24.38,warm,warm,5.970,3.001,0.000,6.728,44.890,39.0,929,0
24.89,warm,warm,5.957,3.005,0.000,6.728,44.890,39.0,1030,0
25.40,warm,warm,5.974,2.997,0.000,6.728,44.890,39.0,991,0
25.91,warm,warm,5.934,3.133,0.000,6.726,44.890,39.0,1094,0
26.42,warm,warm,5.829,3.119,0.000,6.726,44.890,39.0,1238,0
26.93,warm,warm,3.787,1.708,0.000,6.726,44.890,38.0,901,0
27.43,warm,warm,0.993,0.454,0.000,6.726,44.890,38.0,1630,0
27.94,warm,warm,1.274,0.536,0.000,6.761,44.880,38.0,949,0
28.45,warm,warm,1.117,0.415,0.000,6.761,44.880,38.0,738,0
28.96,warm,warm,0.988,0.317,0.000,6.761,44.880,38.0,869,0
29.47,warm,warm,0.533,0.082,0.000,6.761,44.880,38.0,847,0
29.98,warm,warm,1.194,0.359,0.000,6.761,44.880,37.0,707,0
30.49,warm,warm,0.420,0.018,0.000,6.761,44.880,37.0,663,0
31.00,warm,warm,0.585,0.025,0.000,6.763,44.880,36.0,864,0
31.51,warm,warm,0.817,0.012,0.000,6.763,44.880,36.0,585,0
32.02,warm,warm,0.699,0.069,0.000,6.763,44.880,36.0,683,0
32.53,warm,warm,0.500,0.024,0.000,6.763,44.880,36.0,705,0
33.04,warm,warm,0.543,0.033,0.000,6.765,44.880,36.0,647,0
33.55,warm,warm,0.420,0.014,0.000,6.765,44.880,36.0,770,0
34.06,warm,warm,0.671,0.038,0.000,6.765,44.880,37.0,865,0
34.57,warm,warm,1.337,0.342,0.003,6.765,44.880,37.0,1090,0
35.08,warm,warm,0.648,0.064,0.004,6.766,44.870,36.0,758,0
35.59,warm,warm,0.401,0.025,0.000,6.766,44.870,36.0,889,0
36.11,warm,warm,0.795,0.051,0.003,6.766,44.870,36.0,719,0
36.61,warm,warm,0.435,0.028,0.003,6.766,44.870,36.0,776,0
37.12,warm,warm,0.437,0.029,0.004,6.770,44.870,36.0,847,0
37.63,warm,warm,0.954,0.263,0.003,6.770,44.870,36.0,1021,0
38.14,warm,warm,0.523,0.034,0.002,6.770,44.870,36.0,922,0
38.65,warm,warm,0.400,0.019,0.000,6.770,44.870,36.0,673,0
39.16,warm,warm,0.648,0.041,0.000,6.768,44.870,36.0,664,0
39.67,warm,warm,0.390,0.018,0.000,6.768,44.870,36.0,675,0
40.18,warm,warm,0.452,0.042,0.000,6.768,44.870,36.0,672,0
40.69,warm,warm,0.629,0.113,0.000,6.768,44.870,36.0,1015,0
41.20,cool,wait,1.331,0.436,0.007,6.767,44.870,37.0,847,0
41.71,saver#r1,idle,0.726,0.176,0.004,6.767,44.870,37.0,962,0
42.22,saver#r1,idle,0.498,0.045,0.005,6.767,44.870,36.0,1126,0
42.73,saver#r1,idle,0.357,0.015,0.000,6.767,44.870,36.0,900,0
43.24,saver#r1,idle,0.515,0.057,0.001,6.767,44.870,36.0,852,0
43.75,saver#r1,idle,0.458,0.035,0.004,6.767,44.870,36.0,728,0
44.26,saver#r1,idle,0.419,0.032,0.002,6.770,44.860,36.0,629,0
44.77,saver#r1,idle,0.540,0.032,0.000,6.770,44.860,36.0,1171,0
45.28,saver#r1,idle,0.442,0.027,0.000,6.770,44.860,36.0,650,0
45.79,saver#r1,idle,0.358,0.015,0.000,6.770,44.860,36.0,933,0
46.29,saver#r1,idle,0.329,0.022,0.000,6.771,44.860,36.0,569,0
46.80,saver#r1,idle,0.412,0.031,0.000,6.771,44.860,36.0,883,0
47.31,saver#r1,idle,0.306,0.012,0.000,6.771,44.860,36.0,837,0
47.82,saver#r1,idle,1.160,0.381,0.000,6.771,44.860,36.0,691,0
48.33,saver#r1,idle,0.816,0.170,0.000,6.769,44.860,36.0,861,0
48.83,saver#r1,idle,0.466,0.029,0.000,6.769,44.860,36.0,772,0
49.34,saver#r1,idle,0.304,0.011,0.000,6.769,44.860,36.0,757,0
49.85,saver#r1,idle,0.506,0.065,0.000,6.769,44.860,36.0,640,0
50.36,saver#r1,idle,0.774,0.012,0.000,6.771,44.860,36.0,877,0
50.87,saver#r1,idle,0.435,0.035,0.000,6.771,44.860,36.0,1066,0
51.38,saver#r1,idle,1.295,0.549,0.000,6.771,44.860,36.0,612,0
51.88,saver#r1,bursty,1.058,0.353,0.000,6.771,44.860,36.0,594,0
52.39,saver#r1,bursty,0.817,0.298,0.000,6.763,44.850,36.0,889,0
52.90,saver#r1,bursty,0.820,0.319,0.000,6.763,44.850,36.0,681,0
53.41,saver#r1,bursty,0.923,0.321,0.000,6.763,44.850,36.0,980,0
53.92,saver#r1,bursty,0.985,0.350,0.000,6.763,44.850,36.0,567,0
54.43,saver#r1,bursty,0.851,0.327,0.000,6.763,44.850,36.0,625,0
54.93,saver#r1,bursty,1.001,0.349,0.000,6.763,44.850,36.0,599,0
55.44,saver#r1,bursty,0.803,0.310,0.000,6.769,44.850,36.0,740,0
55.95,saver#r1,bursty,0.898,0.330,0.000,6.769,44.850,36.0,663,0
56.46,saver#r1,bursty,0.817,0.322,0.000,6.769,44.850,37.0,762,0
56.96,saver#r1,bursty,0.853,0.340,0.000,6.769,44.850,37.0,688,0
57.47,saver#r1,bursty,1.065,0.471,0.000,6.761,44.850,37.0,1310,0
57.97,saver#r1,bursty,1.214,0.481,0.000,6.761,44.850,37.0,1135,0
58.48,saver#r1,bursty,0.805,0.314,0.000,6.761,44.850,37.0,805,0
58.99,saver#r1,bursty,0.880,0.351,0.000,6.761,44.850,37.0,1142,0
59.50,saver#r1,bursty,0.863,0.330,0.000,6.766,44.840,37.0,904,0
60.00,saver#r1,bursty,1.003,0.358,0.000,6.766,44.840,37.0,858,0
60.51,saver#r1,bursty,0.828,0.342,0.000,6.766,44.840,37.0,867,0
61.02,saver#r1,bursty,1.076,0.242,0.004,6.766,44.840,37.0,955,0
61.53,saver#r1,gap,0.548,0.104,0.000,6.767,44.840,37.0,725,0
62.03,saver#r1,gap,0.753,0.232,0.002,6.767,44.840,37.0,545,0
62.54,saver#r1,gap,0.465,0.036,0.002,6.767,44.840,36.0,922,0
63.05,saver#r1,gap,0.426,0.052,0.002,6.767,44.840,36.0,585,0
63.56,saver#r1,gap,0.398,0.018,0.002,6.772,44.840,36.0,674,0
64.06,saver#r1,gap,0.545,0.109,0.002,6.772,44.840,36.0,1071,0
64.57,saver#r1,pdf_render,1.948,0.957,0.000,6.772,44.840,37.0,1428,0
65.08,saver#r1,pdf_render,1.820,0.798,0.002,6.772,44.840,37.0,941,0
65.59,saver#r1,pdf_render,1.730,0.819,0.000,6.772,44.840,37.0,1066,0
66.10,saver#r1,pdf_render,1.746,0.840,0.000,6.772,44.840,37.0,892,0
66.61,saver#r1,pdf_render,1.782,0.819,0.000,6.761,44.840,37.0,930,0
67.11,saver#r1,pdf_render,1.711,0.797,0.000,6.761,44.840,37.0,812,0
67.62,saver#r1,pdf_render,2.135,1.056,0.000,6.761,44.840,37.0,860,0
68.13,saver#r1,pdf_render,1.672,0.779,0.000,6.761,44.840,37.0,944,0
68.63,saver#r1,pdf_render,1.775,0.857,0.000,6.759,44.830,37.0,832,0
69.14,saver#r1,pdf_render,1.782,0.869,0.000,6.759,44.830,37.0,897,0
69.65,saver#r1,pdf_render,2.017,1.096,0.000,6.759,44.830,37.0,1031,0
70.15,saver#r1,pdf_render,1.774,0.866,0.000,6.759,44.830,37.0,827,0
70.66,saver#r1,pdf_render,1.844,0.919,0.000,6.759,44.830,37.0,806,0
71.17,saver#r1,pdf_render,1.785,0.875,0.000,6.759,44.830,37.0,809,0
71.68,saver#r1,pdf_render,1.738,0.820,0.000,6.759,44.830,37.0,916,0
72.18,saver#r1,pdf_render,1.940,0.929,0.000,6.759,44.830,37.0,927,0
72.69,saver#r1,pdf_render,1.812,0.892,0.000,6.758,44.830,37.0,1054,0
73.20,saver#r1,pdf_render,1.702,0.799,0.000,6.758,44.830,37.0,1083,0
73.70,saver#r1,pdf_render,1.866,0.942,0.000,6.758,44.830,37.0,1104,0
74.21,saver#r1,pdf_render,1.743,0.851,0.000,6.758,44.830,37.0,919,0
74.72,saver#r1,pdf_render,1.728,0.814,0.000,6.758,44.820,37.0,976,0
75.22,saver#r1,pdf_render,1.861,0.861,0.000,6.758,44.820,37.0,962,0
75.73,saver#r1,pdf_render,1.735,0.819,0.000,6.758,44.820,37.0,956,0
76.23,saver#r1,pdf_render,1.728,0.835,0.000,6.758,44.820,37.0,1100,0
76.74,saver#r1,pdf_render,1.827,0.876,0.000,6.758,44.820,37.0,928,0
77.25,saver#r1,pdf_render,1.796,0.875,0.000,6.758,44.820,37.0,1091,0
77.76,saver#r1,pdf_render,2.221,1.045,0.000,6.756,44.820,38.0,930,0
78.26,saver#r1,pdf_render,1.885,0.946,0.000,6.756,44.820,38.0,968,0
78.77,saver#r1,pdf_render,1.768,0.845,0.000,6.756,44.820,38.0,950,0
79.28,saver#r1,pdf_render,1.178,0.459,0.003,6.756,44.820,38.0,956,0
79.79,saver#r1,gap,1.081,0.381,0.004,6.760,44.820,36.0,911,0
80.29,saver#r1,gap,0.388,0.027,0.004,6.760,44.820,36.0,746,0
80.80,saver#r1,gap,0.364,0.014,0.000,6.760,44.820,36.0,881,0
81.31,saver#r1,gap,0.375,0.022,0.003,6.760,44.820,36.0,837,0
81.82,saver#r1,gap,0.397,0.018,0.003,6.772,44.810,36.0,665,0
82.32,saver#r1,gap,1.383,0.526,0.003,6.772,44.810,36.0,1089,0
82.83,saver#r1,office,2.376,1.104,0.003,6.772,44.810,37.0,1052,0
83.34,saver#r1,office,2.140,0.940,0.000,6.772,44.810,37.0,660,0
83.85,saver#r1,office,2.249,1.056,0.000,6.756,44.810,38.0,1252,0
84.35,saver#r1,office,2.165,1.064,0.000,6.756,44.810,38.0,724,0
84.86,saver#r1,office,1.459,0.495,0.004,6.756,44.810,37.0,789,0
85.36,saver#r1,gap,0.857,0.294,0.004,6.756,44.810,37.0,900,0
85.87,saver#r1,gap,0.473,0.030,0.003,6.771,44.810,36.0,981,0
86.38,saver#r1,gap,0.493,0.025,0.002,6.771,44.810,36.0,1111,0
86.89,saver#r1,gap,0.420,0.019,0.003,6.771,44.810,36.0,645,0
87.40,saver#r1,gap,0.378,0.034,0.000,6.771,44.810,36.0,1083,0
87.91,saver#r1,gap,2.357,1.152,0.003,6.771,44.810,39.0,1071,0
88.41,saver#r1,python,2.678,1.426,0.003,6.771,44.810,39.0,728,0
88.92,saver#r1,python,3.091,1.585,0.000,6.756,44.810,40.0,826,0
89.42,saver#r1,python,2.141,0.831,0.000,6.756,44.810,40.0,514,0
89.93,saver#r1,python,2.193,0.759,0.000,6.756,44.810,38.0,1675,0
90.44,saver#r1,python,2.059,0.383,0.003,6.756,44.810,38.0,805,0
90.95,saver#r1,gap,1.258,0.334,0.004,6.753,44.800,37.0,619,0
91.45,saver#r1,gap,0.740,0.017,0.000,6.753,44.800,37.0,710,0
91.96,saver#r1,gap,0.818,0.038,0.003,6.753,44.800,36.0,545,0
92.47,saver#r1,gap,0.837,0.030,0.004,6.753,44.800,36.0,1003,0
92.98,saver#r1,gap,0.903,0.043,0.002,6.759,44.800,36.0,749,0
93.48,saver#r1,gap,2.361,0.756,0.003,6.759,44.800,36.0,1439,0
93.99,saver#r1,compress,7.579,3.824,0.002,6.759,44.800,38.0,936,0
94.50,saver#r1,compress,5.956,3.208,0.000,6.759,44.800,38.0,1032,0
95.02,saver#r1,compress,5.974,3.157,0.000,6.728,44.790,39.0,954,0
95.53,saver#r1,compress,5.971,3.041,0.000,6.728,44.790,39.0,932,0
96.04,saver#r1,compress,5.967,3.091,0.000,6.728,44.790,39.0,908,0
96.55,saver#r1,compress,5.981,3.077,0.000,6.728,44.790,39.0,882,0
97.06,saver#r1,compress,5.968,3.037,0.000,6.724,44.790,39.0,923,0
97.57,saver#r1,compress,5.967,3.086,0.000,6.724,44.790,39.0,931,0
98.08,saver#r1,compress,5.942,3.128,0.000,6.724,44.790,39.0,1084,0
98.58,saver#r1,compress,5.958,3.134,0.000,6.724,44.790,39.0,1020,0
99.09,saver#r1,compress,5.813,3.062,0.000,6.724,44.790,39.0,1379,0
99.60,saver#r1,compress,4.056,1.814,0.004,6.724,44.790,39.0,688,0
100.11,saver#r1,gap,1.281,0.374,0.004,6.725,44.780,39.0,971,0
100.62,saver#r1,gap,0.761,0.020,0.005,6.725,44.780,39.0,745,0
101.13,saver#r1,gap,0.867,0.027,0.005,6.725,44.780,37.0,613,0
101.64,saver#r1,gap,0.968,0.269,0.000,6.725,44.780,37.0,614,0
102.15,saver#r1,gap,0.364,0.016,0.000,6.764,44.780,37.0,660,0
102.66,saver#r1,gap,1.345,0.388,0.000,6.764,44.780,37.0,1662,0
103.17,saver#r1,sustained20s,7.943,3.880,0.000,6.764,44.780,39.0,953,0
103.68,saver#r1,sustained20s,5.963,3.200,0.000,6.764,44.780,39.0,1032,0
104.19,saver#r1,sustained20s,5.957,3.166,0.000,6.723,44.770,40.0,1038,0
104.70,saver#r1,sustained20s,5.976,3.098,0.000,6.723,44.770,40.0,926,0
105.20,saver#r1,sustained20s,5.971,3.102,0.000,6.723,44.770,40.0,1043,0
105.71,saver#r1,sustained20s,5.948,3.188,0.000,6.723,44.770,40.0,1028,0
106.22,saver#r1,sustained20s,5.994,3.093,0.000,6.725,44.770,40.0,1043,0
106.73,saver#r1,sustained20s,5.962,2.993,0.000,6.725,44.770,40.0,1023,0
107.24,saver#r1,sustained20s,5.955,3.104,0.000,6.725,44.770,40.0,1096,0
107.75,saver#r1,sustained20s,5.969,3.165,0.000,6.725,44.770,40.0,1108,0
108.26,saver#r1,sustained20s,5.713,3.008,0.000,6.723,44.760,40.0,1112,0
108.76,saver#r1,sustained20s,3.626,1.381,0.000,6.723,44.760,40.0,1086,0
109.28,saver#r1,sustained20s,7.432,3.661,0.000,6.723,44.760,41.0,923,0
109.78,saver#r1,sustained20s,5.961,3.098,0.000,6.723,44.760,41.0,934,0
110.30,saver#r1,sustained20s,5.948,3.214,0.000,6.723,44.760,40.0,1091,0
110.80,saver#r1,sustained20s,5.986,3.060,0.000,6.723,44.760,40.0,930,0
111.31,saver#r1,sustained20s,5.968,3.067,0.000,6.722,44.750,41.0,939,0
111.82,saver#r1,sustained20s,5.971,3.120,0.000,6.722,44.750,41.0,957,0
112.33,saver#r1,sustained20s,5.980,3.049,0.000,6.722,44.750,41.0,931,0
112.84,saver#r1,sustained20s,5.958,3.011,0.000,6.722,44.750,41.0,1035,0
113.36,saver#r1,sustained20s,5.955,3.058,0.000,6.722,44.740,41.0,1045,0
113.86,saver#r1,sustained20s,5.951,3.152,0.003,6.722,44.740,41.0,1027,0
114.37,saver#r1,sustained20s,5.936,3.161,0.000,6.722,44.740,42.0,1156,0
114.88,saver#r1,sustained20s,3.888,1.578,0.000,6.722,44.740,42.0,883,0
115.39,saver#r1,sustained20s,7.106,3.359,0.000,6.730,44.740,41.0,923,0
115.89,saver#r1,sustained20s,5.963,3.042,0.000,6.730,44.740,41.0,882,0
116.41,saver#r1,sustained20s,5.961,3.195,0.000,6.730,44.740,41.0,938,0
116.92,saver#r1,sustained20s,5.973,3.142,0.000,6.730,44.740,41.0,898,0
117.43,saver#r1,sustained20s,5.963,3.039,0.000,6.718,44.730,41.0,915,0
117.94,saver#r1,sustained20s,5.986,3.151,0.000,6.718,44.730,41.0,921,0
118.45,saver#r1,sustained20s,5.954,3.054,0.000,6.718,44.730,42.0,924,0
118.96,saver#r1,sustained20s,5.977,3.065,0.000,6.718,44.730,42.0,839,0
119.47,saver#r1,sustained20s,5.972,3.060,0.000,6.721,44.730,42.0,867,0
119.97,saver#r1,sustained20s,5.932,3.089,0.000,6.721,44.730,42.0,1061,0
120.49,saver#r1,sustained20s,5.839,3.113,0.000,6.721,44.730,42.0,1060,0
120.99,saver#r1,sustained20s,4.982,2.367,0.000,6.721,44.730,42.0,947,0
121.50,saver#r1,sustained20s,6.229,2.736,0.000,6.721,44.730,43.0,1591,0
122.01,saver#r1,sustained20s,6.244,3.368,0.000,6.721,44.730,43.0,1030,0
122.51,saver#r1,sustained20s,5.961,3.190,0.000,6.734,44.720,42.0,1038,0
123.02,saver#r1,sustained20s,5.975,3.097,0.000,6.734,44.720,42.0,1005,0
123.54,saver#r1,sustained20s,5.991,3.077,0.000,6.734,44.720,42.0,877,0
124.04,saver#r1,sustained20s,5.979,3.043,0.000,6.734,44.720,42.0,842,0
124.55,saver#r1,sustained20s,5.954,3.104,0.000,6.715,44.710,42.0,852,0
125.06,saver#r1,sustained20s,5.870,3.152,0.000,6.715,44.710,42.0,1336,0
125.57,saver#r1,sustained20s,6.034,3.150,0.000,6.715,44.710,43.0,1095,0
126.08,saver#r1,sustained20s,5.997,3.121,0.000,6.715,44.710,43.0,930,0
126.59,saver#r1,sustained20s,5.924,3.139,0.000,6.718,44.710,43.0,1103,0
127.09,saver#r1,sustained20s,5.467,2.815,0.000,6.718,44.710,43.0,1067,0
127.60,saver#r1,sustained20s,3.102,1.174,0.004,6.718,44.710,40.0,921,0
128.11,saver#r1,end,0.979,0.309,0.003,6.718,44.710,40.0,1005,0
128.62,saver#r1,end,0.437,0.035,0.000,6.750,44.700,40.0,1207,0
129.13,saver#r1,end,0.401,0.021,0.003,6.750,44.700,40.0,706,0
129.64,saver#r1,end,0.380,0.018,0.004,6.750,44.700,39.0,1143,0
130.15,saver#r1,end,0.394,0.022,0.003,6.750,44.700,39.0,661,0
130.66,saver#r1,end,0.412,0.020,0.002,6.761,44.700,39.0,960,0
131.17,saver#r1,end,0.481,0.026,0.002,6.761,44.700,39.0,886,0
131.68,saver#r1,end,1.187,0.330,0.000,6.761,44.700,40.0,1210,0
132.19,saver#r1,end,0.785,0.192,0.000,6.761,44.700,40.0,694,0
132.70,saver#r1,end,0.643,0.039,0.000,6.761,44.700,39.0,890,0
133.20,saver#r1,end,0.396,0.029,0.001,6.761,44.700,39.0,811,0
133.72,saver#r1,end,0.541,0.053,0.000,6.761,44.700,39.0,902,0
134.23,saver#r1,end,0.406,0.030,0.000,6.761,44.700,39.0,642,0
134.74,saver#r1,end,0.416,0.023,0.000,6.761,44.700,39.0,794,0
135.25,saver#r1,end,0.341,0.013,0.000,6.761,44.700,39.0,810,0
135.76,saver#r1,end,0.405,0.021,0.000,6.763,44.690,39.0,820,0
136.27,saver#r1,end,0.352,0.016,0.000,6.763,44.690,39.0,665,0
136.78,saver#r1,end,0.404,0.024,0.000,6.763,44.690,39.0,700,0
137.29,saver#r1,end,0.320,0.017,0.000,6.763,44.690,39.0,638,0
137.80,saver#r1,end,1.412,0.456,0.000,6.764,44.690,40.0,798,0
138.31,cool,wait,1.753,0.741,0.007,6.764,44.690,40.0,808,0
138.82,balanced#r1,idle,0.664,0.149,0.000,6.764,44.690,39.0,709,0
139.33,balanced#r1,idle,0.413,0.018,0.000,6.764,44.690,39.0,719,0
139.84,balanced#r1,idle,0.352,0.012,0.000,6.764,44.690,39.0,681,0
140.35,balanced#r1,idle,0.319,0.008,0.000,6.764,44.690,39.0,766,0
140.86,balanced#r1,idle,0.333,0.011,0.000,6.764,44.690,39.0,713,0
141.37,balanced#r1,idle,0.406,0.019,0.000,6.764,44.690,39.0,728,0
141.88,balanced#r1,idle,0.406,0.018,0.000,6.761,44.690,38.0,656,0
142.39,balanced#r1,idle,0.325,0.009,0.000,6.761,44.690,38.0,649,0
142.90,balanced#r1,idle,0.439,0.010,0.000,6.761,44.690,38.0,791,0
143.41,balanced#r1,idle,0.472,0.015,0.000,6.761,44.690,38.0,850,0
143.92,balanced#r1,idle,0.332,0.011,0.000,6.764,44.680,38.0,704,0
144.43,balanced#r1,idle,0.344,0.013,0.000,6.764,44.680,38.0,976,0
144.94,balanced#r1,idle,0.354,0.016,0.000,6.764,44.680,38.0,756,0
145.45,balanced#r1,idle,0.316,0.010,0.000,6.764,44.680,38.0,1007,0
145.96,balanced#r1,idle,0.349,0.012,0.000,6.764,44.680,38.0,982,0
146.47,balanced#r1,idle,0.329,0.010,0.000,6.764,44.680,38.0,1125,0
146.98,balanced#r1,idle,0.427,0.011,0.000,6.767,44.680,38.0,953,0
147.49,balanced#r1,idle,0.807,0.264,0.000,6.767,44.680,38.0,1056,0
148.00,balanced#r1,idle,0.726,0.178,0.000,6.767,44.680,38.0,1111,0
148.51,balanced#r1,bursty,1.074,0.381,0.000,6.767,44.680,38.0,1098,0
149.02,balanced#r1,bursty,1.380,0.734,0.000,6.761,44.680,38.0,799,0
149.53,balanced#r1,bursty,0.866,0.384,0.000,6.761,44.680,38.0,814,0
150.04,balanced#r1,bursty,1.207,0.524,0.004,6.761,44.680,39.0,1668,0
150.54,balanced#r1,bursty,1.111,0.499,0.002,6.761,44.680,39.0,810,0
151.05,balanced#r1,bursty,1.108,0.452,0.000,6.762,44.680,39.0,799,0
151.56,balanced#r1,bursty,0.855,0.383,0.000,6.762,44.680,39.0,836,0
152.07,balanced#r1,bursty,0.864,0.399,0.000,6.762,44.680,39.0,883,0
152.58,balanced#r1,bursty,0.892,0.393,0.000,6.762,44.680,39.0,854,0
153.09,balanced#r1,bursty,1.144,0.402,0.000,6.765,44.670,39.0,847,0
153.60,balanced#r1,bursty,0.996,0.380,0.000,6.765,44.670,39.0,1058,0
154.11,balanced#r1,bursty,0.942,0.419,0.000,6.765,44.670,40.0,1228,0
154.62,balanced#r1,bursty,0.916,0.439,0.000,6.765,44.670,40.0,1363,0
155.13,balanced#r1,bursty,0.882,0.411,0.000,6.767,44.670,41.0,1200,0
155.64,balanced#r1,bursty,0.868,0.389,0.000,6.767,44.670,41.0,1068,0
156.15,balanced#r1,bursty,0.947,0.388,0.000,6.767,44.670,39.0,677,0
156.66,balanced#r1,bursty,0.807,0.368,0.000,6.767,44.670,39.0,907,0
157.17,balanced#r1,bursty,0.971,0.369,0.000,6.767,44.670,38.0,654,0
157.68,balanced#r1,bursty,1.469,0.716,0.000,6.767,44.670,38.0,1156,0
158.19,balanced#r1,bursty,0.802,0.103,0.005,6.761,44.670,38.0,688,0
158.70,balanced#r1,gap,1.220,0.422,0.003,6.761,44.670,38.0,992,0
159.21,balanced#r1,gap,0.670,0.023,0.000,6.761,44.670,38.0,638,0
159.72,balanced#r1,gap,0.533,0.028,0.003,6.761,44.670,38.0,651,0
160.23,balanced#r1,gap,0.423,0.030,0.004,6.761,44.670,38.0,733,0
160.74,balanced#r1,gap,0.384,0.019,0.003,6.761,44.670,38.0,712,0
161.25,balanced#r1,gap,1.163,0.258,0.002,6.761,44.670,39.0,676,0
161.76,balanced#r1,pdf_render,3.180,2.062,0.003,6.761,44.670,39.0,1006,0
162.27,balanced#r1,pdf_render,2.866,1.776,0.000,6.751,44.660,42.0,1705,0
162.77,balanced#r1,pdf_render,2.722,1.711,0.000,6.751,44.660,42.0,941,0
163.28,balanced#r1,pdf_render,3.063,1.909,0.000,6.751,44.660,42.0,1665,0
163.78,balanced#r1,pdf_render,2.931,1.827,0.004,6.751,44.660,42.0,1502,0
164.29,balanced#r1,pdf_render,2.888,1.882,0.002,6.748,44.660,42.0,731,0
164.79,balanced#r1,pdf_render,3.167,2.168,0.003,6.748,44.660,42.0,1063,0
165.30,balanced#r1,pdf_render,2.956,1.923,0.000,6.748,44.660,43.0,1011,0
165.80,balanced#r1,pdf_render,2.745,1.814,0.000,6.748,44.660,43.0,1053,0
166.31,balanced#r1,pdf_render,2.846,1.849,0.000,6.747,44.650,45.0,957,0
166.82,balanced#r1,pdf_render,2.941,1.924,0.000,6.747,44.650,45.0,2321,0
167.32,balanced#r1,pdf_render,2.816,1.819,0.000,6.747,44.650,43.0,845,0
167.83,balanced#r1,pdf_render,3.627,2.311,0.000,6.747,44.650,43.0,1075,0
168.33,balanced#r1,pdf_render,2.702,1.730,0.000,6.747,44.650,42.0,1165,0
168.84,balanced#r1,pdf_render,2.765,1.791,0.000,6.747,44.650,42.0,987,0
169.35,balanced#r1,pdf_render,2.739,1.764,0.000,6.747,44.650,42.0,738,0
169.85,balanced#r1,pdf_render,2.690,1.736,0.000,6.747,44.650,42.0,738,0
170.36,balanced#r1,pdf_render,2.708,1.758,0.000,6.747,44.650,42.0,979,0
170.86,balanced#r1,pdf_render,2.901,1.851,0.000,6.747,44.650,42.0,971,0
171.37,balanced#r1,pdf_render,1.687,0.766,0.002,6.739,44.650,39.0,836,0
171.87,balanced#r1,gap,0.783,0.251,0.003,6.739,44.650,39.0,652,0
172.38,balanced#r1,gap,0.374,0.016,0.004,6.739,44.650,38.0,670,0
172.89,balanced#r1,gap,0.539,0.050,0.004,6.739,44.650,38.0,582,0
173.39,balanced#r1,gap,0.623,0.016,0.004,6.765,44.640,38.0,915,0
173.90,balanced#r1,gap,1.148,0.252,0.045,6.765,44.640,38.0,861,0
174.41,balanced#r1,gap,3.334,1.629,0.000,6.765,44.640,43.0,2599,0
174.92,balanced#r1,office,6.493,4.055,0.000,6.765,44.640,43.0,2688,0
175.42,balanced#r1,office,5.572,3.417,0.000,6.711,44.640,46.0,738,0
175.92,balanced#r1,office,3.050,1.677,0.007,6.711,44.640,46.0,770,0
176.43,balanced#r1,gap,1.198,0.430,0.003,6.711,44.640,38.0,1227,0
176.94,balanced#r1,gap,0.575,0.048,0.000,6.711,44.640,38.0,1039,0
177.45,balanced#r1,gap,0.731,0.147,0.002,6.761,44.630,39.0,1407,0
177.95,balanced#r1,gap,0.822,0.227,0.002,6.761,44.630,39.0,809,0
178.46,balanced#r1,gap,0.393,0.015,0.002,6.761,44.630,38.0,851,0
178.97,balanced#r1,gap,1.824,1.003,0.002,6.761,44.630,38.0,1458,0
179.48,balanced#r1,python,5.970,4.018,0.000,6.761,44.630,47.0,1466,0
179.98,balanced#r1,python,5.408,2.665,0.000,6.761,44.630,47.0,1261,0
180.49,balanced#r1,python,3.038,0.893,0.003,6.730,44.630,39.0,971,0
181.00,balanced#r1,gap,1.034,0.372,0.005,6.730,44.630,39.0,570,0
181.51,balanced#r1,gap,0.533,0.018,0.003,6.730,44.630,38.0,577,0
182.01,balanced#r1,gap,0.648,0.049,0.005,6.730,44.630,38.0,659,0
182.52,balanced#r1,gap,0.377,0.023,0.000,6.764,44.630,38.0,616,0
183.03,balanced#r1,gap,0.630,0.026,0.000,6.764,44.630,38.0,870,0
183.54,balanced#r1,gap,4.835,2.103,0.000,6.764,44.630,41.0,1395,0
184.04,balanced#r1,compress,6.209,3.377,0.000,6.764,44.630,41.0,935,0
184.56,balanced#r1,compress,5.966,3.067,0.000,6.718,44.620,41.0,931,0
185.06,balanced#r1,compress,5.961,3.220,0.000,6.718,44.620,41.0,1046,0
185.57,balanced#r1,compress,5.966,3.149,0.000,6.718,44.620,41.0,1034,0
186.08,balanced#r1,compress,5.971,3.194,0.000,6.718,44.620,41.0,1046,0
186.59,balanced#r1,compress,5.988,3.017,0.000,6.721,44.620,41.0,934,0
187.10,balanced#r1,compress,5.971,2.954,0.000,6.721,44.620,41.0,926,0
187.61,balanced#r1,compress,5.953,3.005,0.000,6.721,44.620,41.0,946,0
188.12,balanced#r1,compress,5.973,3.053,0.000,6.721,44.620,41.0,1015,0
188.63,balanced#r1,compress,5.950,3.154,0.000,6.717,44.610,42.0,1071,0
189.14,balanced#r1,compress,5.381,2.633,0.000,6.717,44.610,42.0,898,0
189.65,balanced#r1,compress,3.542,1.411,0.005,6.717,44.610,39.0,1135,0
190.16,balanced#r1,gap,1.082,0.260,0.003,6.717,44.610,39.0,939,0
190.67,balanced#r1,gap,0.515,0.079,0.000,6.717,44.610,39.0,688,0
191.18,balanced#r1,gap,0.489,0.046,0.003,6.717,44.610,39.0,681,0
191.69,balanced#r1,gap,0.385,0.014,0.003,6.761,44.610,38.0,801,0
192.20,balanced#r1,gap,0.380,0.022,0.003,6.761,44.610,38.0,684,0
192.71,balanced#r1,gap,2.100,0.612,0.002,6.761,44.610,40.0,1767,0
193.22,balanced#r1,sustained20s,7.666,4.042,0.004,6.761,44.610,40.0,943,0
193.73,balanced#r1,sustained20s,5.959,3.168,0.000,6.697,44.600,41.0,1010,0
194.23,balanced#r1,sustained20s,5.978,3.147,0.000,6.697,44.600,41.0,938,0
194.74,balanced#r1,sustained20s,5.963,3.075,0.000,6.697,44.600,41.0,930,0
195.25,balanced#r1,sustained20s,5.972,3.073,0.000,6.697,44.600,41.0,931,0
195.76,balanced#r1,sustained20s,5.971,3.051,0.000,6.719,44.590,42.0,945,0
196.27,balanced#r1,sustained20s,5.962,3.037,0.000,6.719,44.590,42.0,941,0
196.78,balanced#r1,sustained20s,5.949,3.127,0.000,6.719,44.590,42.0,1004,0
197.29,balanced#r1,sustained20s,5.964,3.111,0.000,6.719,44.590,42.0,1019,0
197.80,balanced#r1,sustained20s,5.954,3.153,0.000,6.717,44.590,42.0,1152,0
198.31,balanced#r1,sustained20s,5.793,3.092,0.000,6.717,44.590,42.0,977,0
198.82,balanced#r1,sustained20s,4.907,1.966,0.000,6.717,44.590,41.0,1455,0
199.32,balanced#r1,sustained20s,7.245,3.647,0.000,6.717,44.590,41.0,843,0
199.83,balanced#r1,sustained20s,5.956,3.081,0.000,6.717,44.580,42.0,1027,0
200.34,balanced#r1,sustained20s,5.974,3.159,0.000,6.717,44.580,42.0,1020,0
200.85,balanced#r1,sustained20s,5.965,3.118,0.000,6.717,44.580,42.0,935,0
201.36,balanced#r1,sustained20s,5.971,3.077,0.000,6.717,44.580,42.0,1013,0
201.87,balanced#r1,sustained20s,5.971,3.101,0.000,6.717,44.580,42.0,1024,0
202.37,balanced#r1,sustained20s,5.983,3.080,0.000,6.717,44.580,42.0,899,0
202.89,balanced#r1,sustained20s,5.992,3.029,0.000,6.717,44.580,42.0,796,0
203.39,balanced#r1,sustained20s,5.914,3.088,0.000,6.717,44.580,42.0,1029,0
203.90,balanced#r1,sustained20s,5.947,3.138,0.000,6.717,44.580,43.0,1009,0
204.41,balanced#r1,sustained20s,5.925,3.165,0.000,6.717,44.580,43.0,1098,0
204.92,balanced#r1,sustained20s,4.880,2.082,0.000,6.717,44.570,42.0,1578,0
205.43,balanced#r1,sustained20s,7.149,3.592,0.000,6.717,44.570,42.0,896,0
205.94,balanced#r1,sustained20s,5.948,3.139,0.000,6.717,44.570,43.0,1037,0
206.44,balanced#r1,sustained20s,5.972,3.210,0.000,6.717,44.570,43.0,1042,0
206.96,balanced#r1,sustained20s,5.973,3.095,0.000,6.716,44.560,43.0,941,0
207.46,balanced#r1,sustained20s,5.962,3.033,0.000,6.716,44.560,43.0,928,0
207.98,balanced#r1,sustained20s,5.974,3.037,0.000,6.716,44.560,43.0,922,0
208.48,balanced#r1,sustained20s,5.967,3.038,0.000,6.716,44.560,43.0,911,0
209.00,balanced#r1,sustained20s,5.957,3.098,0.000,6.716,44.560,43.0,1077,0
209.50,balanced#r1,sustained20s,5.959,3.122,0.000,6.716,44.560,43.0,1005,0
210.01,balanced#r1,sustained20s,5.972,3.157,0.000,6.716,44.560,44.0,1098,0
210.52,balanced#r1,sustained20s,5.811,3.076,0.004,6.716,44.560,44.0,1043,0
211.03,balanced#r1,sustained20s,4.883,2.302,0.000,6.717,44.550,42.0,1405,0
211.53,balanced#r1,sustained20s,7.237,3.683,0.000,6.717,44.550,42.0,903,0
212.04,balanced#r1,sustained20s,5.943,3.168,0.000,6.717,44.550,43.0,1029,0
212.55,balanced#r1,sustained20s,5.978,3.189,0.000,6.717,44.550,43.0,934,0
213.06,balanced#r1,sustained20s,5.971,3.069,0.000,6.717,44.550,43.0,927,0
213.57,balanced#r1,sustained20s,5.978,2.995,0.000,6.717,44.550,43.0,932,0
214.08,balanced#r1,sustained20s,5.976,3.079,0.000,6.715,44.540,43.0,867,0
214.59,balanced#r1,sustained20s,5.952,3.090,0.000,6.715,44.540,43.0,905,0
215.10,balanced#r1,sustained20s,5.968,3.116,0.000,6.715,44.540,43.0,934,0
215.61,balanced#r1,sustained20s,5.951,3.088,0.000,6.715,44.540,43.0,1033,0
216.12,balanced#r1,sustained20s,5.954,3.153,0.000,6.713,44.540,44.0,1003,0
216.63,balanced#r1,sustained20s,5.735,3.015,0.000,6.713,44.540,44.0,997,0
217.14,balanced#r1,sustained20s,5.111,2.228,0.000,6.713,44.540,43.0,1517,0
217.65,balanced#r1,sustained20s,1.482,0.477,0.003,6.713,44.540,43.0,1018,0
218.15,balanced#r1,end,1.069,0.321,0.003,6.740,44.530,41.0,951,0
218.66,balanced#r1,end,0.545,0.027,0.003,6.740,44.530,41.0,1103,0
219.17,balanced#r1,end,0.490,0.018,0.004,6.740,44.530,41.0,934,0
219.68,balanced#r1,end,0.376,0.019,0.003,6.740,44.530,41.0,1184,0
220.19,balanced#r1,end,0.317,0.007,0.000,6.758,44.530,40.0,977,0
220.70,balanced#r1,end,0.521,0.022,0.002,6.758,44.530,40.0,688,0
221.21,balanced#r1,end,0.397,0.020,0.002,6.758,44.530,40.0,978,0
221.72,balanced#r1,end,1.352,0.443,0.002,6.758,44.530,40.0,775,0
222.23,balanced#r1,end,0.430,0.020,0.003,6.755,44.530,40.0,675,0
222.74,balanced#r1,end,0.515,0.027,0.002,6.755,44.530,40.0,661,0
223.25,balanced#r1,end,0.348,0.019,0.001,6.755,44.530,40.0,1009,0
223.76,balanced#r1,end,0.488,0.050,0.000,6.755,44.530,40.0,973,0
224.28,balanced#r1,end,0.320,0.013,0.000,6.760,44.520,40.0,761,0
224.78,balanced#r1,end,0.417,0.020,0.000,6.760,44.520,40.0,603,0
225.29,balanced#r1,end,0.621,0.016,0.000,6.760,44.520,40.0,748,0
225.80,balanced#r1,end,0.454,0.020,0.000,6.760,44.520,40.0,672,0
226.31,balanced#r1,end,0.333,0.010,0.000,6.760,44.520,40.0,760,0
226.81,balanced#r1,end,0.490,0.021,0.000,6.760,44.520,40.0,904,0
227.32,balanced#r1,end,0.350,0.012,0.000,6.760,44.520,40.0,779,0
227.83,balanced#r1,end,1.407,0.575,0.000,6.760,44.520,40.0,1002,0
228.34,cool,wait,0.716,0.232,0.000,6.760,44.520,40.0,1253,0
228.84,cool,wait,0.488,0.035,0.000,6.760,44.520,40.0,1072,0
229.36,cool,wait,0.302,0.013,0.000,6.755,44.520,40.0,655,0
229.86,cool,wait,0.384,0.023,0.000,6.755,44.520,40.0,640,0
230.37,cool,wait,0.445,0.011,0.000,6.755,44.520,39.0,644,0
230.88,cool,wait,0.377,0.017,0.000,6.755,44.520,39.0,718,0
231.38,cool,wait,0.313,0.010,0.000,6.760,44.520,39.0,927,0
231.89,cool,wait,1.321,0.543,0.003,6.760,44.520,39.0,671,0
232.40,saver+bp#r1,idle,1.090,0.369,0.003,6.760,44.520,40.0,835,0
232.91,saver+bp#r1,idle,0.467,0.030,0.005,6.760,44.520,40.0,632,0
233.42,saver+bp#r1,idle,0.437,0.022,0.006,6.761,44.510,39.0,1142,0
233.92,saver+bp#r1,idle,0.466,0.043,0.004,6.761,44.510,39.0,1005,0
234.43,saver+bp#r1,idle,0.416,0.016,0.000,6.761,44.510,39.0,790,0
234.94,saver+bp#r1,idle,0.406,0.019,0.004,6.761,44.510,39.0,650,0
235.45,saver+bp#r1,idle,0.327,0.016,0.000,6.761,44.510,39.0,1117,0
235.95,saver+bp#r1,idle,0.629,0.093,0.000,6.761,44.510,39.0,591,0
236.46,saver+bp#r1,idle,0.572,0.017,0.000,6.761,44.510,39.0,840,0
236.97,saver+bp#r1,idle,0.401,0.026,0.000,6.761,44.510,39.0,1013,0
237.48,saver+bp#r1,idle,1.017,0.210,0.000,6.761,44.510,39.0,1319,0
237.99,saver+bp#r1,idle,0.708,0.193,0.000,6.761,44.510,39.0,652,0
238.49,saver+bp#r1,idle,0.433,0.015,0.000,6.753,44.510,39.0,660,0
239.00,saver+bp#r1,idle,0.538,0.020,0.000,6.753,44.510,39.0,710,0
239.51,saver+bp#r1,idle,0.332,0.014,0.000,6.753,44.510,39.0,763,0
240.02,saver+bp#r1,idle,0.428,0.019,0.000,6.753,44.510,39.0,873,0
240.53,saver+bp#r1,idle,0.369,0.024,0.000,6.761,44.510,39.0,1145,0
241.03,saver+bp#r1,idle,0.372,0.013,0.000,6.761,44.510,39.0,639,0
241.54,saver+bp#r1,idle,0.357,0.013,0.000,6.761,44.510,39.0,677,0
242.05,saver+bp#r1,idle,1.495,0.726,0.000,6.761,44.510,39.0,692,0
242.56,saver+bp#r1,bursty,1.532,0.716,0.000,6.754,44.500,39.0,581,0
243.06,saver+bp#r1,bursty,0.842,0.358,0.000,6.754,44.500,39.0,683,0
243.57,saver+bp#r1,bursty,0.811,0.362,0.000,6.754,44.500,39.0,943,0
244.08,saver+bp#r1,bursty,0.808,0.362,0.000,6.754,44.500,39.0,668,0
244.59,saver+bp#r1,bursty,0.800,0.367,0.000,6.752,44.500,39.0,963,0
245.09,saver+bp#r1,bursty,0.817,0.357,0.000,6.752,44.500,39.0,723,0
245.60,saver+bp#r1,bursty,0.878,0.399,0.000,6.752,44.500,39.0,945,0
246.11,saver+bp#r1,bursty,0.849,0.374,0.000,6.752,44.500,39.0,1014,0
246.62,saver+bp#r1,bursty,0.816,0.353,0.000,6.761,44.500,39.0,755,0
247.12,saver+bp#r1,bursty,0.808,0.357,0.000,6.761,44.500,39.0,652,0
247.64,saver+bp#r1,bursty,1.585,0.765,0.000,6.761,44.500,39.0,975,0
248.14,saver+bp#r1,bursty,0.948,0.350,0.000,6.761,44.500,39.0,547,0
248.65,saver+bp#r1,bursty,0.954,0.367,0.000,6.761,44.500,39.0,653,0
249.16,saver+bp#r1,bursty,0.932,0.356,0.000,6.761,44.500,39.0,584,0
249.67,saver+bp#r1,bursty,0.914,0.359,0.000,6.756,44.490,39.0,944,0
250.17,saver+bp#r1,bursty,0.802,0.356,0.000,6.756,44.490,39.0,672,0
250.68,saver+bp#r1,bursty,0.843,0.362,0.000,6.756,44.490,38.0,760,0
251.19,saver+bp#r1,bursty,0.898,0.365,0.000,6.756,44.490,38.0,899,0
251.70,saver+bp#r1,bursty,0.796,0.354,0.000,6.761,44.490,38.0,674,0
252.20,saver+bp#r1,bursty,0.610,0.106,0.005,6.761,44.490,38.0,600,0
252.71,saver+bp#r1,gap,1.145,0.337,0.004,6.761,44.490,38.0,843,0
253.22,saver+bp#r1,gap,0.410,0.019,0.004,6.761,44.490,38.0,663,0
253.73,saver+bp#r1,gap,0.548,0.032,0.004,6.761,44.490,38.0,660,0
254.24,saver+bp#r1,gap,0.348,0.014,0.004,6.761,44.490,38.0,1114,0
254.75,saver+bp#r1,gap,0.432,0.019,0.000,6.761,44.490,38.0,667,0
255.25,saver+bp#r1,gap,2.531,1.520,0.002,6.761,44.490,38.0,1073,0
255.76,saver+bp#r1,pdf_render,3.194,2.088,0.002,6.745,44.490,41.0,1192,0
256.27,saver+bp#r1,pdf_render,2.697,1.787,0.000,6.745,44.490,41.0,785,0
256.78,saver+bp#r1,pdf_render,2.734,1.823,0.000,6.745,44.490,41.0,1060,0
257.28,saver+bp#r1,pdf_render,2.755,1.834,0.000,6.745,44.490,41.0,882,0
257.79,saver+bp#r1,pdf_render,3.666,2.326,0.000,6.740,44.480,41.0,1253,0
258.30,saver+bp#r1,pdf_render,2.825,1.887,0.000,6.740,44.480,41.0,1282,0
258.81,saver+bp#r1,pdf_render,3.214,2.264,0.000,6.740,44.480,41.0,1232,0
259.31,saver+bp#r1,pdf_render,2.928,1.898,0.000,6.740,44.480,41.0,1314,0
259.82,saver+bp#r1,pdf_render,2.857,1.907,0.000,6.740,44.480,41.0,1256,0
260.32,saver+bp#r1,pdf_render,2.956,2.024,0.000,6.740,44.480,41.0,1446,0
260.83,saver+bp#r1,pdf_render,2.797,1.851,0.000,6.743,44.480,41.0,1826,0
261.33,saver+bp#r1,pdf_render,2.899,1.957,0.000,6.743,44.480,41.0,1261,0
261.84,saver+bp#r1,pdf_render,2.804,1.868,0.000,6.743,44.480,41.0,1090,0
262.35,saver+bp#r1,pdf_render,2.788,1.856,0.000,6.743,44.480,41.0,1051,0
262.86,saver+bp#r1,pdf_render,2.845,1.910,0.000,6.744,44.470,41.0,1404,0
263.36,saver+bp#r1,pdf_render,2.746,1.814,0.000,6.744,44.470,41.0,787,0
263.87,saver+bp#r1,pdf_render,2.791,1.878,0.000,6.744,44.470,43.0,1432,0
264.37,saver+bp#r1,pdf_render,2.752,1.854,0.000,6.744,44.470,43.0,1012,0
264.88,saver+bp#r1,pdf_render,2.086,1.158,0.003,6.743,44.470,39.0,818,0
265.39,saver+bp#r1,gap,0.950,0.321,0.003,6.743,44.470,39.0,1110,0
265.89,saver+bp#r1,gap,0.476,0.044,0.003,6.743,44.470,39.0,1149,0
266.40,saver+bp#r1,gap,0.808,0.016,0.000,6.743,44.470,39.0,654,0
266.91,saver+bp#r1,gap,0.492,0.017,0.003,6.757,44.470,38.0,564,0
267.42,saver+bp#r1,gap,0.474,0.062,0.002,6.757,44.470,38.0,1300,0
267.93,saver+bp#r1,gap,1.854,0.742,0.002,6.757,44.470,40.0,1377,0
268.43,saver+bp#r1,office,3.320,1.618,0.004,6.757,44.470,40.0,789,0
268.94,saver+bp#r1,office,4.102,2.779,0.000,6.735,44.460,46.0,1022,0
269.44,saver+bp#r1,office,3.943,2.327,0.003,6.735,44.460,46.0,1030,0
269.95,saver+bp#r1,gap,1.239,0.296,0.003,6.735,44.460,39.0,1207,0
270.46,saver+bp#r1,gap,0.642,0.132,0.006,6.735,44.460,39.0,1505,0
270.97,saver+bp#r1,gap,0.703,0.122,0.008,6.735,44.460,38.0,715,0
271.47,saver+bp#r1,gap,0.383,0.019,0.003,6.735,44.460,38.0,1016,0
271.98,saver+bp#r1,gap,0.399,0.017,0.003,6.761,44.460,38.0,663,0
272.49,saver+bp#r1,gap,0.721,0.216,0.000,6.761,44.460,38.0,1091,0
273.00,saver+bp#r1,python,5.199,3.399,0.003,6.761,44.460,49.0,713,0
273.50,saver+bp#r1,python,5.357,2.933,0.000,6.761,44.460,49.0,675,0
274.01,saver+bp#r1,python,4.280,1.472,0.004,6.722,44.460,39.0,665,0
274.51,saver+bp#r1,gap,1.163,0.311,0.001,6.722,44.460,39.0,652,0
275.02,saver+bp#r1,gap,0.410,0.023,0.004,6.722,44.460,39.0,644,0
275.53,saver+bp#r1,gap,0.574,0.029,0.002,6.722,44.460,39.0,704,0
276.04,saver+bp#r1,gap,0.453,0.033,0.000,6.758,44.450,38.0,565,0
276.54,saver+bp#r1,gap,0.419,0.019,0.000,6.758,44.450,38.0,701,0
277.05,saver+bp#r1,gap,1.796,0.631,0.000,6.758,44.450,40.0,1844,0
277.56,saver+bp#r1,compress,7.596,4.024,0.000,6.758,44.450,40.0,1088,0
278.07,saver+bp#r1,compress,5.987,3.247,0.000,6.716,44.450,41.0,930,0
278.57,saver+bp#r1,compress,5.975,3.154,0.000,6.716,44.450,41.0,941,0
279.09,saver+bp#r1,compress,5.964,3.108,0.000,6.716,44.450,41.0,1008,0
279.60,saver+bp#r1,compress,5.968,3.151,0.000,6.716,44.450,41.0,943,0
280.11,saver+bp#r1,compress,5.959,3.148,0.000,6.717,44.440,42.0,1022,0
280.62,saver+bp#r1,compress,5.988,3.034,0.000,6.717,44.440,42.0,930,0
281.13,saver+bp#r1,compress,5.955,3.037,0.000,6.717,44.440,42.0,1020,0
281.64,saver+bp#r1,compress,5.959,3.086,0.000,6.717,44.440,42.0,1047,0
282.15,saver+bp#r1,compress,5.804,3.075,0.000,6.717,44.440,42.0,1161,0
282.65,saver+bp#r1,compress,5.968,3.006,0.000,6.717,44.440,42.0,1332,0
283.16,saver+bp#r1,compress,4.253,1.933,0.003,6.717,44.440,40.0,724,0
283.67,saver+bp#r1,gap,1.035,0.378,0.000,6.717,44.440,40.0,1014,0
284.18,saver+bp#r1,gap,0.453,0.072,0.003,6.717,44.440,39.0,671,0
284.68,saver+bp#r1,gap,0.596,0.037,0.005,6.717,44.440,39.0,752,0
285.20,saver+bp#r1,gap,0.370,0.015,0.004,6.758,44.430,39.0,674,0
285.70,saver+bp#r1,gap,0.475,0.021,0.003,6.758,44.430,39.0,831,0
286.22,saver+bp#r1,gap,0.855,0.158,0.001,6.758,44.430,39.0,1345,0
286.72,saver+bp#r1,sustained20s,7.893,4.123,0.003,6.758,44.430,39.0,849,0
287.23,saver+bp#r1,sustained20s,5.964,3.165,0.000,6.712,44.430,42.0,940,0
287.74,saver+bp#r1,sustained20s,5.962,3.255,0.000,6.712,44.430,42.0,940,0
288.25,saver+bp#r1,sustained20s,5.955,3.149,0.000,6.712,44.430,42.0,1041,0
288.76,saver+bp#r1,sustained20s,5.970,3.089,0.000,6.712,44.430,42.0,968,0
289.27,saver+bp#r1,sustained20s,5.977,3.079,0.000,6.714,44.420,42.0,1033,0
289.78,saver+bp#r1,sustained20s,5.981,3.051,0.000,6.714,44.420,42.0,910,0
290.29,saver+bp#r1,sustained20s,5.958,3.016,0.000,6.714,44.420,42.0,1031,0
290.80,saver+bp#r1,sustained20s,5.967,3.063,0.000,6.714,44.420,42.0,966,0
291.31,saver+bp#r1,sustained20s,5.930,3.114,0.000,6.714,44.420,43.0,1077,0
291.81,saver+bp#r1,sustained20s,5.720,2.953,0.000,6.714,44.420,43.0,867,0
292.33,saver+bp#r1,sustained20s,4.910,2.146,0.000,6.714,44.420,41.0,1430,0
292.83,saver+bp#r1,sustained20s,7.310,3.582,0.000,6.714,44.420,41.0,1042,0
293.34,saver+bp#r1,sustained20s,5.967,3.161,0.000,6.714,44.420,43.0,1040,0
293.85,saver+bp#r1,sustained20s,5.961,3.176,0.001,6.714,44.420,43.0,1033,0
294.36,saver+bp#r1,sustained20s,5.981,3.127,0.000,6.712,44.410,43.0,1024,0
294.86,saver+bp#r1,sustained20s,5.968,3.128,0.000,6.712,44.410,43.0,1021,0
295.38,saver+bp#r1,sustained20s,5.958,3.070,0.000,6.712,44.410,43.0,1022,0
295.88,saver+bp#r1,sustained20s,5.999,3.102,0.000,6.712,44.410,43.0,843,0
296.39,saver+bp#r1,sustained20s,5.952,3.033,0.000,6.709,44.400,43.0,943,0
296.90,saver+bp#r1,sustained20s,5.962,3.099,0.000,6.709,44.400,43.0,989,0
297.41,saver+bp#r1,sustained20s,5.974,3.114,0.000,6.709,44.400,43.0,945,0
297.92,saver+bp#r1,sustained20s,5.937,3.167,0.000,6.709,44.400,43.0,1086,0
298.44,saver+bp#r1,sustained20s,4.843,2.197,0.000,6.711,44.390,47.0,1314,0
298.95,saver+bp#r1,sustained20s,7.123,3.544,0.000,6.711,44.390,47.0,1043,0
299.46,saver+bp#r1,sustained20s,5.971,3.146,0.000,6.711,44.390,43.0,938,0
299.96,saver+bp#r1,sustained20s,5.958,3.217,0.000,6.711,44.390,43.0,961,0
300.48,saver+bp#r1,sustained20s,5.973,3.149,0.000,6.712,44.390,43.0,1039,0
300.98,saver+bp#r1,sustained20s,5.972,3.114,0.000,6.712,44.390,43.0,936,0
301.49,saver+bp#r1,sustained20s,5.981,3.034,0.000,6.712,44.390,43.0,934,0
302.00,saver+bp#r1,sustained20s,5.959,2.985,0.000,6.712,44.390,43.0,903,0
302.51,saver+bp#r1,sustained20s,5.970,3.049,0.000,6.710,44.380,43.0,936,0
303.02,saver+bp#r1,sustained20s,5.983,3.052,0.000,6.710,44.380,43.0,893,0
303.53,saver+bp#r1,sustained20s,5.953,3.057,0.000,6.710,44.380,43.0,1020,0
304.04,saver+bp#r1,sustained20s,5.927,3.156,0.000,6.710,44.380,43.0,1013,0
304.55,saver+bp#r1,sustained20s,5.579,2.790,0.000,6.710,44.380,43.0,1230,0
305.06,saver+bp#r1,sustained20s,6.405,3.270,0.000,6.710,44.380,43.0,933,0
305.57,saver+bp#r1,sustained20s,5.970,3.086,0.000,6.712,44.380,43.0,845,0
306.08,saver+bp#r1,sustained20s,5.959,3.239,0.000,6.712,44.380,43.0,900,0
306.59,saver+bp#r1,sustained20s,5.975,3.173,0.000,6.712,44.380,44.0,933,0
307.09,saver+bp#r1,sustained20s,5.959,3.073,0.000,6.712,44.380,44.0,944,0
307.60,saver+bp#r1,sustained20s,5.971,3.135,0.000,6.710,44.370,44.0,1043,0
308.11,saver+bp#r1,sustained20s,5.962,3.132,0.000,6.710,44.370,44.0,940,0
308.63,saver+bp#r1,sustained20s,5.829,3.047,0.000,6.710,44.370,43.0,1489,0
309.13,saver+bp#r1,sustained20s,6.093,3.217,0.000,6.710,44.370,43.0,1028,0
309.64,saver+bp#r1,sustained20s,5.965,3.154,0.000,6.707,44.360,44.0,1107,0
310.15,saver+bp#r1,sustained20s,5.965,3.113,0.000,6.707,44.360,44.0,967,0
310.66,saver+bp#r1,sustained20s,4.997,2.491,0.000,6.707,44.360,43.0,1227,0
311.17,saver+bp#r1,sustained20s,3.174,1.239,0.002,6.707,44.360,43.0,675,0
311.68,saver+bp#r1,end,1.031,0.368,0.003,6.723,44.360,42.0,681,0
312.19,saver+bp#r1,end,0.828,0.043,0.004,6.723,44.360,42.0,828,0
312.70,saver+bp#r1,end,0.376,0.013,0.000,6.723,44.360,41.0,687,0
313.21,saver+bp#r1,end,0.770,0.123,0.005,6.723,44.360,41.0,648,0
313.72,saver+bp#r1,end,0.455,0.029,0.004,6.751,44.350,41.0,756,0
314.23,saver+bp#r1,end,0.596,0.042,0.003,6.751,44.350,41.0,643,0
314.74,saver+bp#r1,end,0.467,0.017,0.002,6.751,44.350,41.0,838,0
315.25,saver+bp#r1,end,1.765,0.641,0.010,6.751,44.350,41.0,961,0
315.76,saver+bp#r1,end,0.407,0.013,0.002,6.745,44.350,41.0,990,0
316.27,saver+bp#r1,end,0.877,0.061,0.002,6.745,44.350,41.0,881,0
316.78,saver+bp#r1,end,0.473,0.039,0.004,6.745,44.350,41.0,652,0
317.29,saver+bp#r1,end,0.703,0.056,0.004,6.745,44.350,41.0,488,0
317.80,saver+bp#r1,end,1.072,0.360,0.003,6.745,44.350,41.0,862,0
318.31,saver+bp#r1,end,0.704,0.027,0.003,6.745,44.350,41.0,631,0
318.83,saver+bp#r1,end,0.427,0.019,0.000,6.750,44.350,41.0,1227,0
319.33,saver+bp#r1,end,0.941,0.046,0.000,6.750,44.350,41.0,692,0
319.85,saver+bp#r1,end,0.417,0.028,0.000,6.750,44.350,40.0,854,0
320.35,saver+bp#r1,end,0.347,0.019,0.000,6.750,44.350,40.0,747,0
320.86,saver+bp#r1,end,0.563,0.028,0.000,6.756,44.350,41.0,652,0
321.37,saver+bp#r1,end,0.490,0.029,0.000,6.756,44.350,41.0,601,0
321.88,cool,wait,0.951,0.308,0.000,6.756,44.350,41.0,747,0
322.38,cool,wait,0.413,0.069,0.000,6.756,44.350,41.0,641,0
322.89,cool,wait,0.450,0.029,0.000,6.754,44.340,40.0,738,0
323.40,cool,wait,0.413,0.028,0.000,6.754,44.340,40.0,680,0
323.91,cool,wait,0.372,0.025,0.000,6.754,44.340,40.0,801,0
324.42,cool,wait,0.294,0.013,0.000,6.754,44.340,40.0,641,0
324.92,cool,wait,0.437,0.042,0.000,6.757,44.340,40.0,639,0
325.43,cool,wait,0.382,0.030,0.000,6.757,44.340,40.0,642,0
325.94,cool,wait,0.519,0.042,0.000,6.757,44.340,40.0,1193,0
326.45,cool,wait,0.439,0.015,0.000,6.757,44.340,40.0,974,0
326.96,cool,wait,0.507,0.032,0.000,6.756,44.340,40.0,606,0
327.46,cool,wait,0.640,0.157,0.000,6.756,44.340,40.0,1185,0
327.97,cool,wait,0.827,0.193,0.000,6.756,44.340,40.0,960,0
328.47,cool,wait,0.304,0.010,0.000,6.756,44.340,40.0,630,0
328.98,cool,wait,0.504,0.026,0.000,6.756,44.340,40.0,695,0
329.49,cool,wait,0.349,0.019,0.000,6.756,44.340,40.0,811,0
330.00,cool,wait,0.573,0.038,0.000,6.754,44.340,40.0,801,0
330.51,cool,wait,0.360,0.019,0.000,6.754,44.340,40.0,855,0
331.02,cool,wait,1.218,0.251,0.001,6.754,44.340,39.0,668,0
331.52,cool,wait,1.379,0.528,0.004,6.754,44.340,39.0,665,0
332.03,balanced#r2,idle,1.048,0.364,0.004,6.755,44.330,41.0,725,0
332.54,balanced#r2,idle,0.569,0.103,0.005,6.755,44.330,41.0,660,0
333.05,balanced#r2,idle,0.431,0.029,0.000,6.755,44.330,39.0,726,0
333.55,balanced#r2,idle,0.514,0.026,0.003,6.755,44.330,39.0,774,0
334.06,balanced#r2,idle,0.651,0.048,0.002,6.755,44.330,39.0,589,0
334.57,balanced#r2,idle,0.364,0.018,0.003,6.755,44.330,39.0,1203,0
335.08,balanced#r2,idle,0.466,0.040,0.002,6.755,44.330,39.0,1105,0
335.59,balanced#r2,idle,0.366,0.023,0.000,6.755,44.330,39.0,910,0
336.10,balanced#r2,idle,0.457,0.029,0.000,6.755,44.330,39.0,850,0
336.60,balanced#r2,idle,0.355,0.015,0.000,6.755,44.330,39.0,635,0
337.11,balanced#r2,idle,0.586,0.030,0.000,6.755,44.330,39.0,567,0
337.62,balanced#r2,idle,1.036,0.353,0.000,6.755,44.330,39.0,652,0
338.13,balanced#r2,idle,0.452,0.032,0.000,6.756,44.330,39.0,651,0
338.64,balanced#r2,idle,0.392,0.024,0.000,6.756,44.330,39.0,604,0
339.15,balanced#r2,idle,0.653,0.032,0.000,6.756,44.330,39.0,675,0
339.65,balanced#r2,idle,0.316,0.014,0.000,6.756,44.330,39.0,570,0
340.16,balanced#r2,idle,0.594,0.074,0.000,6.756,44.330,39.0,724,0
340.67,balanced#r2,idle,0.374,0.021,0.000,6.756,44.330,39.0,647,0
341.18,balanced#r2,idle,0.461,0.032,0.000,6.755,44.320,39.0,597,0
341.68,balanced#r2,idle,1.102,0.412,0.000,6.755,44.320,39.0,886,0
342.19,balanced#r2,bursty,1.510,0.717,0.000,6.755,44.320,41.0,613,0
342.70,balanced#r2,bursty,0.937,0.358,0.000,6.755,44.320,41.0,756,0
343.21,balanced#r2,bursty,0.843,0.363,0.000,6.734,44.320,43.0,721,0
343.71,balanced#r2,bursty,0.878,0.385,0.000,6.734,44.320,43.0,672,0
344.22,balanced#r2,bursty,0.827,0.362,0.000,6.734,44.320,39.0,804,0
344.73,balanced#r2,bursty,0.839,0.367,0.000,6.734,44.320,39.0,915,0
345.24,balanced#r2,bursty,0.839,0.371,0.000,6.757,44.320,39.0,737,0
345.75,balanced#r2,bursty,0.806,0.369,0.000,6.757,44.320,39.0,792,0
346.26,balanced#r2,bursty,0.900,0.358,0.000,6.757,44.320,39.0,800,0
346.76,balanced#r2,bursty,0.930,0.373,0.000,6.757,44.320,39.0,614,0
347.27,balanced#r2,bursty,0.833,0.360,0.000,6.755,44.320,39.0,663,0
347.78,balanced#r2,bursty,1.613,0.742,0.000,6.755,44.320,39.0,729,0
348.28,balanced#r2,bursty,0.899,0.358,0.000,6.755,44.320,39.0,882,0
348.79,balanced#r2,bursty,0.829,0.374,0.000,6.755,44.320,39.0,1240,0
349.30,balanced#r2,bursty,0.816,0.363,0.000,6.759,44.310,39.0,850,0
349.80,balanced#r2,bursty,0.821,0.363,0.000,6.759,44.310,39.0,673,0
350.31,balanced#r2,bursty,0.812,0.351,0.000,6.759,44.310,38.0,841,0
350.82,balanced#r2,bursty,0.874,0.382,0.000,6.759,44.310,38.0,1022,0
351.33,balanced#r2,bursty,0.907,0.391,0.000,6.759,44.310,38.0,741,0
351.83,balanced#r2,bursty,0.749,0.094,0.003,6.759,44.310,38.0,950,0
352.34,balanced#r2,gap,1.195,0.423,0.004,6.756,44.310,38.0,627,0
352.85,balanced#r2,gap,0.564,0.032,0.002,6.756,44.310,38.0,766,0
353.36,balanced#r2,gap,0.305,0.015,0.000,6.756,44.310,38.0,547,0
353.87,balanced#r2,gap,0.578,0.050,0.008,6.756,44.310,38.0,573,0
354.37,balanced#r2,gap,0.391,0.018,0.002,6.758,44.310,38.0,583,0
354.88,balanced#r2,gap,1.243,0.476,0.004,6.758,44.310,38.0,777,0
355.39,balanced#r2,pdf_render,3.288,2.116,0.003,6.758,44.310,43.0,963,0
355.89,balanced#r2,pdf_render,2.671,1.720,0.000,6.758,44.310,43.0,989,0
356.40,balanced#r2,pdf_render,2.693,1.711,0.000,6.739,44.310,43.0,1494,0
356.91,balanced#r2,pdf_render,2.775,1.796,0.000,6.739,44.310,43.0,899,0
357.41,balanced#r2,pdf_render,2.855,1.861,0.000,6.739,44.310,43.0,1768,0
357.92,balanced#r2,pdf_render,3.444,2.147,0.000,6.739,44.310,43.0,926,0
358.42,balanced#r2,pdf_render,3.438,2.399,0.000,6.737,44.300,43.0,993,0
358.93,balanced#r2,pdf_render,2.883,1.913,0.000,6.737,44.300,43.0,728,0
359.44,balanced#r2,pdf_render,2.863,1.803,0.000,6.737,44.300,43.0,974,0
359.94,balanced#r2,pdf_render,2.862,1.904,0.000,6.737,44.300,43.0,978,0
360.45,balanced#r2,pdf_render,2.766,1.791,0.000,6.737,44.300,43.0,1583,0
360.95,balanced#r2,pdf_render,2.797,1.830,0.000,6.737,44.300,43.0,901,0
361.46,balanced#r2,pdf_render,2.846,1.847,0.000,6.737,44.300,45.0,1012,0
361.96,balanced#r2,pdf_render,2.704,1.729,0.000,6.737,44.300,45.0,927,0
362.47,balanced#r2,pdf_render,2.743,1.770,0.000,6.737,44.300,43.0,1282,0
362.97,balanced#r2,pdf_render,2.763,1.800,0.000,6.737,44.300,43.0,982,0
363.48,balanced#r2,pdf_render,2.709,1.759,0.000,6.736,44.290,43.0,868,0
363.99,balanced#r2,pdf_render,2.723,1.794,0.000,6.736,44.290,43.0,730,0
364.49,balanced#r2,pdf_render,2.678,1.760,0.000,6.736,44.290,43.0,732,0
365.00,balanced#r2,pdf_render,1.332,0.490,0.003,6.736,44.290,43.0,666,0
365.50,balanced#r2,gap,0.842,0.231,0.004,6.740,44.290,39.0,735,0
366.01,balanced#r2,gap,0.412,0.021,0.004,6.740,44.290,39.0,651,0
366.52,balanced#r2,gap,0.427,0.023,0.003,6.740,44.290,38.0,583,0
367.02,balanced#r2,gap,0.386,0.019,0.002,6.740,44.290,38.0,616,0
367.53,balanced#r2,gap,0.925,0.335,0.000,6.757,44.290,40.0,1372,0
368.04,balanced#r2,gap,2.999,1.471,0.003,6.757,44.290,40.0,821,0
368.55,balanced#r2,office,2.828,1.496,0.002,6.757,44.290,45.0,1021,0
369.05,balanced#r2,office,4.391,2.972,0.000,6.757,44.290,45.0,735,0
369.56,balanced#r2,office,2.478,1.216,0.005,6.726,44.280,39.0,951,0
370.06,balanced#r2,gap,1.008,0.319,0.003,6.726,44.280,39.0,1006,0
370.57,balanced#r2,gap,0.409,0.020,0.003,6.726,44.280,38.0,1012,0
371.08,balanced#r2,gap,0.533,0.039,0.000,6.726,44.280,38.0,641,0
371.59,balanced#r2,gap,0.349,0.017,0.004,6.756,44.280,38.0,633,0
372.10,balanced#r2,gap,0.567,0.029,0.004,6.756,44.280,38.0,665,0
372.61,balanced#r2,gap,3.053,1.865,0.004,6.756,44.280,48.0,973,0
373.11,balanced#r2,python,5.494,3.618,0.000,6.756,44.280,48.0,905,0
373.62,balanced#r2,python,5.475,2.371,0.000,6.756,44.280,45.0,894,0
374.13,balanced#r2,python,2.570,0.711,0.002,6.756,44.280,45.0,873,0
374.63,balanced#r2,gap,1.001,0.238,0.004,6.720,44.270,38.0,961,0
375.14,balanced#r2,gap,1.184,0.039,0.004,6.720,44.270,38.0,1085,0
375.65,balanced#r2,gap,1.603,0.017,0.004,6.720,44.270,39.0,658,0
376.15,balanced#r2,gap,1.494,0.027,0.000,6.720,44.270,39.0,563,0
376.66,balanced#r2,gap,0.477,0.039,0.000,6.736,44.270,38.0,1119,0
377.17,balanced#r2,gap,5.929,2.774,0.000,6.736,44.270,38.0,1196,0
377.68,balanced#r2,compress,5.990,3.272,0.000,6.736,44.270,41.0,1041,0
378.19,balanced#r2,compress,5.984,3.189,0.000,6.736,44.270,41.0,937,0
378.70,balanced#r2,compress,5.970,3.144,0.000,6.714,44.270,41.0,941,0
379.20,balanced#r2,compress,5.966,3.073,0.000,6.714,44.270,41.0,925,0
379.71,balanced#r2,compress,5.964,3.084,0.000,6.714,44.270,42.0,1037,0
380.22,balanced#r2,compress,5.954,3.141,0.000,6.714,44.270,42.0,1071,0
380.73,balanced#r2,compress,5.968,3.192,0.000,6.713,44.260,42.0,1023,0
381.24,balanced#r2,compress,5.970,3.048,0.000,6.713,44.260,42.0,1077,0
381.75,balanced#r2,compress,5.958,3.135,0.000,6.713,44.260,42.0,1106,0
382.26,balanced#r2,compress,5.959,3.159,0.000,6.713,44.260,42.0,990,0
382.76,balanced#r2,compress,5.223,2.628,0.000,6.712,44.250,41.0,976,0
383.27,balanced#r2,compress,2.713,1.031,0.004,6.712,44.250,41.0,704,0
383.78,balanced#r2,gap,0.988,0.314,0.004,6.712,44.250,39.0,1015,0
384.29,balanced#r2,gap,0.658,0.037,0.004,6.712,44.250,39.0,851,0
384.80,balanced#r2,gap,0.498,0.013,0.000,6.712,44.250,39.0,849,0
385.31,balanced#r2,gap,0.401,0.030,0.004,6.712,44.250,39.0,667,0
385.82,balanced#r2,gap,0.422,0.020,0.002,6.753,44.250,39.0,683,0
386.33,balanced#r2,gap,4.419,1.927,0.002,6.753,44.250,39.0,1542,0
386.84,balanced#r2,sustained20s,6.331,3.277,0.003,6.753,44.250,42.0,932,0
387.35,balanced#r2,sustained20s,5.953,3.170,0.000,6.753,44.250,42.0,1019,0
387.86,balanced#r2,sustained20s,5.967,3.189,0.000,6.711,44.250,42.0,1034,0
388.37,balanced#r2,sustained20s,5.982,3.030,0.000,6.711,44.250,42.0,928,0
388.88,balanced#r2,sustained20s,5.968,3.056,0.000,6.711,44.250,42.0,918,0
389.39,balanced#r2,sustained20s,5.960,3.101,0.000,6.711,44.250,42.0,1036,0
389.90,balanced#r2,sustained20s,5.967,3.105,0.000,6.711,44.240,42.0,946,0
390.40,balanced#r2,sustained20s,5.962,3.050,0.000,6.711,44.240,42.0,978,0
390.91,balanced#r2,sustained20s,5.964,3.145,0.001,6.711,44.240,42.0,1089,0
391.42,balanced#r2,sustained20s,5.961,3.153,0.000,6.711,44.240,42.0,998,0
391.93,balanced#r2,sustained20s,5.736,2.913,0.000,6.711,44.230,42.0,1039,0
392.44,balanced#r2,sustained20s,5.969,2.691,0.000,6.711,44.230,42.0,1461,0
392.95,balanced#r2,sustained20s,6.230,3.292,0.000,6.711,44.230,42.0,935,0
393.45,balanced#r2,sustained20s,5.965,3.185,0.000,6.711,44.230,42.0,935,0
393.97,balanced#r2,sustained20s,5.961,3.170,0.000,6.709,44.220,42.0,1044,0
394.47,balanced#r2,sustained20s,5.982,3.034,0.000,6.709,44.220,42.0,930,0
394.98,balanced#r2,sustained20s,5.968,3.045,0.000,6.709,44.220,43.0,935,0
395.49,balanced#r2,sustained20s,5.970,3.064,0.000,6.709,44.220,43.0,926,0
396.00,balanced#r2,sustained20s,5.971,3.058,0.000,6.709,44.220,43.0,930,0
396.51,balanced#r2,sustained20s,5.955,3.091,0.000,6.709,44.220,43.0,960,0
397.02,balanced#r2,sustained20s,5.940,3.146,0.000,6.709,44.220,43.0,1104,0
397.52,balanced#r2,sustained20s,5.986,3.134,0.000,6.709,44.220,43.0,992,0
398.03,balanced#r2,sustained20s,5.348,2.618,0.000,6.709,44.220,43.0,1183,0
398.54,balanced#r2,sustained20s,6.216,2.716,0.000,6.709,44.220,43.0,1653,0
399.05,balanced#r2,sustained20s,6.362,3.364,0.000,6.713,44.210,43.0,905,0
399.56,balanced#r2,sustained20s,5.964,3.152,0.000,6.713,44.210,43.0,933,0
400.07,balanced#r2,sustained20s,5.968,3.147,0.000,6.713,44.210,43.0,950,0
400.58,balanced#r2,sustained20s,5.978,3.076,0.000,6.713,44.210,43.0,934,0
401.09,balanced#r2,sustained20s,5.956,3.153,0.000,6.707,44.210,43.0,1026,0
401.60,balanced#r2,sustained20s,5.981,3.041,0.000,6.707,44.210,43.0,933,0
402.11,balanced#r2,sustained20s,5.969,3.042,0.000,6.707,44.210,43.0,935,0
402.62,balanced#r2,sustained20s,5.961,3.007,0.000,6.707,44.210,43.0,902,0
403.13,balanced#r2,sustained20s,5.957,3.079,0.000,6.706,44.200,43.0,967,0
403.64,balanced#r2,sustained20s,5.947,3.121,0.000,6.706,44.200,43.0,1245,0
404.15,balanced#r2,sustained20s,5.784,2.982,0.000,6.706,44.200,45.0,921,0
404.65,balanced#r2,sustained20s,6.165,2.817,0.000,6.706,44.200,45.0,1100,0
405.16,balanced#r2,sustained20s,5.998,3.121,0.000,6.702,44.190,43.0,946,0
405.67,balanced#r2,sustained20s,5.977,3.186,0.000,6.702,44.190,43.0,936,0
406.18,balanced#r2,sustained20s,5.955,3.204,0.000,6.702,44.190,44.0,1046,0
406.69,balanced#r2,sustained20s,5.981,3.069,0.003,6.702,44.190,44.0,933,0
407.21,balanced#r2,sustained20s,5.966,3.073,0.000,6.702,44.190,44.0,942,0
407.71,balanced#r2,sustained20s,5.959,3.090,0.000,6.702,44.190,44.0,1010,0
408.23,balanced#r2,sustained20s,5.951,3.000,0.000,6.705,44.190,44.0,1021,0
408.73,balanced#r2,sustained20s,5.987,3.131,0.000,6.705,44.190,44.0,952,0
409.24,balanced#r2,sustained20s,5.947,3.100,0.000,6.705,44.190,44.0,1040,0
409.75,balanced#r2,sustained20s,5.821,3.070,0.000,6.705,44.190,44.0,984,0
410.26,balanced#r2,sustained20s,5.654,2.744,0.000,6.705,44.180,45.0,1162,0
410.76,balanced#r2,sustained20s,3.252,1.314,0.005,6.705,44.180,45.0,705,0
411.27,balanced#r2,end,1.291,0.304,0.004,6.705,44.180,42.0,1090,0
411.78,balanced#r2,end,1.039,0.288,0.003,6.705,44.180,42.0,1194,0
412.29,balanced#r2,end,0.315,0.009,0.000,6.742,44.170,41.0,625,0
412.80,balanced#r2,end,0.449,0.026,0.004,6.742,44.170,41.0,659,0
413.31,balanced#r2,end,0.582,0.031,0.002,6.742,44.170,41.0,926,0
413.82,balanced#r2,end,0.609,0.070,0.006,6.742,44.170,41.0,854,0
414.33,balanced#r2,end,0.439,0.017,0.000,6.748,44.170,41.0,875,0
414.84,balanced#r2,end,1.472,0.540,0.009,6.748,44.170,41.0,1144,0
415.35,balanced#r2,end,0.327,0.010,0.000,6.748,44.170,41.0,675,0
415.85,balanced#r2,end,0.465,0.043,0.001,6.748,44.170,41.0,1082,0
416.37,balanced#r2,end,0.363,0.016,0.000,6.746,44.170,41.0,1118,0
416.87,balanced#r2,end,0.535,0.053,0.000,6.746,44.170,41.0,930,0
417.39,balanced#r2,end,0.459,0.022,0.000,6.746,44.170,40.0,1118,0
417.90,balanced#r2,end,1.161,0.346,0.000,6.746,44.170,40.0,859,0
418.41,balanced#r2,end,0.383,0.017,0.000,6.746,44.170,40.0,863,0
418.91,balanced#r2,end,0.480,0.021,0.000,6.746,44.170,40.0,976,0
419.42,balanced#r2,end,0.358,0.017,0.000,6.748,44.170,40.0,984,0
419.93,balanced#r2,end,0.406,0.027,0.000,6.748,44.170,40.0,658,0
420.44,balanced#r2,end,0.421,0.016,0.000,6.748,44.170,40.0,756,0
420.95,balanced#r2,end,0.428,0.031,0.000,6.748,44.170,40.0,648,0
421.45,cool,wait,1.114,0.305,0.000,6.750,44.160,40.0,571,0
421.96,cool,wait,0.422,0.021,0.000,6.750,44.160,40.0,661,0
422.47,cool,wait,0.637,0.046,0.000,6.750,44.160,40.0,870,0
422.98,cool,wait,0.587,0.078,0.000,6.750,44.160,40.0,725,0
423.48,cool,wait,0.354,0.014,0.000,6.748,44.160,40.0,710,0
423.99,cool,wait,0.390,0.020,0.000,6.748,44.160,40.0,809,0
424.50,cool,wait,0.311,0.013,0.000,6.748,44.160,40.0,716,0
425.01,cool,wait,0.448,0.028,0.000,6.748,44.160,40.0,756,0
425.52,cool,wait,0.347,0.022,0.000,6.750,44.160,40.0,632,0
426.02,cool,wait,0.496,0.017,0.000,6.750,44.160,40.0,688,0
426.53,cool,wait,0.333,0.015,0.000,6.750,44.160,40.0,813,0
427.04,cool,wait,0.369,0.022,0.000,6.750,44.160,40.0,575,0
427.55,cool,wait,0.936,0.309,0.000,6.751,44.160,41.0,1114,0
428.05,cool,wait,0.442,0.021,0.000,6.751,44.160,41.0,583,0
428.56,cool,wait,0.316,0.013,0.000,6.751,44.160,40.0,614,0
429.07,cool,wait,0.443,0.027,0.000,6.751,44.160,40.0,567,0
429.58,cool,wait,0.431,0.018,0.000,6.754,44.160,40.0,687,0
430.09,cool,wait,0.359,0.017,0.000,6.754,44.160,40.0,753,0
430.60,cool,wait,0.333,0.012,0.000,6.754,44.150,39.0,662,0
431.10,cool,wait,1.324,0.412,0.003,6.754,44.150,39.0,1286,0
431.61,saver+bp#r2,idle,0.594,0.071,0.005,6.754,44.150,40.0,920,0
432.12,saver+bp#r2,idle,0.914,0.222,0.004,6.754,44.150,40.0,711,0
432.63,saver+bp#r2,idle,0.322,0.011,0.000,6.746,44.150,39.0,837,0
433.13,saver+bp#r2,idle,0.430,0.020,0.003,6.746,44.150,39.0,812,0
433.64,saver+bp#r2,idle,0.411,0.031,0.002,6.746,44.150,39.0,1433,0
434.15,saver+bp#r2,idle,0.566,0.021,0.002,6.746,44.150,39.0,686,0
434.66,saver+bp#r2,idle,0.437,0.020,0.003,6.754,44.150,39.0,1114,0
435.17,saver+bp#r2,idle,0.465,0.022,0.000,6.754,44.150,39.0,722,0
435.68,saver+bp#r2,idle,0.395,0.012,0.000,6.754,44.150,39.0,938,0
436.18,saver+bp#r2,idle,0.350,0.014,0.000,6.754,44.150,39.0,527,0
436.69,saver+bp#r2,idle,0.478,0.023,0.000,6.756,44.150,39.0,825,0
437.20,saver+bp#r2,idle,0.831,0.080,0.000,6.756,44.150,39.0,609,0
437.71,saver+bp#r2,idle,1.124,0.372,0.000,6.756,44.150,39.0,733,0
438.21,saver+bp#r2,idle,0.616,0.078,0.000,6.756,44.150,39.0,636,0
438.72,saver+bp#r2,idle,0.400,0.022,0.000,6.753,44.140,39.0,608,0
439.23,saver+bp#r2,idle,0.783,0.056,0.000,6.753,44.140,39.0,571,0
439.74,saver+bp#r2,idle,0.407,0.019,0.000,6.753,44.140,39.0,890,0
440.24,saver+bp#r2,idle,0.481,0.040,0.000,6.753,44.140,39.0,704,0
440.75,saver+bp#r2,idle,0.397,0.017,0.000,6.754,44.140,39.0,1053,0
441.26,saver+bp#r2,idle,1.331,0.463,0.000,6.754,44.140,39.0,1212,0
441.77,saver+bp#r2,bursty,1.615,0.650,0.000,6.754,44.140,44.0,964,0
442.28,saver+bp#r2,bursty,1.366,0.465,0.000,6.754,44.140,44.0,1100,0
442.78,saver+bp#r2,bursty,1.085,0.424,0.000,6.754,44.140,45.0,1031,0
443.29,saver+bp#r2,bursty,1.177,0.526,0.000,6.754,44.140,45.0,719,0
443.80,saver+bp#r2,bursty,0.822,0.392,0.000,6.746,44.140,45.0,751,0
444.30,saver+bp#r2,bursty,1.251,0.457,0.000,6.746,44.140,45.0,797,0
444.81,saver+bp#r2,bursty,0.799,0.359,0.000,6.746,44.140,41.0,700,0
445.31,saver+bp#r2,bursty,1.143,0.445,0.000,6.746,44.140,41.0,769,0
445.82,saver+bp#r2,bursty,0.917,0.363,0.000,6.748,44.140,39.0,935,0
446.33,saver+bp#r2,bursty,1.321,0.451,0.000,6.748,44.140,39.0,943,0
446.84,saver+bp#r2,bursty,0.830,0.358,0.000,6.748,44.140,39.0,848,0
447.34,saver+bp#r2,bursty,1.068,0.405,0.000,6.748,44.140,39.0,1209,0
447.85,saver+bp#r2,bursty,1.626,0.687,0.000,6.742,44.130,39.0,1366,0
448.36,saver+bp#r2,bursty,1.320,0.416,0.000,6.742,44.130,39.0,1079,0
448.87,saver+bp#r2,bursty,0.879,0.372,0.000,6.742,44.130,39.0,1183,0
449.37,saver+bp#r2,bursty,1.201,0.380,0.000,6.742,44.130,39.0,930,0
449.88,saver+bp#r2,bursty,0.859,0.373,0.000,6.744,44.130,39.0,735,0
450.39,saver+bp#r2,bursty,0.827,0.356,0.000,6.744,44.130,39.0,668,0
450.90,saver+bp#r2,bursty,0.937,0.375,0.000,6.744,44.130,39.0,738,0
451.41,saver+bp#r2,bursty,1.228,0.341,0.007,6.744,44.130,39.0,580,0
451.92,saver+bp#r2,gap,1.044,0.345,0.003,6.751,44.130,39.0,674,0
452.42,saver+bp#r2,gap,0.453,0.021,0.005,6.751,44.130,39.0,1144,0
452.93,saver+bp#r2,gap,0.462,0.040,0.000,6.751,44.130,38.0,921,0
453.44,saver+bp#r2,gap,0.551,0.021,0.005,6.751,44.130,38.0,558,0
453.95,saver+bp#r2,gap,0.595,0.066,0.002,6.751,44.130,38.0,679,0
454.45,saver+bp#r2,gap,1.284,0.552,0.002,6.751,44.130,38.0,1655,0
454.96,saver+bp#r2,pdf_render,3.388,2.144,0.002,6.752,44.120,42.0,1245,0
455.47,saver+bp#r2,pdf_render,2.758,1.804,0.000,6.752,44.120,42.0,1027,0
455.98,saver+bp#r2,pdf_render,2.791,1.838,0.000,6.752,44.120,42.0,1278,0
456.48,saver+bp#r2,pdf_render,2.786,1.842,0.000,6.752,44.120,42.0,876,0
456.99,saver+bp#r2,pdf_render,2.884,1.916,0.000,6.730,44.120,42.0,1500,0
457.50,saver+bp#r2,pdf_render,3.399,2.173,0.000,6.730,44.120,42.0,2109,0
458.00,saver+bp#r2,pdf_render,3.264,2.260,0.000,6.730,44.120,42.0,1266,0
458.51,saver+bp#r2,pdf_render,2.946,1.965,0.000,6.730,44.120,42.0,1272,0
459.02,saver+bp#r2,pdf_render,2.939,1.900,0.000,6.730,44.120,42.0,1804,0
459.52,saver+bp#r2,pdf_render,2.926,1.972,0.000,6.730,44.120,42.0,1386,0
460.03,saver+bp#r2,pdf_render,2.865,1.930,0.000,6.730,44.120,42.0,1334,0
460.53,saver+bp#r2,pdf_render,2.879,1.948,0.000,6.730,44.120,42.0,1310,0
461.04,saver+bp#r2,pdf_render,2.857,1.915,0.000,6.733,44.110,43.0,1221,0
461.55,saver+bp#r2,pdf_render,2.706,1.764,0.000,6.733,44.110,43.0,1070,0
462.06,saver+bp#r2,pdf_render,2.844,1.886,0.000,6.733,44.110,43.0,1215,0
462.56,saver+bp#r2,pdf_render,2.804,1.871,0.000,6.733,44.110,43.0,886,0
463.07,saver+bp#r2,pdf_render,2.798,1.876,0.000,6.735,44.110,43.0,1461,0
463.57,saver+bp#r2,pdf_render,2.838,1.905,0.000,6.735,44.110,43.0,1293,0
464.08,saver+bp#r2,pdf_render,2.944,1.880,0.002,6.735,44.110,40.0,1586,0
464.59,saver+bp#r2,pdf_render,0.556,0.047,0.000,6.735,44.110,40.0,742,0
465.09,saver+bp#r2,gap,1.021,0.368,0.004,6.735,44.110,39.0,661,0
465.60,saver+bp#r2,gap,0.389,0.020,0.004,6.735,44.110,39.0,658,0
466.11,saver+bp#r2,gap,0.429,0.034,0.003,6.750,44.100,39.0,671,0
466.61,saver+bp#r2,gap,0.383,0.018,0.002,6.750,44.100,39.0,656,0
467.12,saver+bp#r2,gap,0.715,0.048,0.004,6.750,44.100,39.0,1108,0
467.63,saver+bp#r2,gap,3.917,2.179,0.000,6.750,44.100,39.0,1330,0
468.14,saver+bp#r2,office,3.247,1.885,0.002,6.745,44.100,46.0,932,0
468.65,saver+bp#r2,office,4.452,3.001,0.000,6.745,44.100,46.0,901,0
469.15,saver+bp#r2,office,2.013,0.799,0.009,6.745,44.100,39.0,667,0
469.66,saver+bp#r2,gap,0.844,0.221,0.003,6.745,44.100,39.0,592,0
470.17,saver+bp#r2,gap,0.703,0.058,0.004,6.746,44.100,38.0,734,0
470.67,saver+bp#r2,gap,0.373,0.014,0.000,6.746,44.100,38.0,1162,0
471.18,saver+bp#r2,gap,0.800,0.068,0.001,6.746,44.100,38.0,684,0
471.69,saver+bp#r2,gap,0.395,0.022,0.004,6.746,44.100,38.0,748,0
472.20,saver+bp#r2,gap,3.872,2.528,0.002,6.753,44.100,48.0,738,0
472.71,saver+bp#r2,python,5.837,3.600,0.000,6.753,44.100,48.0,1035,0
473.21,saver+bp#r2,python,5.425,2.068,0.000,6.753,44.100,42.0,725,0
473.72,saver+bp#r2,python,1.571,0.483,0.008,6.753,44.100,42.0,830,0
474.23,saver+bp#r2,gap,0.833,0.225,0.000,6.748,44.090,39.0,937,0
474.73,saver+bp#r2,gap,0.491,0.032,0.004,6.748,44.090,39.0,1228,0
475.24,saver+bp#r2,gap,0.583,0.040,0.003,6.748,44.090,38.0,581,0
475.75,saver+bp#r2,gap,0.408,0.030,0.000,6.748,44.090,38.0,944,0
476.26,saver+bp#r2,gap,0.462,0.038,0.000,6.748,44.090,38.0,1105,0
476.76,saver+bp#r2,gap,7.097,3.589,0.000,6.748,44.090,38.0,913,0
477.27,saver+bp#r2,compress,5.967,3.155,0.000,6.752,44.090,41.0,935,0
477.78,saver+bp#r2,compress,5.962,3.247,0.000,6.752,44.090,41.0,944,0
478.29,saver+bp#r2,compress,5.970,3.136,0.000,6.752,44.090,41.0,940,0
478.80,saver+bp#r2,compress,5.970,3.084,0.000,6.752,44.090,41.0,940,0
479.31,saver+bp#r2,compress,5.979,3.083,0.000,6.709,44.080,42.0,896,0
479.82,saver+bp#r2,compress,5.966,2.978,0.000,6.709,44.080,42.0,917,0
480.33,saver+bp#r2,compress,5.954,3.045,0.000,6.709,44.080,42.0,1033,0
480.84,saver+bp#r2,compress,5.980,3.032,0.000,6.709,44.080,42.0,949,0
481.35,saver+bp#r2,compress,5.956,3.073,0.000,6.708,44.080,42.0,1033,0
481.86,saver+bp#r2,compress,5.807,3.035,0.000,6.708,44.080,42.0,1308,0
482.37,saver+bp#r2,compress,5.165,2.350,0.000,6.708,44.080,43.0,1185,0
482.87,saver+bp#r2,compress,2.032,0.702,0.002,6.708,44.080,43.0,1466,0
483.38,saver+bp#r2,gap,0.777,0.232,0.003,6.742,44.070,39.0,682,0
483.89,saver+bp#r2,gap,0.457,0.048,0.005,6.742,44.070,39.0,596,0
484.40,saver+bp#r2,gap,0.929,0.016,0.002,6.742,44.070,39.0,623,0
484.91,saver+bp#r2,gap,0.451,0.039,0.000,6.742,44.070,39.0,642,0
485.42,saver+bp#r2,gap,0.463,0.018,0.002,6.743,44.070,39.0,832,0
485.93,saver+bp#r2,gap,5.765,2.943,0.002,6.743,44.070,39.0,871,0
486.44,saver+bp#r2,sustained20s,5.971,3.153,0.003,6.743,44.070,42.0,940,0
486.95,saver+bp#r2,sustained20s,5.960,3.183,0.000,6.743,44.070,42.0,927,0
487.46,saver+bp#r2,sustained20s,5.963,3.183,0.000,6.743,44.070,42.0,1048,0
487.97,saver+bp#r2,sustained20s,5.980,3.104,0.000,6.743,44.070,42.0,932,0
488.48,saver+bp#r2,sustained20s,5.970,3.046,0.000,6.707,44.060,42.0,946,0
488.99,saver+bp#r2,sustained20s,5.968,3.054,0.000,6.707,44.060,42.0,938,0
489.50,saver+bp#r2,sustained20s,5.944,3.083,0.000,6.707,44.060,42.0,1050,0
490.01,saver+bp#r2,sustained20s,5.972,3.066,0.000,6.707,44.060,42.0,1049,0
490.52,saver+bp#r2,sustained20s,5.961,3.134,0.000,6.706,44.050,43.0,974,0
491.03,saver+bp#r2,sustained20s,5.820,3.078,0.000,6.706,44.050,43.0,1310,0
491.54,saver+bp#r2,sustained20s,5.423,2.562,0.000,6.706,44.050,42.0,1051,0
492.05,saver+bp#r2,sustained20s,6.670,3.072,0.000,6.706,44.050,42.0,1057,0
492.56,saver+bp#r2,sustained20s,5.985,3.187,0.000,6.711,44.050,43.0,1036,0
493.06,saver+bp#r2,sustained20s,5.966,3.156,0.000,6.711,44.050,43.0,1034,0
493.58,saver+bp#r2,sustained20s,5.974,3.165,0.000,6.711,44.050,43.0,1028,0
494.08,saver+bp#r2,sustained20s,5.957,3.148,0.000,6.711,44.050,43.0,1026,0
494.59,saver+bp#r2,sustained20s,5.982,3.101,0.000,6.705,44.040,43.0,933,0
495.10,saver+bp#r2,sustained20s,5.973,3.027,0.000,6.705,44.040,43.0,937,0
495.61,saver+bp#r2,sustained20s,5.970,2.960,0.000,6.705,44.040,43.0,924,0
496.12,saver+bp#r2,sustained20s,5.964,3.072,0.000,6.705,44.040,43.0,948,0
496.63,saver+bp#r2,sustained20s,5.959,3.121,0.000,6.705,44.030,43.0,1050,0
497.14,saver+bp#r2,sustained20s,5.940,3.097,0.000,6.705,44.030,43.0,1271,0
497.65,saver+bp#r2,sustained20s,5.577,2.784,0.000,6.705,44.030,44.0,1038,0
498.16,saver+bp#r2,sustained20s,6.390,3.120,0.000,6.705,44.030,44.0,1023,0
498.66,saver+bp#r2,sustained20s,5.983,3.165,0.000,6.705,44.030,43.0,937,0
499.17,saver+bp#r2,sustained20s,5.961,3.156,0.000,6.705,44.030,43.0,1032,0
499.69,saver+bp#r2,sustained20s,5.956,3.185,0.000,6.705,44.030,43.0,1066,0
500.19,saver+bp#r2,sustained20s,5.971,3.120,0.000,6.705,44.030,43.0,1045,0
500.70,saver+bp#r2,sustained20s,5.963,3.145,0.000,6.705,44.030,44.0,1100,0
501.21,saver+bp#r2,sustained20s,5.995,3.019,0.000,6.705,44.030,44.0,930,0
501.72,saver+bp#r2,sustained20s,5.973,3.016,0.000,6.701,44.020,43.0,939,0
502.23,saver+bp#r2,sustained20s,5.961,3.013,0.000,6.701,44.020,43.0,925,0
502.74,saver+bp#r2,sustained20s,5.957,3.118,0.000,6.701,44.020,44.0,1081,0
503.24,saver+bp#r2,sustained20s,5.843,3.094,0.000,6.701,44.020,44.0,1171,0
503.76,saver+bp#r2,sustained20s,5.465,2.620,0.000,6.702,44.020,43.0,1370,0
504.26,saver+bp#r2,sustained20s,6.565,3.069,0.000,6.702,44.020,43.0,1200,0
504.77,saver+bp#r2,sustained20s,6.020,3.141,0.000,6.702,44.020,44.0,934,0
505.28,saver+bp#r2,sustained20s,5.959,3.127,0.000,6.702,44.020,44.0,947,0
505.79,saver+bp#r2,sustained20s,5.974,3.135,0.000,6.700,44.010,44.0,941,0
506.30,saver+bp#r2,sustained20s,5.968,3.131,0.000,6.700,44.010,44.0,942,0
506.81,saver+bp#r2,sustained20s,5.958,3.098,0.000,6.700,44.010,44.0,1034,0
507.32,saver+bp#r2,sustained20s,5.970,3.050,0.000,6.700,44.010,44.0,948,0
507.83,saver+bp#r2,sustained20s,5.977,3.039,0.000,6.702,44.000,44.0,884,0
508.34,saver+bp#r2,sustained20s,5.960,3.066,0.000,6.702,44.000,44.0,971,0
508.85,saver+bp#r2,sustained20s,5.949,3.109,0.000,6.702,44.000,45.0,1033,0
509.36,saver+bp#r2,sustained20s,5.957,3.191,0.000,6.702,44.000,45.0,997,0
509.87,saver+bp#r2,sustained20s,5.337,2.639,0.000,6.702,44.000,45.0,919,0
510.37,saver+bp#r2,sustained20s,2.631,1.004,0.006,6.702,44.000,45.0,845,0
510.88,saver+bp#r2,end,1.071,0.365,0.003,6.705,44.000,42.0,972,0
511.39,saver+bp#r2,end,0.985,0.266,0.013,6.705,44.000,42.0,1075,0
511.90,saver+bp#r2,end,0.466,0.033,0.004,6.705,44.000,42.0,654,0
512.41,saver+bp#r2,end,0.398,0.020,0.005,6.705,44.000,42.0,638,0
512.92,saver+bp#r2,end,0.451,0.032,0.003,6.742,43.990,41.0,663,0
513.43,saver+bp#r2,end,0.678,0.030,0.002,6.742,43.990,41.0,693,0
513.94,saver+bp#r2,end,0.477,0.020,0.003,6.742,43.990,41.0,713,0
514.45,saver+bp#r2,end,1.102,0.428,0.000,6.742,43.990,41.0,953,0
514.96,saver+bp#r2,end,0.362,0.014,0.000,6.744,43.990,41.0,825,0
515.47,saver+bp#r2,end,0.380,0.026,0.000,6.744,43.990,41.0,676,0
515.98,saver+bp#r2,end,0.426,0.016,0.000,6.744,43.990,41.0,683,0
516.49,saver+bp#r2,end,0.458,0.034,0.000,6.744,43.990,41.0,594,0
517.00,saver+bp#r2,end,0.419,0.013,0.000,6.744,43.990,41.0,917,0
517.51,saver+bp#r2,end,0.906,0.301,0.000,6.744,43.990,41.0,1191,0
518.02,saver+bp#r2,end,0.527,0.050,0.000,6.744,43.990,41.0,652,0
518.53,saver+bp#r2,end,0.481,0.018,0.000,6.744,43.990,41.0,1029,0
519.04,saver+bp#r2,end,0.332,0.016,0.000,6.741,43.980,40.0,559,0
519.54,saver+bp#r2,end,0.409,0.024,0.000,6.741,43.980,40.0,574,0
520.05,saver+bp#r2,end,0.457,0.027,0.000,6.741,43.980,40.0,562,0
520.56,saver+bp#r2,end,0.447,0.040,0.000,6.741,43.980,40.0,960,0
521.07,cool,wait,1.145,0.410,0.000,6.741,43.980,40.0,1142,0
521.57,cool,wait,0.500,0.026,0.000,6.741,43.980,40.0,628,0
522.09,cool,wait,0.367,0.012,0.000,6.746,43.980,40.0,828,0
522.59,cool,wait,0.448,0.030,0.000,6.746,43.980,40.0,1221,0
523.10,cool,wait,0.299,0.010,0.000,6.746,43.980,40.0,712,0
523.61,cool,wait,0.415,0.038,0.001,6.746,43.980,40.0,800,0
524.12,cool,wait,0.502,0.014,0.000,6.750,43.980,40.0,652,0
524.62,cool,wait,0.411,0.029,0.000,6.750,43.980,40.0,745,0
525.13,cool,wait,0.360,0.012,0.000,6.750,43.980,40.0,633,0
525.64,cool,wait,0.331,0.016,0.000,6.750,43.980,40.0,710,0
526.15,cool,wait,0.468,0.010,0.000,6.749,43.980,40.0,1108,0
526.66,cool,wait,0.398,0.026,0.000,6.749,43.980,40.0,771,0
527.17,cool,wait,0.304,0.011,0.000,6.749,43.980,40.0,655,0
527.67,cool,wait,1.072,0.358,0.000,6.749,43.980,40.0,701,0
528.18,cool,wait,0.315,0.012,0.000,6.748,43.970,40.0,687,0
528.69,cool,wait,0.400,0.025,0.000,6.748,43.970,40.0,1003,0
529.20,cool,wait,0.716,0.037,0.000,6.748,43.970,40.0,954,0
529.70,cool,wait,0.469,0.015,0.000,6.748,43.970,40.0,674,0
530.21,cool,wait,0.303,0.009,0.000,6.750,43.970,39.0,860,0
530.72,cool,wait,1.412,0.536,0.004,6.750,43.970,39.0,820,0
531.23,saver#r2,idle,1.047,0.320,0.003,6.750,43.970,40.0,770,0
531.73,saver#r2,idle,0.454,0.035,0.004,6.750,43.970,40.0,667,0
532.24,saver#r2,idle,0.399,0.018,0.005,6.748,43.970,39.0,664,0
532.75,saver#r2,idle,0.359,0.016,0.000,6.748,43.970,39.0,991,0
533.26,saver#r2,idle,0.451,0.020,0.002,6.748,43.970,39.0,1008,0
533.77,saver#r2,idle,0.611,0.062,0.006,6.748,43.970,39.0,806,0
534.28,saver#r2,idle,0.387,0.019,0.000,6.748,43.970,39.0,643,0
534.78,saver#r2,idle,0.421,0.023,0.000,6.748,43.970,39.0,892,0
535.29,saver#r2,idle,0.512,0.021,0.000,6.750,43.970,39.0,643,0
535.80,saver#r2,idle,0.384,0.026,0.000,6.750,43.970,39.0,539,0
536.31,saver#r2,idle,0.328,0.011,0.000,6.750,43.970,39.0,627,0
536.81,saver#r2,idle,0.410,0.025,0.000,6.750,43.970,39.0,860,0
537.32,saver#r2,idle,0.388,0.020,0.000,6.745,43.960,39.0,717,0
537.83,saver#r2,idle,1.121,0.347,0.000,6.745,43.960,39.0,985,0
538.34,saver#r2,idle,0.357,0.014,0.000,6.745,43.960,39.0,781,0
538.84,saver#r2,idle,0.403,0.021,0.000,6.745,43.960,39.0,820,0
539.35,saver#r2,idle,0.456,0.025,0.000,6.750,43.960,39.0,1005,0
539.86,saver#r2,idle,0.368,0.019,0.000,6.750,43.960,39.0,637,0
540.37,saver#r2,idle,0.359,0.018,0.000,6.750,43.960,39.0,650,0
540.88,saver#r2,idle,1.572,0.648,0.000,6.750,43.960,39.0,538,0
541.39,saver#r2,bursty,1.384,0.678,0.000,6.740,43.960,39.0,940,0
541.89,saver#r2,bursty,0.996,0.390,0.000,6.740,43.960,39.0,597,0
542.40,saver#r2,bursty,0.824,0.362,0.000,6.740,43.960,39.0,589,0
542.90,saver#r2,bursty,0.859,0.378,0.000,6.740,43.960,39.0,497,0
543.41,saver#r2,bursty,0.843,0.365,0.000,6.735,43.960,39.0,641,0
543.92,saver#r2,bursty,0.800,0.356,0.000,6.735,43.960,39.0,1287,0
544.43,saver#r2,bursty,0.935,0.405,0.000,6.735,43.960,39.0,1201,0
544.94,saver#r2,bursty,0.914,0.372,0.000,6.735,43.960,39.0,1325,0
545.45,saver#r2,bursty,0.815,0.353,0.000,6.735,43.960,39.0,1053,0
545.95,saver#r2,bursty,0.802,0.362,0.000,6.735,43.960,39.0,902,0
546.46,saver#r2,bursty,0.974,0.359,0.000,6.738,43.950,39.0,998,0
546.97,saver#r2,bursty,0.805,0.352,0.000,6.738,43.950,39.0,510,0
547.48,saver#r2,bursty,1.211,0.588,0.000,6.738,43.950,40.0,1085,0
547.98,saver#r2,bursty,1.163,0.501,0.000,6.738,43.950,40.0,625,0
548.49,saver#r2,bursty,0.842,0.369,0.000,6.736,43.950,39.0,657,0
549.00,saver#r2,bursty,0.896,0.357,0.000,6.736,43.950,39.0,780,0
549.51,saver#r2,bursty,0.906,0.368,0.000,6.736,43.950,39.0,969,0
550.01,saver#r2,bursty,0.887,0.373,0.000,6.736,43.950,39.0,606,0
550.52,saver#r2,bursty,0.818,0.363,0.000,6.743,43.950,38.0,577,0
551.03,saver#r2,bursty,0.719,0.100,0.005,6.743,43.950,38.0,912,0
551.54,saver#r2,gap,0.946,0.302,0.005,6.743,43.950,38.0,1174,0
552.04,saver#r2,gap,0.485,0.022,0.003,6.743,43.950,38.0,799,0
552.55,saver#r2,gap,0.412,0.022,0.003,6.750,43.950,38.0,912,0
553.06,saver#r2,gap,0.318,0.017,0.002,6.750,43.950,38.0,947,0
553.57,saver#r2,gap,0.410,0.032,0.000,6.750,43.950,38.0,580,0
554.07,saver#r2,gap,2.649,1.524,0.003,6.750,43.950,38.0,1492,0
554.58,saver#r2,pdf_render,3.162,2.090,0.003,6.717,43.940,41.0,1274,0
555.09,saver#r2,pdf_render,2.773,1.829,0.000,6.717,43.940,41.0,1072,0
555.59,saver#r2,pdf_render,2.767,1.831,0.000,6.717,43.940,41.0,1213,0
556.10,saver#r2,pdf_render,2.789,1.845,0.000,6.717,43.940,41.0,1184,0
556.61,saver#r2,pdf_render,2.806,1.890,0.000,6.717,43.940,41.0,1116,0
557.11,saver#r2,pdf_render,2.921,1.898,0.000,6.717,43.940,41.0,793,0
557.62,saver#r2,pdf_render,3.956,2.643,0.000,6.730,43.940,41.0,1259,0
558.12,saver#r2,pdf_render,2.845,1.899,0.000,6.730,43.940,41.0,1048,0
558.63,saver#r2,pdf_render,2.852,1.916,0.000,6.730,43.940,41.0,1269,0
559.14,saver#r2,pdf_render,3.139,2.169,0.000,6.730,43.940,41.0,1299,0
559.65,saver#r2,pdf_render,2.746,1.833,0.000,6.728,43.930,41.0,1287,0
560.15,saver#r2,pdf_render,2.856,1.911,0.000,6.728,43.930,41.0,1225,0
560.66,saver#r2,pdf_render,2.780,1.854,0.000,6.728,43.930,41.0,1255,0
561.16,saver#r2,pdf_render,2.773,1.847,0.000,6.728,43.930,41.0,1043,0
561.67,saver#r2,pdf_render,2.854,1.892,0.000,6.729,43.930,41.0,1284,0
562.18,saver#r2,pdf_render,2.718,1.813,0.000,6.729,43.930,41.0,838,0
562.68,saver#r2,pdf_render,2.882,1.872,0.000,6.729,43.930,44.0,1273,0
563.19,saver#r2,pdf_render,2.748,1.848,0.000,6.729,43.930,44.0,1052,0
563.70,saver#r2,pdf_render,2.049,1.189,0.002,6.729,43.930,39.0,840,0
564.20,saver#r2,gap,1.057,0.360,0.003,6.729,43.930,39.0,686,0
564.71,saver#r2,gap,0.364,0.014,0.002,6.729,43.930,39.0,1063,0
565.22,saver#r2,gap,0.323,0.014,0.003,6.729,43.930,39.0,979,0
565.73,saver#r2,gap,0.576,0.035,0.003,6.745,43.920,39.0,654,0
566.23,saver#r2,gap,0.345,0.015,0.004,6.745,43.920,39.0,644,0
566.74,saver#r2,gap,1.264,0.436,0.003,6.745,43.920,39.0,1102,0
567.25,saver#r2,office,3.461,1.764,0.003,6.745,43.920,39.0,1235,0
567.76,saver#r2,office,5.088,3.369,0.000,6.745,43.920,46.0,1312,0
568.26,saver#r2,office,3.465,1.956,0.003,6.745,43.920,46.0,649,0
568.77,saver#r2,gap,1.100,0.411,0.004,6.714,43.920,39.0,679,0
569.28,saver#r2,gap,0.491,0.030,0.003,6.714,43.920,39.0,627,0
569.79,saver#r2,gap,0.477,0.028,0.004,6.714,43.920,39.0,776,0
570.30,saver#r2,gap,0.393,0.022,0.003,6.714,43.920,39.0,711,0
570.81,saver#r2,gap,0.444,0.025,0.003,6.749,43.920,38.0,702,0
571.31,saver#r2,gap,1.130,0.520,0.002,6.749,43.920,38.0,1585,0
571.82,saver#r2,python,6.436,4.392,0.001,6.749,43.920,47.0,1677,0
572.33,saver#r2,python,5.379,2.816,0.000,6.749,43.920,47.0,1773,0
572.84,saver#r2,python,3.707,1.225,0.003,6.711,43.910,39.0,1201,0
573.34,saver#r2,gap,1.187,0.413,0.003,6.711,43.910,39.0,1044,0
573.85,saver#r2,gap,0.416,0.017,0.005,6.711,43.910,39.0,1082,0
574.36,saver#r2,gap,0.427,0.021,0.004,6.711,43.910,39.0,1033,0
574.86,saver#r2,gap,0.410,0.020,0.000,6.746,43.910,38.0,1273,0
575.37,saver#r2,gap,0.339,0.014,0.000,6.746,43.910,38.0,988,0
575.88,saver#r2,gap,3.140,1.309,0.000,6.746,43.910,43.0,1810,0
576.39,saver#r2,compress,6.867,3.735,0.000,6.746,43.910,43.0,1035,0
576.90,saver#r2,compress,5.977,3.199,0.000,6.705,43.910,41.0,943,0
577.40,saver#r2,compress,5.965,3.140,0.000,6.705,43.910,41.0,1049,0
577.92,saver#r2,compress,5.971,3.164,0.000,6.705,43.910,42.0,959,0
578.43,saver#r2,compress,5.951,3.134,0.000,6.705,43.910,42.0,1046,0
578.94,saver#r2,compress,5.997,3.113,0.000,6.705,43.910,42.0,931,0
579.44,saver#r2,compress,5.970,2.996,0.000,6.705,43.910,42.0,938,0
579.96,saver#r2,compress,5.967,3.053,0.000,6.705,43.900,42.0,1024,0
580.47,saver#r2,compress,5.949,3.081,0.000,6.705,43.900,42.0,1003,0
580.98,saver#r2,compress,5.952,3.149,0.000,6.705,43.900,42.0,964,0
581.48,saver#r2,compress,5.575,2.731,0.000,6.705,43.900,42.0,1036,0
581.99,saver#r2,compress,3.904,1.673,0.002,6.704,43.890,40.0,1023,0
582.50,saver#r2,gap,1.254,0.441,0.003,6.704,43.890,40.0,910,0
583.01,saver#r2,gap,0.353,0.011,0.000,6.704,43.890,39.0,871,0
583.52,saver#r2,gap,0.519,0.037,0.003,6.704,43.890,39.0,1023,0
584.03,saver#r2,gap,0.386,0.018,0.004,6.739,43.890,39.0,703,0
584.54,saver#r2,gap,0.369,0.021,0.003,6.739,43.890,39.0,596,0
585.05,saver#r2,gap,1.273,0.405,0.003,6.739,43.890,41.0,1397,0
585.55,saver#r2,sustained20s,7.900,4.143,0.003,6.739,43.890,41.0,939,0
586.06,saver#r2,sustained20s,5.962,3.195,0.000,6.703,43.890,42.0,1034,0
586.57,saver#r2,sustained20s,5.945,3.180,0.000,6.703,43.890,42.0,1127,0
587.08,saver#r2,sustained20s,6.006,3.097,0.000,6.703,43.890,42.0,901,0
587.58,saver#r2,sustained20s,5.964,3.031,0.000,6.703,43.890,42.0,935,0
588.10,saver#r2,sustained20s,5.972,3.095,0.000,6.703,43.880,42.0,937,0
588.60,saver#r2,sustained20s,5.969,3.031,0.000,6.703,43.880,42.0,943,0
589.12,saver#r2,sustained20s,5.965,3.058,0.000,6.703,43.880,42.0,909,0
589.62,saver#r2,sustained20s,5.938,3.090,0.000,6.703,43.880,42.0,1087,0
590.13,saver#r2,sustained20s,5.964,3.180,0.000,6.703,43.880,43.0,1020,0
590.64,saver#r2,sustained20s,5.964,3.152,0.000,6.703,43.880,43.0,1003,0
591.15,saver#r2,sustained20s,5.007,2.406,0.000,6.702,43.870,43.0,2136,0
591.66,saver#r2,sustained20s,6.969,3.730,0.000,6.702,43.870,43.0,945,0
592.16,saver#r2,sustained20s,5.961,3.169,0.000,6.702,43.870,43.0,1029,0
592.67,saver#r2,sustained20s,5.947,3.195,0.000,6.702,43.870,43.0,1133,0
593.18,saver#r2,sustained20s,5.998,3.082,0.000,6.701,43.860,43.0,925,0
593.69,saver#r2,sustained20s,5.972,3.079,0.000,6.701,43.860,43.0,939,0
594.20,saver#r2,sustained20s,5.961,3.037,0.000,6.701,43.860,43.0,1026,0
594.71,saver#r2,sustained20s,5.965,3.035,0.000,6.701,43.860,43.0,940,0
595.22,saver#r2,sustained20s,5.958,3.082,0.001,6.699,43.860,43.0,1031,0
595.73,saver#r2,sustained20s,5.954,3.103,0.000,6.699,43.860,43.0,987,0
596.24,saver#r2,sustained20s,5.947,3.153,0.000,6.699,43.860,44.0,986,0
596.74,saver#r2,sustained20s,5.659,2.799,0.000,6.699,43.860,44.0,987,0
597.25,saver#r2,sustained20s,5.172,2.147,0.000,6.700,43.850,43.0,1922,0
597.76,saver#r2,sustained20s,7.138,3.729,0.000,6.700,43.850,43.0,898,0
598.27,saver#r2,sustained20s,5.967,3.198,0.000,6.700,43.850,43.0,941,0
598.78,saver#r2,sustained20s,6.004,3.192,0.000,6.700,43.850,43.0,700,0
599.29,saver#r2,sustained20s,5.932,3.059,0.000,6.696,43.840,43.0,931,0
599.79,saver#r2,sustained20s,5.967,3.018,0.000,6.696,43.840,43.0,940,0
600.30,saver#r2,sustained20s,5.973,3.043,0.000,6.696,43.840,43.0,929,0
600.81,saver#r2,sustained20s,5.966,3.048,0.000,6.696,43.840,43.0,936,0
601.32,saver#r2,sustained20s,5.951,3.169,0.000,6.696,43.840,44.0,1064,0
601.83,saver#r2,sustained20s,5.964,3.059,0.000,6.696,43.840,44.0,1095,0
602.34,saver#r2,sustained20s,5.950,3.171,0.000,6.699,43.840,44.0,1030,0
602.84,saver#r2,sustained20s,5.822,3.046,0.000,6.699,43.840,44.0,1115,0
603.35,saver#r2,sustained20s,4.900,2.210,0.000,6.699,43.840,43.0,1680,0
603.86,saver#r2,sustained20s,7.204,3.757,0.000,6.699,43.840,43.0,1039,0
604.37,saver#r2,sustained20s,5.972,3.190,0.000,6.700,43.830,44.0,1032,0
604.88,saver#r2,sustained20s,5.956,3.209,0.000,6.700,43.830,44.0,1029,0
605.39,saver#r2,sustained20s,5.981,3.111,0.000,6.700,43.830,44.0,1027,0
605.89,saver#r2,sustained20s,5.963,3.152,0.000,6.700,43.830,44.0,958,0
606.40,saver#r2,sustained20s,5.947,3.170,0.000,6.697,43.830,44.0,1100,0
606.91,saver#r2,sustained20s,6.005,3.039,0.000,6.697,43.830,44.0,925,0
607.42,saver#r2,sustained20s,5.968,3.028,0.000,6.697,43.830,44.0,945,0
607.93,saver#r2,sustained20s,5.941,3.077,0.000,6.697,43.830,44.0,985,0
608.44,saver#r2,sustained20s,5.953,3.171,0.000,6.697,43.820,45.0,1023,0
608.94,saver#r2,sustained20s,5.969,3.131,0.000,6.697,43.820,45.0,1141,0
609.45,saver#r2,sustained20s,4.911,2.419,0.000,6.697,43.820,46.0,1833,0
609.96,saver#r2,sustained20s,1.561,0.436,0.004,6.697,43.820,46.0,926,0
610.47,saver#r2,end,1.022,0.309,0.001,6.735,43.810,42.0,848,0
610.98,saver#r2,end,0.448,0.034,0.002,6.735,43.810,42.0,1234,0
611.49,saver#r2,end,0.363,0.017,0.001,6.735,43.810,42.0,736,0
612.00,saver#r2,end,0.533,0.028,0.002,6.735,43.810,42.0,1017,0
612.51,saver#r2,end,0.324,0.010,0.000,6.735,43.810,42.0,1110,0
613.02,saver#r2,end,0.693,0.109,0.002,6.735,43.810,42.0,884,0
613.54,saver#r2,end,0.589,0.032,0.002,6.736,43.810,41.0,667,0
614.04,saver#r2,end,1.514,0.494,0.002,6.736,43.810,41.0,657,0
614.56,saver#r2,end,0.482,0.019,0.000,6.736,43.810,41.0,659,0
615.06,saver#r2,end,0.561,0.036,0.002,6.736,43.810,41.0,733,0
615.57,saver#r2,end,0.328,0.011,0.000,6.740,43.810,41.0,862,0
616.08,saver#r2,end,0.456,0.033,0.000,6.740,43.810,41.0,677,0
616.60,saver#r2,end,0.435,0.016,0.002,6.740,43.810,41.0,661,0
617.10,saver#r2,end,0.702,0.032,0.000,6.740,43.810,41.0,656,0
617.62,saver#r2,end,1.332,0.358,0.000,6.741,43.810,41.0,647,0
618.13,saver#r2,end,0.585,0.038,0.000,6.741,43.810,41.0,650,0
618.64,saver#r2,end,0.395,0.017,0.000,6.741,43.810,41.0,669,0
619.15,saver#r2,end,0.712,0.048,0.000,6.741,43.810,41.0,637,0
619.66,saver#r2,end,0.387,0.014,0.000,6.739,43.800,40.0,759,0
620.17,saver#r2,end,0.852,0.220,0.000,6.739,43.800,40.0,632,0
620.68,cool,wait,0.768,0.227,0.000,6.739,43.800,41.0,803,0
621.19,cool,wait,0.363,0.015,0.000,6.739,43.800,41.0,762,0
621.70,cool,wait,0.358,0.012,0.000,6.742,43.800,40.0,794,0
622.21,cool,wait,0.367,0.019,0.000,6.742,43.800,40.0,666,0
622.72,cool,wait,0.340,0.012,0.000,6.742,43.800,40.0,741,0
623.23,cool,wait,0.346,0.013,0.000,6.742,43.800,40.0,972,0
623.74,cool,wait,0.322,0.011,0.000,6.743,43.800,40.0,702,0
624.25,cool,wait,0.347,0.017,0.000,6.743,43.800,40.0,1091,0
624.76,cool,wait,0.402,0.030,0.000,6.743,43.800,40.0,838,0
625.27,cool,wait,0.433,0.011,0.000,6.743,43.800,40.0,835,0
625.78,cool,wait,0.426,0.013,0.000,6.743,43.800,40.0,696,0
626.29,cool,wait,0.359,0.018,0.000,6.743,43.800,40.0,956,0
626.81,cool,wait,0.365,0.012,0.000,6.744,43.800,40.0,737,0
627.31,cool,wait,0.357,0.012,0.000,6.744,43.800,40.0,679,0
627.83,cool,wait,1.082,0.362,0.000,6.744,43.800,40.0,1159,0
628.34,cool,wait,0.419,0.014,0.000,6.744,43.800,40.0,989,0
628.85,cool,wait,0.335,0.013,0.000,6.741,43.790,40.0,1163,0
629.35,cool,wait,0.386,0.020,0.000,6.741,43.790,40.0,1224,0
629.87,cool,wait,0.366,0.020,0.000,6.741,43.790,40.0,550,0
630.37,cool,wait,0.297,0.008,0.000,6.741,43.790,40.0,1293,0
630.88,cool,wait,0.611,0.017,0.000,6.743,43.790,39.0,859,0
631.39,cool,wait,0.314,0.011,0.000,6.743,43.790,39.0,598,0
631.90,cool,wait,1.253,0.373,0.001,6.743,43.790,40.0,884,0
632.40,cool,wait,1.016,0.401,0.002,6.743,43.790,40.0,666,0
632.91,saver+bp#r3,idle,1.001,0.317,0.002,6.741,43.790,39.0,776,0
633.42,saver+bp#r3,idle,0.397,0.027,0.002,6.741,43.790,39.0,754,0
633.93,saver+bp#r3,idle,0.516,0.039,0.001,6.741,43.790,39.0,583,0
634.44,saver+bp#r3,idle,0.541,0.018,0.001,6.741,43.790,39.0,562,0
634.94,saver+bp#r3,idle,0.413,0.018,0.002,6.746,43.790,39.0,647,0
635.45,saver+bp#r3,idle,0.334,0.017,0.000,6.746,43.790,39.0,1072,0
635.96,saver+bp#r3,idle,0.439,0.016,0.000,6.746,43.790,39.0,630,0
636.46,saver+bp#r3,idle,0.381,0.020,0.000,6.746,43.790,39.0,929,0
636.97,saver+bp#r3,idle,0.390,0.016,0.000,6.746,43.790,39.0,1192,0
637.48,saver+bp#r3,idle,0.738,0.202,0.000,6.746,43.790,39.0,1264,0
637.99,saver+bp#r3,idle,0.697,0.147,0.000,6.745,43.780,39.0,1160,0
638.49,saver+bp#r3,idle,0.366,0.018,0.000,6.745,43.780,39.0,922,0
639.00,saver+bp#r3,idle,0.394,0.014,0.000,6.745,43.780,39.0,675,0
639.51,saver+bp#r3,idle,0.421,0.020,0.000,6.745,43.780,39.0,777,0
640.02,saver+bp#r3,idle,0.365,0.015,0.000,6.747,43.780,39.0,705,0
640.53,saver+bp#r3,idle,0.369,0.016,0.000,6.747,43.780,39.0,769,0
641.04,saver+bp#r3,idle,0.541,0.019,0.000,6.747,43.780,39.0,1014,0
641.54,saver+bp#r3,idle,0.448,0.019,0.000,6.747,43.780,39.0,1021,0
642.05,saver+bp#r3,idle,0.434,0.041,0.000,6.746,43.780,39.0,1386,0
642.56,saver+bp#r3,idle,1.514,0.728,0.000,6.746,43.780,39.0,597,0
643.07,saver+bp#r3,bursty,1.116,0.568,0.000,6.746,43.780,39.0,752,0
643.57,saver+bp#r3,bursty,0.903,0.380,0.000,6.746,43.780,39.0,603,0
644.08,saver+bp#r3,bursty,0.953,0.364,0.000,6.741,43.780,39.0,767,0
644.59,saver+bp#r3,bursty,0.818,0.354,0.000,6.741,43.780,39.0,637,0
645.10,saver+bp#r3,bursty,0.902,0.378,0.000,6.741,43.780,39.0,728,0
645.61,saver+bp#r3,bursty,0.796,0.356,0.000,6.741,43.780,39.0,768,0
646.12,saver+bp#r3,bursty,0.820,0.362,0.000,6.735,43.770,39.0,906,0
646.62,saver+bp#r3,bursty,0.834,0.378,0.000,6.735,43.770,39.0,1283,0
647.13,saver+bp#r3,bursty,0.889,0.366,0.000,6.735,43.770,39.0,816,0
647.64,saver+bp#r3,bursty,1.548,0.738,0.000,6.735,43.770,39.0,772,0
648.15,saver+bp#r3,bursty,0.830,0.365,0.000,6.735,43.770,39.0,866,0
648.65,saver+bp#r3,bursty,0.884,0.393,0.000,6.735,43.770,39.0,832,0
649.16,saver+bp#r3,bursty,1.233,0.381,0.000,6.744,43.770,39.0,814,0
649.67,saver+bp#r3,bursty,0.835,0.380,0.000,6.744,43.770,39.0,674,0
650.18,saver+bp#r3,bursty,0.813,0.353,0.000,6.744,43.770,39.0,970,0
650.69,saver+bp#r3,bursty,0.875,0.419,0.000,6.744,43.770,39.0,1062,0
651.20,saver+bp#r3,bursty,0.843,0.345,0.000,6.742,43.770,39.0,957,0
651.70,saver+bp#r3,bursty,0.889,0.394,0.000,6.742,43.770,39.0,1203,0
652.21,saver+bp#r3,bursty,0.862,0.230,0.002,6.742,43.770,39.0,646,0
652.72,saver+bp#r3,gap,0.553,0.088,0.000,6.742,43.770,39.0,1185,0
653.22,saver+bp#r3,gap,0.678,0.233,0.000,6.747,43.760,38.0,1162,0
653.73,saver+bp#r3,gap,0.445,0.032,0.003,6.747,43.760,38.0,918,0
654.24,saver+bp#r3,gap,0.453,0.024,0.002,6.747,43.760,38.0,624,0
654.75,saver+bp#r3,gap,0.386,0.025,0.000,6.747,43.760,38.0,591,0
655.26,saver+bp#r3,gap,0.610,0.109,0.002,6.747,43.760,39.0,1308,0
655.76,saver+bp#r3,pdf_render,3.422,2.304,0.001,6.747,43.760,39.0,1880,0
656.27,saver+bp#r3,pdf_render,2.723,1.781,0.000,6.747,43.760,42.0,1257,0
656.78,saver+bp#r3,pdf_render,2.712,1.785,0.000,6.747,43.760,42.0,1945,0
657.28,saver+bp#r3,pdf_render,2.849,1.892,0.000,6.726,43.760,42.0,1241,0
657.79,saver+bp#r3,pdf_render,3.650,2.295,0.000,6.726,43.760,42.0,1431,0
658.30,saver+bp#r3,pdf_render,2.817,1.891,0.000,6.726,43.760,43.0,1271,0
658.80,saver+bp#r3,pdf_render,3.166,2.226,0.000,6.726,43.760,43.0,1319,0
659.31,saver+bp#r3,pdf_render,2.898,1.966,0.000,6.726,43.760,45.0,1318,0
659.82,saver+bp#r3,pdf_render,2.868,1.920,0.000,6.726,43.760,45.0,1065,0
660.32,saver+bp#r3,pdf_render,2.794,1.795,0.000,6.726,43.760,42.0,1266,0
660.83,saver+bp#r3,pdf_render,3.030,2.089,0.000,6.726,43.760,42.0,1244,0
661.34,saver+bp#r3,pdf_render,2.806,1.885,0.000,6.726,43.760,42.0,1296,0
661.84,saver+bp#r3,pdf_render,2.830,1.912,0.000,6.726,43.760,42.0,1241,0
662.35,saver+bp#r3,pdf_render,2.725,1.801,0.000,6.725,43.750,41.0,1289,0
662.85,saver+bp#r3,pdf_render,2.837,1.875,0.000,6.725,43.750,41.0,1642,0
663.36,saver+bp#r3,pdf_render,2.889,1.856,0.000,6.725,43.750,41.0,1036,0
663.87,saver+bp#r3,pdf_render,2.737,1.799,0.000,6.725,43.750,41.0,1393,0
664.37,saver+bp#r3,pdf_render,2.766,1.865,0.000,6.725,43.750,41.0,1330,0
664.88,saver+bp#r3,pdf_render,2.789,1.885,0.000,6.725,43.750,41.0,1249,0
665.39,saver+bp#r3,pdf_render,1.250,0.578,0.001,6.725,43.750,39.0,989,0
665.89,saver+bp#r3,gap,1.010,0.376,0.002,6.725,43.750,39.0,1142,0
666.40,saver+bp#r3,gap,0.386,0.019,0.001,6.739,43.740,38.0,635,0
666.91,saver+bp#r3,gap,0.400,0.025,0.002,6.739,43.740,38.0,670,0
667.42,saver+bp#r3,gap,0.438,0.055,0.000,6.739,43.740,39.0,1163,0
667.92,saver+bp#r3,gap,0.957,0.300,0.000,6.739,43.740,39.0,790,0
668.43,saver+bp#r3,gap,2.360,1.101,0.002,6.736,43.740,44.0,992,0
668.94,saver+bp#r3,office,2.629,1.320,0.002,6.736,43.740,44.0,1732,0
669.45,saver+bp#r3,office,4.247,2.837,0.000,6.736,43.740,43.0,735,0
669.95,saver+bp#r3,office,3.568,2.081,0.004,6.736,43.740,43.0,884,0
670.46,saver+bp#r3,gap,1.066,0.404,0.001,6.736,43.740,39.0,1502,0
670.96,saver+bp#r3,gap,0.402,0.021,0.000,6.736,43.740,39.0,748,0
671.47,saver+bp#r3,gap,0.369,0.019,0.002,6.737,43.740,39.0,1100,0
671.98,saver+bp#r3,gap,0.365,0.018,0.000,6.737,43.740,39.0,1225,0
672.49,saver+bp#r3,gap,0.387,0.021,0.000,6.737,43.740,38.0,640,0
672.99,saver+bp#r3,gap,1.156,0.469,0.002,6.737,43.740,38.0,950,0
673.50,saver+bp#r3,python,5.885,3.934,0.000,6.744,43.730,50.0,722,0
674.01,saver+bp#r3,python,5.353,2.763,0.000,6.744,43.730,50.0,1128,0
674.51,saver+bp#r3,python,3.727,1.233,0.002,6.744,43.730,39.0,647,0
675.02,saver+bp#r3,gap,1.136,0.430,0.000,6.744,43.730,39.0,661,0
675.53,saver+bp#r3,gap,0.353,0.017,0.002,6.736,43.730,39.0,647,0
676.04,saver+bp#r3,gap,0.401,0.021,0.002,6.736,43.730,39.0,647,0
676.54,saver+bp#r3,gap,0.415,0.027,0.000,6.736,43.730,38.0,1047,0
677.05,saver+bp#r3,gap,0.550,0.044,0.000,6.736,43.730,38.0,639,0
677.56,saver+bp#r3,gap,3.299,1.303,0.000,6.741,43.730,42.0,1993,0
678.07,saver+bp#r3,compress,6.935,3.708,0.000,6.741,43.730,42.0,939,0
678.57,saver+bp#r3,compress,5.971,3.187,0.000,6.741,43.730,41.0,939,0
679.08,saver+bp#r3,compress,5.959,3.169,0.000,6.741,43.730,41.0,1030,0
679.59,saver+bp#r3,compress,5.972,3.080,0.000,6.700,43.720,41.0,1032,0
680.10,saver+bp#r3,compress,5.978,3.096,0.000,6.700,43.720,41.0,942,0
680.61,saver+bp#r3,compress,5.956,3.109,0.000,6.700,43.720,42.0,1035,0
681.12,saver+bp#r3,compress,5.968,3.042,0.000,6.700,43.720,42.0,984,0
681.63,saver+bp#r3,compress,5.954,3.067,0.000,6.700,43.720,42.0,1002,0
682.14,saver+bp#r3,compress,5.957,3.146,0.000,6.700,43.720,42.0,972,0
682.65,saver+bp#r3,compress,5.970,3.175,0.000,6.700,43.710,42.0,1040,0
683.16,saver+bp#r3,compress,5.761,3.012,0.000,6.700,43.710,42.0,1011,0
683.67,saver+bp#r3,compress,2.176,0.839,0.002,6.700,43.710,40.0,707,0
684.17,saver+bp#r3,gap,1.405,0.465,0.003,6.700,43.710,40.0,671,0
684.69,saver+bp#r3,gap,0.903,0.016,0.002,6.731,43.710,39.0,912,0
685.19,saver+bp#r3,gap,0.601,0.019,0.000,6.731,43.710,39.0,656,0
685.70,saver+bp#r3,gap,0.378,0.018,0.001,6.731,43.710,39.0,678,0
686.21,saver+bp#r3,gap,0.996,0.200,0.001,6.731,43.710,39.0,630,0
686.72,saver+bp#r3,gap,3.925,1.784,0.001,6.737,43.700,43.0,1376,0
687.23,saver+bp#r3,sustained20s,6.520,3.529,0.001,6.737,43.700,43.0,1018,0
687.74,saver+bp#r3,sustained20s,5.967,3.219,0.000,6.737,43.700,42.0,1027,0
688.25,saver+bp#r3,sustained20s,5.971,3.190,0.000,6.737,43.700,42.0,940,0
688.76,saver+bp#r3,sustained20s,5.976,3.106,0.000,6.700,43.700,42.0,1000,0
689.27,saver+bp#r3,sustained20s,5.965,3.118,0.000,6.700,43.700,42.0,1035,0
689.78,saver+bp#r3,sustained20s,5.973,3.024,0.000,6.700,43.700,42.0,941,0
690.29,saver+bp#r3,sustained20s,6.009,3.016,0.000,6.700,43.700,42.0,693,0
690.80,saver+bp#r3,sustained20s,5.921,2.964,0.000,6.692,43.690,42.0,918,0
691.31,saver+bp#r3,sustained20s,5.972,3.034,0.000,6.692,43.690,42.0,1039,0
691.82,saver+bp#r3,sustained20s,5.965,3.074,0.000,6.692,43.690,43.0,948,0
692.33,saver+bp#r3,sustained20s,5.804,2.999,0.000,6.692,43.690,43.0,1150,0
692.85,saver+bp#r3,sustained20s,4.734,2.012,0.000,6.692,43.690,42.0,2171,0
693.36,saver+bp#r3,sustained20s,7.369,3.968,0.000,6.692,43.690,42.0,935,0
693.87,saver+bp#r3,sustained20s,5.966,3.174,0.000,6.701,43.690,43.0,1041,0
694.38,saver+bp#r3,sustained20s,5.972,3.174,0.000,6.701,43.690,43.0,949,0
694.89,saver+bp#r3,sustained20s,5.975,3.073,0.000,6.701,43.690,43.0,920,0
695.40,saver+bp#r3,sustained20s,5.965,3.059,0.000,6.701,43.690,43.0,921,0
695.91,saver+bp#r3,sustained20s,5.973,3.063,0.000,6.696,43.680,43.0,943,0
696.42,saver+bp#r3,sustained20s,5.956,3.033,0.000,6.696,43.680,43.0,995,0
696.93,saver+bp#r3,sustained20s,5.978,3.077,0.000,6.696,43.680,43.0,1044,0
697.43,saver+bp#r3,sustained20s,5.965,3.112,0.000,6.696,43.680,43.0,936,0
697.94,saver+bp#r3,sustained20s,5.939,3.084,0.000,6.696,43.670,44.0,1010,0
698.45,saver+bp#r3,sustained20s,5.758,3.054,0.000,6.696,43.670,44.0,1190,0
698.96,saver+bp#r3,sustained20s,4.749,1.877,0.000,6.696,43.670,42.0,1155,0
699.47,saver+bp#r3,sustained20s,7.434,3.655,0.000,6.696,43.670,42.0,889,0
699.98,saver+bp#r3,sustained20s,5.965,3.131,0.000,6.688,43.670,43.0,934,0
700.49,saver+bp#r3,sustained20s,5.963,3.186,0.000,6.688,43.670,43.0,1039,0
701.00,saver+bp#r3,sustained20s,5.974,3.067,0.000,6.688,43.670,43.0,933,0
701.51,saver+bp#r3,sustained20s,5.973,3.078,0.000,6.688,43.670,43.0,943,0
702.02,saver+bp#r3,sustained20s,5.968,3.051,0.000,6.694,43.660,43.0,927,0
702.53,saver+bp#r3,sustained20s,5.971,3.040,0.000,6.694,43.660,43.0,932,0
703.04,saver+bp#r3,sustained20s,5.964,3.079,0.000,6.694,43.660,44.0,942,0
703.54,saver+bp#r3,sustained20s,5.963,3.022,0.000,6.694,43.660,44.0,1031,0
704.06,saver+bp#r3,sustained20s,5.934,3.130,0.000,6.694,43.660,44.0,1101,0
704.56,saver+bp#r3,sustained20s,5.971,3.159,0.000,6.694,43.660,44.0,990,0
705.07,saver+bp#r3,sustained20s,4.535,2.036,0.000,6.692,43.650,42.0,1571,0
705.58,saver+bp#r3,sustained20s,7.436,3.868,0.000,6.692,43.650,42.0,934,0
706.09,saver+bp#r3,sustained20s,5.966,3.088,0.000,6.692,43.650,44.0,941,0
706.60,saver+bp#r3,sustained20s,5.965,3.216,0.000,6.692,43.650,44.0,1020,0
707.11,saver+bp#r3,sustained20s,5.978,3.108,0.000,6.692,43.650,44.0,939,0
707.62,saver+bp#r3,sustained20s,5.966,3.129,0.000,6.692,43.650,44.0,925,0
708.13,saver+bp#r3,sustained20s,5.946,3.183,0.000,6.692,43.650,44.0,1052,0
708.64,saver+bp#r3,sustained20s,5.995,3.146,0.000,6.692,43.650,44.0,907,0
709.15,saver+bp#r3,sustained20s,5.970,2.944,0.000,6.691,43.640,44.0,937,0
709.66,saver+bp#r3,sustained20s,5.935,3.126,0.000,6.691,43.640,44.0,997,0
710.17,saver+bp#r3,sustained20s,5.976,3.126,0.000,6.691,43.640,45.0,1027,0
710.67,saver+bp#r3,sustained20s,5.953,3.198,0.000,6.691,43.640,45.0,1104,0
711.18,saver+bp#r3,sustained20s,4.885,2.198,0.000,6.693,43.630,43.0,1516,0
711.69,saver+bp#r3,sustained20s,1.032,0.179,0.002,6.693,43.630,43.0,923,0
712.20,saver+bp#r3,end,1.296,0.356,0.002,6.693,43.630,42.0,750,0
712.70,saver+bp#r3,end,0.780,0.019,0.002,6.693,43.630,42.0,729,0
713.22,saver+bp#r3,end,0.771,0.018,0.001,6.732,43.630,42.0,657,0
713.72,saver+bp#r3,end,0.829,0.045,0.002,6.732,43.630,42.0,608,0
714.24,saver+bp#r3,end,0.715,0.009,0.000,6.732,43.630,41.0,507,0
714.74,saver+bp#r3,end,0.866,0.023,0.001,6.732,43.630,41.0,547,0
715.26,saver+bp#r3,end,0.751,0.023,0.000,6.734,43.630,41.0,673,0
715.77,saver+bp#r3,end,1.358,0.453,0.000,6.734,43.630,41.0,587,0
716.29,saver+bp#r3,end,0.756,0.016,0.000,6.734,43.630,42.0,680,0
716.79,saver+bp#r3,end,1.135,0.281,0.000,6.734,43.630,42.0,755,0
717.31,saver+bp#r3,end,0.464,0.023,0.000,6.734,43.630,41.0,724,0
717.81,saver+bp#r3,end,1.031,0.347,0.000,6.734,43.630,41.0,679,0
718.32,saver+bp#r3,end,0.419,0.022,0.000,6.733,43.620,41.0,760,0
718.83,saver+bp#r3,end,0.411,0.024,0.000,6.733,43.620,41.0,892,0
719.34,saver+bp#r3,end,0.469,0.039,0.000,6.733,43.620,41.0,811,0
719.84,saver+bp#r3,end,0.374,0.019,0.000,6.733,43.620,41.0,783,0
720.35,saver+bp#r3,end,0.525,0.021,0.000,6.735,43.620,41.0,690,0
720.86,saver+bp#r3,end,0.355,0.029,0.000,6.735,43.620,41.0,1125,0
721.37,saver+bp#r3,end,0.460,0.021,0.000,6.735,43.620,40.0,556,0
721.87,saver+bp#r3,end,0.806,0.231,0.000,6.735,43.620,40.0,579,0
722.38,cool,wait,0.738,0.214,0.000,6.736,43.620,40.0,979,0
722.89,cool,wait,0.457,0.031,0.000,6.736,43.620,40.0,691,0
723.40,cool,wait,0.399,0.020,0.000,6.736,43.620,40.0,682,0
723.90,cool,wait,0.347,0.018,0.000,6.736,43.620,40.0,649,0
724.41,cool,wait,0.340,0.012,0.000,6.740,43.620,40.0,678,0
724.92,cool,wait,0.417,0.019,0.000,6.740,43.620,40.0,721,0
725.43,cool,wait,0.356,0.019,0.000,6.740,43.620,40.0,806,0
725.94,cool,wait,0.587,0.027,0.000,6.740,43.620,40.0,991,0
726.44,cool,wait,0.430,0.016,0.000,6.741,43.610,40.0,1245,0
726.95,cool,wait,0.369,0.018,0.000,6.741,43.610,40.0,1111,0
727.46,cool,wait,0.577,0.135,0.000,6.741,43.610,40.0,1376,0
727.97,cool,wait,0.865,0.265,0.000,6.741,43.610,40.0,562,0
728.48,cool,wait,0.337,0.012,0.000,6.741,43.610,40.0,701,0
728.98,cool,wait,0.384,0.014,0.000,6.741,43.610,40.0,620,0
729.49,cool,wait,0.382,0.025,0.000,6.739,43.610,40.0,1076,0
730.00,cool,wait,0.380,0.017,0.000,6.739,43.610,40.0,444,0
730.51,cool,wait,0.332,0.011,0.000,6.739,43.610,40.0,575,0
731.02,cool,wait,0.380,0.015,0.000,6.739,43.610,40.0,566,0
731.53,cool,wait,0.493,0.022,0.000,6.739,43.610,39.0,784,0
732.03,cool,wait,0.348,0.014,0.000,6.739,43.610,39.0,665,0
732.54,cool,wait,0.370,0.026,0.000,6.739,43.610,39.0,690,0
733.05,cool,wait,0.345,0.012,0.000,6.739,43.610,39.0,595,0
733.56,cool,wait,0.682,0.109,0.000,6.740,43.610,40.0,1161,0
734.06,cool,wait,1.055,0.337,0.004,6.740,43.610,40.0,1177,0
734.57,saver#r3,idle,1.025,0.336,0.003,6.740,43.610,39.0,1274,0
735.08,saver#r3,idle,0.496,0.026,0.003,6.740,43.610,39.0,1013,0
735.59,saver#r3,idle,0.411,0.022,0.001,6.739,43.600,39.0,914,0
736.10,saver#r3,idle,0.542,0.025,0.000,6.739,43.600,39.0,756,0
736.61,saver#r3,idle,0.389,0.026,0.000,6.739,43.600,39.0,555,0
737.11,saver#r3,idle,0.346,0.019,0.000,6.739,43.600,39.0,877,0
737.62,saver#r3,idle,1.027,0.342,0.000,6.741,43.600,39.0,560,0
738.13,saver#r3,idle,0.440,0.028,0.000,6.741,43.600,39.0,651,0
738.64,saver#r3,idle,0.419,0.028,0.000,6.741,43.600,39.0,554,0
739.14,saver#r3,idle,0.612,0.032,0.000,6.741,43.600,39.0,572,0
739.65,saver#r3,idle,0.352,0.014,0.000,6.741,43.600,39.0,555,0
740.16,saver#r3,idle,0.364,0.018,0.000,6.741,43.600,39.0,662,0
740.67,saver#r3,idle,0.295,0.012,0.000,6.742,43.600,39.0,666,0
741.17,saver#r3,idle,0.408,0.019,0.000,6.742,43.600,39.0,646,0
741.68,saver#r3,idle,0.525,0.017,0.000,6.742,43.600,39.0,1000,0
742.19,saver#r3,idle,0.470,0.017,0.000,6.742,43.600,39.0,827,0
742.70,saver#r3,idle,0.522,0.018,0.000,6.740,43.600,39.0,1054,0
743.21,saver#r3,idle,0.400,0.018,0.000,6.740,43.600,39.0,979,0
743.72,saver#r3,idle,0.333,0.013,0.000,6.740,43.600,39.0,1109,0
744.22,saver#r3,idle,1.377,0.626,0.000,6.740,43.600,39.0,887,0
744.73,saver#r3,bursty,1.217,0.592,0.000,6.740,43.590,39.0,578,0
745.24,saver#r3,bursty,0.905,0.370,0.000,6.740,43.590,39.0,577,0
745.75,saver#r3,bursty,0.786,0.356,0.000,6.740,43.590,39.0,801,0
746.25,saver#r3,bursty,0.900,0.379,0.000,6.740,43.590,39.0,585,0
746.76,saver#r3,bursty,0.817,0.361,0.000,6.740,43.590,39.0,652,0
747.27,saver#r3,bursty,0.800,0.359,0.000,6.740,43.590,39.0,632,0
747.78,saver#r3,bursty,1.571,0.782,0.000,6.740,43.590,39.0,558,0
748.28,saver#r3,bursty,0.836,0.367,0.000,6.740,43.590,39.0,1046,0
748.79,saver#r3,bursty,0.849,0.361,0.000,6.743,43.590,39.0,1188,0
749.30,saver#r3,bursty,0.844,0.395,0.000,6.743,43.590,39.0,588,0
749.81,saver#r3,bursty,0.907,0.351,0.000,6.743,43.590,39.0,1247,0
750.32,saver#r3,bursty,0.848,0.383,0.000,6.743,43.590,39.0,834,0
750.83,saver#r3,bursty,0.836,0.379,0.000,6.743,43.590,39.0,1113,0
751.33,saver#r3,bursty,0.825,0.391,0.000,6.743,43.590,39.0,1198,0
751.84,saver#r3,bursty,0.924,0.364,0.000,6.742,43.590,39.0,856,0
752.35,saver#r3,bursty,1.518,0.692,0.001,6.742,43.590,39.0,1131,0
752.86,saver#r3,bursty,0.833,0.370,0.000,6.742,43.590,39.0,1118,0
753.36,saver#r3,bursty,0.864,0.382,0.000,6.742,43.590,39.0,698,0
753.87,saver#r3,bursty,0.795,0.321,0.001,6.738,43.580,39.0,1276,0
754.38,saver#r3,gap,0.491,0.059,0.000,6.738,43.580,39.0,925,0
754.89,saver#r3,gap,0.844,0.283,0.001,6.738,43.580,38.0,574,0
755.39,saver#r3,gap,0.502,0.019,0.001,6.738,43.580,38.0,705,0
755.90,saver#r3,gap,0.401,0.019,0.001,6.739,43.580,38.0,672,0
756.41,saver#r3,gap,0.425,0.022,0.001,6.739,43.580,38.0,924,0
756.92,saver#r3,gap,0.502,0.083,0.002,6.739,43.580,39.0,887,0
757.42,saver#r3,pdf_render,3.073,1.825,0.000,6.739,43.580,39.0,2143,0
757.93,saver#r3,pdf_render,3.452,2.183,0.002,6.727,43.580,43.0,1072,0
758.44,saver#r3,pdf_render,2.696,1.719,0.000,6.727,43.580,43.0,771,0
758.94,saver#r3,pdf_render,2.687,1.742,0.000,6.727,43.580,43.0,967,0
759.45,saver#r3,pdf_render,2.816,1.830,0.000,6.727,43.580,43.0,950,0
759.95,saver#r3,pdf_render,2.690,1.754,0.000,6.724,43.570,43.0,806,0
760.46,saver#r3,pdf_render,2.874,1.922,0.000,6.724,43.570,43.0,1571,0
760.96,saver#r3,pdf_render,3.051,2.020,0.000,6.724,43.570,43.0,994,0
761.47,saver#r3,pdf_render,2.823,1.864,0.000,6.724,43.570,43.0,913,0
761.97,saver#r3,pdf_render,2.721,1.770,0.000,6.724,43.570,43.0,934,0
762.48,saver#r3,pdf_render,2.909,1.961,0.000,6.724,43.570,43.0,1167,0
762.98,saver#r3,pdf_render,2.698,1.764,0.000,6.724,43.570,43.0,984,0
763.48,saver#r3,pdf_render,2.863,1.888,0.000,6.724,43.570,43.0,1153,0
763.99,saver#r3,pdf_render,2.629,1.692,0.000,6.724,43.570,45.0,738,0
764.50,saver#r3,pdf_render,2.719,1.769,0.000,6.724,43.570,45.0,1360,0
765.00,saver#r3,pdf_render,2.735,1.799,0.000,6.725,43.570,43.0,992,0
765.51,saver#r3,pdf_render,2.694,1.743,0.000,6.725,43.570,43.0,1091,0
766.02,saver#r3,pdf_render,2.721,1.783,0.000,6.725,43.570,43.0,1124,0
766.52,saver#r3,pdf_render,2.824,1.785,0.000,6.725,43.570,43.0,885,0
767.03,saver#r3,pdf_render,1.884,1.040,0.001,6.722,43.560,39.0,869,0
767.53,saver#r3,gap,1.826,0.669,0.000,6.722,43.560,39.0,1048,0
768.04,saver#r3,gap,0.397,0.017,0.001,6.722,43.560,39.0,997,0
768.55,saver#r3,gap,0.344,0.013,0.000,6.722,43.560,39.0,655,0
769.06,saver#r3,gap,0.393,0.022,0.002,6.739,43.560,38.0,1209,0
769.56,saver#r3,gap,0.343,0.019,0.002,6.739,43.560,38.0,636,0
770.07,saver#r3,gap,1.331,0.528,0.002,6.739,43.560,39.0,1182,0
770.58,saver#r3,office,3.532,1.972,0.001,6.739,43.560,39.0,1229,0
771.09,saver#r3,office,4.355,2.983,0.000,6.714,43.560,44.0,1269,0
771.59,saver#r3,office,3.420,2.003,0.002,6.714,43.560,44.0,632,0
772.10,saver#r3,gap,1.146,0.403,0.002,6.714,43.560,39.0,802,0
772.60,saver#r3,gap,0.473,0.021,0.001,6.714,43.560,39.0,585,0
773.11,saver#r3,gap,0.412,0.016,0.002,6.714,43.560,39.0,559,0
773.62,saver#r3,gap,0.509,0.056,0.003,6.714,43.560,39.0,1037,0
774.13,saver#r3,gap,0.350,0.013,0.000,6.739,43.550,39.0,659,0
774.63,saver#r3,gap,0.944,0.313,0.000,6.739,43.550,39.0,1207,0
775.14,saver#r3,python,5.849,3.855,0.000,6.739,43.550,49.0,1401,0
775.65,saver#r3,python,5.323,2.810,0.000,6.739,43.550,49.0,712,0
776.16,saver#r3,python,3.966,1.343,0.001,6.704,43.550,39.0,1177,0
776.66,saver#r3,gap,1.133,0.410,0.002,6.704,43.550,39.0,643,0
777.17,saver#r3,gap,0.430,0.019,0.001,6.704,43.550,39.0,664,0
777.67,saver#r3,gap,1.286,0.404,0.000,6.704,43.550,39.0,562,0
778.19,saver#r3,gap,0.361,0.011,0.000,6.724,43.540,38.0,675,0
778.69,saver#r3,gap,0.368,0.016,0.000,6.724,43.540,38.0,1165,0
779.20,saver#r3,gap,2.926,1.206,0.000,6.724,43.540,43.0,1921,0
779.71,saver#r3,compress,6.967,3.794,0.000,6.724,43.540,43.0,930,0
780.22,saver#r3,compress,5.970,3.139,0.000,6.696,43.540,41.0,926,0
780.73,saver#r3,compress,5.960,3.232,0.000,6.696,43.540,41.0,1044,0
781.24,saver#r3,compress,5.965,3.131,0.000,6.696,43.540,42.0,1050,0
781.75,saver#r3,compress,5.982,3.097,0.000,6.696,43.540,42.0,940,0
782.26,saver#r3,compress,5.959,2.988,0.000,6.695,43.540,42.0,1021,0
782.77,saver#r3,compress,5.981,2.982,0.000,6.695,43.540,42.0,937,0
783.28,saver#r3,compress,5.966,2.953,0.000,6.695,43.540,42.0,899,0
783.79,saver#r3,compress,5.950,3.033,0.000,6.695,43.540,42.0,1015,0
784.30,saver#r3,compress,5.944,3.157,0.000,6.695,43.540,42.0,1021,0
784.81,saver#r3,compress,5.838,3.082,0.000,6.695,43.540,42.0,1053,0
785.32,saver#r3,compress,3.340,1.307,0.001,6.694,43.530,39.0,1018,0
785.82,saver#r3,gap,1.120,0.423,0.002,6.694,43.530,39.0,805,0
786.33,saver#r3,gap,0.331,0.012,0.000,6.694,43.530,39.0,722,0
786.84,saver#r3,gap,0.388,0.024,0.001,6.694,43.530,39.0,609,0
787.35,saver#r3,gap,0.379,0.018,0.002,6.735,43.520,39.0,623,0
787.85,saver#r3,gap,1.155,0.350,0.001,6.735,43.520,39.0,758,0
788.36,saver#r3,gap,1.596,0.570,0.001,6.735,43.520,41.0,1722,0
788.87,saver#r3,sustained20s,7.778,4.130,0.002,6.735,43.520,41.0,836,0
789.38,saver#r3,sustained20s,5.953,3.145,0.000,6.695,43.520,42.0,938,0
789.89,saver#r3,sustained20s,5.956,3.216,0.000,6.695,43.520,42.0,1038,0
790.40,saver#r3,sustained20s,5.987,3.055,0.000,6.695,43.520,42.0,921,0
790.91,saver#r3,sustained20s,5.974,3.058,0.000,6.695,43.520,42.0,924,0
791.42,saver#r3,sustained20s,5.967,3.058,0.000,6.694,43.510,42.0,929,0
791.93,saver#r3,sustained20s,5.968,3.061,0.000,6.694,43.510,42.0,932,0
792.44,saver#r3,sustained20s,5.957,3.069,0.000,6.694,43.510,42.0,1044,0
792.95,saver#r3,sustained20s,5.952,3.144,0.000,6.694,43.510,42.0,1073,0
793.46,saver#r3,sustained20s,5.955,3.178,0.000,6.694,43.510,43.0,1103,0
793.96,saver#r3,sustained20s,5.833,2.977,0.000,6.694,43.510,43.0,1365,0
794.48,saver#r3,sustained20s,5.364,2.176,0.000,6.694,43.510,43.0,1824,0
794.98,saver#r3,sustained20s,6.757,3.561,0.000,6.694,43.510,43.0,857,0
795.49,saver#r3,sustained20s,5.954,3.134,0.000,6.694,43.510,43.0,1036,0
796.00,saver#r3,sustained20s,5.967,3.199,0.000,6.694,43.510,43.0,1024,0
796.51,saver#r3,sustained20s,5.972,3.093,0.000,6.692,43.500,43.0,1004,0
797.02,saver#r3,sustained20s,5.950,3.160,0.000,6.692,43.500,43.0,1069,0
797.53,saver#r3,sustained20s,5.986,3.118,0.000,6.692,43.500,43.0,1047,0
798.03,saver#r3,sustained20s,5.973,3.045,0.000,6.692,43.500,43.0,938,0
798.55,saver#r3,sustained20s,5.975,3.081,0.000,6.691,43.490,43.0,933,0
799.06,saver#r3,sustained20s,5.955,3.094,0.000,6.691,43.490,43.0,993,0
799.57,saver#r3,sustained20s,5.876,3.126,0.000,6.691,43.490,44.0,956,0
800.08,saver#r3,sustained20s,5.887,2.956,0.000,6.691,43.490,44.0,1213,0
800.59,saver#r3,sustained20s,5.660,2.688,0.000,6.693,43.490,43.0,1592,0
801.09,saver#r3,sustained20s,6.451,3.493,0.000,6.693,43.490,43.0,1050,0
801.60,saver#r3,sustained20s,5.969,3.157,0.000,6.693,43.490,43.0,1031,0
802.11,saver#r3,sustained20s,5.967,3.169,0.000,6.693,43.490,43.0,958,0
802.62,saver#r3,sustained20s,5.971,3.071,0.000,6.691,43.480,43.0,1031,0
803.13,saver#r3,sustained20s,5.968,3.045,0.000,6.691,43.480,43.0,975,0
803.64,saver#r3,sustained20s,5.979,3.068,0.000,6.691,43.480,43.0,933,0
804.15,saver#r3,sustained20s,5.956,3.093,0.000,6.691,43.480,43.0,1036,0
804.67,saver#r3,sustained20s,5.961,3.094,0.000,6.689,43.480,44.0,1011,0
805.17,saver#r3,sustained20s,5.975,3.135,0.000,6.689,43.480,44.0,1080,0
805.69,saver#r3,sustained20s,5.942,3.057,0.000,6.689,43.480,44.0,1118,0
806.19,saver#r3,sustained20s,5.543,2.906,0.000,6.689,43.480,44.0,1071,0
806.70,saver#r3,sustained20s,5.060,2.007,0.000,6.689,43.480,43.0,1900,0
807.21,saver#r3,sustained20s,7.349,3.862,0.000,6.689,43.480,43.0,841,0
807.72,saver#r3,sustained20s,5.943,3.133,0.000,6.694,43.470,44.0,1035,0
808.23,saver#r3,sustained20s,5.965,3.133,0.000,6.694,43.470,44.0,1036,0
808.74,saver#r3,sustained20s,5.983,3.090,0.000,6.694,43.470,44.0,1024,0
809.24,saver#r3,sustained20s,5.963,3.122,0.000,6.694,43.470,44.0,1028,0
809.76,saver#r3,sustained20s,5.959,3.189,0.000,6.689,43.460,44.0,1061,0
810.26,saver#r3,sustained20s,5.988,3.097,0.000,6.689,43.460,44.0,927,0
810.77,saver#r3,sustained20s,5.958,3.040,0.000,6.689,43.460,44.0,978,0
811.28,saver#r3,sustained20s,5.956,3.086,0.000,6.689,43.460,44.0,1072,0
811.79,saver#r3,sustained20s,5.971,3.111,0.000,6.689,43.450,44.0,972,0
812.30,saver#r3,sustained20s,5.845,3.119,0.001,6.689,43.450,44.0,1583,0
812.81,saver#r3,sustained20s,4.863,2.136,0.000,6.689,43.450,43.0,1509,0
813.31,saver#r3,sustained20s,0.771,0.124,0.003,6.689,43.450,43.0,706,0
813.82,saver#r3,end,1.106,0.345,0.002,6.722,43.450,42.0,663,0
814.33,saver#r3,end,0.747,0.059,0.001,6.722,43.450,42.0,642,0
814.84,saver#r3,end,0.387,0.010,0.002,6.722,43.450,42.0,706,0
815.35,saver#r3,end,0.837,0.041,0.001,6.722,43.450,42.0,646,0
815.86,saver#r3,end,0.357,0.012,0.000,6.729,43.450,41.0,1022,0
816.37,saver#r3,end,0.808,0.068,0.000,6.729,43.450,41.0,650,0
816.88,saver#r3,end,0.630,0.075,0.001,6.729,43.450,43.0,1320,0
817.39,saver#r3,end,1.407,0.544,0.001,6.729,43.450,43.0,915,0
817.90,saver#r3,end,1.179,0.394,0.000,6.729,43.450,41.0,922,0
818.41,saver#r3,end,0.565,0.034,0.000,6.729,43.450,41.0,639,0
818.92,saver#r3,end,0.471,0.048,0.000,6.722,43.440,41.0,618,0
819.43,saver#r3,end,0.534,0.042,0.000,6.722,43.440,41.0,1113,0
819.94,saver#r3,end,0.536,0.069,0.000,6.722,43.440,41.0,654,0
820.45,saver#r3,end,0.539,0.036,0.000,6.722,43.440,41.0,631,0
820.96,saver#r3,end,0.438,0.032,0.000,6.733,43.440,41.0,681,0
821.46,saver#r3,end,0.701,0.018,0.000,6.733,43.440,41.0,715,0
821.98,saver#r3,end,0.392,0.028,0.000,6.733,43.440,41.0,653,0
822.48,saver#r3,end,0.621,0.050,0.000,6.733,43.440,41.0,710,0
823.00,saver#r3,end,0.502,0.067,0.000,6.734,43.440,41.0,841,0
823.51,saver#r3,end,0.764,0.176,0.000,6.734,43.440,41.0,634,0
824.02,cool,wait,1.066,0.316,0.000,6.734,43.440,40.0,809,0
824.52,cool,wait,0.353,0.012,0.000,6.734,43.440,40.0,663,0
825.04,cool,wait,0.501,0.023,0.000,6.733,43.440,40.0,663,0
825.54,cool,wait,0.402,0.023,0.000,6.733,43.440,40.0,668,0
826.06,cool,wait,0.360,0.022,0.000,6.733,43.440,40.0,672,0
826.57,cool,wait,0.335,0.011,0.000,6.733,43.440,40.0,640,0
827.08,cool,wait,0.479,0.030,0.000,6.737,43.430,40.0,690,0
827.59,cool,wait,1.124,0.383,0.000,6.737,43.430,40.0,807,0
828.10,cool,wait,0.639,0.020,0.000,6.737,43.430,40.0,668,0
828.61,cool,wait,0.312,0.012,0.000,6.737,43.430,40.0,684,0
829.12,cool,wait,0.540,0.067,0.000,6.735,43.430,40.0,697,0
829.63,cool,wait,0.349,0.025,0.000,6.735,43.430,40.0,635,0
830.14,cool,wait,0.348,0.008,0.000,6.735,43.430,40.0,627,0
830.65,cool,wait,0.338,0.011,0.000,6.735,43.430,40.0,643,0
831.16,cool,wait,0.412,0.025,0.000,6.735,43.430,40.0,794,0
831.67,cool,wait,0.359,0.014,0.000,6.735,43.430,40.0,671,0
832.18,cool,wait,0.328,0.012,0.000,6.738,43.430,39.0,693,0
832.69,cool,wait,0.294,0.008,0.000,6.738,43.430,39.0,754,0
833.20,cool,wait,0.568,0.090,0.000,6.738,43.430,39.0,1187,0
833.71,cool,wait,1.606,0.577,0.003,6.738,43.430,39.0,1011,0
834.22,balanced#r3,idle,0.744,0.214,0.000,6.730,43.430,40.0,1020,0
834.73,balanced#r3,idle,0.469,0.044,0.002,6.730,43.430,40.0,685,0
835.24,balanced#r3,idle,0.384,0.019,0.002,6.730,43.430,39.0,669,0
835.74,balanced#r3,idle,0.349,0.014,0.000,6.730,43.430,39.0,866,0
836.26,balanced#r3,idle,0.409,0.016,0.001,6.737,43.420,39.0,661,0
836.77,balanced#r3,idle,0.337,0.016,0.000,6.737,43.420,39.0,1185,0
837.28,balanced#r3,idle,0.470,0.014,0.000,6.737,43.420,40.0,682,0
837.78,balanced#r3,idle,1.110,0.366,0.000,6.737,43.420,40.0,593,0
838.30,balanced#r3,idle,0.700,0.018,0.000,6.734,43.420,39.0,650,0
838.80,balanced#r3,idle,0.605,0.013,0.000,6.734,43.420,39.0,599,0
839.32,balanced#r3,idle,0.532,0.025,0.000,6.734,43.420,39.0,642,0
839.82,balanced#r3,idle,0.357,0.014,0.000,6.734,43.420,39.0,650,0
840.34,balanced#r3,idle,0.349,0.011,0.000,6.737,43.420,39.0,1152,0
840.84,balanced#r3,idle,0.409,0.020,0.000,6.737,43.420,39.0,895,0
841.36,balanced#r3,idle,0.408,0.019,0.000,6.737,43.420,39.0,792,0
841.87,balanced#r3,idle,0.332,0.013,0.000,6.737,43.420,39.0,631,0
842.38,balanced#r3,idle,0.410,0.014,0.000,6.737,43.420,39.0,689,0
842.88,balanced#r3,idle,0.386,0.015,0.000,6.737,43.420,39.0,661,0
843.40,balanced#r3,idle,0.544,0.084,0.000,6.738,43.420,39.0,1309,0
843.90,balanced#r3,bursty,1.039,0.486,0.000,6.738,43.420,39.0,1068,0
844.42,balanced#r3,bursty,1.288,0.629,0.000,6.738,43.420,39.0,649,0
844.92,balanced#r3,bursty,0.853,0.355,0.000,6.738,43.420,39.0,908,0
845.43,balanced#r3,bursty,0.833,0.364,0.000,6.732,43.410,39.0,1127,0
845.93,balanced#r3,bursty,0.861,0.377,0.000,6.732,43.410,39.0,1096,0
846.44,balanced#r3,bursty,0.873,0.395,0.000,6.732,43.410,39.0,1335,0
846.95,balanced#r3,bursty,0.814,0.387,0.000,6.732,43.410,39.0,1376,0
847.46,balanced#r3,bursty,1.053,0.504,0.000,6.724,43.410,39.0,1482,0
847.97,balanced#r3,bursty,1.195,0.539,0.000,6.724,43.410,39.0,856,0
848.47,balanced#r3,bursty,0.889,0.392,0.000,6.724,43.410,39.0,838,0
848.98,balanced#r3,bursty,0.836,0.401,0.000,6.724,43.410,39.0,713,0
849.49,balanced#r3,bursty,0.861,0.366,0.000,6.736,43.410,40.0,828,0
850.00,balanced#r3,bursty,0.849,0.403,0.000,6.736,43.410,40.0,996,0
850.51,balanced#r3,bursty,1.058,0.379,0.000,6.736,43.410,40.0,862,0
851.01,balanced#r3,bursty,0.802,0.376,0.000,6.736,43.410,40.0,809,0
851.52,balanced#r3,bursty,0.855,0.382,0.000,6.734,43.410,40.0,1043,0
852.03,balanced#r3,bursty,0.847,0.430,0.000,6.734,43.410,40.0,1248,0
852.54,balanced#r3,bursty,1.249,0.389,0.000,6.734,43.410,42.0,1220,0
853.04,balanced#r3,bursty,0.863,0.428,0.000,6.734,43.410,42.0,902,0
853.55,balanced#r3,bursty,0.585,0.127,0.000,6.734,43.410,39.0,590,0
854.06,balanced#r3,gap,1.162,0.313,0.000,6.734,43.410,39.0,1343,0
854.57,balanced#r3,gap,0.608,0.036,0.001,6.735,43.400,38.0,569,0
855.07,balanced#r3,gap,0.407,0.021,0.001,6.735,43.400,38.0,819,0
855.58,balanced#r3,gap,0.348,0.014,0.001,6.735,43.400,38.0,645,0
856.09,balanced#r3,gap,0.467,0.019,0.001,6.735,43.400,38.0,1172,0
856.60,balanced#r3,gap,0.692,0.167,0.002,6.732,43.400,39.0,1007,0
857.10,balanced#r3,pdf_render,3.142,2.070,0.001,6.732,43.400,39.0,1729,0
857.61,balanced#r3,pdf_render,3.607,2.312,0.000,6.732,43.400,42.0,1286,0
858.12,balanced#r3,pdf_render,2.788,1.837,0.000,6.732,43.400,42.0,1122,0
858.62,balanced#r3,pdf_render,2.810,1.866,0.000,6.719,43.400,42.0,1260,0
859.13,balanced#r3,pdf_render,2.862,1.901,0.000,6.719,43.400,42.0,1047,0
859.64,balanced#r3,pdf_render,2.820,1.896,0.000,6.719,43.400,42.0,1299,0
860.14,balanced#r3,pdf_render,3.159,2.224,0.000,6.719,43.400,42.0,1103,0
860.65,balanced#r3,pdf_render,2.862,1.950,0.000,6.718,43.390,43.0,1247,0
861.16,balanced#r3,pdf_render,2.840,1.902,0.000,6.718,43.390,43.0,1260,0
861.67,balanced#r3,pdf_render,3.050,1.979,0.000,6.718,43.390,46.0,1271,0
862.17,balanced#r3,pdf_render,2.928,1.980,0.000,6.718,43.390,46.0,1276,0
862.68,balanced#r3,pdf_render,2.813,1.888,0.000,6.717,43.390,43.0,1252,0
863.18,balanced#r3,pdf_render,2.942,1.924,0.000,6.717,43.390,43.0,1059,0
863.69,balanced#r3,pdf_render,2.763,1.817,0.000,6.717,43.390,42.0,1468,0
864.20,balanced#r3,pdf_render,2.747,1.828,0.000,6.717,43.390,42.0,1022,0
864.71,balanced#r3,pdf_render,2.877,1.854,0.000,6.717,43.390,43.0,1297,0
865.21,balanced#r3,pdf_render,2.721,1.820,0.000,6.717,43.390,43.0,1236,0
865.72,balanced#r3,pdf_render,2.774,1.863,0.000,6.711,43.380,43.0,1265,0
866.22,balanced#r3,pdf_render,2.753,1.835,0.000,6.711,43.380,43.0,1247,0
866.73,balanced#r3,pdf_render,1.559,0.614,0.001,6.711,43.380,39.0,788,0
867.24,balanced#r3,gap,0.739,0.208,0.002,6.711,43.380,39.0,994,0
867.75,balanced#r3,gap,1.006,0.320,0.002,6.720,43.380,39.0,555,0
868.25,balanced#r3,gap,0.555,0.021,0.002,6.720,43.380,39.0,711,0
868.76,balanced#r3,gap,0.327,0.013,0.000,6.720,43.380,39.0,933,0
869.27,balanced#r3,gap,0.404,0.019,0.000,6.720,43.380,39.0,632,0
869.78,balanced#r3,gap,2.922,1.447,0.001,6.737,43.380,42.0,1235,0
870.29,balanced#r3,office,2.186,1.028,0.000,6.737,43.380,42.0,982,0
870.79,balanced#r3,office,4.445,2.993,0.000,6.737,43.380,46.0,945,0
871.30,balanced#r3,office,2.981,1.632,0.003,6.737,43.380,46.0,691,0
871.81,balanced#r3,gap,1.108,0.311,0.002,6.728,43.370,39.0,770,0
872.31,balanced#r3,gap,0.442,0.017,0.000,6.728,43.370,39.0,889,0
872.82,balanced#r3,gap,0.957,0.220,0.004,6.728,43.370,38.0,733,0
873.33,balanced#r3,gap,0.401,0.023,0.000,6.728,43.370,38.0,842,0
873.84,balanced#r3,gap,0.338,0.015,0.000,6.736,43.370,38.0,1027,0
874.35,balanced#r3,gap,1.627,0.786,0.000,6.736,43.370,38.0,952,0
874.86,balanced#r3,python,5.625,3.619,0.000,6.736,43.370,48.0,996,0
875.36,balanced#r3,python,5.376,2.633,0.000,6.736,43.370,48.0,1389,0
875.87,balanced#r3,python,3.112,0.943,0.002,6.736,43.370,39.0,1031,0
876.37,balanced#r3,gap,1.147,0.308,0.003,6.736,43.370,39.0,535,0
876.88,balanced#r3,gap,0.373,0.026,0.001,6.724,43.370,39.0,705,0
877.39,balanced#r3,gap,0.410,0.027,0.000,6.724,43.370,39.0,831,0
877.90,balanced#r3,gap,1.101,0.367,0.000,6.724,43.370,39.0,566,0
878.41,balanced#r3,gap,0.472,0.017,0.000,6.724,43.370,39.0,663,0
878.92,balanced#r3,gap,4.702,2.178,0.000,6.733,43.360,42.0,1570,0
879.42,balanced#r3,compress,6.171,3.310,0.000,6.733,43.360,42.0,900,0
879.94,balanced#r3,compress,5.957,3.183,0.000,6.733,43.360,42.0,951,0
880.44,balanced#r3,compress,5.961,3.169,0.000,6.733,43.360,42.0,1023,0
880.95,balanced#r3,compress,5.973,3.043,0.000,6.693,43.360,42.0,1009,0
881.46,balanced#r3,compress,5.960,3.174,0.000,6.693,43.360,42.0,1009,0
881.97,balanced#r3,compress,5.989,3.014,0.000,6.693,43.360,42.0,918,0
882.48,balanced#r3,compress,5.960,2.999,0.000,6.693,43.360,42.0,1014,0
882.99,balanced#r3,compress,5.962,3.058,0.000,6.689,43.350,42.0,1100,0
883.50,balanced#r3,compress,5.959,3.042,0.000,6.689,43.350,42.0,1067,0
884.01,balanced#r3,compress,5.973,3.161,0.001,6.689,43.350,42.0,996,0
884.52,balanced#r3,compress,5.614,2.876,0.000,6.689,43.350,42.0,807,0
885.03,balanced#r3,compress,1.514,0.459,0.002,6.704,43.350,39.0,1005,0
885.54,balanced#r3,gap,0.930,0.294,0.002,6.704,43.350,39.0,974,0
886.05,balanced#r3,gap,0.414,0.013,0.001,6.704,43.350,39.0,705,0
886.56,balanced#r3,gap,0.378,0.018,0.002,6.704,43.350,39.0,670,0
887.07,balanced#r3,gap,0.277,0.006,0.000,6.704,43.350,39.0,1123,0
887.58,balanced#r3,gap,1.067,0.370,0.000,6.704,43.350,39.0,691,0
888.09,balanced#r3,gap,5.677,2.716,0.002,6.734,43.340,42.0,1050,0
888.60,balanced#r3,sustained20s,5.986,3.200,0.000,6.734,43.340,42.0,902,0
889.11,balanced#r3,sustained20s,5.955,3.136,0.000,6.734,43.340,42.0,1037,0
889.62,balanced#r3,sustained20s,5.982,3.191,0.000,6.734,43.340,42.0,935,0
890.13,balanced#r3,sustained20s,5.968,3.070,0.000,6.691,43.340,42.0,942,0
890.64,balanced#r3,sustained20s,5.968,3.023,0.000,6.691,43.340,42.0,903,0
891.16,balanced#r3,sustained20s,5.957,3.039,0.000,6.691,43.340,42.0,1039,0
891.66,balanced#r3,sustained20s,5.929,3.103,0.000,6.691,43.340,42.0,1198,0
892.18,balanced#r3,sustained20s,6.000,3.104,0.000,6.689,43.330,43.0,1003,0
892.68,balanced#r3,sustained20s,5.966,3.149,0.000,6.689,43.330,43.0,998,0
893.19,balanced#r3,sustained20s,5.948,3.188,0.000,6.689,43.330,43.0,1105,0
893.70,balanced#r3,sustained20s,4.948,2.332,0.001,6.689,43.330,43.0,1347,0
894.21,balanced#r3,sustained20s,6.893,3.036,0.000,6.694,43.330,43.0,1596,0
894.71,balanced#r3,sustained20s,6.114,3.254,0.000,6.694,43.330,43.0,944,0
895.22,balanced#r3,sustained20s,5.971,3.142,0.000,6.694,43.330,43.0,949,0
895.73,balanced#r3,sustained20s,5.959,3.110,0.000,6.694,43.330,43.0,1028,0
896.24,balanced#r3,sustained20s,5.981,3.038,0.000,6.689,43.320,43.0,918,0
896.75,balanced#r3,sustained20s,5.972,3.037,0.000,6.689,43.320,43.0,922,0
897.27,balanced#r3,sustained20s,5.969,3.072,0.000,6.689,43.320,43.0,937,0
897.77,balanced#r3,sustained20s,5.951,3.157,0.000,6.689,43.320,43.0,979,0
898.28,balanced#r3,sustained20s,5.961,3.113,0.000,6.687,43.310,43.0,982,0
898.79,balanced#r3,sustained20s,5.951,3.156,0.000,6.687,43.310,43.0,1011,0
899.30,balanced#r3,sustained20s,5.940,3.189,0.000,6.687,43.310,44.0,1122,0
899.81,balanced#r3,sustained20s,5.909,3.176,0.000,6.687,43.310,44.0,1081,0
900.32,balanced#r3,sustained20s,5.683,2.512,0.000,6.687,43.310,43.0,1700,0
900.83,balanced#r3,sustained20s,6.384,3.377,0.000,6.687,43.310,43.0,918,0
901.34,balanced#r3,sustained20s,5.974,3.197,0.000,6.673,43.300,43.0,929,0
901.84,balanced#r3,sustained20s,5.968,3.170,0.000,6.673,43.300,43.0,935,0
902.36,balanced#r3,sustained20s,5.971,3.063,0.000,6.673,43.300,43.0,942,0
902.86,balanced#r3,sustained20s,5.970,3.106,0.000,6.673,43.300,43.0,888,0
903.37,balanced#r3,sustained20s,5.966,3.037,0.000,6.685,43.300,43.0,935,0
903.88,balanced#r3,sustained20s,5.958,2.938,0.000,6.685,43.300,43.0,956,0
904.39,balanced#r3,sustained20s,5.970,3.085,0.000,6.685,43.300,44.0,976,0
904.90,balanced#r3,sustained20s,5.953,3.119,0.000,6.685,43.300,44.0,1109,0
905.41,balanced#r3,sustained20s,5.964,3.152,0.000,6.687,43.290,44.0,1042,0
905.92,balanced#r3,sustained20s,5.315,2.650,0.000,6.687,43.290,44.0,1551,0
906.43,balanced#r3,sustained20s,6.207,2.673,0.000,6.687,43.290,44.0,1830,0
906.93,balanced#r3,sustained20s,6.424,3.352,0.000,6.687,43.290,44.0,900,0
907.44,balanced#r3,sustained20s,5.949,3.150,0.000,6.684,43.290,44.0,1046,0
907.95,balanced#r3,sustained20s,5.977,3.203,0.000,6.684,43.290,44.0,942,0
908.46,balanced#r3,sustained20s,5.977,3.137,0.000,6.684,43.290,44.0,937,0
908.97,balanced#r3,sustained20s,5.960,3.089,0.000,6.684,43.290,44.0,924,0
909.48,balanced#r3,sustained20s,5.977,2.990,0.000,6.684,43.280,44.0,930,0
909.99,balanced#r3,sustained20s,5.972,3.007,0.000,6.684,43.280,44.0,930,0
910.50,balanced#r3,sustained20s,5.957,3.032,0.000,6.684,43.280,44.0,1016,0
911.01,balanced#r3,sustained20s,5.960,3.095,0.000,6.684,43.280,44.0,1049,0
911.52,balanced#r3,sustained20s,5.837,3.091,0.000,6.684,43.280,45.0,978,0
912.03,balanced#r3,sustained20s,5.941,2.948,0.000,6.684,43.280,45.0,1437,0
912.54,balanced#r3,sustained20s,3.221,1.402,0.003,6.684,43.270,42.0,1074,0
913.04,balanced#r3,end,0.971,0.371,0.002,6.684,43.270,42.0,1098,0
913.55,balanced#r3,end,0.333,0.014,0.000,6.684,43.270,42.0,1248,0
914.06,balanced#r3,end,0.655,0.048,0.001,6.684,43.270,42.0,931,0
914.57,balanced#r3,end,0.466,0.018,0.001,6.726,43.270,41.0,625,0
915.08,balanced#r3,end,0.473,0.025,0.001,6.726,43.270,41.0,652,0
915.59,balanced#r3,end,0.406,0.019,0.001,6.726,43.270,41.0,656,0
916.10,balanced#r3,end,0.382,0.025,0.001,6.726,43.270,41.0,529,0
916.61,balanced#r3,end,1.320,0.482,0.002,6.728,43.270,42.0,1137,0
917.12,balanced#r3,end,0.812,0.177,0.003,6.728,43.270,42.0,587,0
917.64,balanced#r3,end,1.094,0.370,0.004,6.728,43.270,42.0,926,0
918.15,balanced#r3,end,0.784,0.074,0.002,6.728,43.270,42.0,580,0
918.66,balanced#r3,end,0.541,0.043,0.002,6.725,43.260,41.0,837,0
919.16,balanced#r3,end,0.545,0.088,0.000,6.725,43.260,41.0,852,0
919.67,balanced#r3,end,0.373,0.019,0.002,6.725,43.260,41.0,650,0
920.18,balanced#r3,end,0.427,0.020,0.000,6.725,43.260,41.0,1172,0
920.69,balanced#r3,end,0.378,0.014,0.000,6.731,43.260,40.0,1126,0
921.20,balanced#r3,end,0.375,0.020,0.000,6.731,43.260,40.0,879,0
921.71,balanced#r3,end,0.389,0.020,0.000,6.731,43.260,40.0,864,0
922.21,balanced#r3,end,0.525,0.019,0.000,6.731,43.260,40.0,801,0
922.72,balanced#r3,end,0.415,0.026,0.000,6.731,43.260,40.0,580,0
923.23,cool,wait,0.887,0.338,0.000,6.731,43.260,40.0,807,0
923.74,cool,wait,0.532,0.091,0.000,6.730,43.260,41.0,595,0
924.24,cool,wait,0.302,0.011,0.000,6.730,43.260,41.0,655,0
924.75,cool,wait,0.385,0.021,0.000,6.730,43.260,40.0,679,0
925.26,cool,wait,0.318,0.010,0.000,6.730,43.260,40.0,614,0
925.77,cool,wait,0.282,0.009,0.000,6.729,43.260,40.0,627,0
926.27,cool,wait,0.510,0.013,0.000,6.729,43.260,40.0,731,0
926.78,cool,wait,0.496,0.029,0.000,6.729,43.260,40.0,660,0
927.29,cool,wait,0.317,0.012,0.000,6.729,43.260,40.0,745,0
927.80,cool,wait,1.084,0.321,0.000,6.733,43.250,40.0,541,0
928.31,cool,wait,0.341,0.010,0.000,6.733,43.250,40.0,649,0
928.82,cool,wait,0.334,0.018,0.000,6.733,43.250,40.0,966,0
929.32,cool,wait,0.401,0.023,0.000,6.733,43.250,40.0,722,0
929.83,cool,wait,0.443,0.021,0.000,6.732,43.250,40.0,1031,0
930.34,cool,wait,0.335,0.011,0.000,6.732,43.250,40.0,651,0
930.85,cool,wait,0.369,0.019,0.000,6.732,43.250,40.0,577,0
931.35,cool,wait,0.320,0.011,0.000,6.732,43.250,40.0,547,0
931.86,cool,wait,0.409,0.014,0.000,6.733,43.250,40.0,684,0
932.37,cool,wait,0.446,0.012,0.000,6.733,43.250,40.0,777,0
932.88,cool,wait,0.997,0.273,0.001,6.733,43.250,40.0,838,0
933.38,cool,wait,0.595,0.017,0.000,6.733,43.250,40.0,751,0
933.90,cool,wait,0.324,0.013,0.000,6.733,43.250,39.0,743,0
934.40,cool,wait,0.320,0.011,0.000,6.733,43.250,39.0,624,0
934.91,cool,wait,0.946,0.331,0.000,6.733,43.250,40.0,1454,0
935.42,cool,wait,0.603,0.106,0.003,6.733,43.250,40.0,623,0
935.93,saver#r4,idle,0.913,0.308,0.000,6.733,43.250,39.0,1185,0
936.43,saver#r4,idle,0.406,0.035,0.002,6.733,43.250,39.0,1052,0
936.94,saver#r4,idle,0.359,0.015,0.001,6.731,43.240,39.0,1004,0
937.44,saver#r4,idle,0.772,0.129,0.002,6.731,43.240,39.0,1344,0
937.95,saver#r4,idle,0.794,0.219,0.000,6.731,43.240,39.0,878,0
938.46,saver#r4,idle,0.410,0.019,0.000,6.731,43.240,39.0,724,0
938.97,saver#r4,idle,0.525,0.014,0.000,6.732,43.240,39.0,850,0
939.47,saver#r4,idle,0.352,0.013,0.000,6.732,43.240,39.0,716,0
939.98,saver#r4,idle,0.365,0.014,0.000,6.732,43.240,39.0,571,0
940.49,saver#r4,idle,0.381,0.018,0.000,6.732,43.240,39.0,646,0
941.00,saver#r4,idle,0.330,0.013,0.000,6.733,43.240,39.0,658,0
941.51,saver#r4,idle,0.436,0.026,0.000,6.733,43.240,39.0,742,0
942.02,saver#r4,idle,0.321,0.013,0.000,6.733,43.240,39.0,644,0
942.52,saver#r4,idle,0.379,0.018,0.000,6.733,43.240,39.0,612,0
943.03,saver#r4,idle,0.331,0.013,0.000,6.731,43.240,39.0,767,0
943.54,saver#r4,idle,0.393,0.021,0.000,6.731,43.240,39.0,651,0
944.05,saver#r4,idle,0.538,0.029,0.000,6.731,43.240,39.0,667,0
944.56,saver#r4,idle,0.462,0.020,0.000,6.731,43.240,39.0,817,0
945.07,saver#r4,idle,0.673,0.168,0.000,6.731,43.240,40.0,830,0
945.57,saver#r4,bursty,1.476,0.652,0.000,6.731,43.240,40.0,1262,0
946.08,saver#r4,bursty,1.012,0.510,0.000,6.734,43.230,41.0,677,0
946.59,saver#r4,bursty,0.987,0.327,0.000,6.734,43.230,41.0,730,0
947.10,saver#r4,bursty,0.797,0.319,0.000,6.734,43.230,42.0,598,0
947.60,saver#r4,bursty,1.613,0.668,0.000,6.734,43.230,42.0,694,0
948.11,saver#r4,bursty,0.826,0.322,0.000,6.729,43.230,42.0,685,0
948.61,saver#r4,bursty,0.844,0.328,0.000,6.729,43.230,42.0,695,0
949.12,saver#r4,bursty,1.031,0.382,0.000,6.729,43.230,41.0,653,0
949.63,saver#r4,bursty,0.863,0.335,0.000,6.729,43.230,41.0,788,0
950.13,saver#r4,bursty,0.986,0.312,0.000,6.732,43.230,42.0,788,0
950.64,saver#r4,bursty,0.822,0.317,0.000,6.732,43.230,42.0,861,0
951.15,saver#r4,bursty,0.785,0.338,0.000,6.732,43.230,42.0,850,0
951.65,saver#r4,bursty,0.798,0.304,0.000,6.732,43.230,42.0,794,0
952.16,saver#r4,bursty,0.781,0.316,0.000,6.726,43.230,42.0,702,0
952.66,saver#r4,bursty,0.814,0.346,0.000,6.726,43.230,42.0,743,0
953.17,saver#r4,bursty,0.760,0.315,0.000,6.726,43.230,41.0,696,0
953.68,saver#r4,bursty,0.995,0.376,0.000,6.726,43.230,41.0,708,0
954.19,saver#r4,bursty,0.804,0.311,0.000,6.733,43.220,40.0,663,0
954.69,saver#r4,bursty,0.873,0.311,0.000,6.733,43.220,40.0,897,0
955.20,saver#r4,bursty,0.699,0.090,0.001,6.733,43.220,38.0,590,0
955.71,saver#r4,gap,1.273,0.408,0.002,6.733,43.220,38.0,890,0
956.22,saver#r4,gap,0.328,0.010,0.000,6.733,43.220,38.0,656,0
956.72,saver#r4,gap,0.535,0.037,0.002,6.733,43.220,38.0,1130,0
957.23,saver#r4,gap,0.415,0.020,0.001,6.733,43.220,38.0,1057,0
957.74,saver#r4,gap,1.081,0.358,0.001,6.733,43.220,38.0,661,0
958.25,saver#r4,gap,0.778,0.225,0.001,6.733,43.220,39.0,993,0
958.76,saver#r4,pdf_render,1.995,0.949,0.000,6.733,43.220,39.0,1100,0
959.27,saver#r4,pdf_render,1.652,0.743,0.000,6.727,43.220,39.0,1061,0
959.77,saver#r4,pdf_render,1.748,0.823,0.000,6.727,43.220,39.0,943,0
960.28,saver#r4,pdf_render,1.717,0.814,0.000,6.727,43.220,39.0,959,0
960.79,saver#r4,pdf_render,1.744,0.821,0.000,6.727,43.220,39.0,846,0
961.30,saver#r4,pdf_render,1.895,0.858,0.000,6.723,43.220,40.0,1096,0
961.80,saver#r4,pdf_render,1.779,0.861,0.000,6.723,43.220,40.0,846,0
962.31,saver#r4,pdf_render,1.783,0.863,0.000,6.723,43.220,39.0,1113,0
962.82,saver#r4,pdf_render,1.734,0.791,0.000,6.723,43.220,39.0,775,0
963.33,saver#r4,pdf_render,1.801,0.877,0.000,6.723,43.210,39.0,924,0
963.83,saver#r4,pdf_render,2.007,1.087,0.000,6.723,43.210,39.0,938,0
964.34,saver#r4,pdf_render,1.809,0.900,0.000,6.723,43.210,39.0,966,0
964.85,saver#r4,pdf_render,1.843,0.916,0.000,6.723,43.210,39.0,937,0
965.36,saver#r4,pdf_render,1.784,0.875,0.000,6.723,43.210,39.0,950,0
965.86,saver#r4,pdf_render,1.743,0.834,0.000,6.723,43.210,39.0,808,0
966.37,saver#r4,pdf_render,1.897,0.966,0.000,6.723,43.210,40.0,919,0
966.88,saver#r4,pdf_render,1.924,0.907,0.000,6.723,43.210,40.0,806,0
967.39,saver#r4,pdf_render,1.727,0.825,0.000,6.723,43.210,40.0,1070,0
967.89,saver#r4,pdf_render,2.191,1.137,0.000,6.723,43.210,40.0,655,0
968.40,saver#r4,pdf_render,1.781,0.871,0.000,6.722,43.210,40.0,937,0
968.91,saver#r4,pdf_render,1.843,0.908,0.000,6.722,43.210,40.0,907,0
969.41,saver#r4,pdf_render,1.790,0.860,0.000,6.722,43.210,40.0,1303,0
969.92,saver#r4,pdf_render,1.726,0.811,0.000,6.722,43.210,40.0,1101,0
970.43,saver#r4,pdf_render,1.769,0.859,0.000,6.722,43.200,39.0,888,0
970.93,saver#r4,pdf_render,1.719,0.809,0.000,6.722,43.200,39.0,819,0
971.44,saver#r4,pdf_render,1.799,0.883,0.000,6.722,43.200,40.0,960,0
971.95,saver#r4,pdf_render,1.830,0.918,0.000,6.722,43.200,40.0,939,0
972.46,saver#r4,pdf_render,1.860,0.823,0.000,6.722,43.200,39.0,936,0
972.96,saver#r4,pdf_render,1.842,0.914,0.000,6.722,43.200,39.0,972,0
973.47,saver#r4,pdf_render,1.055,0.342,0.002,6.722,43.200,38.0,651,0
973.97,saver#r4,gap,0.930,0.319,0.002,6.722,43.200,38.0,662,0
974.48,saver#r4,gap,0.380,0.019,0.001,6.722,43.190,38.0,679,0
974.99,saver#r4,gap,0.476,0.033,0.001,6.722,43.190,38.0,806,0
975.50,saver#r4,gap,0.349,0.011,0.000,6.722,43.190,38.0,553,0
976.00,saver#r4,gap,0.435,0.019,0.001,6.722,43.190,38.0,723,0
976.51,saver#r4,gap,2.026,0.793,0.002,6.726,43.190,41.0,1681,0
977.02,saver#r4,office,2.186,0.882,0.000,6.726,43.190,41.0,1066,0
977.53,saver#r4,office,2.744,1.301,0.000,6.726,43.190,40.0,1320,0
978.03,saver#r4,office,2.351,1.185,0.000,6.726,43.190,40.0,893,0
978.54,saver#r4,office,2.440,1.168,0.000,6.726,43.190,40.0,827,0
979.05,saver#r4,office,1.033,0.275,0.001,6.726,43.190,40.0,989,0
979.56,saver#r4,gap,0.737,0.164,0.002,6.715,43.190,38.0,901,0
980.06,saver#r4,gap,0.470,0.036,0.002,6.715,43.190,38.0,528,0
980.57,saver#r4,gap,0.508,0.040,0.001,6.715,43.190,38.0,656,0
981.08,saver#r4,gap,0.659,0.046,0.000,6.715,43.190,38.0,720,0
981.59,saver#r4,gap,0.434,0.027,0.002,6.729,43.190,38.0,872,0
982.09,saver#r4,gap,2.396,1.208,0.000,6.729,43.190,38.0,695,0
982.60,saver#r4,python,2.866,1.514,0.002,6.729,43.190,43.0,891,0
983.11,saver#r4,python,2.962,1.556,0.000,6.729,43.190,43.0,671,0
983.61,saver#r4,python,1.919,0.607,0.000,6.715,43.180,39.0,560,0
984.12,saver#r4,python,2.345,0.673,0.000,6.715,43.180,39.0,512,0
984.63,saver#r4,python,1.272,0.219,0.003,6.715,43.180,38.0,1218,0
985.13,saver#r4,gap,0.968,0.327,0.000,6.715,43.180,38.0,807,0
985.64,saver#r4,gap,0.411,0.024,0.001,6.732,43.180,38.0,795,0
986.15,saver#r4,gap,0.614,0.056,0.001,6.732,43.180,38.0,773,0
986.66,saver#r4,gap,0.336,0.013,0.000,6.732,43.180,38.0,600,0
987.17,saver#r4,gap,0.435,0.028,0.002,6.732,43.180,38.0,661,0
987.68,saver#r4,gap,5.538,2.434,0.000,6.734,43.180,41.0,1500,0
988.18,saver#r4,compress,6.237,3.319,0.001,6.734,43.180,41.0,909,0
988.69,saver#r4,compress,5.969,3.086,0.000,6.734,43.180,41.0,916,0
989.20,saver#r4,compress,5.955,3.167,0.000,6.734,43.180,41.0,945,0
989.71,saver#r4,compress,5.984,3.106,0.000,6.734,43.180,41.0,923,0
990.22,saver#r4,compress,5.940,3.148,0.000,6.734,43.180,41.0,1063,0
990.73,saver#r4,compress,5.999,3.114,0.000,6.689,43.170,41.0,941,0
991.24,saver#r4,compress,5.956,3.015,0.000,6.689,43.170,41.0,945,0
991.75,saver#r4,compress,5.957,3.088,0.000,6.689,43.170,41.0,1018,0
992.26,saver#r4,compress,5.974,3.130,0.000,6.689,43.170,41.0,1021,0
992.77,saver#r4,compress,5.908,3.149,0.000,6.686,43.170,42.0,1399,0
993.27,saver#r4,compress,5.123,2.350,0.000,6.686,43.170,42.0,1173,0
993.78,saver#r4,compress,2.666,0.968,0.002,6.686,43.170,39.0,688,0
994.29,saver#r4,gap,1.291,0.311,0.001,6.686,43.170,39.0,1179,0
994.80,saver#r4,gap,0.426,0.021,0.002,6.718,43.160,39.0,694,0
995.31,saver#r4,gap,0.406,0.030,0.001,6.718,43.160,39.0,653,0
995.82,saver#r4,gap,0.378,0.018,0.000,6.718,43.160,39.0,694,0
996.33,saver#r4,gap,0.864,0.048,0.000,6.718,43.160,39.0,772,0
996.84,saver#r4,gap,3.761,1.350,0.000,6.727,43.160,42.0,1546,0
997.35,saver#r4,sustained20s,6.887,3.658,0.000,6.727,43.160,42.0,929,0
997.86,saver#r4,sustained20s,5.965,3.257,0.000,6.727,43.160,41.0,953,0
998.36,saver#r4,sustained20s,5.960,3.171,0.000,6.727,43.160,41.0,1041,0
998.88,saver#r4,sustained20s,5.982,3.145,0.000,6.686,43.150,42.0,933,0
999.38,saver#r4,sustained20s,5.957,3.066,0.000,6.686,43.150,42.0,975,0
999.89,saver#r4,sustained20s,5.945,3.196,0.000,6.686,43.150,42.0,1077,0
1000.40,saver#r4,sustained20s,5.994,3.103,0.000,6.686,43.150,42.0,963,0
1000.91,saver#r4,sustained20s,5.960,3.095,0.000,6.686,43.150,42.0,1039,0
1001.42,saver#r4,sustained20s,5.959,3.138,0.000,6.686,43.150,42.0,1010,0
1001.93,saver#r4,sustained20s,5.963,3.191,0.000,6.684,43.140,43.0,1277,0
1002.43,saver#r4,sustained20s,5.796,3.085,0.000,6.684,43.140,43.0,992,0
1002.95,saver#r4,sustained20s,5.713,2.473,0.000,6.684,43.140,44.0,1638,0
1003.45,saver#r4,sustained20s,6.434,3.482,0.000,6.684,43.140,44.0,935,0
1003.96,saver#r4,sustained20s,5.959,3.147,0.000,5.918,43.140,42.0,983,0
1004.47,saver#r4,sustained20s,5.970,3.220,0.000,5.918,43.140,42.0,947,0
1004.98,saver#r4,sustained20s,5.965,3.079,0.000,5.918,43.140,43.0,1022,0
1005.48,saver#r4,sustained20s,5.982,3.009,0.000,5.918,43.140,43.0,929,0
1006.00,saver#r4,sustained20s,5.968,3.020,0.000,5.895,43.130,43.0,927,0
1006.50,saver#r4,sustained20s,5.972,3.033,0.000,5.895,43.130,43.0,928,0
1007.02,saver#r4,sustained20s,5.955,2.970,0.000,5.895,43.130,43.0,975,0
1007.52,saver#r4,sustained20s,5.970,3.092,0.000,5.895,43.130,43.0,951,0
1008.03,saver#r4,sustained20s,5.933,3.078,0.000,5.896,43.120,43.0,1108,0
1008.54,saver#r4,sustained20s,5.782,2.972,0.000,5.896,43.120,43.0,949,0
1009.05,saver#r4,sustained20s,6.065,2.746,0.000,5.896,43.120,44.0,1458,0
1009.56,saver#r4,sustained20s,6.098,3.239,0.000,5.896,43.120,44.0,949,0
1010.07,saver#r4,sustained20s,5.978,3.159,0.000,5.894,43.120,43.0,944,0
1010.57,saver#r4,sustained20s,5.971,3.056,0.000,5.894,43.120,43.0,901,0
1011.09,saver#r4,sustained20s,5.961,3.088,0.000,5.894,43.120,43.0,1012,0
1011.59,saver#r4,sustained20s,5.975,3.130,0.000,5.894,43.120,43.0,924,0
1012.10,saver#r4,sustained20s,5.955,3.114,0.000,5.894,43.110,43.0,1027,0
1012.61,saver#r4,sustained20s,5.956,3.167,0.000,5.894,43.110,43.0,1003,0
1013.12,saver#r4,sustained20s,5.973,3.022,0.000,5.894,43.110,43.0,1083,0
1013.63,saver#r4,sustained20s,5.958,3.065,0.002,5.894,43.110,43.0,1016,0
1014.14,saver#r4,sustained20s,5.957,3.169,0.000,5.894,43.110,44.0,1122,0
1014.65,saver#r4,sustained20s,4.753,2.346,0.000,5.894,43.110,44.0,922,0
1015.16,saver#r4,sustained20s,3.196,1.244,0.000,5.894,43.100,42.0,1728,0
1015.66,saver#r4,sustained20s,7.934,3.983,0.000,5.894,43.100,42.0,929,0
1016.17,saver#r4,sustained20s,5.962,3.100,0.000,5.894,43.100,44.0,1030,0
1016.68,saver#r4,sustained20s,5.957,3.163,0.000,5.894,43.100,44.0,1079,0
1017.19,saver#r4,sustained20s,5.984,3.050,0.000,5.891,43.100,44.0,919,0
1017.70,saver#r4,sustained20s,5.966,3.089,0.000,5.891,43.100,44.0,949,0
1018.21,saver#r4,sustained20s,5.980,3.008,0.000,5.891,43.100,44.0,939,0
1018.72,saver#r4,sustained20s,5.954,3.132,0.000,5.891,43.100,44.0,1023,0
1019.23,saver#r4,sustained20s,5.962,3.216,0.000,5.892,43.090,44.0,974,0
1019.74,saver#r4,sustained20s,5.951,3.048,0.000,5.892,43.090,44.0,1089,0
1020.25,saver#r4,sustained20s,5.970,3.176,0.000,5.892,43.090,44.0,1123,0
1020.76,saver#r4,sustained20s,5.813,3.025,0.000,5.892,43.090,44.0,1214,0
1021.26,saver#r4,sustained20s,4.149,1.791,0.000,5.892,43.090,45.0,786,0
1021.77,saver#r4,sustained20s,2.302,0.877,0.004,5.892,43.090,45.0,1415,0
1022.28,saver#r4,end,1.191,0.334,0.003,5.892,43.090,42.0,898,0
1022.78,saver#r4,end,0.846,0.057,0.001,5.892,43.090,42.0,1247,0
1023.30,saver#r4,end,0.836,0.059,0.000,5.925,43.080,42.0,723,0
1023.80,saver#r4,end,0.832,0.033,0.002,5.925,43.080,42.0,597,0
1024.31,saver#r4,end,0.749,0.016,0.000,5.925,43.080,41.0,605,0
1024.82,saver#r4,end,0.770,0.022,0.001,5.925,43.080,41.0,612,0
1025.33,saver#r4,end,0.743,0.016,0.001,5.925,43.080,41.0,603,0
1025.84,saver#r4,end,1.264,0.354,0.000,5.925,43.080,41.0,590,0
1026.35,saver#r4,end,0.742,0.017,0.000,5.927,43.080,41.0,712,0
1026.85,saver#r4,end,0.723,0.189,0.000,5.927,43.080,41.0,1009,0
1027.36,saver#r4,end,0.508,0.017,0.000,5.927,43.080,40.0,580,0
1027.87,saver#r4,end,1.154,0.366,0.000,5.927,43.080,40.0,628,0
1028.38,saver#r4,end,0.485,0.029,0.000,5.921,43.080,40.0,642,0
1028.88,saver#r4,end,0.400,0.020,0.000,5.921,43.080,40.0,623,0
1029.39,saver#r4,end,0.370,0.017,0.000,5.921,43.080,40.0,1085,0
1029.90,saver#r4,end,0.339,0.015,0.000,5.921,43.080,40.0,622,0
1030.41,saver#r4,end,0.383,0.018,0.000,5.933,43.070,40.0,832,0
1030.91,saver#r4,end,0.434,0.021,0.000,5.933,43.070,40.0,789,0
1031.42,saver#r4,end,0.518,0.022,0.000,5.933,43.070,40.0,817,0
1031.93,saver#r4,end,0.387,0.028,0.000,5.933,43.070,40.0,587,0
1032.44,cool,wait,1.129,0.428,0.000,5.933,43.070,40.0,764,0
1032.94,cool,wait,0.536,0.034,0.003,5.933,43.070,40.0,1095,0
1033.45,cool,wait,0.376,0.014,0.000,5.933,43.070,40.0,927,0
1033.96,cool,wait,0.426,0.036,0.000,5.933,43.070,40.0,904,0
1034.47,cool,wait,0.335,0.013,0.000,5.933,43.070,40.0,1073,0
1034.97,cool,wait,0.341,0.013,0.000,5.933,43.070,40.0,803,0
1035.49,cool,wait,0.347,0.014,0.000,5.933,43.070,40.0,580,0
1035.99,cool,wait,0.395,0.024,0.000,5.933,43.070,40.0,527,0
1036.50,cool,wait,0.352,0.020,0.000,5.933,43.070,40.0,650,0
1037.01,cool,wait,0.374,0.017,0.000,5.933,43.070,40.0,713,0
1037.52,cool,wait,0.839,0.288,0.000,5.934,43.070,41.0,1194,0
1038.02,cool,wait,0.563,0.093,0.000,5.934,43.070,41.0,664,0
1038.53,cool,wait,0.679,0.032,0.000,5.934,43.070,40.0,580,0
1039.03,cool,wait,0.372,0.019,0.000,5.934,43.070,40.0,562,0
1039.54,cool,wait,0.684,0.059,0.000,5.932,43.060,39.0,868,0
1040.05,cool,wait,1.325,0.436,0.003,5.932,43.060,39.0,910,0
1040.56,saver+bp#r4,idle,0.590,0.108,0.003,5.932,43.060,40.0,1091,0
1041.07,saver+bp#r4,idle,0.885,0.258,0.002,5.932,43.060,40.0,995,0
1041.58,saver+bp#r4,idle,0.366,0.013,0.000,5.932,43.060,39.0,917,0
1042.08,saver+bp#r4,idle,0.621,0.049,0.001,5.932,43.060,39.0,982,0
1042.59,saver+bp#r4,idle,0.423,0.022,0.001,5.932,43.060,39.0,952,0
1043.10,saver+bp#r4,idle,0.429,0.026,0.001,5.932,43.060,39.0,728,0
1043.61,saver+bp#r4,idle,0.378,0.019,0.002,5.936,43.060,39.0,665,0
1044.11,saver+bp#r4,idle,0.618,0.032,0.000,5.936,43.060,39.0,626,0
1044.62,saver+bp#r4,idle,0.388,0.020,0.000,5.936,43.060,39.0,698,0
1045.13,saver+bp#r4,idle,0.575,0.033,0.000,5.936,43.060,39.0,673,0
1045.64,saver+bp#r4,idle,0.390,0.019,0.000,5.936,43.060,39.0,772,0
1046.14,saver+bp#r4,idle,0.496,0.050,0.000,5.936,43.060,39.0,528,0
1046.66,saver+bp#r4,idle,0.471,0.024,0.000,5.936,43.060,39.0,747,0
1047.16,saver+bp#r4,idle,0.567,0.027,0.000,5.936,43.060,39.0,840,0
1047.67,saver+bp#r4,idle,1.056,0.331,0.000,5.936,43.060,39.0,778,0
1048.18,saver+bp#r4,idle,0.389,0.027,0.000,5.936,43.060,39.0,939,0
1048.69,saver+bp#r4,idle,0.457,0.028,0.000,5.933,43.050,39.0,974,0
1049.19,saver+bp#r4,idle,0.564,0.036,0.000,5.933,43.050,39.0,870,0
1049.70,saver+bp#r4,idle,0.481,0.020,0.000,5.933,43.050,39.0,799,0
1050.21,saver+bp#r4,idle,1.254,0.552,0.000,5.933,43.050,39.0,844,0
1050.72,saver+bp#r4,bursty,1.543,0.772,0.000,5.935,43.050,44.0,608,0
1051.22,saver+bp#r4,bursty,0.939,0.401,0.000,5.935,43.050,44.0,861,0
1051.73,saver+bp#r4,bursty,0.886,0.375,0.000,5.935,43.050,43.0,566,0
1052.24,saver+bp#r4,bursty,1.069,0.399,0.000,5.935,43.050,43.0,676,0
1052.74,saver+bp#r4,bursty,0.880,0.397,0.000,5.934,43.050,39.0,866,0
1053.25,saver+bp#r4,bursty,1.756,0.780,0.001,5.934,43.050,39.0,1023,0
1053.76,saver+bp#r4,bursty,0.943,0.364,0.000,5.934,43.050,39.0,665,0
1054.27,saver+bp#r4,bursty,1.013,0.385,0.000,5.934,43.050,39.0,580,0
1054.78,saver+bp#r4,bursty,0.884,0.358,0.000,5.927,43.050,39.0,665,0
1055.28,saver+bp#r4,bursty,1.122,0.395,0.000,5.927,43.050,39.0,718,0
1055.79,saver+bp#r4,bursty,0.837,0.359,0.000,5.927,43.050,39.0,974,0
1056.30,saver+bp#r4,bursty,0.936,0.381,0.000,5.927,43.050,39.0,916,0
1056.81,saver+bp#r4,bursty,0.945,0.361,0.000,5.933,43.040,39.0,812,0
1057.31,saver+bp#r4,bursty,0.935,0.379,0.000,5.933,43.040,39.0,780,0
1057.82,saver+bp#r4,bursty,1.517,0.666,0.000,5.933,43.040,39.0,571,0
1058.33,saver+bp#r4,bursty,0.870,0.381,0.000,5.933,43.040,39.0,641,0
1058.84,saver+bp#r4,bursty,0.863,0.363,0.000,5.933,43.040,39.0,779,0
1059.34,saver+bp#r4,bursty,1.085,0.409,0.000,5.933,43.040,39.0,596,0
1059.85,saver+bp#r4,bursty,0.837,0.352,0.000,5.924,43.040,39.0,671,0
1060.36,saver+bp#r4,bursty,0.627,0.108,0.002,5.924,43.040,39.0,813,0
1060.87,saver+bp#r4,gap,1.166,0.364,0.002,5.924,43.040,39.0,656,0
1061.38,saver+bp#r4,gap,0.488,0.055,0.001,5.924,43.040,39.0,1093,0
1061.88,saver+bp#r4,gap,0.341,0.012,0.000,5.930,43.040,38.0,563,0
1062.39,saver+bp#r4,gap,0.465,0.040,0.002,5.930,43.040,38.0,514,0
1062.90,saver+bp#r4,gap,0.408,0.018,0.002,5.930,43.040,38.0,908,0
1063.41,saver+bp#r4,gap,1.406,0.673,0.002,5.930,43.040,38.0,1147,0
1063.92,saver+bp#r4,pdf_render,3.586,2.412,0.000,5.930,43.030,41.0,1278,0
1064.42,saver+bp#r4,pdf_render,2.767,1.816,0.000,5.930,43.030,41.0,1105,0
1064.93,saver+bp#r4,pdf_render,2.746,1.812,0.000,5.930,43.030,41.0,1872,0
1065.43,saver+bp#r4,pdf_render,2.967,1.890,0.000,5.930,43.030,41.0,1048,0
1065.94,saver+bp#r4,pdf_render,2.927,1.926,0.000,5.915,43.030,41.0,1755,0
1066.44,saver+bp#r4,pdf_render,2.890,1.915,0.000,5.915,43.030,41.0,1204,0
1066.95,saver+bp#r4,pdf_render,3.234,2.248,0.000,5.915,43.030,44.0,1272,0
1067.46,saver+bp#r4,pdf_render,3.483,2.252,0.000,5.915,43.030,44.0,1792,0
1067.96,saver+bp#r4,pdf_render,3.164,2.017,0.000,5.907,43.030,43.0,1279,0
1068.47,saver+bp#r4,pdf_render,2.855,1.927,0.000,5.907,43.030,43.0,1086,0
1068.98,saver+bp#r4,pdf_render,2.890,1.928,0.000,5.907,43.030,41.0,1304,0
1069.48,saver+bp#r4,pdf_render,2.944,2.006,0.000,5.907,43.030,41.0,1145,0
1069.99,saver+bp#r4,pdf_render,2.867,1.893,0.000,5.907,43.030,41.0,1335,0
1070.49,saver+bp#r4,pdf_render,2.765,1.821,0.000,5.907,43.030,41.0,1358,0
1071.00,saver+bp#r4,pdf_render,2.785,1.835,0.000,5.916,43.020,41.0,1497,0
1071.51,saver+bp#r4,pdf_render,3.024,1.893,0.000,5.916,43.020,41.0,1629,0
1072.01,saver+bp#r4,pdf_render,2.764,1.829,0.000,5.916,43.020,41.0,1480,0
1072.52,saver+bp#r4,pdf_render,2.793,1.875,0.000,5.916,43.020,41.0,1004,0
1073.03,saver+bp#r4,pdf_render,2.823,1.790,0.001,5.918,43.020,39.0,1208,0
1073.53,saver+bp#r4,gap,0.694,0.131,0.001,5.918,43.020,39.0,1033,0
1074.04,saver+bp#r4,gap,0.971,0.285,0.000,5.918,43.020,39.0,696,0
1074.55,saver+bp#r4,gap,0.917,0.032,0.001,5.918,43.020,39.0,690,0
1075.06,saver+bp#r4,gap,0.601,0.067,0.001,5.929,43.010,39.0,562,0
1075.56,saver+bp#r4,gap,0.403,0.023,0.000,5.929,43.010,39.0,1011,0
1076.07,saver+bp#r4,gap,0.786,0.097,0.001,5.929,43.010,39.0,1328,0
1076.58,saver+bp#r4,office,3.437,1.776,0.000,5.929,43.010,39.0,970,0
1077.09,saver+bp#r4,office,3.235,1.918,0.001,5.912,43.010,43.0,1312,0
1077.59,saver+bp#r4,office,4.911,3.230,0.000,5.912,43.010,43.0,939,0
1078.10,saver+bp#r4,office,2.243,0.967,0.001,5.912,43.010,39.0,959,0
1078.60,saver+bp#r4,gap,0.811,0.227,0.001,5.912,43.010,39.0,649,0
1079.11,saver+bp#r4,gap,0.458,0.028,0.000,5.934,43.010,39.0,569,0
1079.62,saver+bp#r4,gap,0.448,0.026,0.001,5.934,43.010,39.0,890,0
1080.13,saver+bp#r4,gap,0.661,0.029,0.000,5.934,43.010,39.0,911,0
1080.63,saver+bp#r4,gap,0.440,0.025,0.001,5.934,43.010,39.0,616,0
1081.14,saver+bp#r4,gap,3.231,1.933,0.000,5.934,43.010,48.0,1012,0
1081.65,saver+bp#r4,python,5.647,3.513,0.000,5.934,43.010,48.0,1538,0
1082.16,saver+bp#r4,python,5.410,2.252,0.000,5.927,43.000,43.0,683,0
1082.66,saver+bp#r4,python,2.044,0.539,0.002,5.927,43.000,43.0,655,0
1083.17,saver+bp#r4,gap,0.727,0.170,0.000,5.927,43.000,39.0,1360,0
1083.67,saver+bp#r4,gap,0.477,0.027,0.001,5.927,43.000,39.0,647,0
1084.18,saver+bp#r4,gap,0.666,0.074,0.003,5.930,43.000,38.0,778,0
1084.69,saver+bp#r4,gap,0.520,0.025,0.000,5.930,43.000,38.0,821,0
1085.20,saver+bp#r4,gap,0.455,0.031,0.000,5.930,43.000,38.0,909,0
1085.71,saver+bp#r4,gap,6.342,3.127,0.000,5.930,43.000,38.0,929,0
1086.22,saver+bp#r4,compress,5.968,3.146,0.000,5.917,43.000,41.0,940,0
1086.73,saver+bp#r4,compress,5.956,3.177,0.000,5.917,43.000,41.0,1043,0
1087.24,saver+bp#r4,compress,5.973,3.097,0.000,5.917,43.000,42.0,910,0
1087.74,saver+bp#r4,compress,5.970,3.116,0.000,5.917,43.000,42.0,927,0
1088.25,saver+bp#r4,compress,5.966,3.075,0.000,5.894,42.990,42.0,924,0
1088.76,saver+bp#r4,compress,5.965,3.050,0.000,5.894,42.990,42.0,943,0
1089.28,saver+bp#r4,compress,5.963,3.057,0.000,5.894,42.990,42.0,1030,0
1089.79,saver+bp#r4,compress,5.946,3.092,0.000,5.894,42.990,42.0,1115,0
1090.30,saver+bp#r4,compress,5.975,3.163,0.000,5.895,42.980,42.0,983,0
1090.80,saver+bp#r4,compress,5.966,3.163,0.000,5.895,42.980,42.0,1096,0
1091.31,saver+bp#r4,compress,5.191,2.507,0.000,5.895,42.980,41.0,1408,0
1091.82,saver+bp#r4,compress,0.958,0.232,0.000,5.895,42.980,41.0,976,0
1092.33,saver+bp#r4,gap,0.786,0.182,0.000,5.895,42.980,39.0,1269,0
1092.84,saver+bp#r4,gap,0.477,0.022,0.002,5.895,42.980,39.0,648,0
1093.35,saver+bp#r4,gap,0.650,0.061,0.002,5.929,42.980,39.0,897,0
1093.86,saver+bp#r4,gap,0.437,0.034,0.002,5.929,42.980,39.0,687,0
1094.37,saver+bp#r4,gap,0.813,0.098,0.000,5.929,42.980,39.0,1069,0
1094.88,saver+bp#r4,gap,7.062,3.529,0.000,5.929,42.980,39.0,926,0
1095.39,saver+bp#r4,sustained20s,5.970,3.186,0.002,5.922,42.980,42.0,938,0
1095.90,saver+bp#r4,sustained20s,5.958,3.227,0.000,5.922,42.980,42.0,1046,0
1096.41,saver+bp#r4,sustained20s,5.963,3.180,0.000,5.922,42.980,42.0,1048,0
1096.92,saver+bp#r4,sustained20s,5.979,3.136,0.000,5.922,42.980,42.0,1018,0
1097.43,saver+bp#r4,sustained20s,5.970,3.147,0.000,5.892,42.970,42.0,963,0
1097.94,saver+bp#r4,sustained20s,5.974,3.049,0.000,5.892,42.970,42.0,928,0
1098.45,saver+bp#r4,sustained20s,5.970,2.933,0.000,5.892,42.970,42.0,944,0
1098.96,saver+bp#r4,sustained20s,5.972,3.006,0.000,5.892,42.970,42.0,909,0
1099.47,saver+bp#r4,sustained20s,5.948,3.064,0.000,5.893,42.960,43.0,1058,0
1099.98,saver+bp#r4,sustained20s,5.805,3.082,0.000,5.893,42.960,43.0,989,0
1100.49,saver+bp#r4,sustained20s,5.423,2.616,0.000,5.893,42.960,42.0,918,0
1100.99,saver+bp#r4,sustained20s,6.692,3.250,0.000,5.893,42.960,42.0,894,0
1101.50,saver+bp#r4,sustained20s,5.967,3.105,0.000,5.887,42.960,43.0,921,0
1102.01,saver+bp#r4,sustained20s,5.956,3.166,0.000,5.887,42.960,43.0,1056,0
1102.53,saver+bp#r4,sustained20s,5.982,3.107,0.000,5.887,42.960,43.0,938,0
1103.04,saver+bp#r4,sustained20s,5.976,3.049,0.000,5.887,42.960,43.0,935,0
1103.55,saver+bp#r4,sustained20s,5.964,3.062,0.000,5.887,42.960,43.0,934,0
1104.05,saver+bp#r4,sustained20s,5.968,3.020,0.000,5.887,42.960,43.0,929,0
1104.57,saver+bp#r4,sustained20s,5.944,3.092,0.000,5.892,42.950,43.0,1117,0
1105.07,saver+bp#r4,sustained20s,5.974,3.093,0.000,5.892,42.950,43.0,1019,0
1105.58,saver+bp#r4,sustained20s,5.958,3.116,0.000,5.892,42.950,43.0,1115,0
1106.09,saver+bp#r4,sustained20s,5.819,3.102,0.000,5.892,42.950,43.0,1136,0
1106.60,saver+bp#r4,sustained20s,5.068,2.190,0.000,5.891,42.940,47.0,869,0
1107.10,saver+bp#r4,sustained20s,7.048,3.378,0.000,5.891,42.940,47.0,939,0
1107.61,saver+bp#r4,sustained20s,5.964,3.126,0.000,5.891,42.940,43.0,931,0
1108.12,saver+bp#r4,sustained20s,5.968,3.234,0.000,5.891,42.940,43.0,948,0
1108.63,saver+bp#r4,sustained20s,5.978,3.108,0.000,5.890,42.940,43.0,940,0
1109.14,saver+bp#r4,sustained20s,5.971,3.105,0.000,5.890,42.940,43.0,897,0
1109.65,saver+bp#r4,sustained20s,5.948,3.025,0.000,5.890,42.940,43.0,1018,0
1110.15,saver+bp#r4,sustained20s,6.012,2.967,0.000,5.890,42.940,43.0,717,0
1110.67,saver+bp#r4,sustained20s,5.943,2.985,0.000,5.890,42.930,43.0,922,0
1111.17,saver+bp#r4,sustained20s,5.975,3.002,0.000,5.890,42.930,43.0,891,0
1111.69,saver+bp#r4,sustained20s,5.948,3.044,0.000,5.890,42.930,44.0,1041,0
1112.19,saver+bp#r4,sustained20s,5.963,3.117,0.000,5.890,42.930,44.0,929,0
1112.70,saver+bp#r4,sustained20s,4.942,2.289,0.000,5.889,42.920,46.0,1503,0
1113.21,saver+bp#r4,sustained20s,7.010,3.220,0.000,5.889,42.920,46.0,939,0
1113.72,saver+bp#r4,sustained20s,5.970,3.097,0.000,5.889,42.920,43.0,942,0
1114.22,saver+bp#r4,sustained20s,5.966,3.219,0.000,5.889,42.920,43.0,929,0
1114.74,saver+bp#r4,sustained20s,5.962,3.161,0.000,5.889,42.920,44.0,975,0
1115.24,saver+bp#r4,sustained20s,5.978,3.029,0.000,5.889,42.920,44.0,942,0
1115.76,saver+bp#r4,sustained20s,5.970,3.107,0.000,5.889,42.920,44.0,933,0
1116.27,saver+bp#r4,sustained20s,5.957,3.131,0.000,5.889,42.920,44.0,944,0
1116.78,saver+bp#r4,sustained20s,5.981,3.047,0.000,5.889,42.920,44.0,902,0
1117.28,saver+bp#r4,sustained20s,5.957,3.042,0.000,5.889,42.920,44.0,1022,0
1117.80,saver+bp#r4,sustained20s,5.962,3.133,0.000,5.889,42.910,44.0,1016,0
1118.30,saver+bp#r4,sustained20s,5.943,3.158,0.000,5.889,42.910,44.0,1072,0
1118.81,saver+bp#r4,sustained20s,5.468,2.747,0.000,5.889,42.910,44.0,1043,0
1119.32,saver+bp#r4,sustained20s,3.238,1.269,0.001,5.889,42.910,44.0,729,0
1119.83,saver+bp#r4,end,0.903,0.251,0.003,5.899,42.900,42.0,1267,0
1120.34,saver+bp#r4,end,0.412,0.063,0.000,5.899,42.900,42.0,656,0
1120.85,saver+bp#r4,end,0.509,0.019,0.002,5.899,42.900,42.0,692,0
1121.35,saver+bp#r4,end,0.446,0.028,0.001,5.899,42.900,42.0,831,0
1121.87,saver+bp#r4,end,0.407,0.020,0.002,5.927,42.900,41.0,687,0
1122.37,saver+bp#r4,end,0.426,0.020,0.001,5.927,42.900,41.0,655,0
1122.89,saver+bp#r4,end,0.500,0.023,0.000,5.927,42.900,41.0,677,0
1123.40,saver+bp#r4,end,1.271,0.494,0.000,5.927,42.900,41.0,1349,0
1123.91,saver+bp#r4,end,0.499,0.058,0.000,5.911,42.900,41.0,588,0
1124.41,saver+bp#r4,end,0.379,0.020,0.000,5.911,42.900,41.0,606,0
1124.92,saver+bp#r4,end,0.421,0.034,0.000,5.911,42.900,41.0,623,0
1125.43,saver+bp#r4,end,0.436,0.036,0.000,5.911,42.900,41.0,971,0
1125.94,saver+bp#r4,end,0.461,0.033,0.000,5.928,42.900,41.0,917,0
1126.45,saver+bp#r4,end,0.402,0.025,0.000,5.928,42.900,41.0,1118,0
1126.96,saver+bp#r4,end,0.361,0.017,0.000,5.928,42.900,41.0,794,0
1127.46,saver+bp#r4,end,0.767,0.200,0.000,5.928,42.900,41.0,1514,0
1127.97,saver+bp#r4,end,0.717,0.155,0.000,5.928,42.900,40.0,1003,0
1128.48,saver+bp#r4,end,0.391,0.022,0.000,5.928,42.900,40.0,771,0
1128.99,saver+bp#r4,end,0.613,0.024,0.000,5.928,42.890,40.0,827,0
1129.49,saver+bp#r4,end,0.396,0.029,0.000,5.928,42.890,40.0,743,0
1130.00,cool,wait,0.868,0.311,0.000,5.928,42.890,41.0,1257,0
1130.51,cool,wait,0.567,0.127,0.000,5.928,42.890,41.0,618,0
1131.02,cool,wait,0.326,0.018,0.000,5.925,42.890,40.0,634,0
1131.52,cool,wait,0.416,0.028,0.000,5.925,42.890,40.0,613,0
1132.04,cool,wait,0.329,0.012,0.000,5.925,42.890,40.0,697,0
1132.54,cool,wait,0.315,0.012,0.000,5.925,42.890,40.0,671,0
1133.05,cool,wait,0.309,0.011,0.000,5.930,42.890,40.0,676,0
1133.56,cool,wait,0.554,0.092,0.001,5.930,42.890,40.0,884,0
1134.07,cool,wait,0.337,0.012,0.000,5.930,42.890,40.0,1044,0
1134.57,cool,wait,0.542,0.020,0.000,5.930,42.890,40.0,540,0
1135.08,cool,wait,0.388,0.013,0.000,5.930,42.890,40.0,648,0
1135.59,cool,wait,0.364,0.024,0.000,5.930,42.890,40.0,1233,0
1136.10,cool,wait,0.333,0.012,0.000,5.930,42.890,40.0,682,0
1136.60,cool,wait,0.354,0.017,0.000,5.930,42.890,40.0,625,0
1137.11,cool,wait,0.312,0.011,0.000,5.930,42.880,40.0,639,0
1137.62,cool,wait,1.100,0.300,0.000,5.930,42.880,40.0,765,0
1138.13,cool,wait,0.573,0.045,0.000,5.930,42.880,40.0,580,0
1138.63,cool,wait,0.420,0.016,0.000,5.930,42.880,40.0,582,0
1139.14,cool,wait,0.343,0.014,0.000,5.930,42.880,40.0,650,0
1139.65,cool,wait,0.394,0.021,0.000,5.930,42.880,40.0,635,0
1140.16,cool,wait,0.452,0.013,0.000,5.931,42.880,39.0,733,0
1140.67,cool,wait,0.360,0.015,0.000,5.931,42.880,39.0,609,0
1141.18,cool,wait,0.392,0.011,0.000,5.931,42.880,39.0,622,0
1141.68,cool,wait,0.920,0.294,0.000,5.931,42.880,39.0,1622,0
1142.19,cool,wait,0.644,0.106,0.003,5.933,42.880,39.0,562,0
1142.70,balanced#r4,idle,0.998,0.300,0.000,5.933,42.880,39.0,1165,0
1143.21,balanced#r4,idle,0.452,0.033,0.002,5.933,42.880,39.0,832,0
1143.71,balanced#r4,idle,0.533,0.034,0.002,5.933,42.880,39.0,809,0
1144.22,balanced#r4,idle,0.510,0.022,0.002,5.929,42.880,39.0,863,0
1144.73,balanced#r4,idle,0.548,0.020,0.000,5.929,42.880,39.0,682,0
1145.24,balanced#r4,idle,0.354,0.015,0.000,5.929,42.880,39.0,669,0
1145.74,balanced#r4,idle,0.554,0.021,0.000,5.929,42.880,39.0,736,0
1146.25,balanced#r4,idle,0.325,0.011,0.000,5.930,42.870,39.0,645,0
1146.76,balanced#r4,idle,0.451,0.023,0.000,5.930,42.870,39.0,664,0
1147.27,balanced#r4,idle,0.368,0.016,0.000,5.930,42.870,39.0,875,0
1147.77,balanced#r4,idle,1.206,0.339,0.000,5.930,42.870,39.0,585,0
1148.28,balanced#r4,idle,0.417,0.024,0.000,5.931,42.870,39.0,555,0
1148.79,balanced#r4,idle,0.416,0.026,0.000,5.931,42.870,39.0,862,0
1149.30,balanced#r4,idle,0.322,0.012,0.000,5.931,42.870,39.0,749,0
1149.81,balanced#r4,idle,0.385,0.022,0.000,5.931,42.870,39.0,682,0
1150.32,balanced#r4,idle,0.365,0.015,0.000,5.931,42.870,39.0,911,0
1150.82,balanced#r4,idle,0.418,0.026,0.000,5.931,42.870,39.0,1053,0
1151.33,balanced#r4,idle,0.647,0.036,0.000,5.933,42.870,39.0,771,0
1151.84,balanced#r4,idle,0.717,0.181,0.000,5.933,42.870,39.0,985,0
1152.35,balanced#r4,bursty,1.461,0.768,0.000,5.933,42.870,41.0,1110,0
1152.85,balanced#r4,bursty,1.054,0.477,0.000,5.933,42.870,41.0,681,0
1153.36,balanced#r4,bursty,0.819,0.375,0.000,5.915,42.870,39.0,745,0
1153.87,balanced#r4,bursty,0.888,0.392,0.000,5.915,42.870,39.0,846,0
1154.38,balanced#r4,bursty,0.794,0.371,0.000,5.915,42.870,39.0,825,0
1154.88,balanced#r4,bursty,0.924,0.388,0.000,5.915,42.870,39.0,833,0
1155.39,balanced#r4,bursty,0.836,0.383,0.000,5.928,42.860,40.0,902,0
1155.90,balanced#r4,bursty,0.830,0.366,0.000,5.928,42.860,40.0,872,0
1156.40,balanced#r4,bursty,0.808,0.376,0.000,5.928,42.860,40.0,1747,0
1156.91,balanced#r4,bursty,0.990,0.406,0.000,5.928,42.860,40.0,1089,0
1157.42,balanced#r4,bursty,0.872,0.411,0.000,5.923,42.860,41.0,2013,0
1157.92,balanced#r4,bursty,1.622,0.828,0.000,5.923,42.860,41.0,1460,0
1158.43,balanced#r4,bursty,0.817,0.357,0.000,5.923,42.860,42.0,1190,0
1158.94,balanced#r4,bursty,1.053,0.423,0.000,5.923,42.860,42.0,985,0
1159.44,balanced#r4,bursty,0.836,0.378,0.000,5.930,42.860,40.0,1143,0
1159.95,balanced#r4,bursty,0.852,0.375,0.000,5.930,42.860,40.0,695,0
1160.46,balanced#r4,bursty,0.811,0.360,0.000,5.930,42.860,41.0,609,0
1160.96,balanced#r4,bursty,0.940,0.361,0.000,5.930,42.860,41.0,603,0
1161.47,balanced#r4,bursty,0.850,0.364,0.000,5.930,42.860,39.0,672,0
1161.98,balanced#r4,bursty,0.604,0.094,0.001,5.930,42.860,39.0,602,0
1162.49,balanced#r4,gap,0.901,0.223,0.001,5.929,42.860,40.0,668,0
1163.00,balanced#r4,gap,0.513,0.106,0.000,5.929,42.860,40.0,676,0
1163.50,balanced#r4,gap,0.385,0.022,0.002,5.929,42.860,38.0,961,0
1164.01,balanced#r4,gap,0.415,0.023,0.001,5.929,42.860,38.0,1021,0
1164.52,balanced#r4,gap,0.368,0.019,0.001,5.935,42.850,38.0,654,0
1165.03,balanced#r4,gap,0.877,0.295,0.000,5.935,42.850,38.0,1341,0
1165.53,balanced#r4,pdf_render,3.561,2.416,0.000,5.935,42.850,41.0,1007,0
1166.04,balanced#r4,pdf_render,2.739,1.803,0.000,5.935,42.850,41.0,1097,0
1166.55,balanced#r4,pdf_render,2.751,1.802,0.000,5.916,42.850,41.0,1066,0
1167.05,balanced#r4,pdf_render,2.879,1.884,0.000,5.916,42.850,41.0,1299,0
1167.56,balanced#r4,pdf_render,3.634,2.228,0.000,5.916,42.850,41.0,1245,0
1168.06,balanced#r4,pdf_render,2.925,1.942,0.000,5.916,42.850,41.0,1281,0
1168.57,balanced#r4,pdf_render,3.253,2.280,0.000,5.913,42.850,41.0,1497,0
1169.08,balanced#r4,pdf_render,2.959,2.000,0.000,5.913,42.850,41.0,1454,0
1169.59,balanced#r4,pdf_render,2.836,1.884,0.000,5.913,42.850,41.0,1410,0
1170.10,balanced#r4,pdf_render,2.927,1.979,0.000,5.913,42.850,41.0,1360,0
1170.61,balanced#r4,pdf_render,2.876,1.929,0.000,5.910,42.840,41.0,1381,0
1171.11,balanced#r4,pdf_render,2.858,1.910,0.000,5.910,42.840,41.0,1251,0
1171.63,balanced#r4,pdf_render,2.939,1.915,0.000,5.910,42.840,43.0,1194,0
1172.13,balanced#r4,pdf_render,2.771,1.813,0.000,5.910,42.840,43.0,1191,0
1172.64,balanced#r4,pdf_render,2.801,1.865,0.000,5.910,42.840,41.0,1201,0
1173.15,balanced#r4,pdf_render,2.854,1.861,0.000,5.910,42.840,41.0,890,0
1173.66,balanced#r4,pdf_render,2.769,1.851,0.000,5.915,42.840,41.0,1210,0
1174.17,balanced#r4,pdf_render,3.683,2.466,0.000,5.915,42.840,41.0,1049,0
1174.68,balanced#r4,pdf_render,3.077,2.003,0.000,5.915,42.840,41.0,1233,0
1175.18,balanced#r4,pdf_render,1.307,0.478,0.001,5.915,42.840,41.0,1540,0
1175.69,balanced#r4,gap,1.068,0.355,0.002,5.924,42.830,39.0,1082,0
1176.20,balanced#r4,gap,0.499,0.048,0.002,5.924,42.830,39.0,653,0
1176.71,balanced#r4,gap,1.061,0.281,0.010,5.924,42.830,39.0,1128,0
1177.22,balanced#r4,gap,1.247,0.443,0.003,5.924,42.830,39.0,1123,0
1177.73,balanced#r4,gap,1.528,0.625,0.000,5.920,42.830,39.0,1498,0
1178.24,balanced#r4,gap,3.333,1.678,0.000,5.920,42.830,39.0,1723,0
1178.75,balanced#r4,office,3.601,2.175,0.000,5.920,42.830,42.0,1246,0
1179.25,balanced#r4,office,4.940,3.169,0.000,5.920,42.830,42.0,1235,0
1179.76,balanced#r4,office,3.207,1.591,0.012,5.894,42.830,41.0,2171,0
1180.27,balanced#r4,gap,1.640,0.608,0.011,5.894,42.830,41.0,1169,0
1180.78,balanced#r4,gap,0.588,0.054,0.004,5.894,42.830,39.0,915,0
1181.29,balanced#r4,gap,0.337,0.016,0.000,5.894,42.830,39.0,981,0
1181.80,balanced#r4,gap,0.534,0.022,0.001,5.928,42.820,39.0,1029,0
1182.31,balanced#r4,gap,0.557,0.027,0.001,5.928,42.820,39.0,1108,0
1182.82,balanced#r4,gap,3.596,2.180,0.003,5.928,42.820,48.0,1997,0
1183.33,balanced#r4,python,5.640,3.711,0.006,5.928,42.820,48.0,1378,0
1183.84,balanced#r4,python,5.599,2.437,0.000,5.928,42.820,44.0,879,0
1184.34,balanced#r4,python,2.458,0.718,0.005,5.928,42.820,44.0,1441,0
1184.85,balanced#r4,gap,0.736,0.211,0.000,5.897,42.820,39.0,686,0
1185.35,balanced#r4,gap,0.409,0.020,0.001,5.897,42.820,39.0,538,0
1185.87,balanced#r4,gap,0.511,0.029,0.001,5.897,42.820,39.0,669,0
1186.37,balanced#r4,gap,0.342,0.014,0.000,5.897,42.820,39.0,662,0
1186.89,balanced#r4,gap,0.391,0.015,0.000,5.927,42.810,38.0,674,0
1187.40,balanced#r4,gap,6.152,2.892,0.000,5.927,42.810,38.0,1139,0
1187.91,balanced#r4,compress,6.003,3.176,0.000,5.927,42.810,41.0,949,0
1188.42,balanced#r4,compress,5.969,3.162,0.000,5.927,42.810,41.0,937,0
1188.93,balanced#r4,compress,5.958,3.166,0.000,5.892,42.810,42.0,927,0
1189.43,balanced#r4,compress,5.970,3.142,0.000,5.892,42.810,42.0,928,0
1189.95,balanced#r4,compress,5.963,3.097,0.000,5.892,42.810,42.0,1048,0
1190.45,balanced#r4,compress,5.985,3.017,0.000,5.892,42.810,42.0,919,0
1190.96,balanced#r4,compress,5.957,2.998,0.000,5.890,42.810,42.0,950,0
1191.47,balanced#r4,compress,5.952,3.025,0.000,5.890,42.810,42.0,1038,0
1191.98,balanced#r4,compress,5.963,3.147,0.000,5.890,42.810,42.0,1030,0
1192.49,balanced#r4,compress,5.956,3.101,0.000,5.890,42.810,42.0,1115,0
1193.00,balanced#r4,compress,5.058,2.453,0.000,5.891,42.800,42.0,1017,0
1193.50,balanced#r4,compress,2.743,0.976,0.003,5.891,42.800,42.0,1470,0
1194.01,balanced#r4,gap,1.216,0.402,0.001,5.891,42.800,39.0,1018,0
1194.52,balanced#r4,gap,0.420,0.025,0.003,5.891,42.800,39.0,670,0
1195.03,balanced#r4,gap,0.517,0.038,0.000,5.891,42.800,39.0,819,0
1195.54,balanced#r4,gap,0.380,0.022,0.001,5.891,42.800,39.0,653,0
1196.05,balanced#r4,gap,0.441,0.022,0.001,5.924,42.790,39.0,798,0
1196.56,balanced#r4,gap,4.678,2.037,0.002,5.924,42.790,39.0,1588,0
1197.07,balanced#r4,sustained20s,6.370,3.399,0.001,5.924,42.790,42.0,1032,0
1197.58,balanced#r4,sustained20s,5.964,3.162,0.000,5.924,42.790,42.0,944,0
1198.10,balanced#r4,sustained20s,5.974,3.126,0.000,5.890,42.790,42.0,947,0
1198.61,balanced#r4,sustained20s,5.960,3.159,0.000,5.890,42.790,42.0,1020,0
1199.12,balanced#r4,sustained20s,5.964,3.122,0.000,5.890,42.790,42.0,1052,0
1199.63,balanced#r4,sustained20s,5.987,3.043,0.000,5.890,42.790,42.0,931,0
1200.14,balanced#r4,sustained20s,5.959,3.016,0.000,5.890,42.780,42.0,1019,0
1200.65,balanced#r4,sustained20s,5.966,3.059,0.000,5.890,42.780,42.0,1016,0
1201.16,balanced#r4,sustained20s,5.954,3.070,0.000,5.890,42.780,43.0,1112,0
1201.67,balanced#r4,sustained20s,5.812,3.080,0.000,5.890,42.780,43.0,1732,0
1202.18,balanced#r4,sustained20s,5.963,3.011,0.000,5.891,42.780,42.0,1159,0
1202.68,balanced#r4,sustained20s,6.056,2.841,0.000,5.891,42.780,42.0,1486,0
1203.20,balanced#r4,sustained20s,6.073,3.193,0.000,5.891,42.780,43.0,947,0
1203.70,balanced#r4,sustained20s,5.957,3.150,0.000,5.891,42.780,43.0,958,0
1204.22,balanced#r4,sustained20s,5.972,3.181,0.000,5.889,42.770,43.0,956,0
1204.72,balanced#r4,sustained20s,5.971,3.028,0.000,5.889,42.770,43.0,950,0
1205.23,balanced#r4,sustained20s,5.965,3.037,0.000,5.889,42.770,43.0,1001,0
1205.74,balanced#r4,sustained20s,5.962,3.095,0.000,5.889,42.770,43.0,1020,0
1206.25,balanced#r4,sustained20s,5.948,3.111,0.000,5.886,42.760,43.0,1020,0
1206.76,balanced#r4,sustained20s,5.971,3.053,0.000,5.886,42.760,43.0,1033,0
1207.27,balanced#r4,sustained20s,5.972,3.151,0.000,5.886,42.760,43.0,1037,0
1207.78,balanced#r4,sustained20s,5.863,3.115,0.000,5.886,42.760,43.0,1109,0
1208.29,balanced#r4,sustained20s,5.852,2.903,0.000,5.886,42.760,43.0,1030,0
1208.79,balanced#r4,sustained20s,5.529,2.252,0.000,5.886,42.760,43.0,1748,0
1209.30,balanced#r4,sustained20s,6.663,3.566,0.000,5.885,42.760,43.0,945,0
1209.81,balanced#r4,sustained20s,5.960,3.145,0.000,5.885,42.760,43.0,931,0
1210.32,balanced#r4,sustained20s,5.961,3.171,0.000,5.885,42.760,43.0,1032,0
1210.83,balanced#r4,sustained20s,5.979,3.113,0.000,5.885,42.760,43.0,928,0
1211.34,balanced#r4,sustained20s,5.945,3.142,0.000,5.886,42.750,44.0,1002,0
1211.85,balanced#r4,sustained20s,5.999,3.108,0.000,5.886,42.750,44.0,904,0
1212.36,balanced#r4,sustained20s,5.967,3.021,0.000,5.886,42.750,43.0,942,0
1212.87,balanced#r4,sustained20s,5.961,2.989,0.000,5.886,42.750,43.0,941,0
1213.38,balanced#r4,sustained20s,5.941,3.115,0.000,5.885,42.740,44.0,1167,0
1213.89,balanced#r4,sustained20s,5.918,3.086,0.000,5.885,42.740,44.0,1237,0
1214.40,balanced#r4,sustained20s,5.796,2.891,0.000,5.885,42.740,43.0,1038,0
1214.91,balanced#r4,sustained20s,4.802,1.972,0.000,5.885,42.740,43.0,1875,0
1215.42,balanced#r4,sustained20s,7.362,3.820,0.000,5.868,42.740,44.0,943,0
1215.92,balanced#r4,sustained20s,5.960,3.154,0.000,5.868,42.740,44.0,1023,0
1216.43,balanced#r4,sustained20s,5.970,3.167,0.000,5.868,42.740,44.0,1028,0
1216.94,balanced#r4,sustained20s,5.967,3.118,0.000,5.868,42.740,44.0,996,0
1217.45,balanced#r4,sustained20s,5.973,3.137,0.000,5.886,42.730,44.0,954,0
1217.97,balanced#r4,sustained20s,5.976,3.033,0.000,5.886,42.730,44.0,945,0
1218.48,balanced#r4,sustained20s,5.963,3.010,0.000,5.886,42.730,44.0,1027,0
1218.99,balanced#r4,sustained20s,5.965,3.060,0.000,5.886,42.730,44.0,1013,0
1219.50,balanced#r4,sustained20s,5.971,3.067,0.000,5.886,42.730,44.0,979,0
1220.00,balanced#r4,sustained20s,5.956,3.014,0.000,5.886,42.730,44.0,1026,0
1220.52,balanced#r4,sustained20s,5.910,3.210,0.000,5.884,42.720,44.0,1277,0
1221.02,balanced#r4,sustained20s,3.094,1.512,0.001,5.884,42.720,44.0,873,0
1221.54,balanced#r4,end,1.566,0.485,0.000,5.884,42.720,43.0,1015,0
1222.04,balanced#r4,end,0.453,0.032,0.001,5.884,42.720,43.0,1007,0
1222.55,balanced#r4,end,0.345,0.011,0.000,5.919,42.720,42.0,647,0
1223.06,balanced#r4,end,0.407,0.027,0.002,5.919,42.720,42.0,950,0
1223.57,balanced#r4,end,0.589,0.021,0.000,5.919,42.720,42.0,802,0
1224.08,balanced#r4,end,0.657,0.029,0.002,5.919,42.720,42.0,646,0
1224.59,balanced#r4,end,0.520,0.019,0.001,5.924,42.710,41.0,760,0
1225.10,balanced#r4,end,1.152,0.410,0.000,5.924,42.710,41.0,538,0
1225.61,balanced#r4,end,0.420,0.016,0.000,5.924,42.710,41.0,1164,0
1226.12,balanced#r4,end,0.548,0.087,0.000,5.924,42.710,41.0,585,0
1226.63,balanced#r4,end,0.421,0.021,0.001,5.921,42.710,41.0,655,0
1227.14,balanced#r4,end,0.646,0.056,0.000,5.921,42.710,41.0,594,0
1227.65,balanced#r4,end,1.071,0.307,0.001,5.921,42.710,41.0,1199,0
1228.15,balanced#r4,end,0.704,0.045,0.000,5.921,42.710,41.0,648,0
1228.66,balanced#r4,end,0.401,0.017,0.000,5.923,42.710,41.0,693,0
1229.17,balanced#r4,end,0.363,0.026,0.000,5.923,42.710,41.0,1021,0
1229.68,balanced#r4,end,0.383,0.016,0.000,5.923,42.710,41.0,882,0
1230.19,balanced#r4,end,0.392,0.018,0.000,5.923,42.710,41.0,1044,0
1230.70,balanced#r4,end,0.389,0.017,0.000,5.923,42.710,41.0,862,0
1231.20,balanced#r4,end,0.547,0.029,0.000,5.923,42.710,41.0,1045,0
1231.71,cool,wait,1.276,0.432,0.000,5.925,42.710,41.0,1035,0
1232.22,cool,wait,0.403,0.047,0.000,5.925,42.710,41.0,809,0
1232.73,cool,wait,0.337,0.014,0.000,5.925,42.710,41.0,651,0
1233.23,cool,wait,0.508,0.023,0.000,5.925,42.710,41.0,781,0
1233.74,cool,wait,0.345,0.012,0.000,5.926,42.700,40.0,653,0
1234.25,cool,wait,0.354,0.016,0.000,5.926,42.700,40.0,771,0
1234.76,cool,wait,0.367,0.010,0.000,5.926,42.700,40.0,660,0
1235.26,cool,wait,0.374,0.021,0.000,5.926,42.700,40.0,750,0
1235.77,cool,wait,0.396,0.022,0.000,5.927,42.700,40.0,559,0
1236.28,cool,wait,0.387,0.017,0.000,5.927,42.700,40.0,678,0
1236.79,cool,wait,0.500,0.014,0.000,5.927,42.700,40.0,720,0
1237.30,cool,wait,0.426,0.026,0.000,5.927,42.700,40.0,914,0
1237.80,cool,wait,1.072,0.325,0.000,5.927,42.700,40.0,844,0
1238.31,cool,wait,0.409,0.022,0.000,5.927,42.700,40.0,878,0
1238.82,cool,wait,0.402,0.018,0.000,5.927,42.700,40.0,975,0
1239.32,cool,wait,0.356,0.025,0.000,5.927,42.700,40.0,708,0
1239.83,cool,wait,0.332,0.014,0.000,5.927,42.700,40.0,608,0
1240.34,cool,wait,1.084,0.270,0.001,5.927,42.700,40.0,793,0
1240.85,cool,wait,0.373,0.010,0.000,5.927,42.700,40.0,650,0
1241.36,cool,wait,0.372,0.024,0.000,5.927,42.700,40.0,630,0
1241.87,cool,wait,0.335,0.011,0.000,5.927,42.700,39.0,701,0
1242.37,cool,wait,0.414,0.016,0.000,5.927,42.700,39.0,644,0
1242.88,cool,wait,0.458,0.026,0.000,5.928,42.700,39.0,694,0
1243.39,cool,wait,1.248,0.421,0.001,5.928,42.700,39.0,672,0
1243.90,balanced#r5,idle,0.668,0.121,0.001,5.928,42.700,40.0,1468,0
1244.40,balanced#r5,idle,0.793,0.232,0.002,5.928,42.700,40.0,579,0
1244.91,balanced#r5,idle,0.651,0.021,0.000,5.921,42.690,39.0,984,0
1245.42,balanced#r5,idle,0.557,0.021,0.001,5.921,42.690,39.0,1045,0
1245.93,balanced#r5,idle,0.647,0.077,0.006,5.921,42.690,39.0,1186,0
1246.44,balanced#r5,idle,0.715,0.071,0.005,5.921,42.690,39.0,746,0
1246.95,balanced#r5,idle,0.548,0.050,0.000,5.923,42.690,39.0,1013,0
1247.45,balanced#r5,idle,0.818,0.196,0.000,5.923,42.690,39.0,1427,0
1247.96,balanced#r5,idle,0.851,0.212,0.000,5.923,42.690,39.0,563,0
1248.47,balanced#r5,idle,0.516,0.058,0.000,5.923,42.690,39.0,788,0
1248.98,balanced#r5,idle,0.421,0.021,0.000,5.925,42.690,39.0,826,0
1249.48,balanced#r5,idle,0.421,0.037,0.000,5.925,42.690,39.0,749,0
1249.99,balanced#r5,idle,0.506,0.060,0.000,5.925,42.690,39.0,581,0
1250.50,balanced#r5,idle,0.403,0.024,0.000,5.925,42.690,39.0,601,0
1251.01,balanced#r5,idle,0.553,0.020,0.000,5.927,42.690,39.0,657,0
1251.51,balanced#r5,idle,0.418,0.028,0.000,5.927,42.690,39.0,978,0
1252.03,balanced#r5,idle,0.520,0.086,0.000,5.927,42.690,39.0,1226,0
1252.53,balanced#r5,idle,1.000,0.289,0.005,5.927,42.690,39.0,831,0
1253.04,balanced#r5,idle,0.377,0.014,0.000,5.927,42.690,39.0,1337,0
1253.55,balanced#r5,idle,1.280,0.448,0.000,5.927,42.690,39.0,1113,0
1254.06,balanced#r5,bursty,1.659,0.797,0.002,5.929,42.680,40.0,588,0
1254.56,balanced#r5,bursty,0.952,0.391,0.000,5.929,42.680,40.0,576,0
1255.07,balanced#r5,bursty,0.809,0.355,0.000,5.929,42.680,39.0,693,0
1255.58,balanced#r5,bursty,0.819,0.360,0.000,5.929,42.680,39.0,689,0
1256.09,balanced#r5,bursty,0.822,0.358,0.000,5.921,42.680,39.0,585,0
1256.59,balanced#r5,bursty,1.025,0.363,0.000,5.921,42.680,39.0,728,0
1257.10,balanced#r5,bursty,0.831,0.357,0.000,5.921,42.680,39.0,581,0
1257.61,balanced#r5,bursty,1.460,0.736,0.000,5.921,42.680,39.0,652,0
1258.12,balanced#r5,bursty,0.842,0.380,0.000,5.924,42.680,39.0,662,0
1258.62,balanced#r5,bursty,0.895,0.369,0.000,5.924,42.680,39.0,576,0
1259.13,balanced#r5,bursty,0.797,0.351,0.000,5.924,42.680,39.0,649,0
1259.64,balanced#r5,bursty,0.800,0.356,0.000,5.924,42.680,39.0,614,0
1260.15,balanced#r5,bursty,0.834,0.362,0.000,5.919,42.670,39.0,721,0
1260.66,balanced#r5,bursty,0.841,0.385,0.000,5.919,42.670,39.0,1250,0
1261.17,balanced#r5,bursty,0.868,0.392,0.000,5.919,42.670,39.0,1425,0
1261.67,balanced#r5,bursty,0.840,0.356,0.000,5.919,42.670,39.0,839,0
1262.18,balanced#r5,bursty,1.101,0.368,0.000,5.915,42.670,39.0,1107,0
1262.69,balanced#r5,bursty,0.891,0.359,0.000,5.915,42.670,39.0,771,0
1263.20,balanced#r5,bursty,1.027,0.476,0.000,5.915,42.670,39.0,560,0
1263.70,balanced#r5,bursty,0.610,0.104,0.003,5.915,42.670,39.0,1213,0
1264.21,balanced#r5,gap,1.646,0.617,0.004,5.915,42.670,39.0,624,0
1264.72,balanced#r5,gap,0.544,0.055,0.004,5.915,42.670,39.0,598,0
1265.23,balanced#r5,gap,0.299,0.009,0.000,5.916,42.670,38.0,655,0
1265.73,balanced#r5,gap,0.386,0.023,0.000,5.916,42.670,38.0,723,0
1266.24,balanced#r5,gap,0.396,0.017,0.002,5.916,42.670,38.0,581,0
1266.75,balanced#r5,gap,1.720,0.906,0.002,5.916,42.670,38.0,1942,0
1267.26,balanced#r5,pdf_render,3.312,2.228,0.002,5.927,42.670,42.0,1339,0
1267.76,balanced#r5,pdf_render,3.536,2.157,0.000,5.927,42.670,42.0,1256,0
1268.27,balanced#r5,pdf_render,2.722,1.797,0.000,5.927,42.670,42.0,1649,0
1268.78,balanced#r5,pdf_render,2.831,1.880,0.000,5.927,42.670,42.0,1239,0
1269.29,balanced#r5,pdf_render,3.032,1.977,0.000,5.910,42.660,42.0,1288,0
1269.79,balanced#r5,pdf_render,3.055,2.007,0.000,5.910,42.660,42.0,1358,0
1270.30,balanced#r5,pdf_render,3.274,2.254,0.000,5.910,42.660,43.0,1433,0
1270.80,balanced#r5,pdf_render,3.015,1.998,0.000,5.910,42.660,43.0,1270,0
1271.31,balanced#r5,pdf_render,2.842,1.892,0.000,5.905,42.660,42.0,1269,0
1271.82,balanced#r5,pdf_render,3.022,2.025,0.000,5.905,42.660,42.0,1380,0
1272.32,balanced#r5,pdf_render,2.942,1.962,0.000,5.905,42.660,42.0,1579,0
1272.83,balanced#r5,pdf_render,3.009,1.989,0.000,5.905,42.660,42.0,1393,0
1273.34,balanced#r5,pdf_render,2.957,1.846,0.000,5.907,42.650,42.0,1230,0
1273.84,balanced#r5,pdf_render,2.875,1.865,0.000,5.907,42.650,42.0,1481,0
1274.36,balanced#r5,pdf_render,2.765,1.828,0.000,5.907,42.650,44.0,1197,0
1274.86,balanced#r5,pdf_render,2.829,1.836,0.000,5.907,42.650,44.0,1235,0
1275.37,balanced#r5,pdf_render,2.731,1.816,0.000,5.907,42.650,43.0,1369,0
1275.88,balanced#r5,pdf_render,2.830,1.881,0.000,5.907,42.650,43.0,1888,0
1276.39,balanced#r5,pdf_render,2.706,1.592,0.001,5.911,42.650,39.0,1030,0
1276.90,balanced#r5,gap,0.851,0.210,0.000,5.911,42.650,39.0,844,0
1277.41,balanced#r5,gap,0.794,0.208,0.003,5.911,42.650,39.0,1474,0
1277.91,balanced#r5,gap,0.974,0.354,0.002,5.911,42.650,39.0,548,0
1278.42,balanced#r5,gap,0.398,0.017,0.002,5.925,42.650,39.0,678,0
1278.93,balanced#r5,gap,0.616,0.028,0.002,5.925,42.650,39.0,841,0
1279.44,balanced#r5,gap,1.045,0.357,0.001,5.925,42.650,39.0,1589,0
1279.94,balanced#r5,office,3.552,1.985,0.000,5.925,42.650,39.0,862,0
1280.45,balanced#r5,office,3.718,2.408,0.000,5.884,42.640,46.0,1254,0
1280.96,balanced#r5,office,4.516,2.784,0.000,5.884,42.640,46.0,1984,0
1281.47,balanced#r5,office,0.968,0.282,0.001,5.884,42.640,39.0,1058,0
1281.97,balanced#r5,gap,0.772,0.214,0.000,5.884,42.640,39.0,1034,0
1282.48,balanced#r5,gap,0.403,0.018,0.000,5.924,42.640,38.0,1099,0
1282.99,balanced#r5,gap,0.385,0.022,0.000,5.924,42.640,38.0,714,0
1283.50,balanced#r5,gap,0.310,0.009,0.000,5.924,42.640,38.0,956,0
1284.00,balanced#r5,gap,0.483,0.053,0.000,5.924,42.640,38.0,1218,0
1284.51,balanced#r5,python,5.169,3.265,0.000,5.906,42.640,48.0,1281,0
1285.03,balanced#r5,python,5.626,3.323,0.000,5.906,42.640,48.0,899,0
1285.54,balanced#r5,python,4.798,1.625,0.001,5.906,42.640,40.0,914,0
1286.04,balanced#r5,gap,1.044,0.366,0.002,5.906,42.640,40.0,743,0
1286.55,balanced#r5,gap,0.590,0.067,0.002,5.906,42.640,39.0,878,0
1287.06,balanced#r5,gap,0.356,0.011,0.000,5.906,42.640,39.0,589,0
1287.57,balanced#r5,gap,1.209,0.403,0.001,5.925,42.630,39.0,1102,0
1288.07,balanced#r5,gap,0.564,0.069,0.000,5.925,42.630,39.0,643,0
1288.58,balanced#r5,gap,0.914,0.209,0.000,5.925,42.630,39.0,1532,0
1289.09,balanced#r5,compress,7.948,4.020,0.000,5.925,42.630,39.0,843,0
1289.60,balanced#r5,compress,5.960,3.018,0.000,5.927,42.630,41.0,922,0
1290.11,balanced#r5,compress,5.965,3.151,0.000,5.927,42.630,41.0,948,0
1290.62,balanced#r5,compress,5.973,3.127,0.000,5.927,42.630,42.0,919,0
1291.13,balanced#r5,compress,5.947,3.102,0.000,5.927,42.630,42.0,1043,0
1291.64,balanced#r5,compress,5.982,3.098,0.000,5.888,42.620,42.0,1027,0
1292.15,balanced#r5,compress,5.981,3.022,0.000,5.888,42.620,42.0,902,0
1292.66,balanced#r5,compress,5.945,3.095,0.000,5.888,42.620,42.0,1036,0
1293.17,balanced#r5,compress,5.978,3.131,0.000,5.888,42.620,42.0,1014,0
1293.68,balanced#r5,compress,5.950,3.114,0.000,5.886,42.620,42.0,1088,0
1294.19,balanced#r5,compress,5.251,2.524,0.000,5.886,42.620,42.0,978,0
1294.70,balanced#r5,compress,5.618,2.317,0.000,5.886,42.620,44.0,2010,0
1295.20,balanced#r5,compress,1.227,0.353,0.000,5.886,42.620,44.0,1068,0
1295.71,balanced#r5,gap,0.755,0.175,0.001,5.918,42.610,39.0,852,0
1296.22,balanced#r5,gap,0.471,0.036,0.001,5.918,42.610,39.0,715,0
1296.73,balanced#r5,gap,0.458,0.030,0.001,5.918,42.610,39.0,654,0
1297.23,balanced#r5,gap,0.496,0.027,0.000,5.918,42.610,39.0,648,0
1297.75,balanced#r5,gap,1.044,0.366,0.000,5.914,42.610,39.0,1330,0
1298.25,balanced#r5,gap,7.074,3.460,0.001,5.914,42.610,39.0,891,0
1298.77,balanced#r5,sustained20s,5.967,3.159,0.002,5.914,42.610,42.0,946,0
1299.27,balanced#r5,sustained20s,5.948,3.165,0.000,5.914,42.610,42.0,1091,0
1299.79,balanced#r5,sustained20s,5.993,3.124,0.000,5.914,42.610,42.0,932,0
1300.29,balanced#r5,sustained20s,5.967,2.941,0.005,5.914,42.610,42.0,941,0
1300.80,balanced#r5,sustained20s,5.984,2.986,0.000,5.886,42.600,42.0,898,0
1301.31,balanced#r5,sustained20s,5.959,3.086,0.000,5.886,42.600,42.0,889,0
1301.82,balanced#r5,sustained20s,5.953,3.086,0.000,5.886,42.600,42.0,966,0
1302.33,balanced#r5,sustained20s,5.966,3.110,0.000,5.886,42.600,42.0,1044,0
1302.84,balanced#r5,sustained20s,5.937,3.129,0.000,5.886,42.600,43.0,1034,0
1303.35,balanced#r5,sustained20s,5.969,3.181,0.000,5.886,42.600,43.0,1033,0
1303.86,balanced#r5,sustained20s,4.938,2.259,0.000,5.886,42.600,46.0,1587,0
1304.37,balanced#r5,sustained20s,7.035,3.379,0.000,5.886,42.600,46.0,943,0
1304.87,balanced#r5,sustained20s,5.965,3.189,0.000,5.904,42.590,43.0,1036,0
1305.38,balanced#r5,sustained20s,5.972,3.209,0.000,5.904,42.590,43.0,937,0
1305.90,balanced#r5,sustained20s,5.972,3.123,0.000,5.904,42.590,43.0,942,0
1306.40,balanced#r5,sustained20s,5.962,3.026,0.000,5.904,42.590,43.0,1027,0
1306.91,balanced#r5,sustained20s,5.982,3.052,0.000,5.882,42.580,43.0,936,0
1307.42,balanced#r5,sustained20s,5.965,3.026,0.000,5.882,42.580,43.0,942,0
1307.94,balanced#r5,sustained20s,5.961,3.093,0.000,5.882,42.580,43.0,1037,0
1308.45,balanced#r5,sustained20s,5.980,3.039,0.000,5.882,42.580,43.0,912,0
1308.96,balanced#r5,sustained20s,5.958,3.096,0.000,5.884,42.570,43.0,1032,0
1309.46,balanced#r5,sustained20s,5.942,3.088,0.000,5.884,42.570,43.0,1055,0
1309.98,balanced#r5,sustained20s,5.765,3.035,0.000,5.884,42.570,43.0,1159,0
1310.48,balanced#r5,sustained20s,6.197,2.998,0.000,5.884,42.570,43.0,1036,0
1310.99,balanced#r5,sustained20s,5.976,3.190,0.000,5.884,42.570,43.0,1038,0
1311.50,balanced#r5,sustained20s,5.972,3.169,0.000,5.884,42.570,43.0,941,0
1312.01,balanced#r5,sustained20s,5.972,3.098,0.000,5.882,42.570,43.0,945,0
1312.52,balanced#r5,sustained20s,5.959,3.119,0.000,5.882,42.570,43.0,967,0
1313.03,balanced#r5,sustained20s,5.980,3.083,0.000,5.882,42.570,43.0,929,0
1313.54,balanced#r5,sustained20s,5.973,3.015,0.000,5.882,42.570,43.0,921,0
1314.05,balanced#r5,sustained20s,5.967,3.049,0.000,5.883,42.560,43.0,945,0
1314.56,balanced#r5,sustained20s,5.957,3.041,0.000,5.883,42.560,43.0,994,0
1315.07,balanced#r5,sustained20s,5.956,3.047,0.000,5.883,42.560,44.0,1012,0
1315.58,balanced#r5,sustained20s,5.813,3.027,0.000,5.883,42.560,44.0,1003,0
1316.09,balanced#r5,sustained20s,5.182,2.446,0.000,5.883,42.560,45.0,1036,0
1316.59,balanced#r5,sustained20s,6.917,3.186,0.000,5.883,42.560,45.0,1050,0
1317.10,balanced#r5,sustained20s,5.978,3.161,0.000,5.883,42.560,44.0,963,0
1317.61,balanced#r5,sustained20s,5.962,3.196,0.000,5.883,42.560,44.0,1033,0
1318.12,balanced#r5,sustained20s,5.986,3.163,0.000,5.879,42.550,44.0,1017,0
1318.62,balanced#r5,sustained20s,5.972,3.077,0.000,5.879,42.550,44.0,898,0
1319.14,balanced#r5,sustained20s,5.950,3.090,0.000,5.879,42.550,44.0,958,0
1319.64,balanced#r5,sustained20s,5.967,3.114,0.000,5.879,42.550,44.0,1002,0
1320.16,balanced#r5,sustained20s,5.948,3.098,0.000,5.880,42.540,44.0,1097,0
1320.66,balanced#r5,sustained20s,5.974,3.155,0.000,5.880,42.540,44.0,1066,0
1321.17,balanced#r5,sustained20s,5.974,3.161,0.000,5.880,42.540,45.0,1116,0
1321.68,balanced#r5,sustained20s,5.966,3.166,0.000,5.880,42.540,45.0,987,0
1322.19,balanced#r5,sustained20s,5.953,3.173,0.000,5.880,42.540,45.0,1101,0
1322.69,balanced#r5,sustained20s,2.543,1.174,0.004,5.880,42.540,45.0,936,0
1323.20,balanced#r5,end,1.160,0.326,0.002,5.880,42.540,42.0,700,0
1323.71,balanced#r5,end,0.487,0.028,0.001,5.880,42.540,42.0,808,0
1324.23,balanced#r5,end,0.301,0.009,0.000,5.880,42.540,42.0,697,0
1324.73,balanced#r5,end,0.411,0.021,0.002,5.880,42.540,42.0,814,0
1325.25,balanced#r5,end,0.512,0.016,0.002,5.918,42.530,42.0,649,0
1325.75,balanced#r5,end,0.467,0.021,0.000,5.918,42.530,42.0,787,0
1326.27,balanced#r5,end,0.383,0.017,0.002,5.918,42.530,41.0,843,0
1326.78,balanced#r5,end,1.496,0.467,0.004,5.918,42.530,41.0,1196,0
1327.29,balanced#r5,end,0.788,0.029,0.003,5.914,42.530,41.0,823,0
1327.80,balanced#r5,end,1.311,0.376,0.000,5.914,42.530,41.0,697,0
1328.31,balanced#r5,end,0.779,0.027,0.003,5.914,42.530,41.0,613,0
1328.82,balanced#r5,end,0.803,0.039,0.001,5.914,42.530,41.0,715,0
1329.33,balanced#r5,end,0.785,0.021,0.000,5.916,42.530,41.0,706,0
1329.84,balanced#r5,end,0.769,0.024,0.000,5.916,42.530,41.0,870,0
1330.35,balanced#r5,end,0.766,0.020,0.000,5.916,42.530,41.0,755,0
1330.86,balanced#r5,end,0.733,0.013,0.000,5.916,42.530,41.0,928,0
1331.37,balanced#r5,end,1.180,0.337,0.000,5.916,42.520,41.0,915,0
1331.88,balanced#r5,end,0.779,0.033,0.003,5.916,42.520,41.0,730,0
1332.39,balanced#r5,end,0.914,0.022,0.003,5.916,42.520,41.0,719,0
1332.90,balanced#r5,end,0.796,0.021,0.003,5.916,42.520,41.0,726,0
1333.42,cool,wait,1.365,0.408,0.000,5.916,42.520,41.0,724,0
1333.92,cool,wait,1.009,0.042,0.000,5.916,42.520,41.0,577,0
1334.43,cool,wait,0.720,0.007,0.000,5.915,42.520,40.0,541,0
1334.94,cool,wait,0.792,0.023,0.000,5.915,42.520,40.0,664,0
1335.45,cool,wait,0.734,0.010,0.000,5.915,42.520,40.0,769,0
1335.95,cool,wait,0.730,0.014,0.000,5.915,42.520,40.0,577,0
1336.46,cool,wait,0.728,0.013,0.000,5.918,42.520,40.0,588,0
1336.97,cool,wait,0.945,0.192,0.000,5.918,42.520,40.0,616,0
1337.48,cool,wait,0.707,0.186,0.000,5.918,42.520,41.0,1052,0
1337.98,cool,wait,0.717,0.181,0.000,5.918,42.520,41.0,652,0
1338.49,cool,wait,0.557,0.046,0.002,5.915,42.520,40.0,675,0
1339.00,cool,wait,0.484,0.021,0.000,5.915,42.520,40.0,700,0
1339.51,cool,wait,0.468,0.011,0.000,5.915,42.520,40.0,637,0
1340.02,cool,wait,0.313,0.013,0.000,5.915,42.520,40.0,726,0
1340.53,cool,wait,0.319,0.008,0.000,5.924,42.510,40.0,780,0
1341.04,cool,wait,0.389,0.020,0.000,5.924,42.510,40.0,566,0
1341.55,cool,wait,0.358,0.016,0.000,5.924,42.510,40.0,658,0
1342.06,cool,wait,0.339,0.013,0.000,5.924,42.510,40.0,1079,0
1342.58,cool,wait,0.377,0.012,0.000,5.924,42.510,40.0,1094,0
1343.08,cool,wait,0.504,0.019,0.000,5.924,42.510,40.0,1064,0
1343.59,cool,wait,0.365,0.013,0.000,5.924,42.510,39.0,1146,0
1344.10,cool,wait,0.346,0.012,0.000,5.924,42.510,39.0,1040,0
1344.62,cool,wait,0.354,0.014,0.000,5.922,42.510,39.0,822,0
1345.12,cool,wait,1.338,0.363,0.005,5.922,42.510,39.0,735,0
1345.64,saver#r5,idle,0.585,0.105,0.003,5.922,42.510,40.0,1267,0
1346.14,saver#r5,idle,0.833,0.248,0.001,5.922,42.510,40.0,908,0
1346.65,saver#r5,idle,0.379,0.018,0.000,5.922,42.510,39.0,561,0
1347.16,saver#r5,idle,0.605,0.028,0.001,5.922,42.510,39.0,635,0
1347.67,saver#r5,idle,1.242,0.345,0.002,5.923,42.510,39.0,936,0
1348.18,saver#r5,idle,0.761,0.071,0.000,5.923,42.510,39.0,685,0
1348.69,saver#r5,idle,0.625,0.019,0.000,5.923,42.510,39.0,726,0
1349.19,saver#r5,idle,0.416,0.024,0.000,5.923,42.510,39.0,588,0
1349.70,saver#r5,idle,0.368,0.017,0.000,5.923,42.500,39.0,814,0
1350.21,saver#r5,idle,0.376,0.020,0.000,5.923,42.500,39.0,671,0
1350.72,saver#r5,idle,0.558,0.025,0.000,5.923,42.500,39.0,569,0
1351.23,saver#r5,idle,0.473,0.022,0.000,5.923,42.500,39.0,663,0
1351.74,saver#r5,idle,0.418,0.024,0.000,5.924,42.500,39.0,632,0
1352.24,saver#r5,idle,0.424,0.022,0.000,5.924,42.500,39.0,551,0
1352.76,saver#r5,idle,0.362,0.013,0.000,5.924,42.500,39.0,935,0
1353.26,saver#r5,idle,0.497,0.018,0.000,5.924,42.500,39.0,713,0
1353.77,saver#r5,idle,0.529,0.016,0.000,5.924,42.500,39.0,1215,0
1354.28,saver#r5,idle,0.364,0.021,0.000,5.924,42.500,39.0,615,0
1354.79,saver#r5,idle,0.434,0.017,0.000,5.924,42.500,39.0,1078,0
1355.29,saver#r5,idle,1.062,0.411,0.000,5.924,42.500,39.0,853,0
1355.80,saver#r5,bursty,1.488,0.725,0.000,5.913,42.500,42.0,684,0
1356.31,saver#r5,bursty,1.124,0.333,0.000,5.913,42.500,42.0,658,0
1356.82,saver#r5,bursty,0.868,0.321,0.000,5.913,42.500,40.0,578,0
1357.33,saver#r5,bursty,0.781,0.331,0.000,5.913,42.500,40.0,668,0
1357.84,saver#r5,bursty,1.474,0.624,0.000,5.913,42.500,39.0,593,0
1358.34,saver#r5,bursty,0.880,0.320,0.000,5.913,42.500,39.0,685,0
1358.85,saver#r5,bursty,0.936,0.305,0.000,5.912,42.490,39.0,882,0
1359.36,saver#r5,bursty,0.797,0.313,0.000,5.912,42.490,39.0,674,0
1359.87,saver#r5,bursty,0.774,0.309,0.000,5.912,42.490,39.0,702,0
1360.37,saver#r5,bursty,0.789,0.315,0.000,5.912,42.490,39.0,585,0
1360.88,saver#r5,bursty,1.169,0.501,0.001,5.922,42.490,39.0,615,0
1361.39,saver#r5,bursty,0.999,0.317,0.000,5.922,42.490,39.0,1202,0
1361.90,saver#r5,bursty,0.791,0.330,0.000,5.922,42.490,39.0,720,0
1362.40,saver#r5,bursty,0.832,0.306,0.000,5.922,42.490,39.0,1031,0
1362.91,saver#r5,bursty,0.839,0.325,0.000,5.916,42.490,39.0,580,0
1363.42,saver#r5,bursty,0.803,0.311,0.000,5.916,42.490,39.0,654,0
1363.93,saver#r5,bursty,0.827,0.328,0.000,5.916,42.490,39.0,774,0
1364.43,saver#r5,bursty,0.941,0.317,0.000,5.916,42.490,39.0,597,0
1364.94,saver#r5,bursty,0.755,0.305,0.000,5.916,42.490,39.0,693,0
1365.45,saver#r5,bursty,0.580,0.082,0.000,5.916,42.490,39.0,1026,0
1365.96,saver#r5,gap,0.910,0.311,0.001,5.916,42.490,39.0,648,0
1366.46,saver#r5,gap,0.516,0.028,0.000,5.916,42.490,39.0,619,0
1366.97,saver#r5,gap,0.394,0.009,0.000,5.924,42.480,39.0,566,0
1367.48,saver#r5,gap,1.009,0.223,0.000,5.924,42.480,39.0,1100,0
1367.99,saver#r5,gap,0.762,0.159,0.001,5.924,42.480,38.0,780,0
1368.49,saver#r5,gap,1.173,0.347,0.000,5.924,42.480,38.0,849,0
1369.00,saver#r5,pdf_render,2.010,0.995,0.000,5.924,42.480,40.0,808,0
1369.51,saver#r5,pdf_render,1.572,0.653,0.000,5.924,42.480,40.0,888,0
1370.01,saver#r5,pdf_render,1.721,0.810,0.000,5.910,42.480,41.0,1259,0
1370.52,saver#r5,pdf_render,1.737,0.793,0.000,5.910,42.480,41.0,700,0
1371.03,saver#r5,pdf_render,1.750,0.821,0.000,5.910,42.480,40.0,1075,0
1371.53,saver#r5,pdf_render,1.819,0.883,0.000,5.910,42.480,40.0,753,0
1372.04,saver#r5,pdf_render,1.680,0.761,0.000,5.915,42.480,41.0,955,0
1372.54,saver#r5,pdf_render,1.892,0.878,0.000,5.915,42.480,41.0,737,0
1373.05,saver#r5,pdf_render,1.723,0.810,0.000,5.915,42.480,40.0,941,0
1373.55,saver#r5,pdf_render,1.858,0.895,0.000,5.915,42.480,40.0,736,0
1374.06,saver#r5,pdf_render,2.018,1.079,0.000,5.914,42.470,41.0,749,0
1374.56,saver#r5,pdf_render,1.806,0.876,0.000,5.914,42.470,41.0,780,0
1375.07,saver#r5,pdf_render,1.796,0.880,0.000,5.914,42.470,40.0,739,0
1375.58,saver#r5,pdf_render,1.850,0.820,0.000,5.914,42.470,40.0,745,0
1376.08,saver#r5,pdf_render,1.709,0.800,0.000,5.912,42.470,40.0,748,0
1376.59,saver#r5,pdf_render,1.936,0.997,0.000,5.912,42.470,40.0,737,0
1377.10,saver#r5,pdf_render,1.686,0.788,0.000,5.912,42.470,40.0,785,0
1377.60,saver#r5,pdf_render,2.243,1.094,0.000,5.912,42.470,40.0,877,0
1378.11,saver#r5,pdf_render,1.979,0.942,0.000,5.912,42.470,41.0,1137,0
1378.61,saver#r5,pdf_render,1.830,0.879,0.000,5.912,42.470,41.0,894,0
1379.12,saver#r5,pdf_render,1.718,0.813,0.000,5.912,42.470,40.0,998,0
1379.62,saver#r5,pdf_render,1.679,0.771,0.000,5.912,42.470,40.0,741,0
1380.13,saver#r5,pdf_render,1.750,0.856,0.000,5.912,42.470,41.0,907,0
1380.63,saver#r5,pdf_render,1.746,0.820,0.000,5.912,42.470,41.0,735,0
1381.14,saver#r5,pdf_render,1.677,0.780,0.000,5.915,42.460,40.0,592,0
1381.65,saver#r5,pdf_render,1.717,0.818,0.000,5.915,42.460,40.0,746,0
1382.15,saver#r5,pdf_render,1.808,0.904,0.000,5.915,42.460,42.0,753,0
1382.66,saver#r5,pdf_render,1.742,0.821,0.000,5.915,42.460,42.0,731,0
1383.16,saver#r5,pdf_render,1.720,0.820,0.000,5.914,42.460,41.0,740,0
1383.67,saver#r5,pdf_render,1.276,0.456,0.002,5.914,42.460,41.0,1225,0
1384.18,saver#r5,gap,0.984,0.325,0.003,5.914,42.460,39.0,887,0
1384.68,saver#r5,gap,0.366,0.017,0.002,5.914,42.460,39.0,585,0
1385.19,saver#r5,gap,0.317,0.011,0.000,5.924,42.460,38.0,661,0
1385.70,saver#r5,gap,0.427,0.021,0.003,5.924,42.460,38.0,1296,0
1386.21,saver#r5,gap,0.559,0.028,0.002,5.924,42.460,38.0,1070,0
1386.71,saver#r5,gap,1.498,0.516,0.000,5.924,42.460,38.0,1550,0
1387.22,saver#r5,office,2.365,1.091,0.000,5.907,42.450,39.0,1242,0
1387.73,saver#r5,office,2.769,1.202,0.000,5.907,42.450,39.0,831,0
1388.23,saver#r5,office,2.270,1.077,0.000,5.907,42.450,41.0,1247,0
1388.74,saver#r5,office,2.213,1.089,0.000,5.907,42.450,41.0,697,0
1389.25,saver#r5,office,1.684,0.499,0.002,5.915,42.450,39.0,682,0
1389.75,saver#r5,gap,0.941,0.310,0.001,5.915,42.450,39.0,531,0
1390.26,saver#r5,gap,0.370,0.027,0.000,5.915,42.450,38.0,542,0
1390.77,saver#r5,gap,0.424,0.025,0.002,5.915,42.450,38.0,975,0
1391.28,saver#r5,gap,0.397,0.024,0.000,5.915,42.450,38.0,480,0
1391.78,saver#r5,gap,0.356,0.017,0.000,5.915,42.450,38.0,615,0
1392.29,saver#r5,gap,1.795,0.873,0.000,5.921,42.450,41.0,865,0
1392.80,saver#r5,python,2.753,1.494,0.000,5.921,42.450,41.0,599,0
1393.31,saver#r5,python,2.903,1.538,0.000,5.921,42.450,42.0,618,0
1393.81,saver#r5,python,2.282,0.903,0.000,5.921,42.450,42.0,495,0
1394.32,saver#r5,python,2.023,0.581,0.000,5.909,42.440,39.0,647,0
1394.83,saver#r5,python,1.931,0.368,0.001,5.909,42.440,39.0,639,0
1395.33,saver#r5,gap,0.964,0.326,0.001,5.909,42.440,39.0,844,0
1395.84,saver#r5,gap,0.369,0.016,0.000,5.909,42.440,39.0,852,0
1396.35,saver#r5,gap,0.442,0.028,0.002,5.920,42.440,38.0,960,0
1396.86,saver#r5,gap,0.515,0.022,0.002,5.920,42.440,38.0,1000,0
1397.37,saver#r5,gap,0.462,0.021,0.001,5.920,42.440,38.0,975,0
1397.87,saver#r5,gap,4.004,1.652,0.002,5.920,42.440,38.0,1676,0
1398.38,saver#r5,compress,6.786,3.647,0.000,5.883,42.440,41.0,945,0
1398.89,saver#r5,compress,5.963,3.158,0.000,5.883,42.440,41.0,942,0
1399.40,saver#r5,compress,5.971,3.110,0.000,5.883,42.440,41.0,943,0
1399.91,saver#r5,compress,5.969,3.081,0.000,5.883,42.440,41.0,919,0
1400.42,saver#r5,compress,5.966,3.124,0.000,5.885,42.430,41.0,906,0
1400.93,saver#r5,compress,5.965,3.032,0.000,5.885,42.430,41.0,937,0
1401.44,saver#r5,compress,5.975,3.008,0.000,5.885,42.430,41.0,930,0
1401.95,saver#r5,compress,5.954,3.044,0.000,5.885,42.430,41.0,965,0
1402.46,saver#r5,compress,5.970,3.014,0.000,5.885,42.430,42.0,1036,0
1402.97,saver#r5,compress,5.796,2.992,0.000,5.885,42.430,42.0,1192,0
1403.48,saver#r5,compress,5.974,3.005,0.000,5.884,42.420,43.0,1120,0
1403.99,saver#r5,compress,2.321,0.892,0.002,5.884,42.420,43.0,1110,0
1404.50,saver#r5,gap,1.043,0.310,0.002,5.884,42.420,39.0,844,0
1405.00,saver#r5,gap,0.362,0.014,0.000,5.884,42.420,39.0,668,0
1405.51,saver#r5,gap,0.567,0.025,0.001,5.921,42.420,39.0,803,0
1406.02,saver#r5,gap,0.306,0.009,0.000,5.921,42.420,39.0,682,0
1406.53,saver#r5,gap,0.361,0.011,0.000,5.921,42.420,39.0,681,0
1407.04,saver#r5,gap,4.622,2.046,0.000,5.921,42.420,39.0,1737,0
1407.56,saver#r5,sustained20s,6.297,3.367,0.000,5.894,42.420,42.0,945,0
1408.07,saver#r5,sustained20s,5.965,3.179,0.000,5.894,42.420,42.0,940,0
1408.58,saver#r5,sustained20s,5.966,3.168,0.000,5.894,42.420,42.0,963,0
1409.08,saver#r5,sustained20s,5.968,3.023,0.000,5.894,42.420,42.0,938,0
1409.60,saver#r5,sustained20s,5.946,3.126,0.000,5.883,42.410,42.0,1022,0
1410.10,saver#r5,sustained20s,5.997,3.086,0.000,5.883,42.410,42.0,943,0
1410.61,saver#r5,sustained20s,5.962,3.016,0.000,5.883,42.410,42.0,1032,0
1411.12,saver#r5,sustained20s,5.968,3.016,0.000,5.883,42.410,42.0,1036,0
1411.63,saver#r5,sustained20s,5.957,3.105,0.000,5.881,42.400,42.0,1004,0
1412.14,saver#r5,sustained20s,5.881,3.117,0.000,5.881,42.400,42.0,984,0
1412.65,saver#r5,sustained20s,5.153,2.362,0.000,5.881,42.400,43.0,908,0
1413.16,saver#r5,sustained20s,3.600,1.421,0.000,5.881,42.400,43.0,2046,0
1413.66,saver#r5,sustained20s,7.818,4.074,0.000,5.881,42.400,42.0,938,0
1414.17,saver#r5,sustained20s,5.947,3.122,0.000,5.881,42.400,42.0,1036,0
1414.68,saver#r5,sustained20s,5.957,3.248,0.000,5.875,42.400,43.0,1063,0
1415.19,saver#r5,sustained20s,5.989,3.122,0.000,5.875,42.400,43.0,1031,0
1415.70,saver#r5,sustained20s,5.956,3.178,0.000,5.875,42.400,43.0,1079,0
1416.21,saver#r5,sustained20s,5.992,3.039,0.000,5.875,42.400,43.0,940,0
1416.72,saver#r5,sustained20s,5.961,2.962,0.000,5.880,42.390,43.0,931,0
1417.23,saver#r5,sustained20s,5.973,3.064,0.000,5.880,42.390,43.0,933,0
1417.74,saver#r5,sustained20s,5.963,3.067,0.000,5.880,42.390,43.0,1041,0
1418.25,saver#r5,sustained20s,5.938,3.133,0.000,5.880,42.390,43.0,1119,0
1418.76,saver#r5,sustained20s,5.239,2.576,0.000,5.879,42.390,42.0,1389,0
1419.27,saver#r5,sustained20s,4.935,1.994,0.000,5.879,42.390,42.0,1401,0
1419.77,saver#r5,sustained20s,7.793,3.875,0.000,5.879,42.390,43.0,839,0
1420.28,saver#r5,sustained20s,5.950,3.063,0.000,5.879,42.390,43.0,910,0
1420.79,saver#r5,sustained20s,5.960,3.185,0.000,5.880,42.380,43.0,1037,0
1421.30,saver#r5,sustained20s,5.972,3.134,0.000,5.880,42.380,43.0,1035,0
1421.81,saver#r5,sustained20s,5.978,3.126,0.000,5.880,42.380,43.0,925,0
1422.32,saver#r5,sustained20s,5.965,3.035,0.000,5.880,42.380,43.0,919,0
1422.84,saver#r5,sustained20s,5.973,3.017,0.003,5.875,42.370,43.0,926,0
1423.35,saver#r5,sustained20s,5.978,3.083,0.000,5.875,42.370,43.0,926,0
1423.86,saver#r5,sustained20s,5.949,3.087,0.000,5.875,42.370,43.0,1036,0
1424.37,saver#r5,sustained20s,5.947,3.152,0.000,5.875,42.370,43.0,950,0
1424.88,saver#r5,sustained20s,5.817,2.983,0.000,5.875,42.370,43.0,1177,0
1425.39,saver#r5,sustained20s,3.985,1.628,0.000,5.875,42.370,43.0,936,0
1425.90,saver#r5,sustained20s,6.626,3.119,0.000,5.877,42.370,44.0,1074,0
1426.41,saver#r5,sustained20s,5.997,3.111,0.000,5.877,42.370,44.0,937,0
1426.92,saver#r5,sustained20s,5.956,3.195,0.000,5.877,42.370,44.0,1024,0
1427.43,saver#r5,sustained20s,5.989,3.127,0.000,5.877,42.370,44.0,945,0
1427.94,saver#r5,sustained20s,5.963,3.096,0.000,5.877,42.360,43.0,935,0
1428.45,saver#r5,sustained20s,5.978,3.077,0.000,5.877,42.360,43.0,940,0
1428.96,saver#r5,sustained20s,5.967,3.040,0.000,5.877,42.360,44.0,941,0
1429.46,saver#r5,sustained20s,5.969,3.039,0.000,5.877,42.360,44.0,923,0
1429.98,saver#r5,sustained20s,5.951,3.060,0.000,5.877,42.350,44.0,1028,0
1430.48,saver#r5,sustained20s,5.956,3.141,0.000,5.877,42.350,44.0,1012,0
1431.00,saver#r5,sustained20s,5.961,3.162,0.000,5.877,42.350,44.0,1109,0
1431.50,saver#r5,sustained20s,5.026,2.391,0.000,5.877,42.350,44.0,840,0
1432.01,saver#r5,sustained20s,2.091,0.713,0.002,5.881,42.340,42.0,735,0
1432.52,saver#r5,end,1.242,0.289,0.003,5.881,42.340,42.0,1085,0
1433.03,saver#r5,end,0.487,0.046,0.000,5.881,42.340,41.0,825,0
1433.54,saver#r5,end,0.600,0.065,0.001,5.881,42.340,41.0,1025,0
1434.05,saver#r5,end,0.450,0.029,0.001,5.913,42.340,41.0,672,0
1434.56,saver#r5,end,0.560,0.030,0.002,5.913,42.340,41.0,663,0
1435.07,saver#r5,end,0.440,0.032,0.002,5.913,42.340,41.0,744,0
1435.58,saver#r5,end,0.355,0.022,0.000,5.913,42.340,41.0,637,0
1436.09,saver#r5,end,1.059,0.339,0.000,5.913,42.340,41.0,665,0
1436.60,saver#r5,end,0.405,0.025,0.000,5.913,42.340,41.0,1035,0
1437.11,saver#r5,end,0.518,0.055,0.000,5.912,42.340,41.0,656,0
1437.62,saver#r5,end,1.110,0.369,0.000,5.912,42.340,41.0,752,0
1438.13,saver#r5,end,0.617,0.041,0.000,5.912,42.340,40.0,654,0
1438.64,saver#r5,end,0.414,0.021,0.000,5.912,42.340,40.0,663,0
1439.15,saver#r5,end,0.530,0.034,0.000,5.915,42.340,41.0,1049,0
1439.66,saver#r5,end,0.377,0.017,0.000,5.915,42.340,41.0,862,0
1440.17,saver#r5,end,0.520,0.056,0.000,5.915,42.340,40.0,956,0
1440.68,saver#r5,end,0.370,0.018,0.000,5.915,42.340,40.0,1018,0
1441.19,saver#r5,end,0.656,0.060,0.000,5.916,42.340,40.0,950,0
1441.70,saver#r5,end,0.560,0.024,0.000,5.916,42.340,40.0,644,0
1442.21,saver#r5,end,0.400,0.032,0.000,5.916,42.340,40.0,836,0
1442.72,cool,wait,1.408,0.495,0.000,5.916,42.340,40.0,893,0
1443.23,cool,wait,0.660,0.060,0.000,5.915,42.330,40.0,893,0
1443.74,cool,wait,0.471,0.019,0.000,5.915,42.330,40.0,832,0
1444.25,cool,wait,0.412,0.043,0.000,5.915,42.330,40.0,777,0
1444.76,cool,wait,0.595,0.028,0.000,5.915,42.330,40.0,947,0
1445.28,cool,wait,0.343,0.017,0.000,5.916,42.330,40.0,1082,0
1445.78,cool,wait,0.342,0.019,0.000,5.916,42.330,40.0,882,0
1446.30,cool,wait,0.363,0.013,0.000,5.916,42.330,40.0,651,0
1446.80,cool,wait,0.436,0.027,0.000,5.916,42.330,40.0,669,0
1447.32,cool,wait,0.363,0.021,0.000,5.919,42.330,40.0,665,0
1447.83,cool,wait,1.010,0.340,0.000,5.919,42.330,40.0,650,0
1448.34,cool,wait,0.490,0.015,0.000,5.919,42.330,40.0,721,0
1448.85,cool,wait,0.337,0.014,0.000,5.919,42.330,40.0,657,0
1449.36,cool,wait,0.318,0.007,0.000,5.919,42.330,40.0,1081,0
1449.87,cool,wait,0.326,0.014,0.000,5.919,42.330,40.0,649,0
1450.38,cool,wait,0.598,0.016,0.000,5.921,42.330,40.0,812,0
1450.89,cool,wait,0.350,0.014,0.000,5.921,42.330,40.0,786,0
1451.40,cool,wait,0.297,0.006,0.000,5.921,42.330,39.0,694,0
1451.91,cool,wait,0.328,0.015,0.000,5.921,42.330,39.0,612,0
1452.42,cool,wait,1.283,0.501,0.001,5.918,42.320,39.0,662,0
1452.93,saver+bp#r5,idle,1.086,0.309,0.002,5.918,42.320,39.0,764,0
1453.44,saver+bp#r5,idle,0.433,0.032,0.001,5.918,42.320,39.0,893,0
1453.95,saver+bp#r5,idle,0.584,0.035,0.002,5.918,42.320,39.0,832,0
1454.46,saver+bp#r5,idle,0.376,0.011,0.002,5.912,42.320,39.0,983,0
1454.97,saver+bp#r5,idle,0.431,0.017,0.000,5.912,42.320,39.0,1248,0
1455.48,saver+bp#r5,idle,0.410,0.019,0.000,5.912,42.320,39.0,759,0
1455.99,saver+bp#r5,idle,0.497,0.017,0.000,5.912,42.320,39.0,639,0
1456.50,saver+bp#r5,idle,0.431,0.014,0.000,5.920,42.320,39.0,921,0
1457.01,saver+bp#r5,idle,0.342,0.015,0.000,5.920,42.320,39.0,681,0
1457.52,saver+bp#r5,idle,0.954,0.325,0.000,5.920,42.320,40.0,1418,0
1458.03,saver+bp#r5,idle,0.467,0.060,0.000,5.920,42.320,40.0,696,0
1458.54,saver+bp#r5,idle,0.461,0.031,0.000,5.920,42.320,39.0,1164,0
1459.05,saver+bp#r5,idle,0.370,0.016,0.000,5.920,42.320,39.0,969,0
1459.56,saver+bp#r5,idle,0.357,0.016,0.000,5.920,42.320,39.0,694,0
1460.07,saver+bp#r5,idle,0.380,0.016,0.000,5.920,42.320,39.0,966,0
1460.58,saver+bp#r5,idle,0.383,0.015,0.000,5.920,42.320,39.0,681,0
1461.09,saver+bp#r5,idle,0.346,0.015,0.000,5.920,42.320,39.0,939,0
1461.60,saver+bp#r5,idle,0.468,0.014,0.000,5.921,42.310,39.0,859,0
1462.11,saver+bp#r5,idle,0.347,0.016,0.000,5.921,42.310,39.0,1214,0
1462.62,saver+bp#r5,idle,1.113,0.521,0.000,5.921,42.310,39.0,830,0
1463.13,saver+bp#r5,bursty,1.373,0.743,0.000,5.921,42.310,39.0,885,0
1463.64,saver+bp#r5,bursty,0.927,0.358,0.000,5.918,42.310,39.0,861,0
1464.15,saver+bp#r5,bursty,0.865,0.378,0.000,5.918,42.310,39.0,646,0
1464.67,saver+bp#r5,bursty,0.814,0.353,0.000,5.918,42.310,39.0,693,0
1465.17,saver+bp#r5,bursty,0.787,0.353,0.000,5.918,42.310,39.0,605,0
1465.69,saver+bp#r5,bursty,0.827,0.357,0.000,5.918,42.310,39.0,786,0
1466.19,saver+bp#r5,bursty,0.806,0.355,0.000,5.918,42.310,39.0,682,0
1466.71,saver+bp#r5,bursty,0.839,0.356,0.000,5.918,42.310,39.0,741,0
1467.22,saver+bp#r5,bursty,0.985,0.344,0.000,5.918,42.310,39.0,682,0
1467.73,saver+bp#r5,bursty,1.557,0.745,0.000,5.919,42.310,39.0,693,0
1468.24,saver+bp#r5,bursty,0.805,0.355,0.000,5.919,42.310,39.0,846,0
1468.75,saver+bp#r5,bursty,0.973,0.385,0.000,5.919,42.310,38.0,1171,0
1469.26,saver+bp#r5,bursty,0.895,0.370,0.000,5.919,42.310,38.0,682,0
1469.77,saver+bp#r5,bursty,0.827,0.361,0.000,5.914,42.300,39.0,688,0
1470.28,saver+bp#r5,bursty,0.817,0.358,0.000,5.914,42.300,39.0,637,0
1470.79,saver+bp#r5,bursty,0.866,0.365,0.000,5.914,42.300,39.0,720,0
1471.30,saver+bp#r5,bursty,0.792,0.356,0.000,5.914,42.300,39.0,638,0
1471.81,saver+bp#r5,bursty,0.819,0.366,0.000,5.920,42.300,39.0,776,0
1472.32,saver+bp#r5,bursty,0.813,0.374,0.000,5.920,42.300,39.0,1114,0
1472.83,saver+bp#r5,bursty,0.956,0.270,0.001,5.920,42.300,38.0,1208,0
1473.36,saver+bp#r5,gap,0.727,0.216,0.002,5.920,42.300,38.0,698,0
1473.87,saver+bp#r5,gap,0.497,0.030,0.000,5.920,42.300,38.0,681,0
1474.38,saver+bp#r5,gap,0.405,0.018,0.002,5.920,42.300,38.0,654,0
1474.89,saver+bp#r5,gap,0.351,0.015,0.000,5.920,42.300,38.0,663,0
1475.39,saver+bp#r5,gap,0.770,0.069,0.000,5.920,42.300,38.0,995,0
1475.91,saver+bp#r5,pdf_render,2.559,1.570,0.000,5.920,42.300,42.0,1516,0
1476.42,saver+bp#r5,pdf_render,3.357,2.237,0.000,5.920,42.300,42.0,1773,0
1476.92,saver+bp#r5,pdf_render,2.727,1.792,0.000,5.903,42.290,42.0,1281,0
1477.43,saver+bp#r5,pdf_render,3.003,1.951,0.000,5.903,42.290,42.0,2375,0
1477.94,saver+bp#r5,pdf_render,3.509,2.219,0.000,5.903,42.290,42.0,1211,0
1478.44,saver+bp#r5,pdf_render,2.800,1.849,0.000,5.903,42.290,42.0,1762,0
1478.95,saver+bp#r5,pdf_render,3.100,2.125,0.000,5.905,42.290,48.0,1743,0
1479.46,saver+bp#r5,pdf_render,2.960,1.979,0.000,5.905,42.290,48.0,1206,0
1479.97,saver+bp#r5,pdf_render,2.938,1.995,0.000,5.905,42.290,43.0,1219,0
1480.48,saver+bp#r5,pdf_render,2.689,1.752,0.000,5.905,42.290,43.0,1217,0
1480.99,saver+bp#r5,pdf_render,2.957,2.022,0.000,5.904,42.290,42.0,1216,0
1481.50,saver+bp#r5,pdf_render,2.898,1.935,0.000,5.904,42.290,42.0,1185,0
1482.01,saver+bp#r5,pdf_render,2.835,1.905,0.000,5.904,42.290,42.0,1235,0
1482.52,saver+bp#r5,pdf_render,3.146,2.034,0.001,5.904,42.290,42.0,1818,0
1483.03,saver+bp#r5,pdf_render,2.906,1.933,0.000,5.900,42.280,43.0,1189,0
1483.53,saver+bp#r5,pdf_render,2.928,1.853,0.000,5.900,42.280,43.0,1220,0
1484.04,saver+bp#r5,pdf_render,2.713,1.780,0.000,5.900,42.280,42.0,1216,0
1484.55,saver+bp#r5,pdf_render,2.794,1.870,0.000,5.900,42.280,42.0,1214,0
1485.06,saver+bp#r5,pdf_render,2.840,1.927,0.000,5.900,42.280,43.0,1211,0
1485.57,saver+bp#r5,pdf_render,1.609,0.775,0.000,5.900,42.280,43.0,748,0
1486.08,saver+bp#r5,gap,0.727,0.214,0.001,5.903,42.280,39.0,709,0
1486.59,saver+bp#r5,gap,0.554,0.041,0.000,5.903,42.280,39.0,804,0
1487.10,saver+bp#r5,gap,0.373,0.018,0.000,5.903,42.280,38.0,913,0
1487.61,saver+bp#r5,gap,0.976,0.285,0.000,5.903,42.280,38.0,1360,0
1488.12,saver+bp#r5,gap,0.346,0.019,0.000,5.921,42.270,38.0,697,0
1488.63,saver+bp#r5,gap,2.231,0.846,0.000,5.921,42.270,38.0,1032,0
1489.14,saver+bp#r5,office,2.694,1.224,0.000,5.921,42.270,41.0,637,0
1489.64,saver+bp#r5,office,4.113,2.705,0.000,5.921,42.270,41.0,730,0
1490.15,saver+bp#r5,office,3.488,2.072,0.002,5.900,42.270,39.0,1104,0
1490.65,saver+bp#r5,gap,1.205,0.428,0.001,5.900,42.270,39.0,744,0
1491.16,saver+bp#r5,gap,0.384,0.022,0.000,5.900,42.270,38.0,996,0
1491.67,saver+bp#r5,gap,0.526,0.030,0.002,5.900,42.270,38.0,916,0
1492.18,saver+bp#r5,gap,0.454,0.019,0.002,5.918,42.270,38.0,667,0
1492.69,saver+bp#r5,gap,0.382,0.019,0.001,5.918,42.270,38.0,798,0
1493.20,saver+bp#r5,gap,0.926,0.240,0.001,5.918,42.270,40.0,908,0
1493.70,saver+bp#r5,python,5.786,3.717,0.000,5.918,42.270,40.0,1114,0
1494.21,saver+bp#r5,python,5.264,2.889,0.000,5.889,42.260,43.0,957,0
1494.71,saver+bp#r5,python,4.360,1.517,0.001,5.889,42.260,43.0,817,0
1495.22,saver+bp#r5,gap,1.150,0.415,0.000,5.889,42.260,39.0,803,0
1495.72,saver+bp#r5,gap,0.401,0.028,0.001,5.889,42.260,39.0,1046,0
1496.23,saver+bp#r5,gap,0.369,0.014,0.002,5.889,42.260,38.0,953,0
1496.74,saver+bp#r5,gap,0.367,0.015,0.000,5.889,42.260,38.0,567,0
1497.25,saver+bp#r5,gap,0.336,0.011,0.000,5.921,42.260,38.0,1193,0
1497.75,saver+bp#r5,gap,2.849,1.097,0.000,5.921,42.260,38.0,1843,0
1498.26,saver+bp#r5,compress,7.349,3.934,0.000,5.921,42.260,41.0,913,0
1498.77,saver+bp#r5,compress,5.957,3.141,0.000,5.921,42.260,41.0,954,0
1499.28,saver+bp#r5,compress,5.969,3.130,0.000,5.881,42.260,41.0,963,0
1499.79,saver+bp#r5,compress,5.968,3.090,0.000,5.881,42.260,41.0,939,0
1500.30,saver+bp#r5,compress,5.967,3.106,0.000,5.881,42.260,42.0,1041,0
1500.81,saver+bp#r5,compress,5.963,3.120,0.000,5.881,42.260,42.0,1011,0
1501.31,saver+bp#r5,compress,5.974,3.044,0.000,5.879,42.250,42.0,1049,0
1501.83,saver+bp#r5,compress,5.965,3.134,0.000,5.879,42.250,42.0,972,0
1502.34,saver+bp#r5,compress,5.958,3.126,0.000,5.879,42.250,42.0,1023,0
1502.84,saver+bp#r5,compress,5.960,3.135,0.000,5.879,42.250,42.0,1082,0
1503.35,saver+bp#r5,compress,5.827,2.991,0.000,5.880,42.250,42.0,1014,0
1503.86,saver+bp#r5,compress,3.538,1.410,0.001,5.880,42.250,42.0,1052,0
1504.37,saver+bp#r5,gap,0.866,0.229,0.001,5.880,42.250,40.0,1331,0
1504.87,saver+bp#r5,gap,0.612,0.107,0.000,5.880,42.250,40.0,1052,0
1505.38,saver+bp#r5,gap,0.623,0.028,0.000,5.914,42.240,39.0,952,0
1505.89,saver+bp#r5,gap,0.366,0.018,0.001,5.914,42.240,39.0,758,0
1506.40,saver+bp#r5,gap,0.822,0.025,0.000,5.914,42.240,39.0,1054,0
1506.91,saver+bp#r5,gap,2.031,0.704,0.000,5.914,42.240,39.0,1739,0
1507.42,saver+bp#r5,sustained20s,7.451,3.891,0.000,5.914,42.240,42.0,938,0
1507.93,saver+bp#r5,sustained20s,5.948,3.185,0.000,5.914,42.240,42.0,1037,0
1508.44,saver+bp#r5,sustained20s,5.965,3.132,0.000,5.875,42.240,42.0,1019,0
1508.95,saver+bp#r5,sustained20s,5.979,2.968,0.000,5.875,42.240,42.0,901,0
1509.46,saver+bp#r5,sustained20s,5.964,3.117,0.000,5.875,42.240,42.0,1034,0
1509.97,saver+bp#r5,sustained20s,5.971,3.106,0.000,5.875,42.240,42.0,1045,0
1510.48,saver+bp#r5,sustained20s,5.965,3.097,0.000,5.878,42.230,42.0,1031,0
1510.99,saver+bp#r5,sustained20s,5.975,3.065,0.000,5.878,42.230,42.0,936,0
1511.50,saver+bp#r5,sustained20s,5.951,3.099,0.000,5.878,42.230,43.0,974,0
1512.00,saver+bp#r5,sustained20s,5.954,3.154,0.000,5.878,42.230,43.0,1016,0
1512.52,saver+bp#r5,sustained20s,5.738,3.037,0.000,5.878,42.220,42.0,1038,0
1513.02,saver+bp#r5,sustained20s,4.938,2.018,0.000,5.878,42.220,42.0,1273,0
1513.53,saver+bp#r5,sustained20s,7.289,3.766,0.000,5.878,42.220,42.0,896,0
1514.04,saver+bp#r5,sustained20s,5.953,3.059,0.000,5.878,42.220,42.0,920,0
1514.55,saver+bp#r5,sustained20s,5.968,3.209,0.000,5.877,42.220,42.0,932,0
1515.06,saver+bp#r5,sustained20s,5.969,3.134,0.000,5.877,42.220,42.0,937,0
1515.57,saver+bp#r5,sustained20s,5.949,3.089,0.000,5.877,42.220,43.0,1019,0
1516.08,saver+bp#r5,sustained20s,5.971,3.188,0.000,5.877,42.220,43.0,1025,0
1516.59,saver+bp#r5,sustained20s,5.999,3.051,0.000,5.876,42.210,43.0,945,0
1517.10,saver+bp#r5,sustained20s,5.939,3.054,0.000,5.876,42.210,43.0,1082,0
1517.61,saver+bp#r5,sustained20s,5.983,3.134,0.000,5.876,42.210,43.0,1044,0
1518.12,saver+bp#r5,sustained20s,5.929,3.164,0.000,5.876,42.210,43.0,1022,0
1518.63,saver+bp#r5,sustained20s,5.977,3.088,0.000,5.876,42.210,43.0,1097,0
1519.13,saver+bp#r5,sustained20s,4.292,1.992,0.000,5.876,42.210,43.0,1519,0
1519.64,saver+bp#r5,sustained20s,7.709,3.868,0.000,5.873,42.200,43.0,942,0
1520.15,saver+bp#r5,sustained20s,5.947,3.111,0.000,5.873,42.200,43.0,952,0
1520.66,saver+bp#r5,sustained20s,5.979,3.152,0.000,5.873,42.200,43.0,950,0
1521.17,saver+bp#r5,sustained20s,5.966,3.087,0.000,5.873,42.200,43.0,896,0
1521.68,saver+bp#r5,sustained20s,5.970,3.097,0.000,5.874,42.200,43.0,923,0
1522.19,saver+bp#r5,sustained20s,5.968,3.138,0.000,5.874,42.200,43.0,924,0
1522.70,saver+bp#r5,sustained20s,5.975,3.089,0.000,5.874,42.200,43.0,928,0
1523.21,saver+bp#r5,sustained20s,5.939,3.139,0.000,5.874,42.200,43.0,1064,0
1523.72,saver+bp#r5,sustained20s,5.960,3.126,0.000,5.876,42.190,44.0,998,0
1524.23,saver+bp#r5,sustained20s,5.978,3.026,0.000,5.876,42.190,44.0,1024,0
1524.73,saver+bp#r5,sustained20s,5.835,3.077,0.000,5.876,42.190,44.0,992,0
1525.24,saver+bp#r5,sustained20s,4.744,2.031,0.000,5.876,42.190,44.0,1930,0
1525.75,saver+bp#r5,sustained20s,7.371,3.799,0.000,5.886,42.180,44.0,903,0
1526.26,saver+bp#r5,sustained20s,5.944,3.146,0.000,5.886,42.180,44.0,1016,0
1526.77,saver+bp#r5,sustained20s,5.968,3.191,0.000,5.886,42.180,44.0,1034,0
1527.28,saver+bp#r5,sustained20s,5.986,3.108,0.000,5.886,42.180,44.0,888,0
1527.79,saver+bp#r5,sustained20s,5.963,3.110,0.000,5.875,42.180,44.0,935,0
1528.29,saver+bp#r5,sustained20s,5.969,3.062,0.000,5.875,42.180,44.0,932,0
1528.80,saver+bp#r5,sustained20s,5.966,3.071,0.000,5.875,42.180,44.0,934,0
1529.31,saver+bp#r5,sustained20s,5.974,3.046,0.000,5.875,42.180,44.0,927,0
1529.82,saver+bp#r5,sustained20s,5.960,3.049,0.000,5.875,42.180,44.0,967,0
1530.33,saver+bp#r5,sustained20s,5.938,3.147,0.000,5.875,42.180,44.0,1053,0
1530.84,saver+bp#r5,sustained20s,5.831,2.971,0.000,5.871,42.170,45.0,1010,0
1531.35,saver+bp#r5,sustained20s,4.751,2.105,0.000,5.871,42.170,45.0,1752,0
1531.86,saver+bp#r5,sustained20s,0.493,0.057,0.002,5.871,42.170,42.0,1102,0
1532.36,saver+bp#r5,end,0.982,0.272,0.002,5.871,42.170,42.0,679,0
1532.87,saver+bp#r5,end,0.380,0.020,0.001,5.909,42.170,42.0,713,0
1533.38,saver+bp#r5,end,0.637,0.038,0.002,5.909,42.170,42.0,645,0
1533.89,saver+bp#r5,end,0.472,0.022,0.000,5.909,42.170,41.0,642,0
1534.40,saver+bp#r5,end,0.889,0.057,0.000,5.909,42.170,41.0,730,0
1534.91,saver+bp#r5,end,0.346,0.009,0.000,5.908,42.160,41.0,666,0
1535.42,saver+bp#r5,end,0.942,0.129,0.001,5.908,42.160,41.0,887,0
1535.94,saver+bp#r5,end,0.972,0.387,0.000,5.908,42.160,41.0,684,0
1536.44,saver+bp#r5,end,0.637,0.041,0.002,5.908,42.160,41.0,1111,0
1536.95,saver+bp#r5,end,0.388,0.027,0.000,5.912,42.160,41.0,737,0
1537.46,saver+bp#r5,end,1.124,0.190,0.000,5.912,42.160,41.0,1163,0
1537.97,saver+bp#r5,end,0.708,0.202,0.002,5.912,42.160,41.0,1082,0
1538.48,saver+bp#r5,end,1.106,0.195,0.000,5.912,42.160,41.0,728,0
1538.99,saver+bp#r5,end,0.325,0.015,0.000,5.909,42.160,41.0,964,0
1539.50,saver+bp#r5,end,0.589,0.030,0.000,5.909,42.160,41.0,848,0
1540.01,saver+bp#r5,end,0.619,0.037,0.000,5.909,42.160,41.0,720,0
1540.52,saver+bp#r5,end,0.637,0.020,0.000,5.909,42.160,41.0,899,0
1541.03,saver+bp#r5,end,0.542,0.041,0.000,5.913,42.150,41.0,816,0
1541.54,saver+bp#r5,end,0.400,0.015,0.000,5.913,42.150,41.0,984,0
1542.05,saver+bp#r5,end,0.860,0.182,0.000,5.913,42.150,40.0,1095,0
1542.56,cool,wait,0.882,0.204,0.000,5.913,42.150,40.0,1376,0
1543.07,cool,wait,1.055,0.218,0.000,5.913,42.150,40.0,579,0
1543.57,cool,wait,0.366,0.020,0.000,5.913,42.150,40.0,876,0
1544.08,cool,wait,0.477,0.054,0.000,5.913,42.150,40.0,609,0
1544.59,cool,wait,0.336,0.017,0.000,5.913,42.150,40.0,596,0
1545.10,cool,wait,0.356,0.029,0.000,5.913,42.150,40.0,622,0
1545.60,cool,wait,0.399,0.027,0.000,5.913,42.150,40.0,761,0
1546.11,cool,wait,0.358,0.024,0.000,5.915,42.150,40.0,756,0
1546.62,cool,wait,0.465,0.015,0.000,5.915,42.150,40.0,560,0
1547.13,cool,wait,0.407,0.044,0.000,5.915,42.150,40.0,538,0
1547.63,cool,wait,1.126,0.394,0.000,5.915,42.150,40.0,719,0
1548.14,cool,wait,0.391,0.025,0.000,5.905,42.150,40.0,1132,0
1548.65,cool,wait,0.376,0.014,0.000,5.905,42.150,40.0,648,0
1549.16,cool,wait,0.556,0.063,0.000,5.905,42.150,40.0,946,0
1549.66,cool,wait,0.357,0.019,0.000,5.905,42.150,40.0,613,0
1550.17,cool,wait,0.435,0.039,0.000,5.915,42.150,40.0,554,0
1550.68,cool,wait,0.410,0.017,0.000,5.915,42.150,40.0,650,0
1551.19,cool,wait,0.409,0.030,0.000,5.915,42.150,39.0,645,0
1551.70,cool,wait,0.809,0.126,0.000,5.915,42.150,39.0,1045,0
1552.21,cool,wait,1.108,0.388,0.003,5.912,42.140,40.0,608,0
1552.71,saver+bp#r6,idle,1.003,0.360,0.001,5.912,42.140,40.0,589,0
1553.22,saver+bp#r6,idle,0.406,0.031,0.001,5.912,42.140,39.0,632,0
1553.73,saver+bp#r6,idle,0.520,0.065,0.004,5.912,42.140,39.0,646,0
1554.24,saver+bp#r6,idle,0.397,0.019,0.001,5.912,42.140,39.0,653,0
1554.74,saver+bp#r6,idle,0.452,0.032,0.001,5.912,42.140,39.0,659,0
1555.25,saver+bp#r6,idle,0.380,0.020,0.000,5.917,42.140,39.0,783,0
1555.76,saver+bp#r6,idle,0.361,0.019,0.000,5.917,42.140,39.0,775,0
1556.27,saver+bp#r6,idle,0.552,0.021,0.000,5.917,42.140,39.0,1128,0
1556.78,saver+bp#r6,idle,0.414,0.021,0.000,5.917,42.140,39.0,702,0
1557.29,saver+bp#r6,idle,0.325,0.016,0.000,5.915,42.140,39.0,1366,0
1557.79,saver+bp#r6,idle,1.141,0.378,0.000,5.915,42.140,39.0,1074,0
1558.30,saver+bp#r6,idle,0.348,0.016,0.000,5.915,42.140,39.0,687,0
1558.81,saver+bp#r6,idle,0.343,0.015,0.000,5.915,42.140,39.0,532,0
1559.32,saver+bp#r6,idle,0.411,0.024,0.000,5.918,42.140,39.0,575,0
1559.82,saver+bp#r6,idle,0.625,0.021,0.000,5.918,42.140,39.0,570,0
1560.33,saver+bp#r6,idle,0.424,0.015,0.000,5.918,42.140,39.0,592,0
1560.84,saver+bp#r6,idle,0.386,0.017,0.000,5.918,42.140,39.0,666,0
1561.35,saver+bp#r6,idle,0.414,0.025,0.000,5.918,42.130,39.0,652,0
1561.86,saver+bp#r6,idle,0.402,0.045,0.000,5.918,42.130,39.0,1436,0
1562.37,saver+bp#r6,idle,1.517,0.685,0.000,5.918,42.130,39.0,894,0
1562.87,saver+bp#r6,bursty,1.104,0.561,0.000,5.918,42.130,39.0,768,0
1563.38,saver+bp#r6,bursty,0.876,0.348,0.000,5.916,42.130,39.0,617,0
1563.89,saver+bp#r6,bursty,0.901,0.388,0.000,5.916,42.130,39.0,1066,0
1564.40,saver+bp#r6,bursty,0.803,0.362,0.000,5.916,42.130,39.0,994,0
1564.90,saver+bp#r6,bursty,0.807,0.372,0.000,5.916,42.130,39.0,763,0
1565.41,saver+bp#r6,bursty,0.796,0.359,0.000,5.916,42.130,39.0,1332,0
1565.92,saver+bp#r6,bursty,1.051,0.387,0.000,5.916,42.130,39.0,785,0
1566.43,saver+bp#r6,bursty,0.965,0.382,0.000,5.918,42.130,39.0,1204,0
1566.93,saver+bp#r6,bursty,0.919,0.409,0.000,5.918,42.130,39.0,812,0
1567.44,saver+bp#r6,bursty,0.947,0.454,0.000,5.918,42.130,40.0,1612,0
1567.95,saver+bp#r6,bursty,1.270,0.645,0.000,5.918,42.130,40.0,701,0
1568.45,saver+bp#r6,bursty,0.852,0.381,0.000,5.917,42.120,39.0,847,0
1568.96,saver+bp#r6,bursty,0.919,0.376,0.000,5.917,42.120,39.0,834,0
1569.47,saver+bp#r6,bursty,0.831,0.380,0.000,5.917,42.120,40.0,889,0
1569.98,saver+bp#r6,bursty,0.818,0.390,0.000,5.917,42.120,40.0,860,0
1570.48,saver+bp#r6,bursty,0.817,0.372,0.000,5.918,42.120,39.0,1024,0
1570.99,saver+bp#r6,bursty,0.935,0.382,0.000,5.918,42.120,39.0,824,0
1571.50,saver+bp#r6,bursty,0.919,0.389,0.000,5.918,42.120,40.0,1189,0
1572.01,saver+bp#r6,bursty,0.716,0.230,0.000,5.918,42.120,40.0,876,0
1572.51,saver+bp#r6,gap,0.650,0.125,0.000,5.918,42.120,39.0,1410,0
1573.02,saver+bp#r6,gap,0.670,0.157,0.001,5.918,42.120,39.0,623,0
1573.53,saver+bp#r6,gap,0.485,0.027,0.000,5.918,42.120,38.0,1107,0
1574.03,saver+bp#r6,gap,0.408,0.031,0.001,5.918,42.120,38.0,605,0
1574.54,saver+bp#r6,gap,0.536,0.021,0.000,5.916,42.120,38.0,793,0
1575.05,saver+bp#r6,gap,0.665,0.117,0.000,5.916,42.120,38.0,920,0
1575.56,saver+bp#r6,pdf_render,3.034,1.890,0.000,5.916,42.120,44.0,1069,0
1576.07,saver+bp#r6,pdf_render,2.600,1.654,0.000,5.916,42.120,44.0,807,0
1576.57,saver+bp#r6,pdf_render,2.716,1.738,0.000,5.916,42.120,43.0,1168,0
1577.08,saver+bp#r6,pdf_render,2.813,1.808,0.000,5.916,42.120,43.0,738,0
1577.58,saver+bp#r6,pdf_render,3.522,2.240,0.000,5.900,42.110,43.0,1031,0
1578.09,saver+bp#r6,pdf_render,2.678,1.748,0.000,5.900,42.110,43.0,741,0
1578.59,saver+bp#r6,pdf_render,3.136,2.133,0.000,5.900,42.110,48.0,1005,0
1579.10,saver+bp#r6,pdf_render,2.780,1.844,0.000,5.900,42.110,48.0,905,0
1579.60,saver+bp#r6,pdf_render,2.849,1.914,0.000,5.900,42.110,44.0,855,0
1580.11,saver+bp#r6,pdf_render,2.709,1.684,0.000,5.900,42.110,44.0,963,0
1580.62,saver+bp#r6,pdf_render,2.918,1.956,0.000,5.900,42.110,43.0,975,0
1581.12,saver+bp#r6,pdf_render,2.770,1.781,0.000,5.900,42.110,43.0,946,0
1581.63,saver+bp#r6,pdf_render,2.872,1.897,0.000,5.897,42.110,43.0,1046,0
1582.13,saver+bp#r6,pdf_render,2.819,1.848,0.000,5.897,42.110,43.0,936,0
1582.64,saver+bp#r6,pdf_render,2.678,1.724,0.000,5.897,42.110,43.0,1356,0
1583.14,saver+bp#r6,pdf_render,2.701,1.753,0.000,5.897,42.110,43.0,988,0
1583.65,saver+bp#r6,pdf_render,2.687,1.741,0.000,5.900,42.100,43.0,807,0
1584.15,saver+bp#r6,pdf_render,2.702,1.786,0.000,5.900,42.100,43.0,728,0
1584.66,saver+bp#r6,pdf_render,2.684,1.756,0.000,5.900,42.100,43.0,966,0
1585.16,saver+bp#r6,pdf_render,1.634,0.873,0.001,5.900,42.100,43.0,957,0
1585.67,saver+bp#r6,gap,1.112,0.355,0.001,5.912,42.100,39.0,820,0
1586.19,saver+bp#r6,gap,0.352,0.021,0.001,5.912,42.100,39.0,941,0
1586.70,saver+bp#r6,gap,0.356,0.014,0.000,5.912,42.100,39.0,1293,0
1587.21,saver+bp#r6,gap,0.344,0.019,0.002,5.912,42.100,39.0,429,0
1587.72,saver+bp#r6,gap,1.096,0.378,0.001,5.912,42.100,39.0,734,0
1588.22,saver+bp#r6,gap,1.524,0.615,0.000,5.912,42.100,39.0,895,0
1588.73,saver+bp#r6,office,3.068,1.557,0.000,5.904,42.090,39.0,946,0
1589.24,saver+bp#r6,office,4.228,2.873,0.000,5.904,42.090,39.0,1180,0
1589.75,saver+bp#r6,office,4.165,2.504,0.002,5.904,42.090,39.0,856,0
1590.25,saver+bp#r6,gap,1.080,0.372,0.000,5.904,42.090,39.0,745,0
1590.76,saver+bp#r6,gap,0.552,0.056,0.001,5.908,42.090,39.0,791,0
1591.27,saver+bp#r6,gap,0.426,0.028,0.002,5.908,42.090,39.0,1095,0
1591.78,saver+bp#r6,gap,0.412,0.021,0.000,5.908,42.090,38.0,860,0
1592.28,saver+bp#r6,gap,0.367,0.021,0.000,5.908,42.090,38.0,1104,0
1592.79,saver+bp#r6,gap,0.810,0.194,0.000,5.916,42.090,41.0,686,0
1593.30,saver+bp#r6,python,5.492,3.603,0.000,5.916,42.090,41.0,927,0
1593.81,saver+bp#r6,python,5.356,2.992,0.000,5.916,42.090,43.0,695,0
1594.31,saver+bp#r6,python,4.344,1.493,0.000,5.916,42.090,43.0,610,0
1594.82,saver+bp#r6,gap,1.176,0.426,0.000,5.903,42.080,39.0,826,0
1595.33,saver+bp#r6,gap,0.376,0.022,0.001,5.903,42.080,39.0,649,0
1595.84,saver+bp#r6,gap,0.618,0.032,0.001,5.903,42.080,38.0,653,0
1596.34,saver+bp#r6,gap,0.342,0.014,0.000,5.903,42.080,38.0,676,0
1596.85,saver+bp#r6,gap,0.391,0.021,0.000,5.915,42.080,39.0,642,0
1597.36,saver+bp#r6,gap,1.942,0.674,0.000,5.915,42.080,39.0,1783,0
1597.87,saver+bp#r6,compress,7.431,3.908,0.000,5.915,42.080,41.0,940,0
1598.37,saver+bp#r6,compress,5.965,3.162,0.000,5.915,42.080,41.0,940,0
1598.89,saver+bp#r6,compress,5.966,3.138,0.000,5.915,42.080,41.0,1025,0
1599.40,saver+bp#r6,compress,5.966,3.123,0.000,5.915,42.080,41.0,1002,0
1599.91,saver+bp#r6,compress,5.968,3.152,0.000,5.877,42.080,42.0,1022,0
1600.41,saver+bp#r6,compress,5.970,3.111,0.000,5.877,42.080,42.0,998,0
1600.93,saver+bp#r6,compress,5.954,3.110,0.000,5.877,42.080,42.0,1084,0
1601.44,saver+bp#r6,compress,5.980,3.075,0.000,5.877,42.080,42.0,1022,0
1601.95,saver+bp#r6,compress,5.951,3.094,0.000,5.877,42.070,42.0,1164,0
1602.45,saver+bp#r6,compress,5.961,3.172,0.000,5.877,42.070,42.0,1224,0
1602.96,saver+bp#r6,compress,5.825,3.078,0.004,5.877,42.070,41.0,1583,0
1603.47,saver+bp#r6,compress,4.422,1.905,0.002,5.877,42.070,41.0,1082,0
1603.98,saver+bp#r6,gap,0.822,0.228,0.000,5.880,42.060,40.0,1048,0
1604.49,saver+bp#r6,gap,0.690,0.213,0.003,5.880,42.060,40.0,696,0
1605.00,saver+bp#r6,gap,0.474,0.019,0.000,5.880,42.060,40.0,689,0
1605.51,saver+bp#r6,gap,0.405,0.023,0.001,5.880,42.060,40.0,685,0
1606.02,saver+bp#r6,gap,0.386,0.016,0.001,5.913,42.060,39.0,655,0
1606.53,saver+bp#r6,gap,0.564,0.090,0.000,5.913,42.060,39.0,1109,0
1607.04,saver+bp#r6,sustained20s,7.714,3.820,0.000,5.913,42.060,42.0,946,0
1607.55,saver+bp#r6,sustained20s,5.972,3.219,0.000,5.913,42.060,42.0,949,0
1608.06,saver+bp#r6,sustained20s,5.959,3.155,0.000,5.873,42.050,42.0,1008,0
1608.57,saver+bp#r6,sustained20s,5.976,3.173,0.000,5.873,42.050,42.0,923,0
1609.08,saver+bp#r6,sustained20s,5.971,3.063,0.000,5.873,42.050,42.0,927,0
1609.59,saver+bp#r6,sustained20s,5.973,3.073,0.000,5.873,42.050,42.0,934,0
1610.10,saver+bp#r6,sustained20s,5.961,3.019,0.000,5.873,42.050,42.0,932,0
1610.61,saver+bp#r6,sustained20s,5.970,3.001,0.000,5.873,42.050,42.0,934,0
1611.12,saver+bp#r6,sustained20s,5.957,3.086,0.000,5.874,42.050,42.0,971,0
1611.62,saver+bp#r6,sustained20s,5.963,3.092,0.000,5.874,42.050,42.0,995,0
1612.13,saver+bp#r6,sustained20s,5.803,2.988,0.000,5.874,42.050,43.0,966,0
1612.64,saver+bp#r6,sustained20s,5.048,2.227,0.000,5.874,42.050,43.0,1361,0
1613.15,saver+bp#r6,sustained20s,7.070,3.458,0.000,5.874,42.040,43.0,1046,0
1613.65,saver+bp#r6,sustained20s,5.976,3.147,0.000,5.874,42.040,43.0,946,0
1614.17,saver+bp#r6,sustained20s,5.963,3.212,0.000,5.874,42.040,43.0,1042,0
1614.67,saver+bp#r6,sustained20s,5.971,3.162,0.000,5.874,42.040,43.0,1029,0
1615.19,saver+bp#r6,sustained20s,5.979,3.133,0.000,5.871,42.040,42.0,880,0
1615.70,saver+bp#r6,sustained20s,5.966,3.014,0.000,5.871,42.040,42.0,941,0
1616.21,saver+bp#r6,sustained20s,5.969,3.003,0.000,5.871,42.040,43.0,933,0
1616.72,saver+bp#r6,sustained20s,5.957,3.018,0.000,5.871,42.040,43.0,955,0
1617.23,saver+bp#r6,sustained20s,5.978,3.057,0.000,5.871,42.030,43.0,1013,0
1617.74,saver+bp#r6,sustained20s,5.962,3.027,0.000,5.871,42.030,43.0,1034,0
1618.25,saver+bp#r6,sustained20s,5.858,3.095,0.000,5.871,42.030,43.0,1054,0
1618.75,saver+bp#r6,sustained20s,5.037,2.335,0.000,5.871,42.030,43.0,875,0
1619.26,saver+bp#r6,sustained20s,7.022,3.378,0.000,5.874,42.020,43.0,1050,0
1619.77,saver+bp#r6,sustained20s,5.969,3.180,0.000,5.874,42.020,43.0,1050,0
1620.28,saver+bp#r6,sustained20s,5.972,3.191,0.000,5.874,42.020,43.0,1041,0
1620.79,saver+bp#r6,sustained20s,5.979,3.111,0.000,5.874,42.020,43.0,898,0
1621.30,saver+bp#r6,sustained20s,5.962,3.108,0.000,5.874,42.020,43.0,1038,0
1621.81,saver+bp#r6,sustained20s,5.972,3.053,0.000,5.874,42.020,43.0,897,0
1622.32,saver+bp#r6,sustained20s,5.973,2.981,0.000,5.872,42.020,43.0,945,0
1622.83,saver+bp#r6,sustained20s,5.938,3.112,0.000,5.872,42.020,43.0,1120,0
1623.34,saver+bp#r6,sustained20s,5.977,3.037,0.000,5.872,42.020,44.0,1033,0
1623.85,saver+bp#r6,sustained20s,5.952,3.086,0.000,5.872,42.020,44.0,1105,0
1624.36,saver+bp#r6,sustained20s,5.825,3.089,0.000,5.868,42.010,44.0,1044,0
1624.86,saver+bp#r6,sustained20s,5.314,2.444,0.000,5.868,42.010,44.0,821,0
1625.37,saver+bp#r6,sustained20s,6.809,3.283,0.000,5.868,42.010,44.0,943,0
1625.88,saver+bp#r6,sustained20s,5.976,3.116,0.000,5.868,42.010,44.0,944,0
1626.39,saver+bp#r6,sustained20s,5.963,3.199,0.000,5.868,42.000,44.0,1050,0
1626.90,saver+bp#r6,sustained20s,5.979,3.107,0.000,5.868,42.000,44.0,904,0
1627.41,saver+bp#r6,sustained20s,5.968,3.085,0.000,5.868,42.000,44.0,932,0
1627.91,saver+bp#r6,sustained20s,5.967,3.119,0.000,5.868,42.000,44.0,889,0
1628.43,saver+bp#r6,sustained20s,5.969,3.001,0.000,5.868,41.990,44.0,943,0
1628.93,saver+bp#r6,sustained20s,5.967,3.050,0.000,5.868,41.990,44.0,897,0
1629.45,saver+bp#r6,sustained20s,5.958,3.084,0.000,5.868,41.990,44.0,1010,0
1629.95,saver+bp#r6,sustained20s,5.951,3.132,0.000,5.868,41.990,44.0,1041,0
1630.46,saver+bp#r6,sustained20s,5.981,3.166,0.000,5.869,41.990,45.0,1092,0
1630.97,saver+bp#r6,sustained20s,5.023,2.495,0.000,5.869,41.990,45.0,1036,0
1631.48,saver+bp#r6,sustained20s,3.339,1.288,0.003,5.869,41.990,42.0,705,0
1631.99,saver+bp#r6,end,1.049,0.360,0.002,5.869,41.990,42.0,1055,0
1632.50,saver+bp#r6,end,0.981,0.041,0.001,5.869,41.990,42.0,848,0
1633.01,saver+bp#r6,end,0.380,0.020,0.000,5.869,41.990,42.0,1223,0
1633.52,saver+bp#r6,end,0.592,0.047,0.000,5.901,41.980,42.0,769,0
1634.02,saver+bp#r6,end,0.755,0.077,0.001,5.901,41.980,42.0,1644,0
1634.53,saver+bp#r6,end,0.603,0.018,0.000,5.901,41.980,42.0,872,0
1635.04,saver+bp#r6,end,0.481,0.034,0.000,5.901,41.980,42.0,739,0
1635.55,saver+bp#r6,end,1.281,0.399,0.000,5.908,41.980,42.0,1301,0
1636.06,saver+bp#r6,end,0.527,0.059,0.000,5.908,41.980,42.0,697,0
1636.56,saver+bp#r6,end,0.530,0.036,0.000,5.908,41.980,41.0,1000,0
1637.07,saver+bp#r6,end,0.846,0.051,0.000,5.908,41.980,41.0,636,0
1637.58,saver+bp#r6,end,1.342,0.336,0.000,5.906,41.980,42.0,940,0
1638.09,saver+bp#r6,end,0.837,0.038,0.000,5.906,41.980,42.0,632,0
1638.60,saver+bp#r6,end,0.829,0.019,0.000,5.906,41.980,41.0,651,0
1639.10,saver+bp#r6,end,0.843,0.064,0.000,5.906,41.980,41.0,794,0
1639.61,saver+bp#r6,end,0.742,0.014,0.000,5.906,41.980,41.0,614,0
1640.12,saver+bp#r6,end,0.806,0.041,0.000,5.906,41.980,41.0,755,0
1640.63,saver+bp#r6,end,0.753,0.018,0.000,5.906,41.980,41.0,549,0
1641.13,saver+bp#r6,end,0.895,0.036,0.000,5.906,41.980,41.0,604,0
1641.64,saver+bp#r6,end,1.119,0.333,0.000,5.905,41.970,41.0,624,0
1642.15,cool,wait,1.029,0.368,0.000,5.905,41.970,41.0,869,0
1642.66,cool,wait,0.538,0.075,0.000,5.905,41.970,41.0,940,0
1643.17,cool,wait,0.395,0.032,0.000,5.905,41.970,41.0,830,0
1643.68,cool,wait,0.405,0.024,0.000,5.908,41.970,41.0,769,0
1644.18,cool,wait,0.594,0.040,0.000,5.908,41.970,41.0,649,0
1644.69,cool,wait,0.686,0.065,0.000,5.908,41.970,40.0,843,0
1645.20,cool,wait,0.352,0.021,0.000,5.908,41.970,40.0,780,0
1645.71,cool,wait,0.423,0.024,0.000,5.908,41.970,40.0,659,0
1646.22,cool,wait,0.514,0.022,0.000,5.908,41.970,40.0,626,0
1646.73,cool,wait,0.349,0.014,0.000,5.908,41.970,40.0,744,0
1647.24,cool,wait,0.336,0.021,0.000,5.908,41.970,40.0,636,0
1647.75,cool,wait,1.108,0.324,0.000,5.908,41.970,40.0,825,0
1648.26,cool,wait,0.343,0.033,0.000,5.908,41.970,40.0,789,0
1648.77,cool,wait,0.475,0.013,0.000,5.908,41.970,40.0,700,0
1649.28,cool,wait,0.393,0.037,0.000,5.908,41.970,40.0,607,0
1649.79,cool,wait,0.403,0.019,0.000,5.908,41.970,40.0,683,0
1650.30,cool,wait,0.600,0.037,0.000,5.908,41.970,40.0,643,0
1650.81,cool,wait,0.385,0.017,0.000,5.912,41.960,40.0,612,0
1651.32,cool,wait,0.695,0.040,0.000,5.912,41.960,40.0,630,0
1651.83,cool,wait,0.580,0.017,0.000,5.912,41.960,40.0,778,0
1652.34,cool,wait,0.472,0.025,0.000,5.912,41.960,40.0,848,0
1652.85,cool,wait,0.300,0.010,0.000,5.912,41.960,39.0,685,0
1653.36,cool,wait,0.395,0.034,0.000,5.912,41.960,39.0,873,0
1653.87,cool,wait,1.356,0.561,0.001,5.912,41.960,40.0,1087,0
1654.38,balanced#r6,idle,0.826,0.150,0.001,5.912,41.960,40.0,1343,0
1654.89,balanced#r6,idle,0.941,0.314,0.001,5.910,41.960,39.0,1316,0
1655.39,balanced#r6,idle,0.380,0.024,0.000,5.910,41.960,39.0,1001,0
1655.91,balanced#r6,idle,0.375,0.020,0.000,5.910,41.960,39.0,998,0
1656.41,balanced#r6,idle,0.686,0.053,0.001,5.910,41.960,39.0,948,0
1656.92,balanced#r6,idle,0.429,0.022,0.000,5.910,41.960,39.0,798,0
1657.43,balanced#r6,idle,0.975,0.147,0.000,5.910,41.960,39.0,1394,0
1657.94,balanced#r6,idle,1.005,0.251,0.000,5.913,41.960,39.0,645,0
1658.45,balanced#r6,idle,0.491,0.029,0.000,5.913,41.960,39.0,969,0
1658.96,balanced#r6,idle,0.434,0.015,0.000,5.913,41.960,39.0,793,0
1659.47,balanced#r6,idle,0.462,0.042,0.000,5.913,41.960,39.0,868,0
1659.98,balanced#r6,idle,0.394,0.016,0.000,5.906,41.950,39.0,931,0
1660.49,balanced#r6,idle,0.647,0.042,0.000,5.906,41.950,39.0,631,0
1661.00,balanced#r6,idle,0.368,0.017,0.000,5.906,41.950,39.0,737,0
1661.51,balanced#r6,idle,0.455,0.039,0.000,5.906,41.950,39.0,651,0
1662.02,balanced#r6,idle,0.704,0.024,0.000,5.914,41.950,39.0,888,0
1662.53,balanced#r6,idle,0.502,0.030,0.000,5.914,41.950,39.0,658,0
1663.04,balanced#r6,idle,0.578,0.033,0.000,5.914,41.950,39.0,643,0
1663.55,balanced#r6,idle,0.513,0.020,0.000,5.914,41.950,39.0,758,0
1664.07,balanced#r6,idle,1.107,0.449,0.000,5.912,41.950,39.0,679,0
1664.57,balanced#r6,bursty,1.444,0.725,0.000,5.912,41.950,39.0,715,0
1665.09,balanced#r6,bursty,1.550,0.693,0.000,5.912,41.950,39.0,691,0
1665.59,balanced#r6,bursty,0.851,0.352,0.000,5.912,41.950,39.0,669,0
1666.11,balanced#r6,bursty,0.821,0.373,0.000,5.913,41.950,39.0,666,0
1666.61,balanced#r6,bursty,0.932,0.400,0.000,5.913,41.950,39.0,600,0
1667.13,balanced#r6,bursty,0.967,0.400,0.000,5.913,41.950,39.0,691,0
1667.64,balanced#r6,bursty,1.414,0.694,0.000,5.913,41.950,39.0,910,0
1668.15,balanced#r6,bursty,0.824,0.370,0.000,5.913,41.950,39.0,682,0
1668.66,balanced#r6,bursty,0.970,0.356,0.000,5.913,41.950,39.0,654,0
1669.17,balanced#r6,bursty,0.928,0.389,0.000,5.913,41.940,39.0,695,0
1669.68,balanced#r6,bursty,0.906,0.358,0.000,5.913,41.940,39.0,842,0
1670.19,balanced#r6,bursty,0.930,0.398,0.000,5.913,41.940,39.0,1177,0
1670.70,balanced#r6,bursty,0.823,0.362,0.000,5.913,41.940,39.0,618,0
1671.21,balanced#r6,bursty,1.042,0.386,0.000,5.913,41.940,39.0,1239,0
1671.72,balanced#r6,bursty,0.913,0.355,0.000,5.913,41.940,39.0,720,0
1672.23,balanced#r6,bursty,0.892,0.374,0.000,5.913,41.940,39.0,1248,0
1672.74,balanced#r6,bursty,0.837,0.351,0.000,5.913,41.940,39.0,671,0
1673.25,balanced#r6,bursty,1.241,0.442,0.000,5.909,41.940,39.0,819,0
1673.76,balanced#r6,bursty,0.940,0.396,0.000,5.909,41.940,39.0,1057,0
1674.27,balanced#r6,bursty,0.826,0.113,0.001,5.909,41.940,39.0,711,0
1674.78,balanced#r6,gap,0.974,0.328,0.002,5.909,41.940,39.0,709,0
1675.29,balanced#r6,gap,0.621,0.058,0.001,5.912,41.940,39.0,724,0
1675.80,balanced#r6,gap,0.429,0.023,0.001,5.912,41.940,39.0,839,0
1676.31,balanced#r6,gap,0.608,0.065,0.000,5.912,41.940,38.0,816,0
1676.82,balanced#r6,gap,0.400,0.019,0.002,5.912,41.940,38.0,665,0
1677.33,balanced#r6,gap,2.199,1.236,0.001,5.912,41.930,43.0,877,0
1677.84,balanced#r6,pdf_render,3.735,2.436,0.000,5.912,41.930,43.0,891,0
1678.35,balanced#r6,pdf_render,2.785,1.731,0.000,5.912,41.930,44.0,1101,0
1678.85,balanced#r6,pdf_render,2.719,1.754,0.000,5.912,41.930,44.0,909,0
1679.36,balanced#r6,pdf_render,2.730,1.788,0.000,5.912,41.930,43.0,1547,0
1679.87,balanced#r6,pdf_render,2.746,1.741,0.000,5.912,41.930,43.0,914,0
1680.38,balanced#r6,pdf_render,2.832,1.879,0.000,5.897,41.930,43.0,921,0
1680.88,balanced#r6,pdf_render,3.108,2.143,0.000,5.897,41.930,43.0,918,0
1681.39,balanced#r6,pdf_render,2.860,1.908,0.000,5.897,41.930,43.0,1072,0
1681.90,balanced#r6,pdf_render,2.767,1.791,0.000,5.897,41.930,43.0,738,0
1682.41,balanced#r6,pdf_render,2.929,1.977,0.000,5.897,41.920,44.0,929,0
1682.91,balanced#r6,pdf_render,2.772,1.779,0.000,5.897,41.920,44.0,909,0
1683.42,balanced#r6,pdf_render,3.001,2.029,0.000,5.897,41.920,43.0,1075,0
1683.93,balanced#r6,pdf_render,2.687,1.751,0.000,5.897,41.920,43.0,900,0
1684.44,balanced#r6,pdf_render,2.774,1.807,0.000,5.895,41.920,43.0,886,0
1684.94,balanced#r6,pdf_render,2.724,1.760,0.000,5.895,41.920,43.0,896,0
1685.45,balanced#r6,pdf_render,2.711,1.686,0.000,5.895,41.920,43.0,1056,0
1685.96,balanced#r6,pdf_render,2.657,1.730,0.000,5.895,41.920,43.0,910,0
1686.46,balanced#r6,pdf_render,2.727,1.803,0.000,5.894,41.920,43.0,1099,0
1686.97,balanced#r6,pdf_render,2.633,1.610,0.002,5.894,41.920,43.0,705,0
1687.48,balanced#r6,gap,0.819,0.287,0.000,5.894,41.920,40.0,1615,0
1687.98,balanced#r6,gap,0.948,0.385,0.001,5.894,41.920,40.0,691,0
1688.49,balanced#r6,gap,0.419,0.025,0.001,5.909,41.910,39.0,1129,0
1689.00,balanced#r6,gap,0.376,0.020,0.001,5.909,41.910,39.0,913,0
1689.51,balanced#r6,gap,0.385,0.021,0.000,5.909,41.910,38.0,974,0
1690.02,balanced#r6,gap,0.756,0.152,0.001,5.909,41.910,38.0,1177,0
1690.53,balanced#r6,office,3.529,1.955,0.000,5.909,41.910,40.0,1230,0
1691.04,balanced#r6,office,3.297,1.938,0.000,5.909,41.910,40.0,823,0
1691.55,balanced#r6,office,4.543,2.938,0.000,5.882,41.910,45.0,1193,0
1692.05,balanced#r6,office,1.278,0.410,0.003,5.882,41.910,45.0,923,0
1692.56,balanced#r6,gap,0.771,0.220,0.001,5.882,41.910,38.0,637,0
1693.07,balanced#r6,gap,0.417,0.024,0.000,5.882,41.910,38.0,586,0
1693.57,balanced#r6,gap,0.365,0.012,0.001,5.911,41.910,38.0,649,0
1694.08,balanced#r6,gap,0.427,0.031,0.000,5.911,41.910,38.0,620,0
1694.59,balanced#r6,gap,0.579,0.021,0.001,5.911,41.910,39.0,849,0
1695.10,balanced#r6,gap,4.079,2.536,0.000,5.911,41.910,39.0,981,0
1695.61,balanced#r6,python,5.787,3.595,0.000,5.888,41.900,44.0,970,0
1696.11,balanced#r6,python,5.391,2.031,0.000,5.888,41.900,44.0,909,0
1696.62,balanced#r6,python,1.192,0.348,0.002,5.888,41.900,39.0,927,0
1697.12,balanced#r6,gap,0.710,0.212,0.001,5.888,41.900,39.0,1286,0
1697.63,balanced#r6,gap,1.050,0.368,0.000,5.911,41.900,39.0,697,0
1698.13,balanced#r6,gap,0.401,0.022,0.000,5.911,41.900,39.0,662,0
1698.64,balanced#r6,gap,0.380,0.021,0.000,5.911,41.900,39.0,670,0
1699.15,balanced#r6,gap,0.392,0.021,0.000,5.911,41.900,39.0,700,0
1699.66,balanced#r6,gap,7.389,3.519,0.000,5.912,41.900,41.0,947,0
1700.16,balanced#r6,compress,5.951,3.206,0.000,5.912,41.900,41.0,1042,0
1700.68,balanced#r6,compress,5.972,3.110,0.000,5.912,41.900,42.0,947,0
1701.18,balanced#r6,compress,5.982,3.090,0.000,5.912,41.900,42.0,922,0
1701.70,balanced#r6,compress,5.952,3.027,0.000,5.912,41.900,42.0,1039,0
1702.20,balanced#r6,compress,5.972,3.155,0.000,5.912,41.900,42.0,1035,0
1702.71,balanced#r6,compress,5.973,3.106,0.000,5.871,41.890,42.0,1035,0
1703.22,balanced#r6,compress,5.964,3.104,0.000,5.871,41.890,42.0,1038,0
1703.73,balanced#r6,compress,5.957,3.094,0.000,5.871,41.890,42.0,986,0
1704.24,balanced#r6,compress,5.956,3.166,0.000,5.871,41.890,42.0,1186,0
1704.75,balanced#r6,compress,5.821,2.996,0.000,5.871,41.880,41.0,1384,0
1705.26,balanced#r6,compress,5.006,2.154,0.000,5.871,41.880,41.0,1535,0
1705.76,balanced#r6,compress,1.097,0.327,0.002,5.871,41.880,40.0,864,0
1706.27,balanced#r6,gap,0.744,0.208,0.001,5.871,41.880,40.0,1214,0
1706.78,balanced#r6,gap,0.464,0.017,0.001,5.901,41.880,39.0,713,0
1707.29,balanced#r6,gap,0.381,0.020,0.000,5.901,41.880,39.0,654,0
1707.80,balanced#r6,gap,1.108,0.337,0.002,5.901,41.880,39.0,898,0
1708.31,balanced#r6,gap,0.340,0.012,0.000,5.901,41.880,39.0,1192,0
1708.82,balanced#r6,gap,7.195,3.573,0.001,5.908,41.870,42.0,926,0
1709.32,balanced#r6,sustained20s,5.963,3.209,0.000,5.908,41.870,42.0,1043,0
1709.84,balanced#r6,sustained20s,5.968,3.143,0.000,5.908,41.870,42.0,1049,0
1710.34,balanced#r6,sustained20s,5.978,3.165,0.000,5.908,41.870,42.0,1034,0
1710.85,balanced#r6,sustained20s,5.977,3.188,0.000,5.870,41.870,42.0,922,0
1711.36,balanced#r6,sustained20s,5.964,3.031,0.000,5.870,41.870,42.0,935,0
1711.87,balanced#r6,sustained20s,5.972,3.016,0.000,5.870,41.870,42.0,932,0
1712.38,balanced#r6,sustained20s,5.973,2.963,0.000,5.870,41.870,42.0,891,0
1712.89,balanced#r6,sustained20s,5.969,3.059,0.000,5.869,41.860,42.0,943,0
1713.40,balanced#r6,sustained20s,5.935,3.095,0.000,5.869,41.860,42.0,1073,0
1713.91,balanced#r6,sustained20s,5.818,2.999,0.000,5.869,41.860,43.0,1022,0
1714.42,balanced#r6,sustained20s,5.088,2.372,0.000,5.869,41.860,43.0,992,0
1714.93,balanced#r6,sustained20s,7.053,3.417,0.000,5.869,41.860,43.0,937,0
1715.43,balanced#r6,sustained20s,5.963,3.055,0.000,5.869,41.860,43.0,891,0
1715.95,balanced#r6,sustained20s,5.955,3.179,0.000,5.850,41.860,43.0,955,0
1716.45,balanced#r6,sustained20s,5.979,3.167,0.000,5.850,41.860,43.0,928,0
1716.96,balanced#r6,sustained20s,5.961,3.130,0.000,5.850,41.860,43.0,1041,0
1717.47,balanced#r6,sustained20s,5.977,2.977,0.000,5.850,41.860,43.0,940,0
1717.99,balanced#r6,sustained20s,5.963,3.097,0.000,5.868,41.850,43.0,923,0
1718.50,balanced#r6,sustained20s,5.982,3.041,0.000,5.868,41.850,43.0,885,0
1719.01,balanced#r6,sustained20s,5.937,3.035,0.000,5.868,41.850,43.0,1015,0
1719.52,balanced#r6,sustained20s,5.974,3.094,0.000,5.868,41.850,43.0,1042,0
1720.03,balanced#r6,sustained20s,5.519,2.829,0.000,5.868,41.840,43.0,1318,0
1720.54,balanced#r6,sustained20s,5.338,2.321,0.000,5.868,41.840,43.0,1143,0
1721.05,balanced#r6,sustained20s,7.066,3.399,0.000,5.868,41.840,43.0,954,0
1721.56,balanced#r6,sustained20s,5.978,3.116,0.000,5.868,41.840,43.0,939,0
1722.07,balanced#r6,sustained20s,5.957,3.200,0.000,5.865,41.830,43.0,1045,0
1722.58,balanced#r6,sustained20s,5.972,3.130,0.000,5.865,41.830,43.0,950,0
1723.09,balanced#r6,sustained20s,5.976,3.009,0.000,5.865,41.830,43.0,1027,0
1723.59,balanced#r6,sustained20s,5.965,3.099,0.000,5.865,41.830,43.0,1008,0
1724.10,balanced#r6,sustained20s,5.962,3.090,0.000,5.865,41.830,44.0,1027,0
1724.61,balanced#r6,sustained20s,5.964,3.081,0.000,5.865,41.830,44.0,988,0
1725.13,balanced#r6,sustained20s,5.986,3.030,0.000,5.865,41.830,43.0,885,0
1725.64,balanced#r6,sustained20s,5.937,3.099,0.000,5.865,41.830,43.0,954,0
1726.15,balanced#r6,sustained20s,5.969,3.161,0.000,5.865,41.830,44.0,1039,0
1726.66,balanced#r6,sustained20s,5.305,2.573,0.000,5.865,41.830,44.0,1155,0
1727.17,balanced#r6,sustained20s,6.667,3.300,0.001,5.863,41.820,44.0,942,0
1727.67,balanced#r6,sustained20s,5.972,3.124,0.000,5.863,41.820,44.0,905,0
1728.19,balanced#r6,sustained20s,5.972,3.188,0.000,5.863,41.820,44.0,945,0
1728.70,balanced#r6,sustained20s,5.957,3.107,0.000,5.863,41.820,44.0,932,0
1729.21,balanced#r6,sustained20s,5.954,3.183,0.000,5.865,41.820,44.0,1054,0
1729.71,balanced#r6,sustained20s,5.991,3.061,0.000,5.865,41.820,44.0,936,0
1730.23,balanced#r6,sustained20s,5.969,3.020,0.000,5.865,41.820,44.0,941,0
1730.73,balanced#r6,sustained20s,5.986,2.959,0.000,5.865,41.820,44.0,800,0
1731.25,balanced#r6,sustained20s,5.952,3.064,0.000,5.866,41.810,44.0,931,0
1731.75,balanced#r6,sustained20s,5.940,3.138,0.000,5.866,41.810,44.0,1085,0
1732.27,balanced#r6,sustained20s,5.955,3.214,0.000,5.866,41.810,45.0,1002,0
1732.77,balanced#r6,sustained20s,5.295,2.695,0.000,5.866,41.810,45.0,931,0
1733.28,balanced#r6,sustained20s,1.722,0.580,0.001,5.868,41.800,42.0,992,0
1733.79,balanced#r6,end,1.183,0.322,0.003,5.868,41.800,42.0,544,0
1734.30,balanced#r6,end,0.810,0.036,0.001,5.868,41.800,42.0,746,0
1734.81,balanced#r6,end,0.548,0.037,0.001,5.868,41.800,42.0,883,0
1735.32,balanced#r6,end,0.497,0.056,0.000,5.903,41.800,42.0,588,0
1735.82,balanced#r6,end,0.382,0.024,0.000,5.903,41.800,42.0,684,0
1736.33,balanced#r6,end,0.885,0.116,0.001,5.903,41.800,42.0,755,0
1736.84,balanced#r6,end,0.472,0.023,0.000,5.903,41.800,42.0,603,0
1737.35,balanced#r6,end,1.555,0.556,0.002,5.903,41.800,42.0,765,0
1737.85,balanced#r6,end,1.140,0.354,0.001,5.903,41.800,42.0,770,0
1738.36,balanced#r6,end,0.677,0.040,0.000,5.895,41.800,41.0,632,0
1738.87,balanced#r6,end,0.415,0.020,0.002,5.895,41.800,41.0,833,0
1739.38,balanced#r6,end,0.569,0.056,0.000,5.895,41.800,41.0,785,0
1739.88,balanced#r6,end,0.398,0.021,0.000,5.895,41.800,41.0,979,0
1740.39,balanced#r6,end,0.592,0.028,0.000,5.905,41.790,41.0,889,0
1740.90,balanced#r6,end,0.503,0.020,0.000,5.905,41.790,41.0,644,0
1741.41,balanced#r6,end,0.781,0.038,0.000,5.905,41.790,41.0,1090,0
1741.91,balanced#r6,end,0.313,0.010,0.000,5.905,41.790,41.0,593,0
1742.42,balanced#r6,end,0.990,0.146,0.000,5.906,41.790,41.0,662,0
1742.93,balanced#r6,end,0.440,0.021,0.000,5.906,41.790,41.0,645,0
1743.44,balanced#r6,end,0.744,0.071,0.000,5.906,41.790,41.0,820,0
1743.95,cool,wait,0.977,0.262,0.000,5.906,41.790,41.0,666,0
1744.46,cool,wait,0.465,0.041,0.000,5.906,41.790,40.0,582,0
1744.96,cool,wait,0.337,0.012,0.000,5.906,41.790,40.0,750,0
1745.47,cool,wait,0.374,0.021,0.000,5.906,41.790,40.0,638,0
1745.98,cool,wait,0.314,0.013,0.000,5.906,41.790,40.0,586,0
1746.49,cool,wait,0.398,0.019,0.000,5.907,41.790,40.0,640,0
1747.00,cool,wait,0.305,0.010,0.000,5.907,41.790,40.0,727,0
1747.51,cool,wait,0.879,0.254,0.000,5.907,41.790,40.0,1544,0
1748.01,cool,wait,0.447,0.077,0.000,5.907,41.790,40.0,921,0
1748.52,cool,wait,0.592,0.017,0.000,5.907,41.790,40.0,1252,0
1749.03,cool,wait,0.282,0.011,0.000,5.907,41.790,40.0,1012,0
1749.54,cool,wait,0.371,0.024,0.000,5.906,41.780,40.0,930,0
1750.05,cool,wait,0.303,0.010,0.000,5.906,41.780,40.0,634,0
1750.56,cool,wait,0.353,0.013,0.000,5.906,41.780,40.0,562,0
1751.06,cool,wait,0.305,0.011,0.000,5.906,41.780,40.0,556,0
1751.57,cool,wait,0.414,0.028,0.000,5.909,41.780,40.0,651,0
1752.08,cool,wait,0.378,0.027,0.000,5.909,41.780,40.0,526,0
1752.59,cool,wait,0.332,0.013,0.000,5.909,41.780,40.0,651,0
1753.09,cool,wait,0.322,0.013,0.000,5.909,41.780,40.0,645,0
1753.60,cool,wait,0.503,0.024,0.000,5.909,41.780,39.0,557,0
1754.11,cool,wait,0.422,0.030,0.000,5.909,41.780,39.0,1136,0
1754.62,cool,wait,0.355,0.013,0.000,5.909,41.780,39.0,585,0
1755.13,cool,wait,0.328,0.014,0.000,5.909,41.780,39.0,591,0
1755.63,cool,wait,1.223,0.396,0.004,5.909,41.780,39.0,810,0
1756.14,saver#r6,idle,0.858,0.188,0.002,5.909,41.780,39.0,826,0
1756.65,saver#r6,idle,0.694,0.173,0.002,5.909,41.780,39.0,1038,0
1757.16,saver#r6,idle,0.376,0.021,0.002,5.909,41.780,39.0,672,0
1757.67,saver#r6,idle,1.082,0.359,0.000,5.909,41.780,39.0,701,0
1758.17,saver#r6,idle,0.561,0.045,0.002,5.909,41.780,39.0,634,0
1758.68,saver#r6,idle,0.544,0.031,0.000,5.909,41.780,39.0,584,0
1759.19,saver#r6,idle,0.378,0.023,0.000,5.909,41.780,39.0,591,0
1759.70,saver#r6,idle,0.408,0.018,0.000,5.909,41.780,39.0,662,0
1760.20,saver#r6,idle,0.366,0.018,0.000,5.909,41.780,39.0,589,0
1760.71,saver#r6,idle,0.368,0.014,0.000,5.909,41.770,39.0,1096,0
1761.22,saver#r6,idle,0.348,0.017,0.000,5.909,41.770,39.0,653,0
1761.73,saver#r6,idle,0.395,0.021,0.000,5.909,41.770,39.0,573,0
1762.24,saver#r6,idle,0.344,0.019,0.000,5.909,41.770,39.0,640,0
1762.75,saver#r6,idle,0.385,0.020,0.000,5.909,41.770,39.0,601,0
1763.25,saver#r6,idle,0.405,0.021,0.000,5.909,41.770,39.0,867,0
1763.76,saver#r6,idle,0.522,0.020,0.000,5.909,41.770,39.0,764,0
1764.27,saver#r6,idle,0.382,0.011,0.000,5.909,41.770,39.0,1142,0
1764.78,saver#r6,idle,0.413,0.022,0.000,5.910,41.770,39.0,683,0
1765.28,saver#r6,idle,0.356,0.022,0.000,5.910,41.770,39.0,788,0
1765.79,saver#r6,idle,1.008,0.369,0.000,5.910,41.770,40.0,784,0
1766.30,saver#r6,bursty,1.516,0.697,0.000,5.910,41.770,40.0,807,0
1766.81,saver#r6,bursty,0.886,0.339,0.000,5.897,41.770,40.0,599,0
1767.31,saver#r6,bursty,0.785,0.313,0.000,5.897,41.770,40.0,785,0
1767.82,saver#r6,bursty,1.449,0.629,0.000,5.897,41.770,39.0,721,0
1768.33,saver#r6,bursty,0.766,0.297,0.000,5.897,41.770,39.0,662,0
1768.84,saver#r6,bursty,0.822,0.319,0.000,5.909,41.760,39.0,1142,0
1769.34,saver#r6,bursty,1.122,0.310,0.000,5.909,41.760,39.0,802,0
1769.85,saver#r6,bursty,0.788,0.312,0.000,5.909,41.760,39.0,940,0
1770.36,saver#r6,bursty,0.836,0.316,0.000,5.909,41.760,39.0,877,0
1770.87,saver#r6,bursty,0.839,0.327,0.000,5.909,41.760,39.0,868,0
1771.37,saver#r6,bursty,0.770,0.311,0.000,5.909,41.760,39.0,1033,0
1771.88,saver#r6,bursty,0.779,0.314,0.000,5.900,41.760,39.0,602,0
1772.39,saver#r6,bursty,0.794,0.335,0.000,5.900,41.760,39.0,964,0
1772.90,saver#r6,bursty,0.763,0.315,0.000,5.900,41.760,38.0,651,0
1773.40,saver#r6,bursty,0.938,0.331,0.000,5.900,41.760,38.0,863,0
1773.91,saver#r6,bursty,0.809,0.314,0.000,5.907,41.760,38.0,571,0
1774.42,saver#r6,bursty,1.065,0.426,0.000,5.907,41.760,38.0,753,0
1774.93,saver#r6,bursty,0.863,0.310,0.000,5.907,41.760,38.0,650,0
1775.43,saver#r6,bursty,0.816,0.332,0.000,5.907,41.760,38.0,983,0
1775.94,saver#r6,bursty,0.536,0.090,0.000,5.907,41.750,39.0,645,0
1776.45,saver#r6,gap,1.003,0.325,0.002,5.907,41.750,39.0,779,0
1776.96,saver#r6,gap,0.379,0.017,0.001,5.907,41.750,38.0,611,0
1777.46,saver#r6,gap,0.714,0.215,0.002,5.907,41.750,38.0,1472,0
1777.98,saver#r6,gap,0.592,0.131,0.000,5.911,41.750,38.0,889,0
1778.48,saver#r6,gap,0.460,0.025,0.000,5.911,41.750,38.0,755,0
1778.99,saver#r6,gap,1.192,0.415,0.001,5.911,41.750,39.0,1105,0
1779.49,saver#r6,pdf_render,2.204,1.016,0.000,5.911,41.750,39.0,1133,0
1780.00,saver#r6,pdf_render,1.757,0.845,0.000,5.898,41.750,39.0,1103,0
1780.51,saver#r6,pdf_render,1.821,0.820,0.000,5.898,41.750,39.0,851,0
1781.02,saver#r6,pdf_render,1.698,0.805,0.000,5.898,41.750,39.0,947,0
1781.52,saver#r6,pdf_render,1.811,0.896,0.000,5.898,41.750,39.0,979,0
1782.03,saver#r6,pdf_render,1.734,0.829,0.000,5.898,41.750,39.0,949,0
1782.53,saver#r6,pdf_render,1.797,0.873,0.000,5.898,41.750,39.0,844,0
1783.04,saver#r6,pdf_render,1.737,0.831,0.000,5.900,41.750,39.0,811,0
1783.55,saver#r6,pdf_render,1.838,0.918,0.000,5.900,41.750,39.0,1440,0
1784.06,saver#r6,pdf_render,1.968,1.028,0.000,5.900,41.750,40.0,1519,0
1784.56,saver#r6,pdf_render,2.004,1.067,0.000,5.900,41.750,40.0,859,0
1785.07,saver#r6,pdf_render,1.798,0.885,0.000,5.895,41.740,39.0,805,0
1785.58,saver#r6,pdf_render,1.796,0.881,0.000,5.895,41.740,39.0,865,0
1786.09,saver#r6,pdf_render,2.026,0.887,0.000,5.895,41.740,39.0,909,0
1786.59,saver#r6,pdf_render,1.925,0.947,0.000,5.895,41.740,39.0,948,0
1787.10,saver#r6,pdf_render,1.802,0.880,0.000,5.900,41.740,39.0,922,0
1787.61,saver#r6,pdf_render,2.110,1.058,0.000,5.900,41.740,39.0,900,0
1788.11,saver#r6,pdf_render,1.799,0.882,0.000,5.900,41.740,39.0,977,0
1788.62,saver#r6,pdf_render,1.819,0.898,0.000,5.900,41.740,39.0,1098,0
1789.13,saver#r6,pdf_render,2.092,1.060,0.000,5.897,41.740,39.0,954,0
1789.64,saver#r6,pdf_render,1.790,0.867,0.000,5.897,41.740,39.0,964,0
1790.14,saver#r6,pdf_render,1.758,0.858,0.000,5.897,41.740,39.0,924,0
1790.65,saver#r6,pdf_render,1.799,0.870,0.000,5.897,41.740,39.0,935,0
1791.16,saver#r6,pdf_render,1.808,0.907,0.000,5.897,41.730,39.0,943,0
1791.66,saver#r6,pdf_render,1.940,0.879,0.000,5.897,41.730,39.0,969,0
1792.17,saver#r6,pdf_render,1.759,0.862,0.000,5.897,41.730,39.0,947,0
1792.68,saver#r6,pdf_render,1.788,0.884,0.000,5.897,41.730,39.0,983,0
1793.19,saver#r6,pdf_render,1.778,0.879,0.000,5.897,41.730,39.0,895,0
1793.69,saver#r6,pdf_render,1.889,0.891,0.001,5.897,41.730,39.0,1357,0
1794.20,saver#r6,gap,0.423,0.043,0.000,5.900,41.730,38.0,924,0
1794.71,saver#r6,gap,0.944,0.305,0.001,5.900,41.730,38.0,626,0
1795.22,saver#r6,gap,0.364,0.018,0.001,5.900,41.730,38.0,677,0
1795.72,saver#r6,gap,0.525,0.040,0.000,5.900,41.730,38.0,664,0
1796.23,saver#r6,gap,0.481,0.017,0.001,5.909,41.730,38.0,852,0
1796.74,saver#r6,gap,0.735,0.084,0.000,5.909,41.730,38.0,1122,0
1797.24,saver#r6,office,2.402,1.077,0.000,5.909,41.730,40.0,1233,0
1797.75,saver#r6,office,2.415,1.128,0.000,5.909,41.730,40.0,839,0
1798.26,saver#r6,office,2.271,1.063,0.000,5.901,41.720,41.0,824,0
1798.76,saver#r6,office,2.205,1.074,0.000,5.901,41.720,41.0,669,0
1799.27,saver#r6,office,2.305,0.943,0.001,5.901,41.720,39.0,1074,0
1799.77,saver#r6,gap,0.930,0.298,0.001,5.901,41.720,39.0,997,0
1800.28,saver#r6,gap,0.557,0.108,0.000,5.906,41.720,38.0,1085,0
1800.79,saver#r6,gap,0.449,0.028,0.002,5.906,41.720,38.0,623,0
1801.30,saver#r6,gap,0.393,0.017,0.001,5.906,41.720,38.0,575,0
1801.81,saver#r6,gap,0.402,0.021,0.002,5.906,41.720,38.0,631,0
1802.32,saver#r6,gap,0.826,0.133,0.000,5.905,41.720,38.0,882,0
1802.82,saver#r6,python,2.796,1.518,0.000,5.905,41.720,38.0,1013,0
1803.33,saver#r6,python,2.895,1.525,0.000,5.905,41.720,40.0,1054,0
1803.84,saver#r6,python,2.544,1.228,0.000,5.905,41.720,40.0,716,0
1804.34,saver#r6,python,1.927,0.633,0.000,5.905,41.720,39.0,742,0
1804.85,saver#r6,python,2.455,0.625,0.000,5.905,41.720,39.0,544,0
1805.36,saver#r6,python,0.970,0.140,0.001,5.899,41.710,38.0,884,0
1805.87,saver#r6,gap,1.026,0.314,0.002,5.899,41.710,38.0,987,0
1806.38,saver#r6,gap,0.451,0.029,0.001,5.899,41.710,38.0,1031,0
1806.88,saver#r6,gap,0.430,0.023,0.001,5.899,41.710,38.0,716,0
1807.39,saver#r6,gap,0.547,0.040,0.001,5.907,41.710,38.0,1170,0
1807.90,saver#r6,gap,1.055,0.317,0.000,5.907,41.710,38.0,917,0
1808.41,saver#r6,gap,6.758,3.292,0.001,5.907,41.710,41.0,930,0
1808.91,saver#r6,compress,5.961,3.123,0.000,5.907,41.710,41.0,1036,0
1809.44,saver#r6,compress,5.969,3.198,0.000,5.866,41.710,41.0,1020,0
1809.94,saver#r6,compress,5.976,3.133,0.000,5.866,41.710,41.0,917,0
1810.46,saver#r6,compress,5.969,3.084,0.000,5.866,41.710,41.0,935,0
1810.96,saver#r6,compress,5.973,3.053,0.000,5.866,41.710,41.0,892,0
1811.48,saver#r6,compress,5.966,3.061,0.000,5.869,41.700,41.0,929,0
1811.98,saver#r6,compress,5.968,3.063,0.000,5.869,41.700,41.0,1006,0
1812.49,saver#r6,compress,5.952,3.081,0.000,5.869,41.700,42.0,1067,0
1813.00,saver#r6,compress,5.973,3.159,0.000,5.869,41.700,42.0,1025,0
1813.51,saver#r6,compress,5.855,3.035,0.000,5.867,41.690,42.0,1081,0
1814.02,saver#r6,compress,3.525,1.431,0.000,5.867,41.690,42.0,904,0
1814.53,saver#r6,compress,2.472,0.921,0.002,5.867,41.690,39.0,1036,0
1815.03,saver#r6,gap,1.099,0.319,0.001,5.867,41.690,39.0,1477,0
1815.54,saver#r6,gap,0.531,0.028,0.001,5.906,41.690,39.0,688,0
1816.05,saver#r6,gap,0.436,0.042,0.001,5.906,41.690,39.0,722,0
1816.56,saver#r6,gap,0.733,0.017,0.000,5.906,41.690,39.0,1169,0
1817.07,saver#r6,gap,0.335,0.023,0.000,5.906,41.690,39.0,675,0
1817.58,saver#r6,gap,3.007,1.207,0.000,5.906,41.690,41.0,1588,0
1818.09,saver#r6,sustained20s,7.227,3.722,0.000,5.906,41.690,41.0,895,0
1818.60,saver#r6,sustained20s,5.962,3.167,0.000,5.863,41.690,42.0,942,0
1819.11,saver#r6,sustained20s,5.963,3.140,0.000,5.863,41.690,42.0,994,0
1819.62,saver#r6,sustained20s,5.976,3.135,0.000,5.863,41.690,42.0,929,0
1820.13,saver#r6,sustained20s,5.977,3.008,0.000,5.863,41.690,42.0,930,0
1820.64,saver#r6,sustained20s,5.971,3.025,0.000,5.866,41.680,42.0,898,0
1821.15,saver#r6,sustained20s,5.944,3.062,0.000,5.866,41.680,42.0,1086,0
1821.66,saver#r6,sustained20s,5.959,3.154,0.000,5.866,41.680,42.0,998,0
1822.16,saver#r6,sustained20s,5.980,3.113,0.000,5.866,41.680,42.0,1080,0
1822.68,saver#r6,sustained20s,5.942,3.146,0.000,5.865,41.670,43.0,1207,0
1823.18,saver#r6,sustained20s,5.326,2.653,0.000,5.865,41.670,43.0,786,0
1823.69,saver#r6,sustained20s,3.252,1.247,0.000,5.865,41.670,40.0,1651,0
1824.20,saver#r6,sustained20s,7.558,3.654,0.000,5.865,41.670,40.0,940,0
1824.70,saver#r6,sustained20s,5.957,3.119,0.000,5.862,41.670,42.0,1042,0
1825.21,saver#r6,sustained20s,5.974,3.206,0.000,5.862,41.670,42.0,1013,0
1825.72,saver#r6,sustained20s,5.980,3.048,0.000,5.862,41.670,42.0,949,0
1826.23,saver#r6,sustained20s,5.966,3.095,0.000,5.862,41.670,42.0,897,0
1826.74,saver#r6,sustained20s,5.970,3.082,0.000,5.866,41.660,42.0,897,0
1827.25,saver#r6,sustained20s,5.968,3.073,0.000,5.866,41.660,42.0,899,0
1827.76,saver#r6,sustained20s,5.952,3.041,0.000,5.866,41.660,43.0,971,0
1828.27,saver#r6,sustained20s,5.972,3.112,0.000,5.866,41.660,43.0,1025,0
1828.78,saver#r6,sustained20s,5.951,3.134,0.000,5.866,41.660,43.0,1106,0
1829.29,saver#r6,sustained20s,5.817,3.067,0.000,5.866,41.660,43.0,1171,0
1829.80,saver#r6,sustained20s,4.276,1.865,0.000,5.866,41.650,42.0,969,0
1830.30,saver#r6,sustained20s,4.706,1.906,0.000,5.866,41.650,42.0,1790,0
1830.81,saver#r6,sustained20s,6.935,3.640,0.000,5.866,41.650,43.0,942,0
1831.32,saver#r6,sustained20s,5.959,3.167,0.000,5.866,41.650,43.0,941,0
1831.83,saver#r6,sustained20s,5.964,3.187,0.000,5.860,41.650,43.0,1039,0
1832.34,saver#r6,sustained20s,5.979,3.061,0.000,5.860,41.650,43.0,924,0
1832.85,saver#r6,sustained20s,5.967,3.026,0.000,5.860,41.650,43.0,946,0
1833.36,saver#r6,sustained20s,5.967,3.031,0.000,5.860,41.650,43.0,942,0
1833.87,saver#r6,sustained20s,5.971,3.038,0.000,5.861,41.640,43.0,930,0
1834.38,saver#r6,sustained20s,5.947,3.120,0.000,5.861,41.640,43.0,978,0
1834.89,saver#r6,sustained20s,5.971,3.131,0.000,5.861,41.640,43.0,975,0
1835.39,saver#r6,sustained20s,5.945,3.147,0.000,5.861,41.640,43.0,1011,0
1835.90,saver#r6,sustained20s,5.492,2.682,0.000,5.864,41.640,42.0,1035,0
1836.41,saver#r6,sustained20s,3.276,1.234,0.000,5.864,41.640,42.0,1611,0
1836.92,saver#r6,sustained20s,7.714,3.785,0.000,5.864,41.640,43.0,926,0
1837.43,saver#r6,sustained20s,5.952,3.149,0.000,5.864,41.640,43.0,1029,0
1837.94,saver#r6,sustained20s,5.973,3.302,0.000,5.862,41.630,44.0,1031,0
1838.44,saver#r6,sustained20s,5.973,3.087,0.000,5.862,41.630,44.0,949,0
1838.95,saver#r6,sustained20s,5.972,3.115,0.000,5.862,41.630,44.0,979,0
1839.46,saver#r6,sustained20s,5.977,3.052,0.000,5.862,41.630,44.0,896,0
1839.97,saver#r6,sustained20s,5.970,3.035,0.000,5.862,41.630,43.0,928,0
1840.48,saver#r6,sustained20s,5.954,3.057,0.000,5.862,41.630,43.0,1023,0
1840.99,saver#r6,sustained20s,5.946,3.116,0.000,5.862,41.620,44.0,1033,0
1841.50,saver#r6,sustained20s,5.969,3.165,0.000,5.862,41.620,44.0,1018,0
1842.01,saver#r6,sustained20s,5.826,2.993,0.000,5.862,41.620,45.0,1016,0
1842.52,saver#r6,sustained20s,4.381,1.962,0.000,5.862,41.620,45.0,1461,0
1843.03,saver#r6,sustained20s,0.605,0.075,0.001,5.865,41.620,41.0,697,0
1843.53,saver#r6,end,0.975,0.309,0.001,5.865,41.620,41.0,663,0
1844.04,saver#r6,end,0.370,0.016,0.003,5.865,41.620,41.0,906,0
1844.55,saver#r6,end,0.421,0.028,0.001,5.865,41.620,41.0,923,0
1845.06,saver#r6,end,0.359,0.016,0.001,5.900,41.610,41.0,695,0
1845.57,saver#r6,end,0.381,0.018,0.001,5.900,41.610,41.0,817,0
1846.08,saver#r6,end,0.312,0.008,0.000,5.900,41.610,41.0,673,0
