1789821308.402329	37982393121	14496270994	181701744	6137000	34620000	7662000	39000	1361608	0	1701648	0
1789821308.912527	37982705742	14496308470	181701744	6137000	34620000	7662000	39000	791303	0	1487311	0
1789821309.420934	37983177970	14496431211	181701744	6137000	34620000	7662000	37000	674996	0	1599978	0
1789821309.932122	37983443167	14496450193	181701744	6137000	34620000	7662000	37000	1018431	0	1701290	0
1789821310.439660	37983679189	14496456907	181701744	6137000	34620000	7662000	37000	1081971	0	1543057	0
1789821310.951975	37983854421	14496472715	181701744	6137000	34620000	7662000	37000	1121547	0	1561263	0
1789821311.459149	37984050343	14496480039	181701744	6178000	34610000	7714000	37000	759574	0	1502274	0
1789821311.971117	37984221058	14496492124	181701744	6178000	34610000	7714000	37000	1079923	0	1500831	0
1789821312.479291	37984394336	14496496092	181701744	6178000	34610000	7714000	37000	1201078	0	1498539	0
1789821312.990022	37984710254	14496524351	181701744	6178000	34610000	7714000	37000	974215	0	1521809	0
1789821313.496646	37984905871	14496529966	181701744	6179000	34610000	7715000	37000	800355	0	1520762	0
1789821314.008623	37985075304	14496541379	181701744	6179000	34610000	7715000	37000	1252313	0	1477400	0
1789821314.515818	37985571091	14496705319	181701744	6179000	34610000	7715000	37000	692377	0	1641882	0
1789821315.027630	37985755478	14496715756	181701744	6179000	34610000	7715000	37000	687565	0	1600284	0
1789821315.535328	37985914352	14496721005	181701744	6178000	34610000	7714000	37000	571389	0	1383803	0
1789821316.046488	37986240218	14496752072	181701744	6178000	34610000	7714000	37000	673186	0	1353602	0
1789821316.551678	37986411360	14496757504	181701744	6178000	34610000	7714000	36000	682483	0	1530201	0
1789821317.062086	37986694440	14496787228	181701744	6178000	34610000	7714000	36000	1147088	0	1600023	0
1789821317.566696	37986903912	14496793881	181701744	6189000	34600000	7727000	36000	651278	0	1425989	0
1789821318.076305	37987199627	14496828488	181701744	6189000	34600000	7727000	36000	852768	0	1500015	0
1789821318.583451	37987351299	14496832455	181701744	6189000	34600000	7727000	36000	694664	0	1500018	0
1789821319.092815	37987770548	14496868771	181701744	6189000	34600000	7727000	36000	859772	0	1337392	0
1789821319.599739	37987934610	14496873898	181701744	6188000	34600000	7726000	36000	459579	0	651257	0
1789821320.109558	37988304788	14496932003	181701744	6188000	34600000	7726000	36000	791811	0	1455647	0
1789821320.615504	37988448952	14496935849	181701744	6188000	34600000	7726000	36000	667603	0	1600000	0
1789821321.125047	37988741981	14496951901	181701744	6188000	34600000	7726000	36000	805443	0	1494404	0
1789821321.633052	37988985633	14496957638	181701744	6188000	34600000	7726000	36000	1435934	0	1600019	0
1789821322.142000	37989295020	14496997433	181701744	6188000	34600000	7726000	36000	983914	0	1427317	0
1789821322.648368	37989474096	14497008053	181701744	6190000	34600000	7728000	36000	1292463	0	1496464	0
1789821323.157435	37989670995	14497018856	181701744	6190000	34600000	7728000	36000	602172	0	1450761	0
1789821323.664944	37991753570	14497882746	181701744	6190000	34600000	7728000	40000	1428431	0	1500000	0
1789821324.193981	37995142722	14499715627	181701744	6190000	34600000	7728000	40000	1065695	0	1287006	0
1789821324.700999	37998180739	14501347825	181701744	6140000	34590000	7666000	39000	897960	0	1067787	0
1789821325.214092	38001236212	14502963543	181701744	6140000	34590000	7666000	39000	1011798	0	1200024	0
1789821325.721181	38004261717	14504558022	181701744	6140000	34590000	7666000	39000	1038512	0	1200012	0
1789821326.232794	38007321402	14506169834	181701805	6140000	34590000	7666000	39000	939441	0	1100022	0
1789821326.740057	38010348127	14507723724	181701805	6150000	34590000	7678000	39000	954619	0	1173940	0
1789821327.254989	38013426061	14509243862	181701805	6150000	34590000	7678000	39000	885446	0	1037620	0
1789821327.763140	38016453275	14510777671	181701805	6150000	34590000	7678000	40000	1021208	0	1199987	0
1789821328.274184	38019504232	14512362811	181701805	6150000	34590000	7678000	40000	977447	0	1199975	0
1789821328.781903	38022523572	14513953933	181701805	6150000	34580000	7678000	40000	1079739	0	1345247	0
1789821329.293062	38025496160	14515501841	181701805	6150000	34580000	7678000	40000	1366282	0	2000276	0
1789821329.799807	38026484439	14515878183	181701805	6150000	34580000	7678000	38000	723899	0	1800260	0
1789821330.312462	38026697146	14515888559	181701805	6150000	34580000	7678000	38000	776377	0	1700133	0
1789821330.820509	38026861757	14515899362	181701805	6189000	34580000	7727000	37000	703953	0	1700259	0
1789821331.333808	38027151551	14515911630	181701805	6189000	34580000	7727000	37000	687528	0	1600030	0
1789821331.842455	38027336853	14515925851	181701805	6189000	34580000	7727000	37000	957226	0	1525723	0
1789821332.353422	38027521423	14515935434	181701805	6189000	34580000	7727000	37000	677963	0	1521194	0
1789821332.859001	38027760680	14515950815	181701805	6189000	34580000	7727000	37000	828579	0	1600227	0
1789821333.369222	38027971984	14515962472	181701805	6189000	34580000	7727000	37000	645054	0	1455423	0
1789821333.875245	38028347654	14516056955	181701805	6186000	34570000	7723000	39000	767723	0	1700111	0
1789821334.383364	38029133052	14516393868	181701805	6186000	34570000	7723000	39000	1160679	0	1545163	0
1789821334.889567	38029320430	14516405586	181701805	6186000	34570000	7723000	37000	852296	0	1622571	0
1789821335.399659	38029527644	14516419075	181701805	6186000	34570000	7723000	37000	1059529	0	1385733	0
1789821335.905199	38029840570	14516428597	181701805	6189000	34570000	7727000	37000	668974	0	1550163	0
1789821336.417162	38030028558	14516435616	181701805	6189000	34570000	7727000	37000	724733	0	1600000	0
1789821336.923398	38030358757	14516458199	181701805	6189000	34570000	7727000	37000	550678	0	1403022	0
1789821337.431807	38030559257	14516468758	181701805	6189000	34570000	7727000	37000	646189	0	1450821	0
1789821337.938231	38031139517	14516604561	181701805	6188000	34570000	7726000	38000	630530	0	1422707	0
1789821338.447057	38031455800	14516643867	181701805	6188000	34570000	7726000	38000	653520	0	1453689	0
1789821338.953056	38031705128	14516664253	181701805	6188000	34570000	7726000	37000	552040	0	1442269	0
1789821339.461899	38031885731	14516671638	181701805	6188000	34570000	7726000	37000	653298	0	1500000	0
1789821339.966986	38032153064	14516692451	181701805	6190000	34570000	7729000	37000	772955	0	1455516	0
1789821340.476440	38032324634	14516699348	181701805	6190000	34570000	7729000	37000	604767	0	1500000	0
1789821340.982453	38032528918	14516711189	181701805	6190000	34570000	7729000	37000	752335	0	1449742	0
1789821341.494302	38032701647	14516719306	181701805	6190000	34570000	7729000	37000	640222	0	1451499	0
1789821342.000615	38032871568	14516730720	181701805	6191000	34560000	7730000	37000	652403	0	1425827	0
1789821342.509957	38033113267	14516738166	181701805	6191000	34560000	7730000	37000	743424	0	1400075	0
1789821343.016268	38033377487	14516758430	181701805	6191000	34560000	7730000	37000	1078909	0	1470354	0
1789821343.524997	38033546432	14516766181	181701805	6191000	34560000	7730000	37000	644265	0	1408605	0
1789821344.031308	38036140969	14517934147	181701805	6139000	34560000	7665000	38000	493910	0	600006	0
1789821344.552185	38038208408	14518869752	181701805	6139000	34560000	7665000	38000	491838	0	600006	0
1789821345.067197	38040256132	14519750060	181701805	6139000	34560000	7665000	38000	446392	0	500010	0
1789821345.588123	38042320946	14520658932	181701805	6139000	34560000	7665000	38000	488163	0	600000	0
1789821346.108004	38044380206	14521569208	181701805	6139000	34560000	7665000	38000	493055	0	600006	0
1789821346.637293	38046484387	14522503715	181701805	6139000	34560000	7665000	38000	483185	0	577485	0
1789821347.149043	38048517890	14523361440	181701805	6163000	34560000	7695000	38000	440426	0	499994	0
1789821347.682099	38050634462	14524257068	181701805	6163000	34560000	7695000	38000	447340	0	500005	0
1789821348.199117	38052689022	14525098191	181701805	6163000	34560000	7695000	38000	448558	0	500000	0
1789821348.734778	38054851981	14525952742	181701805	6163000	34560000	7695000	38000	444501	0	500000	0
1789821349.254714	38056916062	14526798687	181701805	6164000	34550000	7696000	39000	446093	0	500000	0
1789821349.790009	38059038188	14527691324	181701805	6164000	34550000	7696000	39000	489831	0	599993	0
1789821350.304157	38061083166	14528531044	181701805	6164000	34550000	7696000	39000	450001	0	500000	0
1789821350.829127	38063168427	14529388158	181701805	6164000	34550000	7696000	39000	441408	0	500000	0
1789821351.348020	38065223536	14530229587	181701805	6164000	34550000	7696000	39000	445200	0	500005	0
1789821351.878064	38067328572	14531111420	181701805	6164000	34550000	7696000	39000	434459	0	474142	0
1789821352.389094	38069347671	14531969023	181701805	6164000	34550000	7696000	39000	564781	0	700007	0
1789821352.906388	38071398081	14532881130	181701805	6164000	34550000	7696000	39000	574878	0	700007	0
1789821353.418043	38073378300	14533786340	181701805	6164000	34540000	7696000	41000	784492	0	1562545	0
1789821353.927921	38075403442	14534762778	181701805	6164000	34540000	7696000	41000	754240	0	1517734	0
1789821354.434181	38077482233	14535738240	181701805	6164000	34540000	7696000	39000	445614	0	500015	0
1789821354.951295	38079521290	14536609392	181701805	6164000	34540000	7696000	39000	499345	0	600000	0
1789821355.464120	38081561507	14537501052	181701805	6160000	34540000	7691000	39000	496262	0	597223	0
1789821355.999993	38083679361	14538427930	181701805	6160000	34540000	7691000	39000	542386	0	599993	0
1789821356.520041	38085748813	14539328623	181701805	6160000	34540000	7691000	39000	444882	0	500000	0
1789821357.054025	38087868070	14540233223	181701805	6160000	34540000	7691000	39000	493741	0	599987	0
1789821357.577801	38089944237	14541142462	181701805	6161000	34530000	7692000	39000	491013	0	600006	0
1789821358.098056	38092018084	14541999576	181701805	6161000	34530000	7692000	39000	445740	0	500010	0
1789821358.611303	38094051404	14542866090	181701805	6161000	34530000	7692000	39000	500006	0	600006	0
1789821359.132256	38096121650	14543752135	181701805	6161000	34530000	7692000	39000	443194	0	500000	0
1789821359.644135	38098153261	14544611447	181701805	6162000	34530000	7693000	39000	460343	0	600000	0
1789821360.166256	38100226803	14545476313	181701805	6162000	34530000	7693000	39000	440760	0	499994	0
1789821360.678136	38102253043	14546354179	181701805	6162000	34530000	7693000	39000	580691	0	700000	0
1789821361.196131	38104318224	14547198782	181701805	6162000	34530000	7693000	39000	439426	0	499984	0
1789821361.716316	38106380047	14548066516	181701805	6162000	34530000	7693000	39000	460011	0	598464	0
1789821362.236094	38108431311	14548931992	181701805	6162000	34530000	7693000	39000	572257	0	700000	0
1789821362.748067	38110464082	14549812666	181701805	6162000	34520000	7693000	40000	596334	0	700000	0
1789821363.265409	38112519008	14550702923	181701805	6162000	34520000	7693000	40000	478528	0	600000	0
1789821363.772984	38114516562	14551601419	181701805	6162000	34520000	7693000	40000	630259	0	942030	0
1789821364.284575	38116550980	14552534339	181701805	6162000	34520000	7693000	40000	642283	0	868045	0
1789821364.790119	38118277722	14553293370	181701805	6162000	34520000	7694000	39000	1101724	0	1899417	0
1789821365.301819	38118601695	14553350560	181701805	6162000	34520000	7694000	39000	1397703	0	1659541	0
1789821365.809498	38119044260	14553501927	181701805	6162000	34520000	7694000	39000	697449	0	1600132	0
1789821366.322566	38119227548	14553508275	181701805	6162000	34520000	7694000	39000	674998	0	1600000	0
1789821366.830599	38119383859	14553514866	181701805	6187000	34510000	7725000	38000	689017	0	1600155	0
1789821367.343126	38119595711	14553528660	181701805	6187000	34510000	7725000	38000	645059	0	1460258	0
1789821367.850922	38120338935	14553955112	181701805	6187000	34510000	7725000	41000	1637686	0	1800180	0
1789821368.365046	38123195495	14556135343	181701805	6187000	34510000	7725000	41000	710583	0	884594	0
1789821368.874939	38125215326	14557520655	181701805	6157000	34510000	7687000	41000	749003	0	900000	0
1789821369.387918	38127250660	14558942587	181701805	6157000	34510000	7687000	41000	741564	0	900027	0
1789821369.893953	38129258528	14560337176	181701805	6157000	34510000	7687000	40000	746568	0	900000	0
1789821370.405972	38131292886	14561746413	181701805	6157000	34510000	7687000	40000	745682	0	900018	0
1789821370.914479	38133311558	14563101878	181701805	6160000	34510000	7691000	40000	743638	0	899990	0
1789821371.426921	38135345732	14564521430	181701805	6160000	34510000	7691000	40000	717658	0	900000	0
1789821371.935139	38137358972	14565924258	181701805	6160000	34510000	7691000	41000	809498	0	975862	0
1789821372.447151	38139377033	14567335449	181701805	6160000	34510000	7691000	41000	931157	0	1253006	0
1789821372.953825	38140944534	14568350278	181701805	6160000	34510000	7691000	39000	725032	0	1800021	0
1789821373.465131	38141466078	14568468319	181701805	6160000	34510000	7691000	39000	851914	0	2700484	0
1789821373.970183	38141707532	14568510678	181701805	6168000	34500000	7701000	38000	752135	0	1779214	0
1789821374.478511	38142220654	14568665523	181701805	6168000	34500000	7701000	38000	665433	0	1499910	0
1789821374.985081	38142448314	14568676510	181701805	6168000	34500000	7701000	38000	1112097	0	1654065	0
1789821375.496475	38142668223	14568685726	181701805	6168000	34500000	7701000	38000	1028424	0	1407689	0
1789821376.003931	38143178903	14568882381	181701805	6183000	34500000	7720000	40000	1589356	0	1700265	0
1789821376.517961	38146114625	14571201039	181701805	6183000	34500000	7720000	40000	1120168	0	1279816	0
1789821377.026803	38148137631	14572614000	181701805	6183000	34500000	7720000	40000	1128832	0	1300000	0
1789821377.538583	38150162039	14574055707	181701805	6183000	34500000	7720000	40000	1141655	0	1362704	0
1789821378.044769	38152169359	14575510538	181701805	6162000	34490000	7693000	40000	1166353	0	1400000	0
1789821378.554733	38154177593	14576909033	181701805	6162000	34490000	7693000	40000	1371488	0	1587113	0
1789821379.059998	38156128516	14578293673	181701805	6162000	34490000	7693000	41000	1522564	0	1739226	0
1789821379.569014	38158217805	14579772551	181701805	6162000	34490000	7693000	41000	1243780	0	1462329	0
1789821380.076954	38160234340	14581230433	181701805	6137000	34490000	7662000	41000	1190952	0	1400000	0
1789821380.585942	38162249838	14582668539	181701805	6137000	34490000	7662000	41000	1278430	0	1500015	0
1789821381.090953	38164261430	14584117388	181701805	6137000	34490000	7662000	41000	1190719	0	1400000	0
1789821381.601907	38166283214	14585537917	181701805	6137000	34490000	7662000	41000	1269289	0	1500000	0
1789821382.106847	38168280157	14586963206	181701805	6159000	34480000	7690000	41000	1338320	0	1557295	0
1789821382.615711	38169803469	14587967842	181701805	6159000	34480000	7690000	41000	1058478	0	2400000	0
1789821383.121899	38170550659	14588305183	181701805	6159000	34480000	7690000	39000	1320000	0	2779551	0
1789821383.634528	38170893371	14588379828	181701805	6159000	34480000	7690000	39000	717288	0	1800246	0
1789821384.142156	38171380186	14588533270	181701805	6159000	34480000	7690000	39000	1081594	0	1535117	0
1789821384.653447	38171651364	14588569464	181701805	6159000	34480000	7690000	39000	671627	0	1600016	0
1789821385.160099	38171845761	14588574286	181701805	6185000	34480000	7722000	39000	916547	0	1701300	0
1789821385.672997	38172045895	14588581610	181701805	6185000	34480000	7722000	39000	665205	0	1521600	0
1789821386.181781	38173359612	14589344487	181701805	6185000	34480000	7722000	43000	902192	0	2917306	0
1789821386.690961	38174819264	14590270876	181701805	6185000	34480000	7722000	43000	891930	0	3035347	0
1789821387.196366	38176219468	14591134582	181701805	6169000	34480000	7702000	43000	912522	0	3099968	0
1789821387.704761	38177588178	14592014158	181701805	6169000	34480000	7702000	43000	901090	0	3001151	0
1789821388.209576	38178940286	14592894343	181701805	6169000	34480000	7702000	43000	909062	0	3030994	0
1789821388.719442	38180327367	14593803948	181701805	6169000	34480000	7702000	43000	907945	0	3043185	0
1789821389.225807	38181685030	14594691397	181701805	6170000	34470000	7704000	43000	929381	0	3034763	0
1789821389.734410	38183262907	14595787158	181701805	6170000	34470000	7704000	43000	920631	0	3100000	0
1789821390.238898	38184645350	14596688096	181701805	6170000	34470000	7704000	43000	1307856	0	3050446	0
1789821390.747121	38186022787	14597590620	181701805	6170000	34470000	7704000	43000	897343	0	2978545	0
1789821391.252255	38187465045	14598557110	181701805	6170000	34470000	7704000	43000	891386	0	2996145	0
1789821391.762331	38188822890	14599437112	181701805	6170000	34470000	7704000	43000	893970	0	2951490	0
1789821392.267831	38190209850	14600348121	181701805	6170000	34470000	7704000	43000	903948	0	2931343	0
1789821392.779585	38191624641	14601240635	181701805	6170000	34470000	7704000	43000	904750	0	3037620	0
1789821393.285833	38192973514	14602120333	181701805	6170000	34460000	7704000	43000	898702	0	2889488	0
1789821393.794268	38194329529	14603010284	181701805	6170000	34460000	7704000	43000	912539	0	3100000	0
1789821394.299765	38196110896	14604081448	181701805	6170000	34460000	7704000	43000	1075361	0	3100000	0
1789821394.808592	38197431083	14604930995	181701805	6170000	34460000	7704000	43000	898774	0	2943816	0
1789821395.313077	38198837879	14605864952	181701805	6170000	34460000	7704000	44000	1304008	0	3031891	0
1789821395.822133	38199927659	14606499106	181701805	6170000	34460000	7704000	44000	679035	0	1600192	0
1789821396.330959	38200496200	14606672506	181701805	6168000	34460000	7701000	41000	1038002	0	1837296	0
1789821396.843648	38200650008	14606678671	181701805	6168000	34460000	7701000	41000	677605	0	1549043	0
1789821397.351848	38200842452	14606685690	181701805	6168000	34460000	7701000	39000	828402	0	1600034	0
1789821397.864414	38200991804	14606691488	181701805	6168000	34460000	7701000	39000	1197491	0	1547140	0
1789821398.372888	38201235151	14606699850	181701805	6186000	34460000	7723000	38000	1227852	0	1699252	0
1789821398.885018	38202076518	14607128377	181701805	6186000	34460000	7723000	38000	1201690	0	3100031	0
1789821399.391661	38204490147	14608707657	181701805	6186000	34460000	7723000	43000	1096209	0	2400000	0
1789821399.901950	38206541107	14609792921	181701805	6186000	34460000	7723000	43000	1051076	0	2300000	0
1789821400.407705	38208522242	14610489574	181701805	6160000	34450000	7691000	40000	1175672	0	2700501	0
1789821400.917391	38210548298	14611732003	181701805	6160000	34450000	7691000	40000	832746	0	2361998	0
1789821401.423296	38212576980	14612901128	181701805	6160000	34450000	7691000	43000	1084457	0	2400000	0
1789821401.929964	38214608408	14613662723	181701805	6160000	34450000	7691000	43000	637500	0	2300000	0
1789821402.434502	38215346199	14613893984	181701805	6160000	34450000	7691000	39000	725025	0	1800205	0
1789821402.946908	38216025884	14614121828	181701805	6160000	34450000	7691000	39000	901484	0	1455345	0
1789821403.453326	38216429814	14614146730	181701805	6160000	34450000	7691000	39000	682713	0	1561514	0
1789821403.965985	38216668095	14614151491	181701805	6160000	34450000	7691000	39000	680856	0	1600086	0
1789821404.473944	38217255557	14614332887	181701805	6176000	34450000	7711000	38000	687533	0	1600000	0
1789821404.986270	38217409182	14614338258	181701805	6176000	34450000	7711000	38000	633030	0	1464156	0
1789821405.493998	38219076719	14615434813	181701805	6176000	34450000	7711000	47000	929833	0	3038421	0
1789821406.001869	38221159538	14616911555	181701805	6176000	34450000	7711000	47000	1118551	0	3050167	0
1789821406.507174	38223139880	14618337576	181701805	6176000	34450000	7711000	47000	911080	0	3052981	0
1789821407.014553	38225202802	14619784167	181701805	6176000	34450000	7711000	47000	1471900	0	3100031	0
1789821407.518992	38227235817	14621227584	181701805	6157000	34440000	7687000	43000	961903	0	2740205	0
1789821408.027621	38229134066	14622559917	181701805	6157000	34440000	7687000	43000	915372	0	3099968	0
1789821408.532539	38231132108	14624001502	181701805	6157000	34440000	7687000	47000	929834	0	3038081	0
1789821409.040385	38233108360	14625415683	181701805	6157000	34440000	7687000	47000	917202	0	3099968	0
1789821409.545595	38235128741	14626852630	181701805	6156000	34440000	7686000	48000	909356	0	2974440	0
1789821410.054383	38236760939	14627955716	181701805	6156000	34440000	7686000	48000	676716	0	1513276	0
1789821410.562723	38237129529	14628048428	181701805	6156000	34440000	7686000	40000	865049	0	1786393	0
1789821411.073786	38237408520	14628115750	181701805	6156000	34440000	7686000	40000	715270	0	1722186	0
1789821411.581428	38237591930	14628124600	181701805	6174000	34430000	7709000	39000	687660	0	1600147	0
1789821412.092561	38237743908	14628128689	181701805	6174000	34430000	7709000	39000	669117	0	1600178	0
1789821412.600173	38237961009	14628135952	181701805	6174000	34430000	7709000	38000	791168	0	1652981	0
1789821413.113525	38238200205	14628156094	181701805	6174000	34430000	7709000	38000	792380	0	1478116	0
1789821413.622032	38238728646	14628349636	181701805	6184000	34430000	7721000	39000	641285	0	1500000	0
1789821414.134898	38239244148	14628495143	181701805	6184000	34430000	7721000	39000	1249204	0	1700204	0
1789821414.641205	38239517707	14628549159	181701805	6184000	34430000	7721000	38000	655721	0	1523377	0
1789821415.151442	38239777411	14628566371	181701805	6184000	34430000	7721000	38000	927466	0	1535226	0
1789821415.657037	38239938909	14628571681	181701805	6182000	34430000	7719000	39000	892108	0	1628073	0
1789821416.167018	38240109258	14628581447	181701805	6182000	34430000	7719000	39000	798496	0	1525645	0
1789821416.673132	38240287907	14628587916	181701805	6182000	34430000	7719000	38000	628756	0	1440429	0
1789821417.183428	38240611515	14628633143	181702354	6182000	34430000	7719000	38000	1365064	0	1680571	0
1789821417.689557	38241159121	14628832545	181702476	6186000	34420000	7723000	38000	730668	0	1539454	0
1789821418.199025	38241355287	14628842677	181702476	6186000	34420000	7723000	38000	930258	0	1499961	0
1789821418.705641	38241537233	14628849940	181702476	6186000	34420000	7723000	38000	541577	0	1461358	0
1789821419.214630	38241714723	14628859095	181702476	6186000	34420000	7723000	38000	768715	0	1500000	0
1789821419.721306	38241903992	14628869776	181702476	6186000	34420000	7723000	38000	559980	0	1499978	0
1789821420.232384	38242216674	14628884974	181702537	6186000	34420000	7723000	38000	611580	0	1415931	0
1789821420.738306	38242392211	14628893641	181702537	6189000	34420000	7727000	38000	638701	0	1499981	0
1789821421.248336	38242689024	14628923304	181702537	6189000	34420000	7727000	38000	663917	0	1543919	0
1789821421.754044	38242868772	14628930628	181702537	6189000	34420000	7727000	38000	640062	0	1458281	0
1789821422.265321	38243061643	14628940577	181702537	6189000	34420000	7727000	38000	579418	0	1418835	0
1789821422.772729	38243241086	14628949366	181702537	6187000	34420000	7725000	38000	680227	0	1536058	0
1789821423.281977	38243423336	14628959009	181702537	6187000	34420000	7725000	38000	867555	0	1467560	0
1789821423.788575	38243638241	14628970423	181702537	6187000	34420000	7725000	38000	642837	0	1425884	0
1789821424.298328	38244221918	14629160730	181702537	6187000	34420000	7725000	38000	771965	0	1442732	0
1789821424.805046	38244404718	14629169885	181702537	6181000	34420000	7717000	38000	858652	0	1600018	0
1789821425.314147	38244587274	14629177698	181702537	6181000	34420000	7717000	38000	831277	0	1500000	0
1789821425.819564	38244838799	14629186426	181702537	6181000	34420000	7717000	38000	636753	0	1456878	0
1789821426.329375	38245053947	14629195642	181702537	6181000	34420000	7717000	38000	793981	0	1507543	0
1789821426.835414	38245234367	14629204492	181702537	6186000	34420000	7723000	38000	632142	0	1441635	0
1789821427.345198	38247618272	14630324911	181702537	6186000	34420000	7723000	38000	936101	0	1100000	0
1789821427.853089	38250167887	14631548602	181702537	6186000	34420000	7723000	39000	684135	0	800000	0
1789821428.378001	38252773105	14632840347	181702537	6186000	34420000	7723000	39000	704257	0	833985	0
1789821428.891732	38255323086	14634058850	181702537	6154000	34410000	7684000	40000	688990	0	800000	0
1789821429.411013	38257906087	14635332894	181702537	6154000	34410000	7684000	40000	682904	0	800000	0
1789821429.921983	38260447463	14636529913	181702537	6154000	34410000	7684000	40000	694519	0	800016	0
1789821430.443981	38263042549	14637738894	181702537	6154000	34410000	7684000	40000	683611	0	774157	0
1789821430.955976	38265586304	14638933532	181702537	6154000	34410000	7684000	40000	667427	0	756588	0
1789821431.478003	38268182550	14640130245	181702537	6154000	34410000	7684000	40000	660380	0	800000	0
1789821431.993090	38270737109	14641329888	181702537	6152000	34400000	7681000	40000	716709	0	840495	0
1789821432.508062	38273298809	14642536550	181702537	6152000	34400000	7681000	40000	687364	0	800007	0
1789821433.018710	38275821935	14643739428	181702537	6152000	34400000	7681000	41000	723659	0	1000000	0
1789821433.531335	38278371123	14644971053	181702537	6152000	34400000	7681000	41000	768004	0	1000010	0
1789821434.037728	38280868370	14646205730	181702537	6151000	34400000	7680000	41000	1051027	0	1300000	0
1789821434.547049	38283317643	14647394326	181702537	6151000	34400000	7680000	41000	1050021	0	2000210	0
1789821435.053085	38285944407	14648671300	181702537	6151000	34400000	7680000	41000	683071	0	800008	0
1789821435.579009	38288558414	14649914522	181702537	6151000	34400000	7680000	41000	693899	0	800008	0
1789821436.090974	38291101071	14651147978	181702537	6150000	34390000	7679000	41000	680618	0	789612	0
1789821436.611975	38293689077	14652412379	181702537	6150000	34390000	7679000	41000	695387	0	800008	0
1789821437.124377	38296233260	14653613609	181702598	6150000	34390000	7679000	41000	746999	0	900000	0
1789821437.647580	38298832069	14654858845	181703514	6150000	34390000	7679000	41000	684244	0	799991	0
1789821438.159005	38301377595	14656066728	181703514	6151000	34390000	7680000	41000	699247	0	800008	0
1789821438.683022	38303980737	14657283888	181703514	6151000	34390000	7680000	41000	692243	0	793574	0
1789821439.192208	38306509967	14658488414	181704307	6151000	34390000	7680000	41000	679732	0	800008	0
1789821439.709273	38309091991	14659669319	181704307	6151000	34390000	7680000	41000	490700	0	600000	0
1789821440.222183	38311623723	14660871281	181704307	6151000	34380000	7680000	41000	742168	0	900009	0
1789821440.734296	38314167174	14662089479	181704307	6151000	34380000	7680000	41000	686489	0	867836	0
1789821441.242069	38316690544	14663295103	181704307	6151000	34380000	7680000	41000	690233	0	900018	0
1789821441.755240	38319258591	14664481318	181704307	6151000	34380000	7680000	41000	494791	0	600000	0
1789821442.263350	38321746561	14665494133	181704307	6143000	34380000	7670000	42000	799164	0	1199987	0
1789821442.773875	38323733433	14666420278	181704307	6143000	34380000	7670000	42000	1590981	0	2201000	0
1789821443.281733	38323994419	14666454091	181704307	6143000	34380000	7670000	39000	766043	0	1595767	0
1789821443.794565	38324460604	14666599050	181704307	6143000	34380000	7670000	39000	916992	0	1500300	0
1789821444.302782	38325087190	14666801747	181704307	6143000	34380000	7670000	39000	860758	0	1754465	0
1789821444.814445	38325291352	14666815480	181704307	6143000	34380000	7670000	39000	804888	0	1517155	0
1789821445.322704	38325488068	14666822377	181704307	6166000	34370000	7699000	39000	928244	0	1514505	0
1789821445.833954	38326428190	14667191760	181704307	6166000	34370000	7699000	39000	1592151	0	1700092	0
1789821446.340957	38329883442	14669916607	181704307	6166000	34370000	7699000	42000	1045642	0	1200024	0
1789821446.850950	38332418165	14671804786	181704307	6166000	34370000	7699000	42000	990213	0	1175213	0
1789821447.355940	38334926337	14673676424	181704307	6145000	34370000	7672000	42000	1046457	0	1200000	0
1789821447.867947	38337473022	14675553311	181704307	6145000	34370000	7672000	42000	1042331	0	1200000	0
1789821448.372942	38339982354	14677425682	181704307	6145000	34370000	7672000	42000	1031285	0	1200012	0
1789821448.883936	38342521227	14679303851	181704307	6145000	34370000	7672000	42000	1041272	0	1200000	0
1789821449.389058	38344913067	14681079481	181704307	6146000	34360000	7674000	43000	968151	0	1600016	0
1789821449.896038	38345887185	14681594556	181704307	6146000	34360000	7674000	43000	1488049	0	1800228	0
1789821450.401241	38346446388	14681797741	181704307	6146000	34360000	7674000	39000	854837	0	1773042	0
1789821450.910184	38346599952	14681803845	181704307	6146000	34360000	7674000	39000	1034809	0	1588181	0
1789821451.415048	38346785071	14681809521	181704307	6182000	34360000	7718000	39000	786539	0	1566054	0
1789821451.924349	38346936133	14681814892	181704307	6182000	34360000	7718000	39000	648750	0	1516473	0
1789821452.430472	38347097998	14681820385	181704307	6182000	34360000	7718000	39000	647341	0	1397433	0
1789821452.938942	38349118500	14683345528	181704307	6182000	34360000	7718000	39000	2025934	0	2200412	0
1789821453.453925	38352085961	14685630739	181704307	6138000	34350000	7663000	42000	1542346	0	1800000	0
1789821453.963940	38354606584	14687570615	181704307	6138000	34350000	7663000	42000	1491487	0	1500186	0
1789821454.470518	38357133494	14689453666	181704307	6138000	34350000	7663000	42000	1577921	0	1842249	0
1789821454.979690	38359551396	14691300158	181704307	6138000	34350000	7663000	42000	1661824	0	3000515	0
1789821455.485000	38362155820	14693285261	181704307	6138000	34350000	7663000	42000	1639957	0	1700000	0
1789821455.995942	38364723868	14695263649	181704307	6138000	34350000	7663000	42000	1415733	0	1700017	0
1789821456.500947	38367218613	14697184604	181704307	6139000	34350000	7665000	42000	1524594	0	1600016	0
1789821457.010743	38369730569	14699127653	181704307	6139000	34350000	7665000	42000	1785902	0	1800285	0
1789821457.517043	38372216464	14701042504	181704307	6139000	34350000	7665000	42000	1772249	0	2100271	0
1789821458.025030	38373513702	14701888083	181704307	6139000	34350000	7665000	42000	1474087	0	1900297	0
1789821458.534130	38374038847	14702025045	181704307	6146000	34340000	7674000	41000	1092188	0	1847590	0
1789821459.045070	38374276578	14702053182	181704307	6146000	34340000	7674000	41000	1174823	0	1700316	0
1789821459.550609	38374472439	14702061117	181704307	6146000	34340000	7674000	39000	669632	0	1556877	0
1789821460.063802	38374652126	14702070638	181704307	6146000	34340000	7674000	39000	996338	0	1600242	0
1789821460.571921	38374828701	14702075399	181704307	6178000	34340000	7714000	39000	700036	0	1600231	0
1789821461.083919	38375423487	14702368733	181704307	6178000	34340000	7714000	39000	1494303	0	3100031	0
1789821461.590534	38377072591	14703425921	181704307	6178000	34340000	7714000	42000	1226008	0	3100000	0
1789821462.102644	38378496416	14704340896	181704307	6178000	34340000	7714000	42000	1226731	0	2982539	0
1789821462.609756	38379856703	14705246167	181704307	6165000	34340000	7697000	42000	1202626	0	3077269	0
1789821463.120020	38381418405	14706263987	181704307	6165000	34340000	7697000	42000	1423265	0	3042079	0
1789821463.625394	38382878302	14707214912	181704307	6165000	34340000	7697000	42000	1236414	0	3056493	0
1789821464.136766	38384735169	14708382695	181704307	6165000	34340000	7697000	42000	1418374	0	3100000	0
1789821464.642609	38386333249	14709498537	181704307	6162000	34330000	7693000	44000	1226619	0	3074080	0
1789821465.156069	38387970879	14710587401	181704307	6162000	34330000	7693000	44000	1225651	0	3100000	0
1789821465.661037	38389411366	14711553768	181704307	6162000	34330000	7693000	44000	1673400	0	3099968	0
1789821466.169596	38390923874	14712585748	181704307	6162000	34330000	7693000	44000	1904714	0	3037593	0
1789821466.677764	38392365521	14713549796	181704307	6162000	34330000	7693000	42000	1203189	0	3007033	0
1789821467.189345	38393876503	14714576527	181704307	6162000	34330000	7693000	42000	1581948	0	3017925	0
1789821467.696663	38395307408	14715520006	181704307	6160000	34330000	7691000	42000	1248451	0	3096161	0
1789821468.208792	38396722077	14716452865	181704307	6160000	34330000	7691000	42000	1046436	0	3099968	0
1789821468.715296	38398129910	14717385480	181704307	6160000	34330000	7691000	42000	1237919	0	3099968	0
1789821469.227253	38399629357	14718353922	181704307	6160000	34330000	7691000	42000	1214631	0	2996342	0
1789821469.733924	38401055867	14719306556	181704307	6157000	34320000	7687000	42000	1377694	0	3100000	0
1789821470.243165	38402482011	14720269566	181704307	6157000	34320000	7687000	42000	1357630	0	3048889	0
1789821470.750066	38403843458	14721134371	181704307	6157000	34320000	7687000	40000	908702	0	1799967	0
1789821471.261954	38404154004	14721199618	181704307	6157000	34320000	7687000	40000	1117482	0	1600128	0
1789821471.769765	38404529064	14721335421	181704307	6173000	34320000	7707000	39000	926447	0	1600271	0
1789821472.282897	38404817821	14721355867	181704307	6173000	34320000	7707000	39000	917688	0	1700246	0
1789821472.789643	38405114817	14721393038	181704307	6173000	34320000	7707000	39000	971344	0	1531820	0
1789821473.301729	38405411813	14721401155	181704307	6173000	34320000	7707000	39000	961042	0	1497635	0
1789821473.810157	38406014351	14721591340	181704307	6180000	34320000	7716000	42000	1644946	0	1785689	0
1789821474.321760	38408991150	14723480069	181704307	6180000	34320000	7716000	42000	1633055	0	2523817	0
1789821474.828473	38411474420	14724921105	181704307	6180000	34320000	7716000	43000	1117403	0	2499857	0
1789821475.338127	38413904162	14725752829	181704307	6180000	34320000	7716000	43000	1012404	0	2332928	0
1789821475.845512	38416286053	14727289507	181704307	6159000	34310000	7690000	50000	916208	0	3029437	0
1789821476.356030	38418885534	14728780348	181704307	6159000	34310000	7690000	50000	875318	0	2602351	0
1789821476.859995	38421046844	14729516979	181704307	6159000	34310000	7690000	40000	691275	0	1600219	0
1789821477.373002	38421633634	14729722362	181704307	6159000	34310000	7690000	40000	950634	0	1700070	0
1789821477.880107	38421956449	14729751232	181704307	6159000	34310000	7690000	40000	1175134	0	1542495	0
1789821478.392943	38422140530	14729757457	181704307	6159000	34310000	7690000	40000	740016	0	1600026	0
1789821478.900329	38422390835	14729770519	181704307	6179000	34310000	7715000	39000	684041	0	1600018	0
1789821479.412634	38422553737	14729776439	181704307	6179000	34310000	7715000	39000	665954	0	1599982	0
1789821479.920802	38423276392	14730088328	181704307	6179000	34310000	7715000	45000	1237664	0	3100000	0
1789821480.430351	38425647296	14731779791	181705040	6179000	34310000	7715000	45000	1215186	0	3100000	0
1789821480.937337	38427760267	14733320558	181705040	6164000	34300000	7696000	46000	1249399	0	3100000	0
1789821481.448206	38429929573	14734884886	181705040	6164000	34300000	7696000	46000	1031877	0	3100000	0
1789821481.953739	38432024965	14736416071	181705040	6164000	34300000	7696000	46000	1223500	0	3099968	0
1789821482.463291	38434134701	14737936269	181705040	6164000	34300000	7696000	46000	1208576	0	3053721	0
1789821482.970108	38436221610	14739443529	181705040	6152000	34300000	7681000	46000	1237944	0	3100000	0
1789821483.480840	38438322374	14740980695	181705040	6152000	34300000	7681000	46000	1006175	0	3100031	0
1789821483.987021	38440423870	14742513650	181705040	6152000	34300000	7681000	46000	1251861	0	3100000	0
1789821484.497493	38442772618	14744142857	181705040	6152000	34300000	7681000	46000	885670	0	1700240	0
1789821485.005682	38443103855	14744194920	181705040	6150000	34290000	7678000	41000	1086752	0	1700220	0
1789821485.516511	38443479709	14744282689	181705040	6150000	34290000	7678000	41000	712533	0	1700250	0
1789821486.024559	38443754550	14744296666	181705040	6150000	34290000	7678000	39000	967419	0	1600102	0
1789821486.537001	38443934542	14744304112	181705040	6150000	34290000	7678000	39000	675017	0	1500207	0
1789821487.044932	38444242891	14744315281	181705040	6181000	34290000	7717000	39000	671797	0	1574240	0
1789821487.557929	38444460541	14744329319	181705040	6181000	34290000	7717000	39000	675021	0	1599977	0
1789821488.065982	38444998443	14744480564	181705040	6181000	34290000	7717000	39000	1365942	0	2600600	0
1789821488.574851	38445212676	14744493992	181705040	6181000	34290000	7717000	39000	649041	0	1592287	0
1789821489.082259	38445466459	14744507847	181705040	6174000	34290000	7709000	39000	675032	0	1600024	0
1789821489.595468	38445701749	14744513950	181705040	6174000	34290000	7709000	39000	658753	0	1470107	0
1789821490.104530	38445899319	14744525303	181705040	6174000	34290000	7709000	39000	794469	0	1600000	0
1789821490.617951	38446161587	14744531223	181705040	6174000	34290000	7709000	39000	835557	0	1500426	0
1789821491.125590	38446427089	14744552707	181705040	6174000	34290000	7709000	39000	662521	0	1499910	0
1789821491.637762	38446732142	14744592746	181707725	6174000	34290000	7709000	39000	683492	0	1567756	0
1789821492.145836	38447296105	14744749240	181707786	6180000	34290000	7716000	39000	675029	0	1500237	0
1789821492.659015	38447468041	14744755893	181707786	6180000	34290000	7716000	39000	550011	0	1600090	0
1789821493.166130	38447703697	14744777927	181707786	6180000	34290000	7716000	39000	652262	0	1517921	0
1789821493.679051	38447920555	14744796603	181707786	6180000	34290000	7716000	39000	1070839	0	1599778	0
1789821494.186075	38448568258	14744962374	181707786	6181000	34280000	7717000	39000	1531363	0	1701989	0
1789821494.696833	38448792073	14744984896	181707786	6181000	34280000	7717000	39000	697938	0	1600197	0
1789821495.205939	38449044636	14745000521	181707786	6181000	34280000	7717000	39000	998038	0	1536143	0
1789821495.717651	38449243671	14745017794	181707786	6181000	34280000	7717000	39000	996418	0	1442965	0
1789821496.226123	38449519733	14745027010	181707786	6182000	34280000	7719000	39000	763617	0	1554339	0
1789821496.738309	38449773028	14745043551	181707786	6182000	34280000	7719000	39000	651261	0	1450607	0
1789821497.247063	38449997026	14745058382	181707786	6182000	34280000	7719000	38000	672106	0	1510697	0
1789821497.759991	38450195451	14745075045	181707786	6182000	34280000	7719000	38000	937589	0	1600196	0
1789821498.267851	38450403886	14745086092	181707786	6181000	34280000	7717000	39000	700040	0	1600322	0
1789821498.779485	38450607132	14745101900	181707786	6181000	34280000	7717000	39000	794402	0	1500193	0
1789821499.288001	38450801223	14745111483	181707786	6181000	34280000	7717000	39000	1193285	0	1500195	0
1789821499.799983	38450991653	14745126253	181707786	6181000	34280000	7717000	39000	634665	0	1500000	0
1789821500.306843	38451198744	14745136385	181707786	6181000	34280000	7717000	38000	809627	0	1600032	0
1789821500.819096	38451583143	14745193941	181707786	6181000	34280000	7717000	38000	654108	0	1532671	0
1789821501.326961	38451839612	14745207003	181707786	6181000	34280000	7717000	39000	615011	0	1519986	0
1789821501.840984	38454269476	14746247649	181707786	6181000	34280000	7717000	39000	1386667	0	1500000	0
1789821502.347162	38457155577	14747746974	181707786	6181000	34280000	7717000	41000	850025	0	1000020	0
1789821502.866814	38460002433	14749218772	181707786	6181000	34280000	7717000	41000	797515	0	900000	0
1789821503.373004	38462770187	14750634479	181707786	6139000	34270000	7665000	41000	777018	0	899990	0
1789821503.889024	38465591469	14752039444	181707786	6139000	34270000	7665000	41000	773384	0	900000	0
1789821504.397010	38468370209	14753439220	181707786	6139000	34270000	7665000	41000	742978	0	900009	0
1789821504.910655	38471183068	14754793038	181707786	6139000	34270000	7665000	41000	736366	0	900000	0
1789821505.417998	38473956193	14756181706	181707786	6145000	34270000	7672000	41000	741715	0	900000	0
1789821505.937204	38476790171	14757593385	181707786	6145000	34270000	7672000	41000	792980	0	923549	0
1789821506.444192	38479562624	14758944394	181707786	6145000	34270000	7672000	42000	839151	0	1000010	0
1789821506.955969	38482355952	14760314630	181707786	6145000	34270000	7672000	42000	818461	0	1088541	0
1789821507.463063	38485124988	14761726614	181707786	6143000	34260000	7670000	42000	901183	0	1200000	0
1789821507.973729	38487891888	14763193651	181707786	6143000	34260000	7670000	42000	1047216	0	1627193	0
1789821508.479874	38490143591	14764198531	181707786	6143000	34260000	7670000	42000	1070851	0	2400000	0
1789821508.991082	38493494351	14765802592	181707786	6143000	34260000	7670000	42000	747982	0	900009	0
1789821509.501004	38496282674	14767211890	181707786	6142000	34260000	7668000	42000	788011	0	900000	0
1789821510.015885	38499099073	14768675509	181707786	6142000	34260000	7668000	42000	785120	0	899990	0
1789821510.522248	38501867255	14770092803	181707786	6142000	34260000	7668000	42000	784306	0	900000	0
1789821511.035077	38504675048	14771481044	181707786	6142000	34260000	7668000	42000	750004	0	900000	0
1789821511.543986	38507455497	14772819969	181707786	6141000	34250000	7667000	42000	790934	0	900009	0
1789821512.058032	38510267136	14774204670	181707786	6141000	34250000	7667000	42000	785968	0	900000	0
1789821512.564993	38513039712	14775543961	181707786	6141000	34250000	7667000	42000	766267	0	900000	0
1789821513.079220	38515847566	14776941968	181707786	6141000	34250000	7667000	42000	800821	0	925203	0
1789821513.587075	38518623621	14778324533	181707786	6141000	34250000	7667000	42000	839706	0	1000000	0
1789821514.099832	38521430498	14779737310	181707786	6141000	34250000	7667000	42000	843077	0	999979	0
1789821514.607519	38524165538	14781144594	181707786	6142000	34240000	7668000	43000	976206	0	1699982	0
1789821515.118431	38526878787	14782580442	181707786	6142000	34240000	7668000	43000	847714	0	1800082	0
1789821515.623417	38527954468	14782967343	181707786	6142000	34240000	7668000	40000	892639	0	1600017	0
1789821516.137618	38528458739	14783096798	181707786	6142000	34240000	7668000	40000	1248088	0	2493627	0
1789821516.645751	38528639830	14783102413	181707786	6172000	34240000	7706000	40000	662084	0	1496042	0
1789821517.158627	38528838377	14783114620	181707786	6172000	34240000	7706000	40000	543601	0	1548809	0
1789821517.664054	38529064329	14783119503	181707786	6172000	34240000	7706000	39000	907696	0	1459748	0
1789821518.173276	38529220578	14783124508	181707786	6172000	34240000	7706000	39000	689597	0	1570880	0
1789821518.680926	38531698477	14785104361	181707786	6178000	34230000	7713000	44000	1893809	0	2199416	0
1789821519.192508	38534620284	14787350510	181707786	6178000	34230000	7713000	44000	1139296	0	1300013	0
1789821519.697612	38537382667	14789434856	181707786	6178000	34230000	7713000	43000	1144660	0	1300013	0
1789821520.205943	38540160858	14791557470	181707786	6178000	34230000	7713000	43000	1144919	0	1300013	0
1789821520.710926	38542923302	14793683929	181707786	6138000	34230000	7663000	43000	1143022	0	1300013	0
1789821521.222124	38545710709	14795832178	181707786	6138000	34230000	7663000	43000	1198576	0	1400014	0
1789821521.727943	38548152842	14797638875	181707786	6138000	34230000	7663000	42000	938607	0	1701740	0
1789821522.239646	38548594918	14797756551	181707786	6138000	34230000	7663000	42000	984536	0	2800609	0
1789821522.744952	38548888131	14797800130	181707786	6170000	34220000	7704000	40000	669173	0	1553237	0
1789821523.257999	38549122749	14797808675	181707786	6170000	34220000	7704000	40000	687525	0	1600021	0
1789821523.766010	38549282783	14797812642	181707786	6170000	34220000	7704000	40000	742954	0	1573147	0
1789821524.278760	38549842108	14798011372	181707786	6170000	34220000	7704000	40000	840025	0	1638180	0
1789821524.785752	38550316655	14798107990	181707786	6170000	34220000	7704000	41000	1567686	0	1700287	0
1789821525.293984	38553823482	14800954968	181707786	6170000	34220000	7704000	41000	1874323	0	2200307	0
1789821525.800004	38556781238	14803307989	181707786	6175000	34220000	7710000	43000	1837319	0	2000293	0
1789821526.314833	38559594097	14805525147	181707786	6175000	34220000	7710000	43000	1669512	0	1900297	0
1789821526.820028	38562326817	14807635188	181707786	6175000	34220000	7710000	43000	1988169	0	2399998	0
1789821527.329948	38565018033	14809654164	181707786	6175000	34220000	7710000	43000	2097069	0	2500582	0
1789821527.834946	38567956197	14812009505	181707786	6139000	34210000	7665000	43000	1539608	0	1800018	0
1789821528.345618	38570704420	14814169656	181707786	6139000	34210000	7665000	43000	1689599	0	1900244	0
1789821528.850953	38573461920	14816328525	181707786	6139000	34210000	7665000	43000	1918280	0	2000300	0
1789821529.360074	38576071960	14818357877	181707786	6139000	34210000	7665000	43000	1375603	0	1599983	0
1789821529.864950	38576594664	14818587247	181707786	6138000	34210000	7664000	40000	902249	0	1700095	0
1789821530.375408	38577062070	14818745267	181707786	6138000	34210000	7664000	40000	1000992	0	1754245	0
1789821530.881810	38577240658	14818751126	181707786	6138000	34210000	7664000	40000	655664	0	1456557	0
1789821531.392217	38577464595	14818768521	181707786	6138000	34210000	7664000	40000	630548	0	1425068	0
1789821531.898636	38577629024	14818772488	181707786	6178000	34200000	7713000	40000	651358	0	1438689	0
1789821532.408394	38577810176	14818780850	181707786	6178000	34200000	7713000	40000	646345	0	1492167	0
1789821532.914074	38578987846	14819469142	181707786	6178000	34200000	7713000	43000	1288801	0	2989355	0
1789821533.422710	38580571582	14820532982	181707786	6178000	34200000	7713000	43000	1257032	0	3014453	0
1789821533.927863	38581918319	14821421285	181707786	6159000	34200000	7690000	43000	1287230	0	2855957	0
1789821534.435687	38583771769	14822581866	181707786	6159000	34200000	7690000	43000	1454426	0	3046160	0
1789821534.939930	38585151710	14823503311	181707786	6159000	34200000	7690000	44000	1042464	0	2999243	0
1789821535.449002	38586584384	14824469495	181707786	6159000	34200000	7690000	44000	1793412	0	3100031	0
1789821535.953737	38587998687	14825412608	181707786	6158000	34200000	7689000	44000	1049218	0	3075233	0
1789821536.462028	38589610255	14826552803	181707786	6158000	34200000	7689000	44000	1041251	0	3100000	0
1789821536.966714	38591013267	14827497014	181707786	6158000	34200000	7689000	44000	1020644	0	2972165	0
1789821537.475028	38592433673	14828457949	181707786	6158000	34200000	7689000	44000	1461704	0	3099968	0
1789821537.979182	38593913772	14829471985	181707786	6158000	34200000	7689000	44000	1153631	0	3100000	0
1789821538.488096	38595328258	14830415586	181707786	6158000	34200000	7689000	44000	1459201	0	3066831	0
1789821538.993952	38597092597	14831594782	181707786	6159000	34190000	7690000	44000	1061919	0	3100040	0
1789821539.500577	38598623294	14832554008	181707786	6159000	34190000	7690000	44000	1227991	0	3067691	0
1789821540.004962	38600085692	14833491933	181707786	6159000	34190000	7690000	44000	1990462	0	2925328	0
1789821540.512982	38601548518	14834454577	181707786	6159000	34190000	7690000	44000	1183043	0	2888651	0
1789821541.017523	38602914054	14835362289	181707786	6158000	34190000	7689000	44000	1309487	0	3100055	0
1789821541.525682	38604300708	14836277631	181707786	6158000	34190000	7689000	44000	1043526	0	2974613	0
1789821542.030457	38605727524	14837245830	181707786	6158000	34190000	7689000	45000	1283280	0	3100000	0
1789821542.537712	38606809735	14837896096	181707786	6158000	34190000	7689000	45000	732247	0	2023912	0
1789821543.042993	38607298626	14838075173	181707786	6160000	34180000	7691000	45000	684615	0	2659952	0
1789821543.550169	38607475749	14838086159	181707786	6160000	34180000	7691000	45000	643769	0	1384742	0
1789821544.056076	38607714335	14838124550	181707786	6160000	34180000	7691000	40000	1408141	0	1701024	0
1789821544.564453	38608205545	14838281777	181707786	6160000	34180000	7691000	40000	605917	0	1543280	0
1789821545.070500	38608351479	14838285683	181707786	6178000	34180000	7713000	40000	904118	0	1550138	0
1789821545.581053	38609134070	14838621497	181707786	6178000	34180000	7713000	40000	1090542	0	2999969	0
1789821546.086792	38612117461	14840628755	181707786	6178000	34180000	7713000	47000	1282102	0	3100031	0
1789821546.595189	38614829307	14842037687	181707786	6178000	34180000	7713000	47000	1085300	0	2803584	0
1789821547.099565	38617316178	14843128993	181707786	6178000	34180000	7713000	49000	1563207	0	3100000	0
1789821547.607134	38619782969	14844784812	181707786	6178000	34180000	7713000	49000	716160	0	2929287	0
1789821548.111518	38622429446	14846047260	181707786	6151000	34180000	7680000	46000	948110	0	2900029	0
1789821548.618675	38623839111	14846456621	181707786	6151000	34180000	7680000	46000	788190	0	1570352	0
1789821549.123444	38624380552	14846640032	181707786	6151000	34180000	7680000	40000	677504	0	1543101	0
1789821549.632023	38624568479	14846647783	181707786	6151000	34180000	7680000	40000	611913	0	1520006	0
1789821550.138403	38624743283	14846655290	181707786	6165000	34170000	7697000	40000	556838	0	1386783	0
1789821550.647364	38625010677	14846664385	181707786	6165000	34170000	7697000	40000	645379	0	1500019	0
1789821551.153661	38625231502	14846668474	181707786	6165000	34170000	7697000	40000	760543	0	1500020	0
1789821551.663357	38626563774	14847535415	181707786	6165000	34170000	7697000	40000	1271644	0	2999969	0
1789821552.167728	38628795275	14849170482	181707786	6174000	34170000	7709000	45000	1583527	0	3100000	0
1789821552.674985	38630907452	14850694159	181707786	6174000	34170000	7709000	45000	1042342	0	3100031	0
1789821553.179578	38632985877	14852197573	181707786	6174000	34170000	7709000	45000	1255386	0	3029209	0
1789821553.687534	38635050569	14853704406	181707786	6174000	34170000	7709000	45000	1496433	0	3099968	0
1789821554.192731	38637370509	14855294367	181707786	6149000	34160000	7677000	49000	1248162	0	3100000	0
1789821554.701044	38639477071	14856828787	181707786	6149000	34160000	7677000	49000	1227897	0	3100000	0
1789821555.205812	38641558792	14858350329	181707786	6149000	34160000	7677000	49000	1299503	0	3100031	0
1789821555.713750	38643648386	14859878828	181707786	6149000	34160000	7677000	49000	1064890	0	3100000	0
1789821556.218071	38645194036	14860945293	181707786	6148000	34160000	7676000	41000	880780	0	1516514	0
1789821556.729156	38645702458	14861069499	181707786	6148000	34160000	7676000	41000	906256	0	2115769	0
1789821557.233428	38645940372	14861111613	181707786	6148000	34160000	7676000	40000	769694	0	1500019	0
1789821557.742073	38646193240	14861119731	181707786	6148000	34160000	7676000	40000	974177	0	1388030	0
1789821558.248424	38646397524	14861128581	181707786	6148000	34160000	7676000	40000	942946	0	1485630	0
1789821558.758525	38646566103	14861134257	181707786	6148000	34160000	7676000	40000	564698	0	1385145	0
1789821559.264476	38646764040	14861147319	181707786	6177000	34160000	7712000	39000	1348956	0	1604837	0
1789821559.774345	38647340210	14861357279	181707786	6177000	34160000	7712000	39000	672575	0	1676160	0
1789821560.280073	38647512939	14861365580	181707786	6177000	34160000	7712000	40000	658987	0	1502378	0
1789821560.788262	38647677428	14861372111	181707786	6177000	34160000	7712000	40000	679858	0	1600000	0
1789821561.293817	38647848021	14861379313	181707786	6174000	34150000	7709000	39000	774556	0	1497015	0
1789821561.804023	38648033201	14861389506	181707786	6174000	34150000	7709000	39000	631017	0	1429077	0
1789821562.310350	38648271055	14861396158	181707786	6174000	34150000	7709000	40000	778499	0	1540590	0
1789821562.820583	38648435422	14861402689	181707786	6174000	34150000	7709000	40000	585001	0	1486890	0
1789821563.325591	38648615170	14861411661	181707786	6177000	34150000	7712000	39000	741144	0	1600000	0
1789821563.835345	38649170222	14861619607	181707786	6177000	34150000	7712000	39000	757415	0	1498459	0
1789821564.340935	38649786188	14861806863	181707786	6177000	34150000	7712000	39000	570618	0	1559868	0
1789821564.849302	38649975701	14861813027	181707786	6177000	34150000	7712000	39000	659740	0	1536262	0
1789821565.355405	38650302849	14861857644	181708152	6174000	34150000	7708000	39000	1034314	0	1630332	0
1789821565.865619	38650836478	14862062722	181708214	6174000	34150000	7708000	39000	618057	0	1422441	0
1789821566.370328	38651079336	14862074196	181708214	6174000	34150000	7708000	39000	582613	0	1458684	0
1789821566.879468	38651251394	14862079933	181708214	6174000	34150000	7708000	39000	661747	0	1538988	0
1789821567.385458	38651475148	14862096047	181708275	6177000	34150000	7712000	39000	637843	0	1414597	0
1789821567.895235	38651741932	14862105690	181708275	6177000	34150000	7712000	39000	638225	0	1403245	0
1789821568.401271	38651953540	14862117104	181708275	6177000	34150000	7712000	39000	567417	0	1500022	0
1789821568.911485	38652176501	14862132668	181708336	6177000	34150000	7712000	39000	570116	0	1447758	0
1789821569.416629	38652368456	14862140724	181708336	6177000	34150000	7712000	39000	669443	0	1396833	0
1789821569.926431	38652567492	14862154579	181708336	6177000	34150000	7712000	39000	940567	0	1554375	0
1789821570.433313	38652749803	14862161232	181708336	6178000	34140000	7714000	39000	687171	0	1557701	0
1789821570.942991	38652924119	14862170387	181708336	6178000	34140000	7714000	39000	643100	0	1386785	0
1789821571.449104	38653109421	14862180336	181708336	6178000	34140000	7714000	39000	568739	0	1415804	0
1789821571.959502	38653290756	14862188515	181708336	6178000	34140000	7714000	39000	510553	0	1284425	0
1789821572.464693	38653483871	14862197365	181708336	6179000	34140000	7715000	39000	688135	0	1600022	0
1789821572.975179	38653659408	14862206215	181708336	6179000	34140000	7715000	39000	628259	0	1431362	0
1789821573.481463	38653968794	14862213783	181708336	6179000	34140000	7715000	39000	820207	0	1543340	0
1789821573.989935	38654153547	14862221962	181708336	6179000	34140000	7715000	39000	761212	0	1457945	0
1789821574.496119	38654695599	14862399635	181708336	6178000	34140000	7714000	39000	1067542	0	1600027	0
1789821575.005349	38654916057	14862411170	181708336	6178000	34140000	7714000	39000	1210812	0	1469128	0
1789821575.510059	38657620030	14863629978	181708336	6178000	34140000	7714000	42000	1472401	0	1500221	0
1789821576.021055	38660763088	14865322479	181708336	6178000	34140000	7714000	42000	1041747	0	1200012	0
1789821576.528987	38663801105	14866905727	181708336	6135000	34130000	7660000	41000	922865	0	1100000	0
1789821577.043391	38666869274	14868505027	181708336	6135000	34130000	7660000	41000	954025	0	1131952	0
1789821577.547985	38669881290	14870032977	181708336	6135000	34130000	7660000	42000	941566	0	1100011	0
1789821578.058975	38672933772	14871600844	181708336	6135000	34130000	7660000	42000	894289	0	1037681	0
1789821578.567925	38675970142	14873165293	181708336	6138000	34130000	7663000	42000	919378	0	1070835	0
1789821579.081178	38679033427	14874732672	181708336	6138000	34130000	7663000	42000	1039526	0	1200000	0
1789821579.588211	38682049228	14876277651	181708336	6138000	34130000	7663000	42000	1102483	0	1400000	0
1789821580.099654	38685092738	14877889158	181708336	6138000	34130000	7663000	42000	1014423	0	1500000	0
1789821580.606489	38688119341	14879507440	181708336	6136000	34120000	7661000	42000	1015981	0	1500015	0
1789821581.117085	38690865184	14880885977	181708336	6136000	34120000	7661000	42000	1083805	0	2044914	0
1789821581.622066	38694198550	14882485399	181708336	6136000	34120000	7661000	43000	947296	0	1100000	0
1789821582.135512	38697267145	14884071637	181708336	6136000	34120000	7661000	43000	932043	0	1100000	0
1789821582.643979	38700295458	14885699990	181708336	6136000	34120000	7661000	43000	1040082	0	1200000	0
1789821583.153194	38703337259	14887264134	181708336	6136000	34120000	7661000	43000	1044593	0	1200012	0
1789821583.661056	38706368135	14888800324	181708336	6135000	34120000	7660000	42000	917041	0	1044181	0
1789821584.183994	38709483361	14890394985	181708336	6135000	34120000	7660000	42000	1045193	0	1200012	0
1789821584.691003	38712517289	14891957115	181708336	6135000	34120000	7660000	42000	922741	0	1099988	0
1789821585.202197	38715561837	14893524433	181708336	6135000	34120000	7660000	42000	1000504	0	1200000	0
1789821585.710754	38718590333	14895097915	181708336	6134000	34110000	7659000	43000	1019758	0	1400000	0
1789821586.219542	38721628899	14896704295	181708336	6134000	34110000	7659000	43000	1030337	0	1381571	0
1789821586.725954	38724644944	14898304267	181708336	6134000	34110000	7659000	43000	999961	0	1500000	0
1789821587.236310	38727338357	14899590519	181708336	6134000	34110000	7659000	43000	1268631	0	2445164	0
1789821587.741925	38727881203	14899727420	181708336	6133000	34100000	7657000	40000	865561	0	1801213	0
1789821588.253812	38728425757	14899903750	181708336	6133000	34100000	7657000	40000	756811	0	1400232	0
1789821588.762006	38728618566	14899908694	181708336	6133000	34100000	7657000	40000	1207057	0	1754333	0
1789821589.271336	38728788305	14899916018	181708336	6133000	34100000	7657000	40000	592049	0	1455390	0
1789821589.777427	38728967198	14899922305	181708336	6175000	34100000	7710000	40000	764910	0	1407462	0
1789821590.286062	38729128819	14899927127	181708336	6175000	34100000	7710000	40000	662820	0	1500000	0
1789821590.792952	38732665675	14902766048	181708336	6175000	34100000	7710000	44000	1262543	0	1500000	0
1789821591.301954	38735701251	14905135243	181708336	6175000	34100000	7710000	44000	1295528	0	1500000	0
1789821591.807946	38738723277	14907500410	181708336	6130000	34100000	7654000	44000	1261039	0	1487990	0
1789821592.320934	38741784365	14909889015	181708336	6130000	34100000	7654000	44000	1300044	0	1500015	0
1789821592.824882	38744787714	14912179781	181708336	6130000	34100000	7654000	44000	1298514	0	1500000	0
1789821593.333778	38747640490	14914397304	181708336	6130000	34100000	7654000	44000	1250514	0	1600016	0
1789821593.838638	38748412766	14914780421	181708336	6130000	34100000	7654000	41000	851815	0	1700231	0
1789821594.347513	38749124129	14915083277	181708336	6130000	34100000	7654000	41000	914161	0	1600019	0
1789821594.853506	38749446028	14915091272	181708336	6162000	34090000	7693000	40000	730057	0	1539917	0
1789821595.363714	38749661298	14915098230	181708336	6162000	34090000	7693000	40000	890688	0	1518022	0
1789821595.869459	38749805829	14915104029	181708336	6162000	34090000	7693000	40000	555591	0	1421276	0
1789821596.378501	38749967389	14915109156	181708336	6162000	34090000	7693000	40000	648165	0	1356992	0
1789821596.884953	38752820348	14917403705	181708336	6175000	34090000	7710000	44000	1987176	0	2400418	0
1789821597.393930	38756144253	14920085156	181708336	6175000	34090000	7710000	44000	1814608	0	2100288	0
1789821597.898940	38759151020	14922507574	181708336	6175000	34090000	7710000	43000	2012012	0	2200390	0
1789821598.407870	38762174450	14924864136	181708336	6175000	34090000	7710000	43000	1983934	0	2400282	0
1789821598.912987	38764929387	14926931879	181708336	6134000	34080000	7658000	44000	1877898	0	2200291	0
1789821599.423575	38768243831	14929644153	181708336	6134000	34080000	7658000	44000	1912529	0	2300298	0
1789821599.928461	38771283801	14932107647	181708336	6134000	34080000	7658000	43000	1790106	0	2000270	0
1789821600.440054	38774322856	14934531896	181708336	6134000	34080000	7658000	43000	2026590	0	2200570	0
1789821600.944039	38776906101	14936515473	181708336	6130000	34070000	7653000	44000	1861641	0	2400024	0
1789821601.454196	38777706270	14936920074	181708336	6130000	34070000	7653000	44000	1263109	0	1599971	0
1789821601.961330	38778189729	14937089873	181708336	6130000	34070000	7653000	40000	687931	0	1600203	0
1789821602.474003	38778378937	14937099212	181708336	6130000	34070000	7653000	40000	918397	0	1700198	0
1789821602.982801	38778521759	14937102996	181708336	6174000	34070000	7708000	40000	1024336	0	1599973	0
1789821603.496357	38778684417	14937108733	181708336	6174000	34070000	7708000	40000	1191696	0	1605701	0
1789821604.004632	38778911895	14937112090	181708336	6174000	34070000	7708000	40000	1115908	0	1642557	0
1789821604.515679	38780486659	14938060757	181708336	6174000	34070000	7708000	40000	1034433	0	3072693	0
1789821605.020090	38782058371	14939097681	181708336	6174000	34070000	7708000	43000	1331713	0	2972694	0
1789821605.527889	38783430926	14940005149	181708336	6174000	34070000	7708000	43000	1275059	0	2961557	0
1789821606.032848	38784907790	14940956746	181708336	6155000	34070000	7685000	43000	1471447	0	3003603	0
1789821606.541002	38786314464	14941893694	181708336	6155000	34070000	7685000	43000	1282347	0	3046349	0
1789821607.045769	38787806098	14942899856	181708336	6155000	34070000	7685000	43000	1050133	0	3100000	0
1789821607.553906	38789264896	14943872021	181708336	6155000	34070000	7685000	43000	1107138	0	3100000	0
1789821608.058368	38790841002	14944991892	181708336	6154000	34060000	7683000	43000	1313657	0	3100000	0
1789821608.565711	38792291194	14945967170	181708336	6154000	34060000	7683000	43000	1270398	0	3054032	0
1789821609.070232	38793716117	14946918461	181708336	6154000	34060000	7683000	43000	1609569	0	3099968	0
1789821609.578976	38795281848	14947960146	181708336	6154000	34060000	7683000	43000	1297463	0	3049247	0
1789821610.083761	38796672164	14948886474	181708336	6155000	34060000	7685000	43000	1306104	0	3100000	0
1789821610.592239	38798127422	14949872616	181708336	6155000	34060000	7685000	43000	1062771	0	3028542	0
1789821611.096612	38799525550	14950806086	181708336	6155000	34060000	7685000	43000	1283619	0	3050026	0
1789821611.604647	38800932895	14951746879	181708336	6155000	34060000	7685000	43000	1195065	0	2958705	0
1789821612.109892	38802362762	14952697438	181708336	6157000	34050000	7687000	43000	1290979	0	3036165	0
1789821612.618297	38803769985	14953627856	181708336	6157000	34050000	7687000	43000	1104705	0	3100000	0
1789821613.122693	38805169884	14954569565	181708336	6157000	34050000	7687000	45000	1269268	0	3008008	0
1789821613.631154	38806596394	14955523420	181708336	6157000	34050000	7687000	45000	1493649	0	3099968	0
1789821614.135694	38807829179	14956234417	181708336	6155000	34050000	7685000	41000	1502165	0	1601869	0
1789821614.645287	38808396255	14956415202	181708336	6155000	34050000	7685000	41000	1070663	0	1599620	0
1789821615.151521	38808670913	14956425883	181708336	6155000	34050000	7685000	40000	690399	0	1600000	0
1789821615.660918	38808877089	14956432963	181708336	6155000	34050000	7685000	40000	1076804	0	1580131	0
1789821616.166408	38809046949	14956438640	181708336	6155000	34050000	7685000	40000	1141374	0	1554433	0
1789821616.674955	38809206556	14956444011	181708336	6155000	34050000	7685000	40000	1102049	0	1579789	0
1789821617.180423	38809940685	14956824076	181708336	6174000	34050000	7708000	49000	1221501	0	3100000	0
1789821617.687971	38812819340	14958770238	181708336	6174000	34050000	7708000	49000	995845	0	3100031	0
1789821618.192399	38815440244	14960073396	181708336	6174000	34050000	7708000	46000	718250	0	2946006	0
1789821618.698988	38817900259	14961137297	181708336	6174000	34050000	7708000	46000	731823	0	3054589	0
1789821619.203120	38820386825	14962787500	181708336	6131000	34040000	7655000	49000	956709	0	3099968	0
1789821619.709967	38823094216	14964047812	181708336	6131000	34040000	7655000	49000	999229	0	3100000	0
1789821620.213873	38824472020	14964438253	181708336	6131000	34040000	7655000	41000	845510	0	1600020	0
1789821620.723578	38824910007	14964594075	181708336	6131000	34040000	7655000	41000	605636	0	1539972	0
1789821621.229423	38825076755	14964599874	181708336	6161000	34040000	7692000	40000	672843	0	1600000	0
1789821621.738258	38825284212	14964607808	181708336	6161000	34040000	7692000	40000	1111920	0	1550804	0
1789821622.244253	38825440279	14964610982	181708336	6161000	34040000	7692000	40000	968513	0	1647110	0
1789821622.752983	38825611055	14964618367	181708336	6161000	34040000	7692000	40000	944577	0	1600019	0
1789821623.258288	38826898893	14965437884	181708336	6174000	34040000	7708000	49000	930307	0	3099968	0
1789821623.764809	38829075340	14967020156	181708336	6174000	34040000	7708000	49000	1024126	0	3100000	0
1789821624.269237	38831524004	14968689158	181708336	6174000	34040000	7708000	49000	1147412	0	2927764	0
1789821624.776781	38833520825	14970132574	181708336	6174000	34040000	7708000	49000	959763	0	3100000	0
1789821625.280380	38835528693	14971577334	181708336	6144000	34030000	7671000	49000	965611	0	2945075	0
1789821625.787821	38837420839	14972868834	181708336	6144000	34030000	7671000	49000	851128	0	3049432	0
1789821626.291933	38839433590	14974318721	181708336	6144000	34030000	7671000	50000	775060	0	3100000	0
1789821626.799285	38841446708	14975777640	181708336	6144000	34030000	7671000	50000	972832	0	2946118	0
1789821627.303776	38843471056	14977236743	181708336	6144000	34030000	7671000	50000	1163797	0	3099969	0
1789821627.810131	38845458782	14978611862	181708336	6144000	34030000	7671000	50000	1177902	0	1997742	0
1789821628.315183	38845709636	14978636032	181708336	6145000	34020000	7672000	40000	998608	0	1900178	0
1789821628.826712	38846124735	14978770797	181708336	6145000	34020000	7672000	40000	592830	0	1500030	0
1789821629.332515	38846382059	14978777755	181708336	6145000	34020000	7672000	40000	951231	0	1638493	0
1789821629.843313	38846567971	14978786971	181708336	6145000	34020000	7672000	40000	649630	0	1421464	0
1789821630.349007	38846748513	14978793319	181708336	6170000	34020000	7703000	40000	654429	0	1467339	0
1789821630.858143	38847081703	14978840865	181708336	6170000	34020000	7703000	40000	674917	0	1526634	0
1789821631.364098	38847578955	14979027205	181708336	6170000	34020000	7703000	41000	1034153	0	1700756	0
1789821631.874480	38847788610	14979062666	181708336	6170000	34020000	7703000	41000	755348	0	1500000	0
1789821632.380118	38847935400	14979066328	181708336	6171000	34020000	7705000	40000	656836	0	1431417	0
1789821632.890130	38848096227	14979073164	181708336	6171000	34020000	7705000	40000	661219	0	1500018	0
1789821633.396326	38848284886	14979077559	181708336	6171000	34020000	7705000	40000	664897	0	1500000	0
1789821633.906104	38848438328	14979082930	181708336	6171000	34020000	7705000	40000	590893	0	1500094	0
1789821634.411637	38849002475	14979272443	181708336	6176000	34020000	7711000	40000	597674	0	1600020	0
1789821634.921432	38849191805	14979287336	181708336	6176000	34020000	7711000	40000	432752	0	662017	0
1789821635.427450	38849713654	14979491498	181708336	6176000	34020000	7711000	39000	681641	0	1556787	0
1789821635.938153	38849876740	14979500897	181708336	6176000	34020000	7711000	39000	1356429	0	1662471	0
1789821636.444335	38850152313	14979515058	181708336	6171000	34010000	7705000	39000	922362	0	1465178	0
1789821636.953104	38850426604	14979561261	181708641	6171000	34010000	7705000	39000	626028	0	1535808	0
1789821637.459370	38850987394	14979772930	181708702	6171000	34010000	7705000	40000	868375	0	1659630	0
1789821637.969482	38851170804	14979783673	181708702	6171000	34010000	7705000	40000	634635	0	1393460	0
1789821638.475131	38851379788	14979793255	181708702	6171000	34010000	7705000	39000	711856	0	1494871	0
1789821638.984158	38851565029	14979803570	181708702	6171000	34010000	7705000	39000	619038	0	1453562	0
1789821639.490441	38851785365	14979815594	181708702	6175000	34010000	7710000	39000	677729	0	1600000	0
1789821640.001214	38851987513	14979826885	181708702	6175000	34010000	7710000	39000	730264	0	1373190	0
1789821640.507240	38852185511	14979833965	181708702	6175000	34010000	7710000	39000	583122	0	1600022	0
1789821641.017407	38852352564	14979845074	181708702	6175000	34010000	7710000	39000	907251	0	1600000	0
1789821641.522512	38852554162	14979851483	181708702	6176000	34010000	7711000	39000	563835	0	1500000	0
1789821642.032689	38852841149	14979863201	181708702	6176000	34010000	7711000	39000	580889	0	1499980	0
1789821642.538264	38853017418	14979869549	181708702	6176000	34010000	7711000	39000	959075	0	1439233	0
1789821643.048377	38853190757	14979878216	181708702	6176000	34010000	7711000	39000	1250163	0	1458475	0
1789821643.553596	38853370322	14979885540	181708702	6176000	34010000	7711000	39000	969851	0	1500977	0
1789821644.065060	38853655783	14979945965	181708702	6176000	34010000	7711000	39000	1382340	0	1600219	0
1789821644.571346	38854089376	14980083293	181708702	6176000	34010000	7711000	39000	913439	0	1549611	0
1789821645.086008	38854365376	14980094402	181708702	6176000	34010000	7711000	39000	712275	0	1546323	0
1789821645.594061	38854612873	14980111064	181708702	6171000	34010000	7705000	39000	672001	0	1575765	0
1789821646.108963	38854806903	14980120281	181708702	6171000	34010000	7705000	39000	1022578	0	1556136	0
1789821646.616922	38855001177	14980128276	181708702	6171000	34010000	7705000	39000	1106881	0	1583030	0
1789821647.127791	38857103162	14980972818	181708702	6171000	34010000	7705000	39000	1525568	0	2000363	0
1789821647.633054	38860716861	14982955173	181708702	6122000	34000000	7643000	42000	1094134	0	1300013	0
1789821648.145849	38864033381	14984783233	181708702	6122000	34000000	7643000	42000	1086271	0	1300026	0
1789821648.654180	38867315660	14986563135	181708702	6122000	34000000	7643000	42000	1190270	0	1400000	0
1789821649.164221	38870616982	14988303426	181708702	6122000	34000000	7643000	42000	1136101	0	1312332	0
1789821649.672074	38873906341	14990006120	181708702	6122000	34000000	7643000	42000	1075677	0	1299987	0
1789821650.182182	38877200645	14991755261	181708702	6122000	34000000	7643000	42000	1140687	0	1324348	0
1789821650.689174	38880432021	14993538276	181708702	6120000	33990000	7641000	43000	1348223	0	1500000	0
1789821651.199641	38883773748	14995356387	181708702	6120000	33990000	7641000	43000	1248113	0	1586532	0
1789821651.705080	38886973569	14997059812	181708702	6120000	33990000	7641000	43000	1335515	0	1500584	0
1789821652.216667	38890254383	14998663812	181708702	6120000	33990000	7641000	43000	1008523	0	1846448	0
1789821652.723962	38893266888	14999935843	181708702	6127000	33990000	7650000	43000	1691135	0	1800283	0
1789821653.235757	38896959078	15001936204	181708702	6127000	33990000	7650000	43000	1116015	0	1300013	0
1789821653.740962	38900228357	15003735455	181708702	6127000	33990000	7650000	43000	1136413	0	1300013	0
1789821654.251992	38903532852	15005545448	181708702	6127000	33990000	7650000	43000	1137298	0	1300013	0
1789821654.761000	38906826362	15007253207	181708702	6128000	33980000	7651000	43000	1082633	0	1300000	0
1789821655.273670	38910146666	15009024870	181708702	6128000	33980000	7651000	43000	1070579	0	1279068	0
1789821655.781980	38913431021	15010760766	181708702	6128000	33980000	7651000	43000	1117898	0	1300000	0
1789821656.292180	38916723920	15012520832	181708702	6128000	33980000	7651000	43000	1190615	0	1400000	0
1789821656.799551	38920005039	15014292312	181708702	6127000	33980000	7650000	43000	1269739	0	1497557	0
1789821657.309894	38923298549	15016096263	181708702	6127000	33980000	7650000	43000	1329834	0	1600000	0
1789821657.815158	38926500079	15017790167	181708702	6127000	33980000	7650000	43000	1159990	0	1903714	0
1789821658.327612	38927928359	15018381779	181708702	6127000	33980000	7650000	43000	710013	0	1700699	0
1789821658.835578	38928404005	15018561344	181708702	6162000	33970000	7694000	41000	737619	0	1899788	0
1789821659.348769	38928585157	15018566288	181708702	6162000	33970000	7694000	41000	696904	0	1800230	0
1789821659.856847	38928781445	15018572209	181708702	6162000	33970000	7694000	40000	796743	0	1600418	0
1789821660.367273	38928980419	15018580631	181708763	6162000	33970000	7694000	40000	755633	0	1499970	0
1789821660.873482	38929281078	15018604679	181708763	6162000	33970000	7694000	40000	666156	0	1521772	0
1789821661.383942	38931854374	15020578307	181708763	6162000	33970000	7694000	40000	1841072	0	2198183	0
1789821661.890950	38935449336	15023443961	181708763	6172000	33960000	7706000	44000	1385225	0	1600000	0
1789821662.403875	38938768175	15026088974	181708763	6172000	33960000	7706000	44000	1392230	0	1600000	0
1789821662.909013	38942033730	15028699441	181708763	6172000	33960000	7706000	44000	1392064	0	1600000	0
1789821663.420926	38945347443	15031322969	181708763	6172000	33960000	7706000	44000	1377138	0	1600016	0
1789821663.924955	38948130883	15033456326	181708763	6122000	33960000	7644000	46000	1351126	0	2299976	0
1789821664.432117	38949061667	15033857326	181708763	6122000	33960000	7644000	46000	562747	0	1454093	0
1789821664.938449	38949502034	15033963099	181708763	6122000	33960000	7644000	41000	669844	0	1495310	0
1789821665.447847	38949678730	15033968226	181708763	6122000	33960000	7644000	41000	558657	0	1336297	0
1789821665.954472	38949865131	15033978419	181708763	6168000	33950000	7701000	40000	669871	0	1563457	0
1789821666.463364	38950016681	15033983180	181708763	6168000	33950000	7701000	40000	1207488	0	1489785	0
1789821666.969152	38950218524	15033995997	181708763	6168000	33950000	7701000	41000	802020	0	1600000	0
1789821667.479938	38953894418	15037006121	181708763	6168000	33950000	7701000	41000	2001840	0	2200385	0
1789821667.984941	38957163575	15039653148	181708763	6122000	33950000	7644000	43000	1972923	0	2200331	0
1789821668.493945	38960481315	15042369389	181708763	6122000	33950000	7644000	43000	1981581	0	2300342	0
1789821669.001942	38963530380	15044767576	181708763	6122000	33950000	7644000	46000	1821355	0	3000000	0
1789821669.508951	38967032873	15047572256	181708763	6122000	33950000	7644000	46000	2031458	0	2300374	0
1789821670.013755	38970363736	15050277938	181708763	6125000	33940000	7647000	44000	1925089	0	2300297	0
1789821670.523929	38973605122	15052926125	181708763	6125000	33940000	7647000	44000	1968280	0	2300376	0
1789821671.028221	38976744762	15055438569	181708763	6125000	33940000	7647000	45000	1548607	0	2400000	0
1789821671.537422	38978288459	15056558256	181708763	6125000	33940000	7647000	45000	673759	0	1500094	0
1789821672.045735	38978782843	15056720976	181708763	6125000	33940000	7647000	41000	720905	0	1600865	0
1789821672.559287	38978940557	15056725736	181708763	6125000	33940000	7647000	41000	678953	0	1531495	0
1789821673.067128	38979120733	15056736357	181708763	6158000	33940000	7689000	41000	865897	0	1569989	0
1789821673.578854	38979294377	15056741300	181708763	6158000	33940000	7689000	41000	908390	0	1465036	0
1789821674.085893	38979935733	15056871854	181708763	6158000	33940000	7689000	42000	1131962	0	1519300	0
1789821674.592915	38980978333	15057434963	181708763	6158000	33940000	7689000	42000	1951779	0	3099968	0
1789821675.096986	38982708431	15058589623	181708763	6166000	33930000	7698000	45000	1190209	0	3045013	0
1789821675.604966	38984080010	15059495077	181708763	6166000	33930000	7698000	45000	1016880	0	2938943	0
1789821676.109006	38985496571	15060424152	181708763	6166000	33930000	7698000	44000	1416572	0	3017542	0
1789821676.617031	38986945847	15061401872	181708763	6166000	33930000	7698000	44000	1306630	0	3100031	0
1789821677.123238	38988406537	15062361769	181708763	6151000	33930000	7680000	44000	1299689	0	2976919	0
1789821677.630088	38989884865	15063339367	181708763	6151000	33930000	7680000	44000	1134395	0	3100000	0
1789821678.134807	38991563450	15064497201	181708763	6151000	33930000	7680000	45000	1366200	0	3032856	0
1789821678.642995	38993058807	15065498480	181708763	6151000	33930000	7680000	45000	896808	0	3037720	0
1789821679.147008	38994510525	15066463932	181708763	6147000	33930000	7675000	44000	1367319	0	2804845	0
1789821679.655927	38996005577	15067467957	181708763	6147000	33930000	7675000	44000	1036989	0	3060805	0
1789821680.160447	38997483357	15068467772	181708763	6147000	33930000	7675000	44000	1466675	0	2971147	0
1789821680.667982	38998970108	15069469356	181708763	6147000	33930000	7675000	44000	1285168	0	3056323	0
1789821681.172764	39000404980	15070416680	181708763	6152000	33920000	7681000	44000	1272954	0	2901570	0
1789821681.679604	39001816231	15071356192	181708763	6152000	33920000	7681000	44000	2244445	0	3100000	0
1789821682.183536	39003227849	15072298267	181708763	6152000	33920000	7681000	46000	1299951	0	3100000	0
1789821682.691962	39004634095	15073227464	181708763	6152000	33920000	7681000	46000	2278619	0	3100000	0
1789821683.196407	39006038144	15074157027	181708763	6152000	33920000	7681000	44000	1249449	0	2945860	0
1789821683.704558	39007490533	15075131878	181708763	6152000	33920000	7681000	44000	1192897	0	2998219	0
1789821684.210083	39009200795	15076151834	181708763	6150000	33920000	7678000	41000	847048	0	1874056	0
1789821684.718826	39009578724	15076238626	181708763	6150000	33920000	7678000	41000	968458	0	1662528	0
1789821685.228853	39009948657	15076329690	181708763	6150000	33920000	7678000	40000	537500	0	1500000	0
1789821685.738223	39010212694	15076355752	181708763	6150000	33920000	7678000	40000	550002	0	1600022	0
1789821686.243056	39010426988	15076361795	181708763	6169000	33910000	7702000	40000	776421	0	1511281	0
1789821686.751925	39010655991	15076387002	181708763	6169000	33910000	7702000	40000	1094312	0	1547379	0
1789821687.258355	39011052963	15076503030	181708763	6169000	33910000	7702000	43000	826455	0	1582289	0
1789821687.767227	39013884377	15078404209	181708763	6169000	33910000	7702000	43000	737496	0	3099968	0
1789821688.271643	39016471711	15079824615	181708763	6145000	33910000	7672000	44000	951750	0	2800000	0
1789821688.777691	39018957423	15080848905	181708763	6145000	33910000	7672000	44000	1021803	0	3099968	0
1789821689.282475	39021447773	15082524560	181708763	6145000	33910000	7672000	46000	1304683	0	3100000	0
1789821689.790125	39024185437	15083922383	181708763	6145000	33910000	7672000	46000	1387254	0	2829299	0
1789821690.296057	39025867866	15084461322	181708763	6130000	33900000	7654000	41000	974935	0	1636949	0
1789821690.804894	39026450629	15084677508	181708763	6130000	33900000	7654000	41000	778311	0	1600000	0
1789821691.310045	39026627569	15084685565	181708763	6130000	33900000	7654000	41000	583371	0	1500000	0
1789821691.820385	39026800298	15084692279	181708763	6130000	33900000	7654000	41000	948547	0	1499981	0
1789821692.326390	39026959783	15084697344	181708763	6167000	33900000	7700000	40000	915795	0	1513050	0
1789821692.837250	39027126530	15084703509	181708763	6167000	33900000	7700000	40000	849451	0	1442942	0
1789821693.342901	39028162905	15085351090	181708763	6167000	33900000	7700000	46000	1544076	0	3100000	0
1789821693.851610	39030559505	15087109204	181708763	6167000	33900000	7700000	46000	1284512	0	3100000	0
1789821694.356046	39033110524	15088851814	181708763	6167000	33900000	7700000	46000	1275776	0	3091237	0
1789821694.865739	39035227218	15090373416	181708763	6167000	33900000	7700000	46000	1418597	0	3099968	0
1789821695.370204	39037279336	15091860107	181708763	6114000	33900000	7633000	46000	1381119	0	3100031	0
1789821695.879079	39039158238	15093113888	181708763	6114000	33900000	7633000	46000	925027	0	3100000	0
1789821696.382900	39041155181	15094555901	181708763	6114000	33900000	7633000	49000	1852466	0	3100031	0
1789821696.890174	39043300439	15096099293	181708763	6114000	33900000	7633000	49000	729027	0	3032219	0
1789821697.394538	39045315143	15097562729	181708763	6142000	33890000	7669000	50000	954442	0	2847389	0
1789821697.902069	39047139113	15098836835	181708763	6142000	33890000	7669000	50000	794388	0	1600290	0
1789821698.407056	39047428419	15098881146	181708763	6142000	33890000	7669000	41000	1334287	0	2200327	0
1789821698.917686	39047808118	15098968060	181708763	6142000	33890000	7669000	41000	646229	0	1522903	0
1789821699.422920	39047951245	15098972760	181708763	6167000	33890000	7700000	40000	981981	0	1551004	0
1789821699.931493	39048119518	15098980816	181708763	6167000	33890000	7700000	40000	1044127	0	1524297	0
1789821700.439058	39048295421	15098986370	181708763	6167000	33890000	7700000	40000	650613	0	1421011	0
1789821700.948066	39048594005	15099007244	181708763	6167000	33890000	7700000	40000	855764	0	1600052	0
1789821701.454354	39049154611	15099147930	181708763	6160000	33890000	7691000	40000	1328912	0	2601692	0
1789821701.964988	39049351693	15099160747	181708763	6160000	33890000	7691000	40000	712034	0	1541841	0
1789821702.470502	39049491219	15099165569	181708763	6160000	33890000	7691000	40000	558712	0	1500000	0
1789821702.979632	39049692268	15099175579	181708763	6160000	33890000	7691000	40000	689368	0	1379830	0
1789821703.485681	39049894660	15099186443	181708763	6171000	33880000	7705000	40000	715132	0	1562315	0
1789821703.996447	39050060248	15099195171	181708763	6171000	33880000	7705000	40000	680089	0	1479348	0
1789821704.502404	39050571783	15099363078	181708763	6171000	33880000	7705000	40000	573939	0	1553499	0
1789821705.011322	39050794194	15099378215	181708763	6171000	33880000	7705000	40000	653565	0	1463453	0
1789821705.517359	39051338016	15099524272	181708763	6171000	33880000	7705000	40000	923424	0	2323793	0
1789821706.026018	39051515750	15099532695	181708763	6171000	33880000	7705000	40000	1193076	0	1511412	0
1789821706.532156	39051761294	15099538310	181708763	6162000	33880000	7694000	39000	1027742	0	1600024	0
1789821707.042080	39052036684	15099584391	181709312	6162000	33880000	7694000	39000	1236609	0	1630089	0
1789821707.548239	39052636902	15099728922	181709434	6162000	33880000	7694000	40000	760166	0	1544755	0
1789821708.058471	39052826294	15099738383	181709434	6162000	33880000	7694000	40000	1238021	0	1896599	400
1789821708.565085	39053004394	15099747355	181709434	6166000	33880000	7698000	39000	556868	0	1486328	0
1789821709.074688	39053233458	15099764445	181709434	6166000	33880000	7698000	39000	943355	0	1468035	0
1789821709.580192	39053419554	15099771952	181709434	6166000	33880000	7698000	39000	684678	0	1549792	0
1789821710.091021	39053608091	15099783304	181709434	6166000	33880000	7698000	39000	561079	0	1452721	0
1789821710.598750	39053788693	15099791117	181709434	6171000	33880000	7705000	39000	672816	0	1494227	0
1789821711.106063	39054058041	15099803202	181709434	6171000	33880000	7705000	39000	662758	0	1559714	0
1789821711.612517	39054286312	15099813212	181709434	6171000	33880000	7705000	39000	554400	0	1500000	0
1789821712.122439	39054556636	15099826639	181709434	6171000	33880000	7705000	39000	600968	0	1363099	0
1789821712.628531	39054751460	15099833414	181709434	6169000	33870000	7702000	39000	745949	0	1500000	0
1789821713.137294	39054930780	15099843180	181709434	6169000	33870000	7702000	39000	654703	0	1456304	0
1789821713.643222	39055114374	15099850870	181709434	6169000	33870000	7702000	39000	645704	0	1447594	0
1789821714.154037	39055653435	15100033609	181709434	6169000	33870000	7702000	39000	1221630	0	1800000	0
1789821714.658717	39055863090	15100058450	181709434	6170000	33870000	7704000	39000	1026270	0	1520862	0
1789821715.170145	39056226431	15100078775	181709434	6170000	33870000	7704000	39000	681949	0	1444070	0
1789821715.676468	39056448538	15100085977	181709434	6170000	33870000	7704000	39000	571392	0	1469760	0
1789821716.185842	39056675588	15100099161	181709434	6170000	33870000	7704000	39000	650127	0	1423243	0
1789821716.692152	39056866933	15100108377	181709434	6170000	33870000	7704000	39000	787598	0	1450455	0
1789821717.203770	39059190718	15101054358	181709434	6170000	33870000	7704000	39000	1477581	0	1500000	0
1789821717.727059	39063131626	15103247041	181709434	6170000	33870000	7704000	42000	1350021	0	1500000	0
1789821718.238967	39066727930	15105277980	181709434	6170000	33870000	7704000	42000	1276468	0	1600000	0
1789821718.746995	39070270341	15107269491	181709434	6170000	33870000	7704000	43000	1231018	0	1582047	0
1789821719.256169	39073820502	15109245133	181709434	6170000	33870000	7704000	43000	1320727	0	1574483	0
1789821719.763144	39077293882	15111153698	181709434	6123000	33860000	7645000	43000	1339524	0	1500000	0
1789821720.274154	39080850575	15113090765	181709495	6123000	33860000	7645000	43000	1427269	0	1499984	0
1789821720.780200	39084377482	15114970460	181709495	6123000	33860000	7645000	43000	1535180	0	1700203	0
1789821721.289751	39087921113	15116822201	181709495	6123000	33860000	7645000	43000	1312130	0	1900500	0
1789821721.795050	39091238549	15118460808	181709495	6121000	33850000	7642000	43000	864783	0	1800194	0
1789821722.305026	39094429703	15119950062	181709495	6121000	33850000	7642000	43000	1769081	0	2203572	0
1789821722.810057	39098598454	15122065413	181709495	6121000	33850000	7642000	43000	1196079	0	1400014	0
1789821723.320967	39102144710	15124070169	181709495	6121000	33850000	7642000	43000	1289458	0	1560007	0
1789821723.826990	39105651903	15126050632	181709495	6120000	33850000	7641000	43000	1241458	0	1500000	0
1789821724.337978	39109199135	15128009734	181709495	6120000	33850000	7641000	43000	1235702	0	1500015	0
1789821724.843992	39112725859	15129940698	181709495	6120000	33850000	7641000	43000	1174757	0	1500000	0
1789821725.355839	39116264119	15131867634	181709495	6120000	33850000	7641000	43000	1176228	0	1500000	0
1789821725.861088	39119779552	15133766494	181709495	6118000	33840000	7639000	44000	1240512	0	1500000	0
1789821726.371044	39123350283	15135650827	181709495	6118000	33840000	7639000	44000	1450105	0	1500000	0
1789821726.876991	39126859490	15137493474	181709495	6118000	33840000	7639000	44000	1262042	0	1700220	0
1789821727.385736	39129937241	15138965394	181709495	6118000	33840000	7639000	44000	875046	0	2600000	0
1789821727.892071	39131788860	15139688109	181709495	6118000	33830000	7638000	41000	1034770	0	1608784	0
1789821728.404930	39132512491	15139925719	181709495	6118000	33830000	7638000	41000	1092011	0	2650080	0
1789821728.912628	39132685464	15139931639	181709495	6118000	33830000	7638000	41000	822467	0	1560916	0
1789821729.423245	39132924355	15139939269	181709495	6118000	33830000	7638000	41000	570823	0	1496908	0
1789821729.928515	39133089943	15139945250	181709495	6118000	33830000	7638000	40000	654853	0	1432655	0
1789821730.438318	39133277931	15139954527	181709495	6118000	33830000	7638000	40000	611899	0	1599980	0
1789821730.947926	39135838410	15142042901	181709495	6168000	33830000	7701000	45000	1889025	0	2197942	0
1789821731.457524	39139705038	15145150010	181709495	6168000	33830000	7701000	45000	1411090	0	1650982	0
1789821731.961516	39143215466	15147987832	181709495	6168000	33830000	7701000	45000	1434862	0	1600000	0
1789821732.471865	39146770145	15150859101	181709495	6168000	33830000	7701000	45000	1488537	0	1700000	0
1789821732.977072	39150213434	15153614771	181709495	6115000	33820000	7635000	45000	1531895	0	2356156	0
1789821733.484998	39152648975	15155465108	181709495	6115000	33820000	7635000	45000	745658	0	1900476	0
1789821733.993701	39153145312	15155652790	181709495	6115000	33820000	7635000	43000	1134459	0	2099978	0
1789821734.505938	39153689133	15155830646	181709495	6115000	33820000	7635000	43000	687555	0	1600000	0
1789821735.013728	39153926193	15155835041	181709495	6165000	33820000	7697000	41000	876654	0	1364762	0
1789821735.526988	39154100754	15155840839	181709495	6165000	33820000	7697000	41000	883193	0	1500921	0
1789821736.034695	39154265975	15155844562	181709495	6165000	33820000	7697000	40000	1126425	0	1546897	0
1789821736.549997	39155106122	15156321612	181709495	6165000	33820000	7697000	40000	1738735	0	1900261	0
1789821737.055976	39159165743	15159752206	181709495	6166000	33820000	7698000	45000	1936377	0	2200346	0
1789821737.564946	39162650841	15162612855	181709495	6166000	33820000	7698000	45000	2180642	0	2300323	0
1789821738.069819	39166193801	15165470392	181709495	6166000	33820000	7698000	44000	2142509	0	2400404	0
1789821738.577978	39169763128	15168322191	181709495	6166000	33820000	7698000	44000	1976246	0	2200313	0
1789821739.085950	39173291561	15171233683	181709495	6118000	33810000	7639000	44000	2029496	0	2300355	0
1789821739.598952	39176894030	15174198275	181709495	6118000	33810000	7639000	44000	2029161	0	2400330	0
1789821740.103027	39180317483	15177024928	181709495	6118000	33810000	7639000	45000	2208932	0	2900650	0
1789821740.610129	39182619540	15178755758	181709495	6118000	33810000	7639000	45000	525022	0	1400179	0
1789821741.118037	39183168916	15178878805	181709495	6118000	33810000	7639000	42000	1162955	0	1600016	0
1789821741.629712	39183613923	15178923544	181709495	6118000	33810000	7639000	42000	917435	0	1517002	0
1789821742.138017	39184257231	15179104512	181710838	6160000	33800000	7691000	41000	908276	0	1530547	0
1789821742.649726	39184657194	15179114522	181710838	6160000	33800000	7691000	41000	766935	0	1512497	0
1789821743.158420	39185028531	15179122274	181710838	6160000	33800000	7691000	41000	601178	0	1509366	0
1789821743.671104	39185637782	15179253499	181710838	6160000	33800000	7691000	41000	983298	0	3002476	0
1789821744.176410	39187793538	15180640275	181710838	6157000	33800000	7687000	45000	903588	0	3100000	0
1789821744.686710	39189170549	15181528029	181710838	6157000	33800000	7687000	45000	1022552	0	3022597	0
1789821745.192505	39190518385	15182405041	181710838	6157000	33800000	7687000	45000	925035	0	3100000	0
1789821745.700930	39191918894	15183328745	181710838	6157000	33800000	7687000	45000	1554053	0	3100031	0
1789821746.205599	39193350287	15184232978	181710838	6149000	33790000	7677000	45000	904625	0	2936480	0
1789821746.713683	39194738955	15185153203	181710838	6149000	33790000	7677000	45000	905944	0	2947323	0
1789821747.218330	39196385191	15186264284	181710838	6149000	33790000	7677000	46000	912517	0	3100000	0
1789821747.728844	39198076227	15187428161	181710838	6149000	33790000	7677000	46000	898199	0	2985479	0
1789821748.233517	39199499075	15188360592	181710838	6149000	33790000	7677000	45000	946642	0	3020301	0
1789821748.743905	39200924669	15189323175	181710838	6149000	33790000	7677000	45000	1146454	0	2973715	0
1789821749.249892	39202356123	15190235893	181710838	6149000	33790000	7677000	45000	908279	0	3021613	0
1789821749.758409	39203766764	15191168507	181710838	6149000	33790000	7677000	45000	920481	0	3006734	0
1789821750.264205	39205154700	15192083361	181710838	6147000	33790000	7675000	45000	904967	0	3039503	0
1789821750.773296	39206543124	15192994369	181710838	6147000	33790000	7675000	45000	904439	0	3100000	0
1789821751.278018	39208022368	15193912214	181712181	6147000	33790000	7675000	45000	929082	0	3032367	0
1789821751.787337	39209433315	15194840861	181712181	6147000	33790000	7675000	45000	890269	0	2975650	0
1789821752.292655	39210795433	15195730874	181712181	6147000	33790000	7675000	45000	922228	0	2977052	0
1789821752.802689	39212198017	15196657629	181712181	6147000	33790000	7675000	45000	935376	0	3082623	0
1789821753.307512	39213563797	15197555149	181712181	6150000	33780000	7678000	45000	1383293	0	3046326	0
1789821753.816836	39214070143	15197739597	181712181	6150000	33780000	7678000	45000	671571	0	1600154	0
1789821754.324596	39214835950	15198056063	181712181	6150000	33780000	7678000	41000	902522	0	1800213	0
1789821754.836918	39215109264	15198066012	181712181	6150000	33780000	7678000	41000	720168	0	1799951	0
1789821755.344900	39215323863	15198073153	181712181	6162000	33780000	7694000	41000	681084	0	1548508	0
1789821755.856655	39215626658	15198105685	181712181	6162000	33780000	7694000	41000	749823	0	1570847	0
1789821756.364012	39216059457	15198112948	181712181	6162000	33780000	7694000	41000	647098	0	1576698	0
1789821756.876652	39218132084	15199425994	181712181	6162000	33780000	7694000	41000	873524	0	2764850	0
1789821757.380235	39221042355	15201260950	181712181	6153000	33780000	7682000	46000	699996	0	2799971	0
1789821757.889292	39223834767	15202322471	181712181	6153000	33780000	7682000	46000	664472	0	2515780	0
1789821758.393288	39226290815	15203886798	181712181	6153000	33780000	7682000	51000	1086688	0	2893510	0
1789821758.902711	39228957984	15205461012	181712181	6153000	33780000	7682000	51000	876095	0	2691757	0
1789821759.407398	39231297089	15206235547	181712181	6131000	33770000	7655000	42000	791117	0	1800079	0
1789821759.921625	39231835357	15206438610	181712181	6131000	33770000	7655000	42000	937014	0	1926138	0
1789821760.428903	39232081450	15206457958	181712181	6131000	33770000	7655000	41000	951545	0	1657273	0
1789821760.939496	39232238676	15206468700	181712181	6131000	33770000	7655000	41000	676984	0	1548046	0
1789821761.447849	39232413541	15206475170	181712181	6166000	33770000	7699000	40000	703337	0	1700196	0
1789821761.961962	39232625638	15206486950	181712181	6166000	33770000	7699000	40000	1061820	0	1500193	0
1789821762.468847	39233081081	15206606822	181712181	6166000	33770000	7699000	43000	769681	0	2265801	0
1789821762.978753	39235454976	15208289069	181712181	6166000	33770000	7699000	43000	1404480	0	3075454	0
1789821763.483592	39237435074	15209713992	181712181	6166000	33770000	7699000	49000	928007	0	3023866	0
1789821763.991623	39239436045	15211152587	181712181	6166000	33770000	7699000	49000	914960	0	3024880	0
1789821764.496175	39241841923	15212804072	181712181	6137000	33760000	7662000	49000	899658	0	2978600	0
1789821765.003899	39243766845	15214133598	181712181	6137000	33760000	7662000	49000	1489949	0	3099968	0
1789821765.509422	39245778741	15215579334	181712181	6137000	33760000	7662000	46000	1522601	0	3100000	0
1789821766.018192	39247855640	15217064865	181712181	6137000	33760000	7662000	46000	1043852	0	3099968	0
1789821766.524982	39249870162	15218517375	181712181	6138000	33760000	7664000	46000	1259805	0	3100000	0
1789821767.036380	39251975442	15220032020	181712181	6138000	33760000	7664000	46000	1435668	0	3099968	0
1789821767.542485	39253215795	15220804601	181712181	6138000	33760000	7664000	41000	684656	0	1577097	0
1789821768.055002	39253738133	15220983739	181712181	6138000	33760000	7664000	41000	671858	0	1574690	0
1789821768.562566	39253921909	15220989537	181712181	6164000	33750000	7696000	41000	751992	0	1525913	0
1789821769.075646	39254100742	15221002660	181712181	6164000	33750000	7696000	41000	1060685	0	1506237	0
1789821769.584010	39254313998	15221013158	181712181	6164000	33750000	7696000	41000	1064075	0	1586978	0
1789821770.097026	39254689424	15221050877	181712181	6164000	33750000	7696000	41000	623853	0	1558115	0
1789821770.604822	39254998200	15221089818	181712181	6163000	33750000	7695000	41000	840908	0	1600265	0
1789821771.115987	39255547637	15221271763	181712181	6163000	33750000	7695000	41000	1018731	0	1451014	0
1789821771.623665	39255813750	15221278721	181712181	6163000	33750000	7695000	40000	901823	0	1552638	0
1789821772.137989	39256034208	15221292637	181712181	6163000	33750000	7695000	40000	793192	0	1600047	0
1789821772.645497	39256239286	15221298618	181712181	6168000	33750000	7701000	40000	736199	0	1452069	0
1789821773.159111	39256551053	15221314732	181712181	6168000	33750000	7701000	40000	892854	0	1495844	0
1789821773.667014	39256744778	15221320957	181712181	6168000	33750000	7701000	40000	895925	0	1406945	0
1789821774.180906	39257317103	15221491062	181712181	6168000	33750000	7701000	40000	1250449	0	1700329	0
1789821774.686943	39257721765	15221601657	181712181	6168000	33750000	7701000	41000	1275738	0	1501615	0
1789821775.195641	39258186974	15221718722	181712181	6168000	33750000	7701000	41000	611612	0	1500016	0
1789821775.701366	39258403831	15221733432	181712181	6166000	33740000	7699000	40000	1171621	0	1500016	0
1789821776.211277	39258577903	15221740390	181712181	6166000	33740000	7699000	40000	575554	0	1500000	0
1789821776.717391	39258834555	15221757113	181712181	6166000	33740000	7699000	40000	672803	0	1493888	0
1789821777.226360	39259117880	15221765170	181712181	6166000	33740000	7699000	40000	600182	0	1413711	0
1789821777.732428	39259285360	15221774752	181712181	6160000	33740000	7691000	40000	666299	0	1509436	0
1789821778.241214	39259512105	15221792697	181712181	6160000	33740000	7691000	40000	638989	0	1455445	0
1789821778.747239	39259743977	15221810824	181712181	6160000	33740000	7691000	40000	593988	0	1184396	0
1789821779.257163	39259934162	15221818453	181712181	6160000	33740000	7691000	40000	580028	0	1307275	0
1789821779.763503	39260109271	15221829257	181712181	6166000	33740000	7699000	39000	573190	0	1600000	0
1789821780.272625	39260311663	15221842318	181713096	6166000	33740000	7699000	39000	583538	0	1500000	0
1789821780.779081	39260655229	15221894259	181716209	6166000	33740000	7699000	39000	556721	0	1489219	0
1789821781.288510	39261142289	15222058382	181716392	6166000	33740000	7699000	39000	669990	0	1508134	0
1789821781.795005	39261406265	15222076509	181716392	6166000	33740000	7699000	39000	1026670	0	1529548	0
1789821782.305053	39261615859	15222088716	181716392	6166000	33740000	7699000	39000	1165875	0	1367420	0
1789821782.810845	39261889479	15222104830	181716453	6166000	33740000	7699000	39000	794631	0	1553583	0
1789821783.321349	39262074415	15222113497	181716453	6166000	33740000	7699000	39000	854632	0	1405221	0
1789821783.827591	39262352979	15222142915	181716453	6168000	33740000	7701000	39000	676130	0	1600000	0
1789821784.337280	39262947643	15222323030	181716453	6168000	33740000	7701000	39000	694528	0	1456184	0
1789821784.842534	39263147716	15222338227	181716453	6168000	33740000	7701000	39000	657578	0	1457317	0
1789821785.352156	39263364512	15222349702	181716453	6168000	33740000	7701000	39000	648861	0	1449701	0
1789821785.857563	39263646555	15222390168	181716453	6168000	33740000	7701000	39000	686044	0	1600018	0
1789821786.366052	39263829171	15222397554	181716453	6168000	33740000	7701000	39000	566482	0	1475523	0
1789821786.872478	39264088387	15222413239	181716453	6170000	33730000	7703000	39000	873626	0	1501157	0
1789821787.380998	39264276497	15222424775	181716453	6170000	33730000	7703000	39000	642891	0	1417552	0
1789821787.887093	39264517707	15222440034	181716453	6170000	33730000	7703000	39000	959126	0	1477386	0
1789821788.397225	39264800788	15222451569	181716453	6170000	33730000	7703000	39000	902446	0	1412053	0
1789821788.903651	39265049993	15222470673	181716453	6168000	33730000	7701000	39000	934228	0	1443092	0
1789821789.412197	39265240972	15222480622	181716453	6168000	33730000	7701000	39000	956546	0	1508245	0
1789821789.918434	39265408086	15222490449	181716453	6168000	33730000	7701000	39000	989631	0	1364264	0
1789821790.428469	39265636906	15222507355	181716453	6168000	33730000	7701000	39000	1123716	0	1700196	0
1789821790.934981	39269887628	15224623195	181716453	6166000	33730000	7699000	42000	1341220	0	1599983	0
1789821791.445908	39273694991	15226773275	181716453	6166000	33730000	7699000	42000	1285694	0	1600016	0
1789821791.952975	39277481785	15228874893	181716453	6166000	33730000	7699000	43000	1294975	0	1500000	0
1789821792.462979	39281290736	15230898264	181716453	6166000	33730000	7699000	43000	1233319	0	1499984	0
1789821792.967877	39285060806	15232905034	181716453	6114000	33720000	7633000	43000	1267524	0	1465986	0
1789821793.479818	39288885015	15234933166	181716453	6114000	33720000	7633000	43000	1266463	0	1500015	0
1789821793.986750	39292671444	15236963373	181716453	6114000	33720000	7633000	43000	1278948	0	1500000	0
1789821794.496919	39296479784	15238967702	181716453	6114000	33720000	7633000	43000	1072626	0	1600250	0
1789821795.002279	39300014870	15240679062	181716453	6113000	33710000	7632000	44000	1006068	0	1900233	0
1789821795.510566	39303336822	15242161236	181716453	6113000	33710000	7632000	44000	1623678	0	2400291	0
1789821796.014982	39307820087	15244592443	181716453	6113000	33710000	7632000	44000	1277590	0	1600000	0
1789821796.524971	39311632577	15246764557	181716453	6113000	33710000	7632000	44000	1251146	0	1600016	0
1789821797.032956	39315424010	15248792750	181716453	6113000	33710000	7632000	43000	1220907	0	1472451	0
1789821797.540972	39319277638	15250917195	181716453	6113000	33710000	7632000	43000	1329357	0	1700017	0
1789821798.046175	39323053690	15253092055	181716453	6113000	33710000	7632000	44000	1429770	0	1786764	0
1789821798.555719	39326797455	15255205392	181716453	6113000	33710000	7632000	44000	1315236	0	1898376	0
1789821799.060698	39330569540	15257174076	181716453	6113000	33710000	7632000	44000	1297231	0	1487262	0
1789821799.569114	39334371715	15259128111	181716453	6113000	33710000	7632000	44000	1582445	0	1700180	0
1789821800.073803	39337949404	15260910944	181716453	6111000	33700000	7630000	43000	1155400	0	1700272	0
1789821800.584764	39341161371	15262323660	181716453	6111000	33700000	7630000	43000	1197727	0	2401890	0
1789821801.091654	39341370172	15262339712	181716453	6111000	33700000	7630000	41000	1210904	0	1600244	0
1789821801.603105	39341904045	15262508535	181716453	6111000	33700000	7630000	41000	587526	0	1900215	0
1789821802.111822	39342116202	15262515554	181716453	6150000	33690000	7679000	41000	873133	0	1600023	0
1789821802.623590	39342292166	15262521474	181716453	6150000	33690000	7679000	41000	653935	0	1431299	0
1789821803.131490	39342569753	15262528615	181716453	6150000	33690000	7679000	41000	987875	0	1600161	0
1789821803.645014	39343251698	15262809254	181716453	6150000	33690000	7679000	41000	1592753	0	1700124	0
1789821804.153948	39347984168	15266729715	181716453	6158000	33690000	7689000	45000	1635021	0	1800332	0
1789821804.664927	39351821622	15269858736	181716453	6158000	33690000	7689000	45000	1548425	0	1600032	0
1789821805.169952	39355595599	15272939905	181716453	6158000	33690000	7689000	45000	1539956	0	1600000	0
1789821805.679938	39359404549	15276056840	181716453	6158000	33690000	7689000	45000	1532391	0	1589752	0
1789821806.188527	39361814394	15277869640	181716453	6110000	33680000	7629000	42000	875423	0	1814658	0
1789821806.696963	39362338624	15278052745	181716453	6110000	33680000	7629000	42000	963915	0	1900000	0
1789821807.202232	39362562439	15278077770	181716453	6110000	33680000	7629000	41000	1132763	0	1400276	0
1789821807.712046	39362731140	15278084728	181716453	6110000	33680000	7629000	41000	662048	0	1457333	0
1789821808.218083	39362951293	15278096080	181716453	6162000	33680000	7693000	41000	668376	0	1481233	0
1789821808.727831	39363205565	15278103527	181716453	6162000	33680000	7693000	41000	575286	0	1500000	0
1789821809.233802	39363789182	15278406504	181716453	6162000	33680000	7693000	43000	1896024	0	2200385	0
1789821809.742938	39368160081	15282121583	181716453	6162000	33680000	7693000	43000	2114813	0	2700504	0
1789821810.249450	39371903358	15285237481	181716453	6162000	33680000	7693000	44000	2124253	0	2700624	0
1789821810.758630	39375575711	15288294296	181716453	6162000	33680000	7693000	44000	2278277	0	2900589	0
1789821811.262943	39379031574	15291042947	181716453	6107000	33670000	7625000	49000	2553698	0	2999374	0
1789821811.770999	39383044992	15294437896	181716453	6107000	33670000	7625000	49000	2152776	0	2400271	0
1789821812.276938	39386782470	15297563621	181716453	6107000	33670000	7625000	45000	2269778	0	2400347	0
1789821812.784989	39390624745	15300614150	181716453	6107000	33670000	7625000	45000	2155483	0	2400331	0
1789821813.290458	39392678268	15302112681	181716453	6106000	33670000	7624000	42000	886421	0	1791037	0
1789821813.802508	39393252607	15302273509	181716453	6106000	33670000	7624000	42000	1275944	0	2046011	0
1789821814.310044	39393841717	15302463511	181716453	6106000	33670000	7624000	42000	1248353	0	1638020	0
1789821814.822346	39394079509	15302473032	181716453	6106000	33670000	7624000	42000	675039	0	1600000	0
1789821815.330704	39394248393	15302478830	181716453	6160000	33660000	7691000	41000	971011	0	1600878	0
1789821815.843942	39394408427	15302484079	181716453	6160000	33660000	7691000	41000	1120498	0	1635547	0
1789821816.351023	39394906167	15302656381	181716453	6160000	33660000	7691000	45000	904020	0	3044046	0
1789821816.860728	39396686253	15303845465	181716453	6160000	33660000	7691000	45000	896753	0	3073785	0
1789821817.365356	39398042817	15304719181	181716453	6146000	33660000	7674000	45000	1076889	0	2976900	0
1789821817.874454	39399403226	15305591066	181716453	6146000	33660000	7674000	45000	1064119	0	2963345	0
1789821818.380340	39400832483	15306492248	181716453	6146000	33660000	7674000	45000	1254324	0	2976624	0
1789821818.888808	39402230734	15307415585	181716453	6146000	33660000	7674000	45000	890341	0	2912246	0
1789821819.394572	39403610369	15308310175	181716453	6142000	33650000	7669000	45000	1097240	0	3079370	0
1789821819.904384	39405194715	15309391288	181716453	6142000	33650000	7669000	45000	910376	0	2982773	0
1789821820.409835	39406643137	15310340810	181716453	6142000	33650000	7669000	45000	1070143	0	3021700	0
1789821820.920462	39408040655	15311254748	181716453	6142000	33650000	7669000	45000	906759	0	3053772	0
1789821821.426068	39409491701	15312218124	181716453	6142000	33650000	7669000	46000	918469	0	3079955	0
1789821821.934847	39410943419	15313139570	181716453	6142000	33650000	7669000	46000	870407	0	2857976	0
1789821822.439843	39412337458	15314062968	181716453	6141000	33650000	7667000	45000	875328	0	3027847	0
1789821822.949531	39413762809	15315001564	181716453	6141000	33650000	7667000	45000	946994	0	3100000	0
1789821823.455197	39415100452	15315868628	181716453	6141000	33650000	7667000	45000	897126	0	2976718	0
1789821823.964484	39416498885	15316773899	181716453	6141000	33650000	7667000	45000	902045	0	3016104	0
1789821824.469902	39418264872	15317893098	181716453	6146000	33640000	7673000	45000	919892	0	2958907	0
1789821824.979185	39419701514	15318787504	181716453	6146000	33640000	7673000	45000	722325	0	2978606	0
1789821825.486799	39421252352	15319758754	181716453	6146000	33640000	7673000	45000	1096974	0	3075258	0
1789821825.995533	39422695647	15320706384	181716453	6146000	33640000	7673000	45000	905931	0	3047225	0
1789821826.501109	39423047331	15320797448	181716453	6143000	33640000	7670000	41000	700945	0	1700233	0
1789821827.013474	39423538601	15320965600	181716453	6143000	33640000	7670000	41000	729450	0	1735407	0
1789821827.521473	39423825100	15320970971	181716453	6143000	33640000	7670000	41000	750061	0	1600019	0
1789821828.035852	39424010219	15320978295	181716453	6143000	33640000	7670000	41000	760216	0	1700000	0
1789821828.544064	39424191798	15320983178	181716453	6162000	33640000	7693000	41000	809969	0	1541064	0
1789821829.058088	39424375452	15320993920	181716453	6162000	33640000	7693000	41000	1498293	0	1699985	0
1789821829.564686	39426791767	15322604694	181716453	6162000	33640000	7693000	50000	1563680	0	3009312	0
1789821830.073906	39429648144	15324388320	181716453	6162000	33640000	7693000	50000	1172405	0	2799971	0
1789821830.579245	39432312566	15325326978	181716453	6128000	33630000	7651000	45000	780632	0	1900000	0
1789821831.090745	39434751219	15326914498	181716453	6128000	33630000	7651000	45000	962543	0	3100000	0
1789821831.596008	39437330436	15328366826	181716453	6128000	33630000	7651000	45000	912572	0	2700000	0
1789821832.104117	39439467210	15329078616	181716453	6128000	33630000	7651000	45000	1328877	0	1721384	0
1789821832.613068	39440002976	15329281191	181716453	6128000	33630000	7651000	41000	1013862	0	1900201	0
1789821833.124734	39440173691	15329288210	181716453	6128000	33630000	7651000	41000	918055	0	1700250	0
1789821833.632516	39440363937	15329294558	181716453	6161000	33630000	7692000	41000	804068	0	1553435	0
1789821834.146743	39440913862	15329464784	181716453	6161000	33630000	7692000	41000	1483176	0	2379166	0
1789821834.651309	39441186383	15329503603	181716453	6161000	33630000	7692000	41000	931820	0	1550017	0
1789821835.163628	39441843425	15329830994	181716453	6161000	33630000	7692000	41000	1126724	0	3002310	0
1789821835.670352	39444298863	15331628780	181716453	6162000	33630000	7694000	46000	1220482	0	3099968	0
1789821836.179567	39446373138	15333110344	181716453	6162000	33630000	7694000	46000	1002306	0	3100031	0
1789821836.685136	39448387659	15334569080	181716453	6162000	33630000	7694000	46000	1233659	0	3099968	0
1789821837.195495	39450510761	15336080185	181716453	6162000	33630000	7694000	46000	1793140	0	3100000	0
1789821837.701771	39452327163	15337319745	181716453	6134000	33620000	7658000	50000	915516	0	3023953	0
1789821838.212057	39454354685	15338783547	181716453	6134000	33620000	7658000	50000	1080833	0	3013277	0
1789821838.717319	39456359623	15340233433	181716453	6134000	33620000	7658000	50000	925055	0	3100031	0
1789821839.224160	39458371337	15341683808	181716453	6134000	33620000	7658000	50000	937582	0	3099968	0
1789821839.729280	39460377801	15343139493	181716453	6135000	33620000	7660000	50000	906602	0	2941783	0
1789821840.236936	39461230155	15343529018	181716453	6135000	33620000	7660000	50000	979309	0	1520003	0
1789821840.745520	39461744009	15343709926	181716453	6135000	33620000	7660000	41000	987536	0	1515100	0
1789821841.258002	39461945241	15343719020	181716453	6135000	33620000	7660000	41000	983272	0	1534954	0
1789821841.766141	39462141286	15343723781	181716453	6164000	33610000	7696000	40000	681499	0	1551759	0
1789821842.278821	39462334706	15343732204	181716453	6164000	33610000	7696000	40000	921674	0	1600000	0
1789821842.786505	39462508716	15343736598	181716453	6164000	33610000	7696000	40000	680721	0	1600281	0
1789821843.299436	39462934375	15343853419	181716453	6164000	33610000	7696000	40000	1140049	0	1525217	0
1789821843.808010	39463286424	15343949610	181716453	6164000	33610000	7696000	40000	655063	0	1540290	0
1789821844.321021	39463860581	15344145716	181716453	6164000	33610000	7696000	40000	984494	0	1545415	0
1789821844.829395	39464004501	15344148951	181716453	6158000	33610000	7688000	40000	679848	0	1538648	0
1789821845.342976	39464215743	15344158106	181716453	6158000	33610000	7688000	40000	1008245	0	1400255	0
1789821845.850040	39464357039	15344162195	181716453	6158000	33610000	7688000	40000	1201442	0	1800482	0
1789821846.361614	39464637556	15344172754	181716453	6158000	33610000	7688000	40000	885637	0	1537644	0
1789821846.870826	39464832136	15344177210	181716453	6166000	33610000	7698000	40000	673790	0	1523775	0
1789821847.383086	39465319989	15344295191	181716453	6166000	33610000	7698000	40000	907500	0	1577362	0
1789821847.890974	39465663249	15344401697	181716453	6166000	33610000	7698000	40000	700024	0	1600193	0
1789821848.403956	39465845012	15344407678	181716453	6166000	33610000	7698000	40000	784141	0	1600032	0
1789821848.910446	39466021281	15344417322	181716453	6166000	33600000	7698000	40000	797592	0	1563355	0
1789821849.422823	39466206888	15344422998	181716453	6166000	33600000	7698000	40000	635452	0	1548616	0
1789821849.930722	39466354349	15344426294	181716453	6166000	33600000	7698000	40000	692515	0	1601243	0
1789821850.445773	39466537698	15344432886	181716453	6166000	33600000	7698000	40000	744465	0	1600022	0
1789821850.953978	39466715066	15344441919	181716453	6165000	33600000	7697000	39000	686183	0	1573118	0
1789821851.466916	39466933876	15344454309	181716453	6165000	33600000	7697000	39000	735819	0	1530014	0
1789821851.975050	39467089271	15344459070	181716453	6165000	33600000	7697000	39000	766159	0	1600302	0
1789821852.488014	39467382483	15344471948	181716453	6165000	33600000	7697000	39000	664679	0	1517219	0
1789821852.996931	39467652258	15344512414	181716453	6163000	33600000	7695000	40000	822316	0	1579753	0
1789821853.511472	39467916478	15344546289	181716453	6163000	33600000	7695000	40000	1016646	0	2100089	0
1789821854.017132	39468319859	15344683739	181716453	6163000	33600000	7695000	40000	1188803	0	1700231	0
1789821854.526316	39468889804	15344883263	181716453	6163000	33600000	7695000	40000	826121	0	1575591	0
1789821855.035033	39469075838	15344893883	181716514	6163000	33600000	7695000	39000	677789	0	1522061	0
1789821855.549655	39469372041	15344903893	181716514	6163000	33600000	7695000	39000	846940	0	1600000	0
1789821856.057741	39469683991	15344930199	181716514	6166000	33600000	7698000	39000	807141	0	1542582	0
1789821856.571318	39469889069	15344941002	181716514	6166000	33600000	7698000	39000	771892	0	1574576	0
1789821857.079703	39470070648	15344951683	181716514	6166000	33600000	7698000	39000	873085	0	1532048	0
1789821857.591918	39470317778	15344963036	181716514	6166000	33600000	7698000	39000	866119	0	1599979	0
1789821858.099657	39470557463	15344973900	181716514	6164000	33600000	7696000	39000	683699	0	1569387	0
1789821858.610927	39470738432	15344982079	181716514	6164000	33600000	7696000	39000	886939	0	1600000	0
1789821859.118035	39470952237	15344994408	181716514	6164000	33600000	7696000	39000	665409	0	1523095	0
1789821859.630248	39471146084	15345001915	181716514	6164000	33600000	7696000	39000	1024737	0	1502066	0
1789821860.137003	39471322293	15345010033	181716514	6165000	33590000	7697000	39000	1346376	0	1600260	0
1789821860.649987	39471496425	15345017235	181716514	6165000	33590000	7697000	39000	1194490	0	1653842	0
1789821861.157420	39471721156	15345028526	181716514	6165000	33590000	7697000	39000	909668	0	1518532	0
1789821861.667774	39471915431	15345040672	181716514	6165000	33590000	7697000	39000	1012531	0	1540602	0
1789821862.176016	39472112940	15345050194	181716514	6166000	33590000	7699000	39000	626857	0	1514794	0
1789821862.689985	39472316614	15345060386	181716514	6166000	33590000	7699000	39000	1274061	0	1600353	0
1789821863.197022	39474274006	15345895956	181716514	6166000	33590000	7699000	45000	1848408	0	2000386	0
1789821863.706122	39478682198	15348380019	181716514	6166000	33590000	7699000	45000	1382843	0	1600000	0
1789821864.212049	39482707700	15350606698	181716514	6107000	33590000	7625000	43000	1383976	0	1500000	0
1789821864.723956	39486788867	15352736270	181716514	6107000	33590000	7625000	43000	1275935	0	1500000	0
1789821865.229850	39490817909	15354835569	181716514	6107000	33590000	7625000	43000	1331796	0	1487387	0
1789821865.740892	39494893155	15356978386	181716514	6107000	33590000	7625000	43000	1312831	0	1499984	0
1789821866.246068	39498917132	15359088122	181716514	6106000	33580000	7624000	43000	1417415	0	1500000	0
1789821866.758566	39503004584	15361154217	181716514	6106000	33580000	7624000	43000	1285716	0	1800219	0
1789821867.263011	39506962460	15363105995	181716514	6106000	33580000	7624000	44000	1515402	0	1700279	0
1789821867.770352	39510377918	15364657993	181716514	6106000	33580000	7624000	44000	2188490	0	2900000	0
1789821868.276039	39514909461	15366969144	181716514	6106000	33580000	7624000	44000	1482677	0	1600016	0
1789821868.788973	39518997524	15369287925	181716514	6106000	33580000	7624000	44000	1438421	0	1599983	0
1789821869.293172	39523020952	15371446549	181716514	6103000	33570000	7620000	43000	1340048	0	1500015	0
1789821869.804054	39527087897	15373538951	181716514	6103000	33570000	7620000	43000	1318598	0	1464093	0
1789821870.310982	39531127498	15375629217	181716514	6103000	33570000	7620000	44000	1280733	0	1500000	0
1789821870.822190	39535205613	15377760315	181716514	6103000	33570000	7620000	44000	1386535	0	1500015	0
1789821871.329819	39539246984	15379845759	181716514	6105000	33560000	7622000	45000	1271617	0	1699376	0
1789821871.838950	39543287257	15381913075	181716514	6105000	33560000	7622000	45000	1475519	0	1700233	0
1789821872.344921	39546743059	15383528428	181716514	6105000	33560000	7622000	49000	1275343	0	3100031	0
1789821872.853756	39548026869	15384031661	181716514	6105000	33560000	7622000	49000	785578	0	1800238	0
1789821873.361002	39548526196	15384200484	181716514	6150000	33550000	7678000	41000	700038	0	1700139	0
1789821873.873982	39548701733	15384205733	181716514	6150000	33550000	7678000	41000	705861	0	1700244	0
1789821874.383687	39549357066	15384413984	181716514	6150000	33550000	7678000	41000	870861	0	1551000	0
1789821874.895938	39549535288	15384420454	181716514	6150000	33550000	7678000	41000	829736	0	1600241	0
1789821875.403488	39549690134	15384423750	181716514	6161000	33550000	7692000	41000	690822	0	1600209	0
1789821875.915770	39553459839	15387573400	181716514	6161000	33550000	7692000	41000	1894433	0	2197402	0
1789821876.423834	39557701039	15391083645	181716514	6161000	33550000	7692000	45000	1645341	0	1700273	0
1789821876.933954	39561754922	15394423724	181716514	6161000	33550000	7692000	45000	1686809	0	1800020	0
1789821877.438943	39565786345	15397756724	181716514	6099000	33540000	7615000	45000	1684759	0	1800300	0
1789821877.949040	39568292076	15399685308	181716514	6099000	33540000	7615000	45000	537500	0	1500000	0
1789821878.454324	39568800620	15399887578	181716514	6099000	33540000	7615000	41000	682195	0	1600000	0
1789821878.962982	39568985312	15399894108	181716514	6099000	33540000	7615000	41000	678613	0	1543057	0
1789821879.468980	39569133810	15399898808	181716514	6099000	33540000	7615000	41000	599282	0	1485481	0
1789821879.979374	39569365743	15399906254	181716514	6099000	33540000	7615000	41000	1153642	0	1700945	0
1789821880.485109	39569507527	15399911015	181716514	6162000	33540000	7693000	41000	621804	0	1600149	0
1789821880.994950	39570472429	15400513431	181716514	6162000	33540000	7693000	41000	1800163	0	2000348	0
1789821881.499945	39574950140	15404303460	181716514	6162000	33540000	7693000	45000	2120751	0	2200299	0
1789821882.010799	39579009273	15407737228	181716514	6162000	33540000	7693000	45000	2187717	0	2300201	0
1789821882.514895	39582980942	15411027930	181716514	6107000	33540000	7625000	47000	2512314	0	2700546	0
1789821883.022924	39586899816	15414224943	181716514	6107000	33540000	7625000	47000	2320175	0	2466928	0
1789821883.527944	39590979823	15417673909	181716514	6107000	33540000	7625000	45000	2241667	0	2400364	0
1789821884.035907	39595016068	15421035107	181716514	6107000	33540000	7625000	45000	2280123	0	2400353	0
1789821884.540985	39598861761	15424149723	181716514	6102000	33530000	7618000	46000	2170384	0	2996247	0
1789821885.048830	39599392277	15424387759	181716514	6102000	33530000	7618000	46000	647328	0	1449723	0
1789821885.553811	39599977969	15424561648	181716514	6102000	33530000	7618000	42000	579776	0	1500000	0
1789821886.063394	39600333132	15424581911	181716514	6102000	33530000	7618000	42000	1074720	0	1599983	0
1789821886.568209	39600495058	15424586367	181716514	6158000	33520000	7688000	41000	650584	0	1439909	0
1789821887.078013	39600866822	15424629214	181716514	6158000	33520000	7688000	41000	824797	0	1429341	0
1789821887.584103	39601035645	15424634585	181716514	6158000	33520000	7688000	41000	951705	0	1500000	0
1789821888.094478	39602438656	15425439697	181716514	6158000	33520000	7688000	41000	711491	0	2891932	0
1789821888.598516	39604011650	15426458432	181716514	6142000	33520000	7669000	45000	968379	0	2973075	0
1789821889.105927	39605428395	15427360774	181716514	6142000	33520000	7669000	45000	901341	0	2997040	0
1789821889.610945	39606785080	15428241326	181716514	6142000	33520000	7669000	45000	969153	0	2981536	0
1789821890.117324	39608172650	15429145254	181716514	6142000	33520000	7669000	45000	765544	0	2961477	0
1789821890.620973	39609546792	15430056568	181716514	6142000	33520000	7669000	45000	737500	0	3100000	0
1789821891.127441	39611014745	15431025559	181716514	6142000	33520000	7669000	45000	1553111	0	3051337	0
1789821891.630732	39612579316	15432119978	181716514	6142000	33520000	7668000	45000	980031	0	3100031	0
1789821892.137945	39614021695	15433058147	181716514	6142000	33520000	7668000	45000	737500	0	3100000	0
1789821892.643015	39615410974	15433972634	181716514	6142000	33520000	7668000	45000	947703	0	2901219	0
1789821893.149770	39616993428	15434999304	181716514	6142000	33520000	7668000	45000	873678	0	2969889	0
1789821893.654929	39618362016	15435889255	181716514	6144000	33510000	7671000	46000	994066	0	2962940	0
1789821894.161353	39620304028	15437095856	181716514	6144000	33510000	7671000	46000	1016092	0	3041281	0
1789821894.666520	39621676949	15437985930	181716514	6144000	33510000	7671000	45000	1098342	0	3099968	0
1789821895.173216	39623121464	15438913418	181716514	6144000	33510000	7671000	45000	1015956	0	3000065	0
1789821895.676623	39624505860	15439818811	181716514	6143000	33510000	7670000	45000	1001378	0	3100000	0
1789821896.181761	39626017270	15440769614	181716514	6143000	33510000	7670000	45000	980190	0	3075777	0
1789821896.685751	39627362848	15441641621	181716514	6143000	33510000	7670000	48000	880600	0	2822967	0
1789821897.192400	39628829885	15442609087	181716514	6143000	33510000	7670000	48000	906728	0	3068565	0
1789821897.697545	39629973498	15443241593	181716514	6140000	33500000	7666000	42000	1173685	0	1556859	0
1789821898.207259	39630472032	15443392959	181716514	6140000	33500000	7666000	42000	732715	0	1582746	0
1789821898.714869	39630720139	15443417007	181716514	6140000	33500000	7666000	41000	737313	0	1458293	0
1789821899.224029	39630864059	15443423355	181716514	6140000	33500000	7666000	41000	589348	0	1582121	0
1789821899.730392	39631085555	15443442947	181716514	6159000	33500000	7690000	41000	670294	0	1514784	0
1789821900.240440	39631317122	15443458145	181716636	6159000	33500000	7690000	41000	751214	0	1364268	0
1789821900.747027	39631992780	15443780165	181716636	6159000	33500000	7690000	49000	728013	0	3024105	0
1789821901.254449	39634948094	15445755990	181716636	6159000	33500000	7690000	49000	971493	0	2981755	0
1789821901.757742	39637620695	15447120794	181716636	6159000	33500000	7690000	47000	928294	0	2900000	0
1789821902.264913	39640096946	15448228579	181716636	6159000	33500000	7690000	47000	938662	0	3099968	0
1789821902.770032	39642666397	15449963438	181716636	6124000	33500000	7646000	48000	1222313	0	3100031	0
1789821903.278919	39645420419	15451255549	181716636	6124000	33500000	7646000	48000	1097756	0	2965981	0
1789821903.783948	39646804509	15451633356	181716636	6124000	33500000	7646000	42000	998437	0	1736528	0
1789821904.293058	39647633243	15451982415	181716636	6124000	33500000	7646000	42000	652708	0	1500000	0
1789821904.798573	39647894533	15451996575	181716636	6155000	33490000	7685000	41000	575417	0	1575420	0
1789821905.307435	39648135805	15452005669	181716636	6155000	33490000	7685000	41000	1206291	0	1377523	0
1789821905.814096	39648377870	15452024346	181716636	6155000	33490000	7685000	41000	632117	0	1405009	0
1789821906.325414	39648624573	15452033257	181716636	6155000	33490000	7685000	41000	493886	0	811911	0
1789821906.831530	39649972409	15452889395	181716636	6148000	33490000	7676000	50000	970217	0	3037752	0
1789821907.337884	39652147635	15454457995	181716636	6148000	33490000	7676000	50000	937497	0	2939555	0
1789821907.841944	39654150377	15455900801	181716636	6148000	33490000	7676000	50000	1004310	0	3014210	0
1789821908.348600	39656174480	15457348917	181716636	6148000	33490000	7676000	50000	830473	0	3070197	0
1789821908.852848	39658192359	15458807593	181716636	6134000	33480000	7659000	50000	973548	0	3003202	0
1789821909.360026	39660212007	15460186068	181716636	6134000	33480000	7659000	50000	1295826	0	3000000	0
1789821909.865591	39662269558	15461670867	181716636	6134000	33480000	7659000	47000	1271416	0	3099968	0
1789821910.372561	39664312765	15463154811	181716636	6134000	33480000	7659000	47000	1475823	0	3100000	0
1789821910.876684	39666409317	15464686423	181716636	6133000	33480000	7657000	47000	1050403	0	3000000	0
1789821911.384965	39668442027	15466166339	181716636	6133000	33480000	7657000	47000	1096467	0	3069421	0
1789821911.889676	39668874216	15466328631	181716636	6133000	33480000	7657000	41000	796317	0	1501055	0
1789821912.399448	39669354745	15466452471	181716636	6133000	33480000	7657000	41000	521957	0	1375660	0
1789821912.904935	39669585762	15466465471	181716636	6133000	33480000	7657000	41000	766931	0	1516634	0
1789821913.416604	39669745674	15466473833	181716636	6133000	33480000	7657000	41000	710906	0	1320489	0
1789821913.922567	39669932502	15466485735	181716636	6159000	33470000	7690000	40000	763154	0	1499981	0
1789821914.433555	39670491643	15466641313	181716636	6159000	33470000	7690000	40000	706275	0	1543112	0
1789821914.939006	39670911625	15466729570	181716636	6159000	33470000	7690000	40000	654835	0	1439105	0
1789821915.447186	39671280460	15466808732	181716636	6159000	33470000	7690000	40000	912234	0	1499618	0
1789821915.954518	39671473086	15466819840	181716636	6156000	33470000	7686000	40000	556349	0	1458900	0
1789821916.464432	39671651064	15466828019	181716636	6156000	33470000	7686000	40000	533398	0	1467187	0
1789821916.969826	39671865053	15466846085	181716636	6156000	33470000	7686000	40000	1139247	0	1595507	0
1789821917.475259	39672041017	15466851334	181716636	6156000	33470000	7686000	40000	537502	0	1500019	0
1789821917.980558	39672219972	15466861771	181716636	6162000	33470000	7694000	40000	862628	0	1500000	0
1789821918.490508	39672403809	15466871537	181716636	6162000	33470000	7694000	40000	652669	0	1486328	0
1789821918.997054	39672905883	15466961442	181716636	6162000	33470000	7694000	40000	970055	0	2100292	0
1789821919.508082	39673210509	15467013382	181716636	6162000	33470000	7694000	40000	659757	0	1545582	0
1789821920.015517	39673563596	15467028519	181716636	6160000	33470000	7691000	40000	649222	0	1460962	0
1789821920.526308	39673742612	15467036393	181716636	6160000	33470000	7691000	40000	600608	0	1573335	0
1789821921.032293	39673934994	15467048966	181716636	6160000	33470000	7691000	40000	653610	0	1500016	0
1789821921.541298	39674131405	15467057022	181716636	6160000	33470000	7691000	40000	730472	0	1532480	0
1789821922.047443	39674332759	15467074478	181716636	6162000	33460000	7694000	40000	836045	0	1600032	0
1789821922.557482	39674528376	15467083267	181716636	6162000	33460000	7694000	40000	663918	0	1520134	0
1789821923.064196	39674679377	15467094681	181716636	6162000	33460000	7694000	40000	905701	0	1500018	0
1789821923.574160	39674916132	15467100357	181716636	6162000	33460000	7694000	40000	1187656	0	1500832	0
1789821924.080052	39675351677	15467180679	181716636	6162000	33460000	7694000	40000	1263044	0	1501283	0
1789821924.589439	39675796806	15467278640	181716636	6162000	33460000	7694000	40000	723113	0	1355809	0
1789821925.094404	39676223013	15467346756	181716636	6159000	33460000	7690000	40000	1095501	0	1527048	0
1789821925.604206	39676476980	15467354446	181716636	6159000	33460000	7690000	40000	686172	0	1452222	0
1789821926.110463	39676908375	15467380142	181716636	6159000	33460000	7690000	40000	885063	0	1433039	0
1789821926.620126	39677244922	15467388687	181716636	6159000	33460000	7690000	40000	844880	0	1392345	0
1789821927.126511	39677665514	15467400649	181716636	6156000	33460000	7686000	39000	951069	0	1448966	0
1789821927.636997	39677859606	15467406204	181716636	6156000	33460000	7686000	39000	729040	0	1444420	0
1789821928.143011	39678075425	15467421340	181716636	6156000	33460000	7686000	39000	850056	0	1521881	0
1789821928.654489	39678486862	15467474319	181716758	6156000	33460000	7686000	39000	545466	0	1293965	0
1789821929.160954	39678823836	15467560805	181716819	6158000	33460000	7689000	40000	969227	0	1600000	0
1789821929.669408	39679181746	15467663771	181716819	6158000	33460000	7689000	40000	592203	0	1452590	0
1789821930.175544	39679384809	15467678115	181716819	6158000	33460000	7689000	39000	729437	0	1457184	0
1789821930.686307	39679596906	15467688124	181716819	6158000	33460000	7689000	39000	662780	0	1480654	0
1789821931.191992	39679860516	15467704360	181716819	6158000	33450000	7688000	39000	663840	0	1500016	0
1789821931.701247	39680046734	15467713149	181716819	6158000	33450000	7688000	39000	583496	0	1428020	0
1789821932.207460	39680251811	15467721877	181716819	6158000	33450000	7688000	39000	665957	0	1528192	0
1789821932.716337	39680413005	15467728590	181716819	6158000	33450000	7688000	39000	841207	0	1498612	0
1789821933.222450	39680646036	15467748000	181716819	6162000	33450000	7693000	39000	1206179	0	1349862	0
1789821933.734655	39680845194	15467757033	181716819	6162000	33450000	7693000	39000	941673	0	1457832	0
1789821934.241486	39681382851	15467939894	181716819	6162000	33450000	7693000	39000	659710	0	1493722	0
1789821934.749266	39681592567	15467948255	181716819	6162000	33450000	7693000	39000	910716	0	1461903	0
1789821935.256368	39681780433	15467958998	181716819	6162000	33450000	7693000	39000	653284	0	1447317	0
1789821935.766105	39682054114	15467967298	181716819	6162000	33450000	7693000	39000	766769	0	1553162	0
1789821936.271455	39682214880	15467973219	181716819	6164000	33450000	7696000	39000	580469	0	1600000	0
1789821936.781440	39682520299	15467984876	181716819	6164000	33450000	7696000	39000	861035	0	1353462	0
1789821937.288029	39682722874	15468000257	181716819	6164000	33450000	7696000	39000	744893	0	1495264	0
1789821937.798358	39682926182	15468010511	181716819	6164000	33450000	7696000	39000	706932	0	1476757	0
1789821938.303889	39683103611	15468019239	181716819	6164000	33450000	7696000	39000	744390	0	1431331	0
1789821938.814016	39685047453	15468758251	181716819	6164000	33450000	7696000	39000	1875025	0	1900285	0
1789821939.318974	39690120499	15471506779	181716819	6164000	33450000	7696000	43000	1447276	0	1600016	0
1789821939.831074	39694746159	15474006162	181716819	6164000	33450000	7696000	43000	1427652	0	1600000	0
1789821940.335982	39699280571	15476390311	181716819	6095000	33440000	7610000	43000	1587595	0	1600218	0
1789821940.844987	39703870403	15478699510	181716819	6095000	33440000	7610000	43000	1349799	0	1500000	0
1789821941.350885	39708430572	15480969401	181716819	6095000	33440000	7610000	43000	1350033	0	1500000	0
1789821941.862852	39712966938	15483202062	181716819	6095000	33440000	7610000	43000	1361576	0	1500366	0
1789821942.367363	39717159004	15485293426	181716819	6097000	33430000	7612000	45000	1224114	0	2100128	0
1789821942.874982	39720963072	15486933986	181716819	6097000	33430000	7612000	45000	1778792	0	2300283	0
1789821943.379657	39726403793	15489853595	181716819	6097000	33430000	7612000	44000	1532102	0	1599983	0
1789821943.891968	39730982883	15492337231	181716819	6097000	33430000	7612000	44000	1438196	0	1599983	0
1789821944.395961	39735516074	15494629401	181716819	6093000	33430000	7607000	44000	1309652	0	1496163	0
1789821944.907939	39740106150	15496934082	181716819	6093000	33430000	7607000	44000	1383197	0	1499984	0
1789821945.413057	39744626341	15499234247	181716819	6093000	33430000	7607000	45000	1397271	0	1700177	0
1789821945.921643	39749020922	15501417469	181716819	6093000	33430000	7607000	45000	1288742	0	1900277	0
1789821946.426521	39753396522	15503643843	181716819	6093000	33430000	7607000	45000	1230971	0	1800214	0
1789821946.934607	39757285122	15505497720	181716819	6093000	33430000	7607000	45000	957311	0	2000492	0
1789821947.441466	39757730678	15505639077	181716819	6094000	33420000	7609000	43000	874502	0	1743643	0
1789821947.951222	39758086146	15505710915	181716819	6094000	33420000	7609000	43000	684049	0	1600028	0
1789821948.458981	39758245447	15505715188	181716819	6094000	33420000	7609000	40000	745250	0	1527566	0
1789821948.970286	39758410425	15505719765	181716819	6094000	33420000	7609000	40000	906937	0	1559651	0
1789821949.479012	39758603417	15505725808	181716819	6158000	33410000	7689000	40000	1006772	0	1599762	0
1789821949.991880	39759248985	15506101356	181716819	6158000	33410000	7689000	40000	1691025	0	1800333	0
1789821950.499922	39764358957	15510431362	181716819	6158000	33410000	7689000	45000	1893932	0	2200296	0
1789821951.008917	39768983579	15514294328	181716819	6158000	33410000	7689000	45000	1896504	0	2196319	0
1789821951.512955	39773554124	15518142463	181716819	6090000	33410000	7603000	45000	1851190	0	2195267	0
1789821952.021861	39777715368	15521592649	181716819	6090000	33410000	7603000	45000	1683687	0	3100000	0
1789821952.526164	39778247410	15521797849	181716819	6090000	33410000	7603000	42000	665942	0	1482529	0
1789821953.034913	39778591342	15521906003	181716819	6090000	33410000	7603000	42000	681287	0	1500000	0
1789821953.541528	39778840060	15521912168	181716819	6154000	33400000	7683000	41000	909206	0	1518081	0
1789821954.052867	39779104219	15521954099	181716819	6154000	33400000	7683000	41000	1274021	0	1587737	0
1789821954.559116	39779542634	15522079831	181716819	6154000	33400000	7683000	41000	792487	0	1707683	0
1789821955.069043	39779815521	15522096798	181716819	6154000	33400000	7683000	41000	1215660	0	1501807	0
1789821955.575934	39783953328	15525553577	181716819	6141000	33400000	7667000	48000	2390598	0	2600000	0
1789821956.083936	39788518502	15529476113	181716819	6141000	33400000	7667000	48000	2441066	0	2600000	0
1789821956.588030	39793038144	15533331572	181716819	6141000	33400000	7667000	46000	2422107	0	2666221	0
1789821957.095978	39797233079	15536819234	181716819	6141000	33400000	7667000	46000	2457059	0	2700000	0
1789821957.601936	39801802953	15540752329	181716819	6141000	33400000	7667000	47000	2450599	0	2538434	0
1789821958.110945	39806376977	15544708130	181716819	6141000	33400000	7667000	47000	2434247	0	2500000	0
1789821958.614988	39810293593	15547965201	181716819	6088000	33390000	7601000	46000	1676187	0	2664952	0
1789821959.124347	39810984326	15548116751	181716819	6088000	33390000	7601000	46000	716333	0	1349238	0
1789821959.630392	39811573191	15548232779	181716819	6088000	33390000	7601000	42000	803343	0	1441363	0
1789821960.142356	39811814829	15548243765	181716880	6088000	33390000	7601000	42000	843865	0	1463855	0
1789821960.648484	39811977915	15548248404	181716880	6152000	33380000	7681000	41000	673605	0	1502983	0
1789821961.156537	39812189828	15548263846	181716880	6152000	33380000	7681000	41000	662522	0	1600000	0
1789821961.662028	39812384713	15548281546	181716880	6152000	33380000	7681000	41000	1218855	0	1703326	0
1789821962.170868	39813631963	15549002919	181716880	6152000	33380000	7681000	41000	1555288	0	3100031	0
1789821962.674661	39815284974	15550058580	181716880	6141000	33380000	7667000	45000	977308	0	2971518	0
1789821963.181906	39816651120	15550931380	181716880	6141000	33380000	7667000	45000	900606	0	3099968	0
1789821963.685999	39818000055	15551804791	181716880	6141000	33380000	7667000	45000	918684	0	2977990	0
1789821964.191558	39819796925	15552928018	181716880	6141000	33380000	7667000	45000	1091728	0	3070869	0
1789821964.695498	39821157945	15553819618	181716880	6138000	33370000	7663000	45000	737500	0	3100000	0
1789821965.202333	39822591718	15554774449	181716880	6138000	33370000	7663000	45000	729725	0	3037807	0
1789821965.706013	39824115823	15555830050	181716880	6138000	33370000	7663000	45000	936060	0	2974716	0
1789821966.212122	39825533117	15556767608	181716880	6138000	33370000	7663000	45000	734396	0	3075170	0
1789821966.716233	39826922762	15557676541	181716880	6141000	33370000	7667000	45000	1207650	0	2976605	0
1789821967.222897	39828409269	15558676661	181716880	6141000	33370000	7667000	45000	920382	0	2949193	0
1789821967.727037	39829830957	15559584740	181716880	6141000	33370000	7667000	46000	989938	0	3079187	0
1789821968.233395	39831292074	15560556173	181716880	6141000	33370000	7667000	46000	993639	0	3059270	0
1789821968.736714	39832619280	15561420123	181716880	6141000	33370000	7667000	45000	1537766	0	2879653	0
1789821969.243060	39834005446	15562317643	181716880	6141000	33370000	7667000	45000	710647	0	2885183	0
1789821969.747011	39835465892	15563224013	181716880	6138000	33370000	7664000	45000	965094	0	3051778	0
1789821970.254617	39836839301	15564117687	181716880	6138000	33370000	7664000	45000	769611	0	3100000	0
1789821970.759099	39838229556	15565030587	181716880	6138000	33370000	7664000	46000	981353	0	2993414	0
1789821971.265714	39839620544	15565943061	181716880	6138000	33370000	7664000	46000	938951	0	2953618	0
1789821971.771932	39840521787	15566455755	181716880	6138000	33360000	7663000	42000	594335	0	1599977	0
1789821972.281463	39841054378	15566671147	181716880	6138000	33360000	7663000	42000	659875	0	1583028	0
1789821972.787426	39841316463	15566679997	181716880	6138000	33360000	7663000	41000	649228	0	1456481	0
1789821973.296973	39841545161	15566695561	181716880	6138000	33360000	7663000	41000	659932	0	1599981	0
1789821973.803330	39841695551	15566700139	181716880	6157000	33360000	7687000	41000	631419	0	1443789	0
1789821974.313575	39842225396	15566867558	181716880	6157000	33360000	7687000	41000	671324	0	1450743	0
1789821974.819000	39843073233	15567293643	181716880	6157000	33360000	7687000	48000	1409696	0	2945770	0
1789821975.325551	39845992903	15569196287	181716880	6157000	33360000	7687000	48000	771753	0	3100031	0
1789821975.830067	39848656593	15570493586	181716880	6124000	33360000	7646000	47000	700542	0	2804342	0
1789821976.336950	39851109833	15571604118	181716880	6124000	33360000	7646000	47000	736189	0	3089512	0
1789821976.840603	39853540919	15573252856	181716880	6124000	33360000	7646000	50000	1002862	0	3100000	0
1789821977.348688	39856327349	15574503891	181716880	6124000	33360000	7646000	50000	870119	0	2683621	0
1789821977.853074	39857665176	15574863204	181716880	6139000	33350000	7665000	42000	758808	0	1628349	0
1789821978.362063	39858069410	15574996016	181716880	6139000	33350000	7665000	42000	1175637	0	1486388	0
1789821978.867783	39858272596	15575001204	181716880	6139000	33350000	7665000	41000	638079	0	1411550	0
1789821979.377453	39858443921	15575009566	181716880	6139000	33350000	7665000	41000	767840	0	1400000	0
1789821979.882292	39858603283	15575014327	181716880	6139000	33350000	7665000	40000	1073766	0	1499983	0
1789821980.391482	39858872692	15575021590	181716880	6139000	33350000	7665000	40000	994652	0	1600164	0
1789821980.897989	39860362739	15576012188	181716880	6159000	33350000	7690000	49000	1189461	0	3100000	0
1789821981.403589	39862567812	15577606178	181716880	6159000	33350000	7690000	49000	917342	0	2905554	0
1789821981.907047	39864611020	15579093540	181716880	6159000	33350000	7690000	50000	719335	0	2954683	0
1789821982.414314	39866645621	15580564239	181716880	6159000	33350000	7690000	50000	737503	0	3100031	0
1789821982.919428	39868678880	15582044826	181716880	6131000	33340000	7655000	50000	725737	0	3005902	0
1789821983.424975	39870516583	15583303551	181716880	6131000	33340000	7655000	50000	734540	0	3076325	0
1789821983.930502	39872519691	15584749165	181716880	6131000	33340000	7655000	50000	949338	0	3011637	0
1789821984.437020	39874962189	15586465896	181716880	6131000	33340000	7655000	50000	729607	0	3036859	0
1789821984.941000	39877035609	15587937633	181716880	6116000	33340000	7636000	50000	956234	0	3099969	0
1789821985.446618	39878625388	15589015939	181716880	6116000	33340000	7636000	50000	974773	0	1786045	0
1789821985.952983	39879115377	15589140755	181716880	6116000	33340000	7636000	42000	859908	0	1599983	0
1789821986.463387	39879348775	15589183358	181716880	6116000	33340000	7636000	42000	867617	0	1500423	0
1789821986.968120	39879526570	15589189583	181716880	6158000	33330000	7688000	41000	782261	0	1451854	0
1789821987.478041	39879720234	15589197762	181716880	6158000	33330000	7688000	41000	592513	0	1477566	0
1789821987.984445	39879957050	15589203011	181716880	6158000	33330000	7688000	41000	887584	0	1440849	0
1789821988.494076	39880181964	15589219735	181716880	6158000	33330000	7688000	41000	1055748	0	1556662	0
1789821988.999594	39880801835	15589445564	181716880	6147000	33330000	7675000	41000	567105	0	1489879	0
1789821989.510502	39881044632	15589456184	181716880	6147000	33330000	7675000	41000	1065655	0	1521479	0
1789821990.016288	39881234207	15589466255	181716880	6147000	33330000	7675000	40000	556671	0	1399429	0
1789821990.527452	39881398757	15589471992	181716880	6147000	33330000	7675000	40000	634865	0	1412174	0
1789821991.033051	39881723769	15589483040	181716880	6147000	33330000	7675000	41000	646895	0	1435597	0
1789821991.543013	39881932692	15589493538	181716880	6147000	33330000	7675000	41000	657991	0	1515869	0
1789821992.049381	39882336194	15589555732	181716880	6160000	33330000	7691000	40000	676382	0	1500027	0
1789821992.559501	39882522961	15589565986	181716880	6160000	33330000	7691000	40000	635522	0	1409836	0
1789821993.066238	39883179576	15589774360	181716880	6160000	33330000	7691000	40000	1055671	0	1500000	0
1789821993.576450	39883397043	15589782233	181716880	6160000	33330000	7691000	40000	951922	0	1500039	0
1789821994.082025	39883941292	15589886298	181716880	6154000	33330000	7684000	40000	1148463	0	1443007	0
1789821994.593492	39884368110	15590013434	181716880	6154000	33330000	7684000	40000	626203	0	1427230	0
1789821995.099432	39884583991	15590028204	181716880	6154000	33330000	7684000	40000	911595	0	1500000	0
1789821995.608148	39884738959	15590034552	181716880	6154000	33330000	7684000	40000	634961	0	1438678	0
1789821996.113507	39884936163	15590048224	181716880	6160000	33320000	7691000	40000	761134	0	1453856	0
1789821996.623475	39885206975	15590060797	181716880	6160000	33320000	7691000	40000	673279	0	1600000	0
1789821997.129345	39885432011	15590084295	181716880	6160000	33320000	7691000	40000	627242	0	1532003	0
1789821997.639357	39885598454	15590091681	181716880	6160000	33320000	7691000	40000	560999	0	1535693	0
1789821998.144891	39885782718	15590101446	181716880	6159000	33320000	7690000	40000	577316	0	1600000	0
1789821998.654398	39885976138	15590113287	181716880	6159000	33320000	7690000	40000	640299	0	1500018	0
1789821999.160313	39886218325	15590122564	181716880	6159000	33320000	7690000	39000	630240	0	1500000	0
1789821999.669262	39886368349	15590128057	181716880	6159000	33320000	7690000	39000	567481	0	1454608	0
1789822000.175432	39886633790	15590144110	181716880	6158000	33320000	7688000	39000	555377	0	1500000	0
1789822000.685480	39886903199	15590184576	181717247	6158000	33320000	7688000	39000	898255	0	1506458	0
1789822001.192084	39887488280	15590341680	181717430	6158000	33320000	7688000	40000	1040112	0	1841734	0
1789822001.702979	39887730223	15590353032	181717430	6158000	33320000	7688000	40000	841034	0	1409164	0
1789822002.226542	39888047788	15590377263	181717430	6158000	33320000	7688000	40000	683684	0	1491124	0
1789822002.734689	39888289609	15590387151	181717430	6158000	33320000	7688000	40000	711950	0	1500000	0
1789822003.239666	39888492306	15590398076	181717430	6155000	33320000	7685000	39000	853803	0	1509095	0
1789822003.749951	39888691402	15590412419	181717430	6155000	33320000	7685000	39000	751597	0	1517475	0
1789822004.255525	39889229792	15590605900	181717430	6155000	33320000	7685000	39000	807983	0	1527046	0
1789822004.763950	39889456964	15590621281	181717491	6155000	33320000	7685000	39000	881613	0	1483695	0
1789822005.270057	39889651544	15590630009	181717491	6158000	33310000	7689000	39000	713484	0	1588132	0
1789822005.779100	39889890557	15590667363	181717491	6158000	33310000	7689000	39000	925056	0	1500000	0
1789822006.284093	39890065178	15590673344	181717491	6158000	33310000	7689000	39000	699711	0	1600000	0
1789822006.794257	39890473929	15590803776	181717491	6158000	33310000	7689000	39000	508025	0	1264204	0
1789822007.300054	39890748404	15590819401	181717491	6160000	33310000	7691000	39000	935145	0	1559579	0
1789822007.811086	39891001638	15590837040	181717491	6160000	33310000	7691000	39000	734444	0	1600019	0
1789822008.317361	39891192739	15590846134	181717491	6160000	33310000	7691000	39000	778242	0	1528324	0
1789822008.827095	39891487294	15590875675	181717491	6160000	33310000	7691000	39000	614482	0	1545508	0
1789822009.333394	39891670154	15590884586	181717491	6157000	33310000	7687000	39000	658555	0	1449997	0
1789822009.843249	39891868579	15590897648	181717491	6157000	33310000	7687000	39000	643894	0	1445327	0
1789822010.350329	39892053332	15590904545	181717491	6157000	33310000	7687000	39000	642778	0	1514333	0
1789822010.859944	39896317664	15593000975	181717491	6157000	33310000	7687000	39000	1572305	0	1600189	0
1789822011.364938	39901284388	15595726737	181717491	6087000	33310000	7600000	44000	1718094	0	1800275	0
1789822011.874948	39906374157	15598494735	181717491	6087000	33310000	7600000	44000	1682988	0	1800258	0
1789822012.379960	39911411254	15601171669	181717491	6087000	33310000	7600000	44000	1688511	0	1800237	0
1789822012.893068	39916514695	15603770112	181717491	6087000	33310000	7600000	44000	1696110	0	1742704	0
1789822013.397920	39921534336	15606408533	181717491	6087000	33310000	7600000	45000	1617247	0	1900281	0
1789822013.905906	39926577353	15608961810	181717491	6087000	33310000	7600000	45000	1264896	0	1822837	0
1789822014.409946	39930628490	15610887221	181717491	6084000	33290000	7596000	43000	1890609	0	2200494	0
1789822014.918970	39936305599	15613943182	181717491	6084000	33290000	7596000	43000	1620457	0	1700195	0
1789822015.424935	39941330061	15616718932	181717491	6084000	33290000	7596000	45000	1735463	0	1800260	0
1789822015.935947	39946434357	15619416251	181717491	6084000	33290000	7596000	45000	1681938	0	1800297	0
1789822016.441058	39951464862	15622092941	181717491	6081000	33290000	7593000	45000	1661968	0	1700378	0
1789822016.948605	39956518255	15624717630	181717491	6081000	33290000	7593000	45000	1686161	0	1756437	0
1789822017.454579	39961549797	15627339022	181717491	6081000	33290000	7593000	46000	1415562	0	1900269	0
1789822017.962025	39966289897	15629668545	181717491	6081000	33290000	7593000	46000	1275176	0	3023773	0
1789822018.468361	39968055152	15630375818	181717491	6081000	33280000	7593000	42000	898289	0	1800227	0
1789822018.979518	39968638585	15630538843	181717491	6081000	33280000	7593000	42000	703988	0	1550174	0
1789822019.488129	39968816136	15630545618	181717491	6081000	33280000	7593000	41000	1013087	0	1625839	0
1789822020.001374	39968987217	15630552576	181717491	6081000	33280000	7593000	41000	1105591	0	1424493	400
1789822020.508356	39969193943	15630564477	181717552	6155000	33270000	7685000	41000	930025	0	1574994	0
1789822021.018075	39969359226	15630570154	181717552	6155000	33270000	7685000	41000	651940	0	1500000	0
1789822021.523914	39972652430	15633282000	181717552	6155000	33270000	7685000	47000	2003711	0	2200297	0
1789822022.031948	39977714246	15637556769	181717552	6155000	33270000	7685000	47000	2028354	0	2195492	0
1789822022.536952	39982741027	15641834041	181717552	6079000	33270000	7590000	46000	2038503	0	2197574	0
1789822023.047088	39987809252	15646177658	181717552	6079000	33270000	7590000	46000	2136466	0	2299998	0
1789822023.552460	39989349531	15647143048	181717552	6079000	33270000	7590000	43000	820876	0	1599983	0
1789822024.063060	39989837323	15647322308	181717552	6079000	33270000	7590000	43000	1402116	0	1696656	0
1789822024.568826	39990264934	15647449505	181717552	6079000	33270000	7590000	41000	695188	0	1700356	0
1789822025.081616	39990446818	15647456890	181717552	6079000	33270000	7590000	41000	790215	0	1521411	0
1789822025.589680	39990649759	15647462078	181717552	6154000	33260000	7683000	41000	659950	0	1479429	0
1789822026.102456	39990818826	15647468182	181717552	6154000	33260000	7683000	41000	652764	0	1500136	0
1789822026.609986	39993927705	15650053624	181717552	6154000	33260000	7683000	47000	2641545	0	3100000	0
1789822027.120930	39999177142	15654593163	181717552	6154000	33260000	7683000	47000	2601378	0	3000000	0
1789822027.625938	40004200872	15658994702	181717552	6084000	33260000	7596000	48000	2644495	0	3074935	0
1789822028.133553	40008405390	15662461063	181717552	6084000	33260000	7596000	48000	2676887	0	3100031	0
1789822028.637678	40013491681	15666880180	181717552	6084000	33260000	7596000	48000	2618289	0	2900029	0
1789822029.145937	40018595611	15671344707	181717552	6084000	33260000	7596000	48000	2517164	0	2700000	0
1789822029.653322	40022485493	15674622409	181717552	6077000	33250000	7587000	46000	1586075	0	3088902	0
1789822030.161820	40022916034	15674780673	181717552	6077000	33250000	7587000	46000	590259	0	1555475	0
1789822030.668443	40023415484	15674959261	181717552	6077000	33250000	7587000	42000	573099	0	1453098	0
1789822031.178448	40023582903	15674965548	181717552	6077000	33250000	7587000	42000	589390	0	1511387	0
1789822031.687345	40023757951	15674971102	181717552	6154000	33240000	7684000	42000	1036508	0	1540673	0
1789822032.197493	40023923966	15674976839	181717552	6154000	33240000	7684000	42000	1386527	0	1673848	0
1789822032.702293	40024083695	15674981234	181717552	6154000	33240000	7684000	42000	1037482	0	1555192	0
1789822033.212192	40025486035	15675819366	181717552	6154000	33240000	7684000	42000	712263	0	2898107	0
1789822033.716096	40027020333	15676825772	181717552	6132000	33240000	7656000	45000	988866	0	2963950	0
1789822034.222900	40028865421	15677928004	181717552	6132000	33240000	7656000	45000	1144146	0	3002729	0
1789822034.726286	40030218079	15678801353	181717552	6132000	33240000	7656000	45000	918663	0	3100000	0
1789822035.232526	40031590084	15679702535	181717552	6132000	33240000	7656000	45000	918308	0	3079411	0
1789822035.736899	40032963982	15680612384	181717552	6132000	33240000	7656000	46000	722039	0	2976319	0
1789822036.243203	40034387074	15681543900	181717552	6132000	33240000	7656000	46000	1131607	0	3100000	0
1789822036.746644	40035941025	15682627088	181717552	6138000	33230000	7663000	45000	996583	0	2972801	0
1789822037.253756	40037374005	15683572703	181717552	6138000	33230000	7663000	45000	996570	0	3100000	0
1789822037.758957	40038777017	15684492379	181717552	6138000	33230000	7663000	45000	894597	0	3099968	0
1789822038.265345	40040267247	15685490362	181717552	6138000	33230000	7663000	45000	974193	0	3050323	0
1789822038.769679	40041630769	15686387027	181717552	6137000	33230000	7662000	46000	1179903	0	3100000	0
1789822039.276516	40043083280	15687342957	181717552	6137000	33230000	7662000	46000	729131	0	3033052	0
1789822039.780030	40044489893	15688225402	181717552	6137000	33230000	7662000	45000	1245334	0	2973731	0
1789822040.286045	40045856588	15689119137	181717552	6137000	33230000	7662000	45000	722184	0	2977478	0
1789822040.790996	40047227434	15690017816	181717552	6138000	33230000	7664000	45000	1352639	0	2976684	0
1789822041.297887	40048708388	15690939872	181717552	6138000	33230000	7664000	45000	1035821	0	3012084	0
1789822041.801954	40050096385	15691850942	181717552	6138000	33230000	7664000	47000	718085	0	2944683	0
1789822042.310027	40051505072	15692766528	181717552	6138000	33230000	7664000	47000	1164705	0	3100000	0
1789822042.813908	40052448002	15693314256	181717552	6137000	33220000	7662000	41000	560549	0	1524197	0
1789822043.324724	40053019046	15693493576	181717552	6137000	33220000	7662000	41000	697631	0	1425557	0
1789822043.829461	40053214663	15693500657	181717552	6137000	33220000	7662000	41000	873671	0	1543469	0
1789822044.340323	40053849854	15693685043	181717552	6137000	33220000	7662000	41000	660016	0	1454908	0
1789822044.845894	40054047668	15693691208	181717552	6154000	33220000	7683000	41000	881446	0	1511413	0
1789822045.355206	40054335815	15693704697	181717552	6154000	33220000	7683000	41000	787781	0	1600000	0
1789822045.861813	40055255795	15694230330	181717552	6154000	33220000	7683000	49000	1672854	0	3100000	0
1789822046.369765	40058157155	15696119974	181717552	6154000	33220000	7683000	49000	1034980	0	3100000	0
1789822046.875018	40060862531	15697433996	181717552	6154000	33220000	7683000	46000	1086924	0	2800000	0
1789822047.382522	40063378577	15698661715	181717552	6154000	33220000	7683000	46000	1744433	0	3100000	0
1789822047.889040	40065933502	15700388823	181717552	6120000	33220000	7641000	48000	1251371	0	2999969	0
1789822048.396972	40068797386	15701623866	181717552	6120000	33220000	7641000	48000	1105522	0	2399927	0
1789822048.901851	40069979879	15701913660	181717552	6120000	33220000	7641000	42000	571781	0	1200000	0
1789822049.412538	40070532489	15701984949	181717552	6120000	33220000	7641000	42000	873692	0	1500026	0
1789822049.918472	40070907733	15701994592	181717552	6141000	33210000	7667000	41000	846771	0	1418950	0
1789822050.428409	40071277422	15702000452	181717552	6141000	33210000	7667000	41000	487500	0	1100000	0
1789822050.934723	40071701920	15702005518	181717552	6141000	33210000	7667000	41000	725352	0	1500000	0
1789822051.445436	40072087112	15702012048	181717552	6141000	33210000	7667000	41000	645397	0	980493	0
1789822051.952737	40073477978	15702854331	181717552	6151000	33210000	7680000	50000	850772	0	3100000	0
1789822052.459899	40075654730	15704403033	181717552	6151000	33210000	7680000	50000	2520592	0	3099968	0
1789822052.964402	40077955749	15706079848	181718773	6151000	33210000	7680000	50000	1000301	0	3028468	0
1789822053.472282	40080031061	15707588816	181718773	6151000	33210000	7680000	50000	720935	0	2967483	0
1789822053.975427	40082133656	15709054267	181718773	6127000	33200000	7650000	44000	1229604	0	2903364	0
1789822054.483817	40084558394	15710682558	181718773	6127000	33200000	7650000	44000	1131920	0	3000845	0
1789822054.987186	40086557351	15712118773	181718773	6127000	33200000	7650000	50000	993035	0	3099968	0
1789822055.493614	40088547946	15713548396	181718773	6127000	33200000	7650000	50000	1139033	0	2964542	0
1789822055.996827	40090532316	15714981620	181718773	6127000	33200000	7650000	50000	914532	0	3099969	0
1789822056.505065	40092316003	15716170459	181718773	6127000	33200000	7650000	50000	883305	0	1600000	0
1789822057.010248	40092774681	15716221790	181718773	6127000	33200000	7650000	42000	1043934	0	1900037	0
1789822057.520416	40093292197	15716327441	181718773	6127000	33200000	7650000	42000	972474	0	1395981	0
1789822058.025365	40093659139	15716333484	181718773	6127000	33200000	7650000	41000	1090075	0	1500000	0
1789822058.535507	40094213154	15716478625	181718773	6127000	33200000	7650000	41000	755643	0	1500183	0
1789822059.041427	40094418720	15716489550	181718773	6153000	33190000	7682000	41000	1118816	0	1401402	0
1789822059.551962	40094617877	15716503405	181718773	6153000	33190000	7682000	41000	881374	0	1600096	0
1789822060.058620	40095158830	15716705980	181718773	6153000	33190000	7682000	41000	962924	0	1600843	0
1789822060.569039	40095398515	15716727587	181718773	6153000	33190000	7682000	41000	1034857	0	1600241	0
1789822061.077001	40095558304	15716732836	181718773	6150000	33190000	7679000	41000	810117	0	1580738	0
1789822061.590166	40095735123	15716739306	181718773	6150000	33190000	7679000	41000	744936	0	1567173	0
1789822062.097011	40096061294	15716744494	181718773	6150000	33190000	7679000	40000	642131	0	1436879	0
1789822062.608076	40096294203	15716752733	181718773	6150000	33190000	7679000	40000	807091	0	1600000	0
1789822063.116120	40096472975	15716762011	181719200	6154000	33190000	7683000	40000	712525	0	1700000	0
1789822063.628457	40096660963	15716774889	181719200	6154000	33190000	7683000	40000	677732	0	1521713	0
1789822064.136955	40097474010	15717137376	181719200	6154000	33190000	7683000	42000	1379540	0	1800213	0
1789822064.646314	40097709239	15717174241	181719200	6154000	33190000	7683000	42000	671253	0	1600197	0
1789822065.154408	40097894663	15717180222	181719200	6154000	33190000	7683000	40000	665820	0	1526386	0
1789822065.666944	40098093393	15717192857	181719200	6154000	33190000	7683000	40000	636358	0	1522382	0
1789822066.175206	40098254648	15717197312	181719200	6154000	33190000	7683000	40000	659193	0	1573636	0
1789822066.687810	40098421090	15717203355	181719200	6154000	33190000	7683000	40000	683399	0	1600175	0
1789822067.195972	40098608528	15717217881	181719200	6158000	33180000	7688000	40000	640887	0	1426931	0
1789822067.713176	40098890693	15717229661	181719200	6158000	33180000	7688000	40000	664533	0	1516123	0
1789822068.222167	40099050849	15717233750	181719200	6158000	33180000	7688000	40000	666220	0	1629611	0
1789822068.735154	40099218268	15717239976	181719200	6158000	33180000	7688000	40000	648485	0	1487810	0
1789822069.243612	40099403876	15717253037	181719200	6158000	33180000	7688000	39000	663604	0	1508647	0
1789822069.756076	40099689336	15717293015	181721336	6158000	33180000	7688000	39000	896467	0	1456821	0
1789822070.265754	40100173283	15717455734	181721763	6158000	33180000	7689000	40000	712530	0	1700000	0
1789822070.779047	40100373722	15717466660	181721824	6158000	33180000	7689000	40000	643995	0	1549156	0
1789822071.287129	40100567020	15717475876	181721885	6158000	33180000	7689000	39000	815790	0	1554172	0
1789822071.800903	40100800845	15717483078	181721885	6158000	33180000	7689000	39000	604984	0	1339801	0
1789822072.309038	40100992433	15717491806	181721885	6155000	33180000	7685000	39000	999942	0	1551180	0
1789822072.819814	40101186891	15717501755	181721885	6155000	33180000	7685000	39000	630745	0	1555338	0
1789822073.327626	40101444947	15717511154	181721885	6155000	33180000	7685000	39000	731621	0	1452120	0
1789822073.840126	40101754089	15717522751	181721885	6155000	33180000	7685000	39000	655178	0	1541264	0
1789822074.350114	40102372984	15717724899	181721885	6158000	33180000	7688000	39000	791328	0	1599977	0
1789822074.862060	40102547788	15717730636	181721885	6158000	33180000	7688000	39000	1010455	0	1599972	0
1789822075.369746	40102725705	15717738265	181721885	6158000	33180000	7688000	39000	688546	0	1600169	0
1789822075.882985	40102930600	15717747604	181721885	6158000	33180000	7688000	39000	676305	0	1599968	0
1789822076.391249	40103110165	15717755233	181721885	6158000	33170000	7688000	39000	1260554	0	1533054	0
1789822076.903838	40103307430	15717764266	181721885	6158000	33170000	7688000	39000	954048	0	1529154	0
1789822077.411951	40103572505	15717772872	181721885	6158000	33170000	7688000	39000	1096182	0	1600023	0
1789822077.924494	40103786189	15717781722	181721885	6158000	33170000	7688000	39000	982981	0	1503022	0
1789822078.432955	40103940607	15717785506	181721885	6157000	33170000	7687000	39000	1265541	0	1700297	0
1789822078.943978	40104265496	15717800216	181721885	6157000	33170000	7687000	39000	618230	0	1300013	0
1789822079.451748	40104441643	15717808273	181721885	6157000	33170000	7687000	39000	896550	0	1600307	0
1789822079.963953	40109174725	15720262063	181721885	6157000	33170000	7687000	39000	1797515	0	1900279	0
1789822080.470933	40115235561	15723565155	181721885	6069000	33170000	7578000	45000	1877527	0	1955073	0
1789822080.981925	40121326854	15726838462	181721885	6069000	33170000	7578000	45000	1822330	0	1900000	0
1789822081.490943	40127446650	15729947524	181721885	6069000	33170000	7578000	45000	1782890	0	1800320	0
1789822081.998999	40133506144	15733023505	181721885	6069000	33170000	7578000	45000	1812309	0	1857140	0
1789822082.503542	40139485804	15736238157	181721885	6069000	33170000	7578000	47000	1469904	0	2243155	0
1789822083.012989	40144683667	15738758414	181721885	6069000	33170000	7578000	47000	1866276	0	2502981	0
1789822083.518942	40151134212	15742057173	181721885	6065000	33160000	7572000	45000	1805031	0	1900298	0
1789822084.028936	40157205913	15745346715	181721885	6065000	33160000	7572000	45000	1949322	0	1999733	0
1789822084.533929	40163281153	15748465604	181721885	6065000	33160000	7572000	46000	1830980	0	1900318	0
1789822085.043930	40169382822	15751574299	181721885	6065000	33160000	7572000	46000	1756311	0	1800152	0
1789822085.549010	40175371516	15754643261	181721885	6061000	33150000	7568000	47000	1860374	0	2100400	0
1789822086.056705	40181405130	15757811466	181721885	6061000	33150000	7568000	47000	1334436	0	2300000	0
1789822086.560099	40184820344	15759399902	181721885	6061000	33150000	7568000	42000	1009995	0	1900661	0
1789822087.072854	40185451385	15759549560	181721885	6061000	33150000	7568000	42000	1133515	0	1999635	0
1789822087.581095	40185616973	15759553466	181721885	6138000	33130000	7664000	42000	1085473	0	1799068	0
1789822088.092808	40185813811	15759560668	181721885	6138000	33130000	7664000	42000	1039958	0	1506539	0
1789822088.600046	40185975553	15759565307	181721885	6138000	33130000	7664000	41000	709201	0	1700219	0
1789822089.111533	40186197965	15759576964	181721885	6138000	33130000	7664000	41000	649052	0	1492194	0
1789822089.622713	40188709921	15761669977	181721885	6153000	33130000	7682000	51000	2636143	0	3100031	0
1789822090.152733	40195283940	15767251322	181721885	6153000	33130000	7682000	51000	2235940	0	2300000	0
1789822090.656743	40201316640	15772443936	181721885	6153000	33130000	7682000	49000	2242694	0	2300000	0
1789822091.163008	40207027501	15777349807	181721885	6153000	33130000	7682000	49000	1638998	0	2772218	0
1789822091.667093	40207269017	15777374099	181721885	6140000	33120000	7666000	42000	1038272	0	1600077	0
1789822092.178656	40207761447	15777528579	181721885	6140000	33120000	7666000	42000	942244	0	1453158	0
1789822092.684459	40208011813	15777533828	181721885	6140000	33120000	7666000	42000	812798	0	1390865	0
1789822093.195486	40208205355	15777542556	181721885	6140000	33120000	7666000	42000	1273981	0	1500018	0
1789822093.701311	40208359956	15777547255	181721885	6140000	33120000	7666000	42000	655786	0	1453838	0
1789822094.211137	40208922882	15777755629	181721885	6140000	33120000	7666000	42000	935176	0	1600524	0
1789822094.716907	40213728290	15781887881	181721885	6153000	33120000	7682000	48000	2665173	0	3099968	0
1789822095.228454	40219432255	15786882131	181721885	6153000	33120000	7682000	48000	2645715	0	3100031	0
1789822095.733029	40224434439	15791247416	181721885	6153000	33120000	7682000	50000	2510332	0	3100000	0
1789822096.241986	40229161844	15795253387	181721885	6153000	33120000	7682000	50000	2662572	0	2967025	0
1789822096.748908	40234723048	15800195574	181721885	6083000	33110000	7595000	51000	2715370	0	3099968	0
1789822097.256774	40239880872	15804715765	181721885	6083000	33110000	7595000	51000	2379524	0	3100322	0
1789822097.760103	40241916877	15806263124	181721885	6083000	33110000	7595000	43000	1210555	0	1800245	0
1789822098.272595	40242449164	15806460389	181721885	6083000	33110000	7595000	43000	664896	0	1545002	0
1789822098.780972	40242597601	15806464601	181721885	6146000	33100000	7673000	42000	966504	0	1600232	0
1789822099.292601	40242762517	15806470094	181721885	6146000	33100000	7673000	42000	1029162	0	1600486	0
1789822099.800670	40242952397	15806475099	181721885	6146000	33100000	7673000	42000	881074	0	1412320	0
1789822100.312566	40243126347	15806481202	181721885	6146000	33100000	7673000	42000	668168	0	1544909	0
1789822100.818185	40243961367	15806839600	181721885	6151000	33100000	7680000	43000	1039672	0	3100000	0
1789822101.326782	40245657774	15807907773	181721885	6151000	33100000	7680000	43000	1017589	0	2876462	0
1789822101.831504	40247025934	15808810359	181721885	6151000	33100000	7680000	44000	1314201	0	3100031	0
1789822102.339793	40248439566	15809740288	181721885	6151000	33100000	7680000	44000	1295608	0	3100000	0
1789822102.844170	40249828967	15810672720	181721885	6135000	33100000	7660000	45000	1301670	0	3100000	0
1789822103.352508	40251312849	15811665637	181721885	6135000	33100000	7660000	45000	1291638	0	3100000	0
1789822103.857037	40252742167	15812624680	181721885	6135000	33100000	7660000	44000	1305606	0	3100000	0
1789822104.365337	40254757238	15813947736	181721885	6135000	33100000	7660000	44000	1448572	0	3020927	0
1789822104.869800	40256201814	15814925883	181721885	6135000	33100000	7660000	44000	1485121	0	3013380	0
1789822105.377831	40257654691	15815903541	181721885	6135000	33100000	7660000	44000	1438474	0	3009713	0
1789822105.882042	40259087732	15816872655	181721885	6134000	33090000	7659000	44000	1309790	0	3100000	0
1789822106.390577	40260617147	15817821749	181721885	6134000	33090000	7659000	44000	1016511	0	3093828	0
1789822106.895522	40262079179	15818812164	181721885	6134000	33090000	7659000	44000	1313311	0	2981253	0
1789822107.403706	40263515882	15819771329	181721885	6134000	33090000	7659000	44000	1449303	0	3100072	0
1789822107.908276	40264905222	15820695399	181721885	6131000	33090000	7655000	44000	1750697	0	2987110	0
1789822108.416028	40266315924	15821632714	181721885	6131000	33090000	7655000	44000	1504289	0	3100031	0
1789822108.920652	40267741762	15822574545	181721885	6131000	33090000	7655000	44000	1559943	0	3100000	0
1789822109.428507	40269173216	15823515705	181721885	6131000	33090000	7655000	44000	1350282	0	3095562	0
1789822109.934555	40270630000	15824493424	181721885	6134000	33080000	7659000	44000	1443945	0	2993727	0
1789822110.442167	40271985038	15825323317	181721885	6134000	33080000	7659000	44000	918286	0	1700163	0
1789822110.946951	40272392385	15825369032	181721885	6134000	33080000	7659000	42000	1509552	0	2200285	0
1789822111.457085	40272759145	15825457106	181721885	6134000	33080000	7659000	42000	930131	0	1559210	0
1789822111.963332	40273160938	15825463209	181721885	6152000	33080000	7681000	42000	674358	0	1503313	0
1789822112.473052	40273334033	15825470106	181721885	6152000	33080000	7681000	42000	577572	0	1358637	0
1789822112.979456	40273551440	15825477736	181721885	6152000	33080000	7681000	41000	677093	0	1545327	0
1789822113.488435	40273918260	15825594923	181721885	6152000	33080000	7681000	41000	782468	0	2199977	0
1789822113.992019	40276684672	15827392282	181721885	6126000	33080000	7649000	52000	730003	0	3040029	0
1789822114.500159	40279689425	15829016362	181721885	6126000	33080000	7649000	52000	682941	0	2663535	0
1789822115.003405	40282180202	15830073000	181721885	6126000	33080000	7649000	48000	1280135	0	3100000	0
1789822115.512817	40284729878	15831791196	181721885	6126000	33080000	7649000	48000	1288904	0	3100000	0
1789822116.017911	40287414075	15833142084	181721885	6126000	33080000	7649000	46000	1183689	0	2800000	0
1789822116.524741	40288969003	15833633049	181721885	6126000	33080000	7649000	46000	1110199	0	1517272	0
1789822117.032689	40289479256	15833787712	181721885	6114000	33070000	7634000	42000	799252	0	1564616	0
1789822117.542557	40289732856	15833797111	181721885	6114000	33070000	7634000	42000	1183591	0	1360468	0
1789822118.047988	40289906928	15833803398	181721885	6114000	33070000	7634000	42000	964039	0	1476523	0
1789822118.557997	40290086127	15833810356	181721885	6114000	33070000	7634000	42000	926135	0	1543251	0
1789822119.064468	40290276251	15833819267	181721885	6154000	33070000	7683000	41000	1069748	0	1555023	0
1789822119.573888	40291320682	15834481070	181721885	6154000	33070000	7683000	41000	1298533	0	3100000	0
1789822120.078624	40293635983	15836128954	181721885	6154000	33070000	7683000	50000	1062501	0	3099968	0
1789822120.585378	40295789542	15837655805	181721885	6154000	33070000	7683000	50000	1314599	0	3100000	0
1789822121.089735	40297910692	15839188089	181721885	6124000	33070000	7646000	50000	1241772	0	3100031	0
1789822121.597938	40300011089	15840729528	181721885	6124000	33070000	7646000	50000	1317079	0	3099968	0
1789822122.102399	40301929480	15842061006	181721885	6124000	33070000	7646000	51000	1114816	0	3015351	0
1789822122.608319	40303944184	15843519132	181721885	6124000	33070000	7646000	51000	913000	0	3013810	0
1789822123.111969	40306002102	15844986414	181721885	6124000	33060000	7646000	50000	960295	0	3017275	0
1789822123.620126	40308016012	15846444845	181721885	6124000	33060000	7646000	50000	924922	0	2935233	0
1789822124.124788	40309885026	15847690569	181721885	6124000	33060000	7646000	43000	1688685	0	2000983	0
1789822124.634019	40310414688	15847869707	181721885	6124000	33060000	7646000	43000	1129738	0	2272154	0
1789822125.138377	40310674880	15847928545	181721885	6150000	33060000	7679000	41000	597200	0	1500018	0
1789822125.648301	40310836318	15847934709	181721885	6150000	33060000	7679000	41000	569428	0	1478572	0
1789822126.154437	40311048780	15847940508	181721885	6150000	33060000	7679000	42000	805491	0	1565084	0
1789822126.661944	40311221082	15847946733	181721885	6150000	33060000	7679000	42000	656108	0	1529159	0
1789822127.168192	40311487683	15847986040	181722068	6150000	33060000	7679000	41000	593808	0	1538860	0
1789822127.678440	40312048656	15848198625	181722130	6150000	33060000	7679000	41000	665475	0	1502178	0
1789822128.183227	40312271922	15848206987	181722130	6151000	33050000	7680000	41000	663384	0	1559729	0
1789822128.693602	40312453379	15848215104	181722252	6151000	33050000	7680000	41000	715469	0	1445787	0
1789822129.199620	40312657724	15848224321	181722435	6151000	33050000	7680000	41000	644209	0	1380202	0
1789822129.708210	40312846688	15848233110	181722435	6151000	33050000	7680000	41000	570558	0	1482661	0
1789822130.213423	40313049874	15848241777	181722435	6154000	33050000	7683000	40000	697398	0	1536664	0
1789822130.723052	40313236031	15848251603	181722435	6154000	33050000	7683000	40000	672794	0	1510787	0
1789822131.230068	40313440010	15848264543	181722435	6154000	33050000	7683000	41000	1125798	0	1500018	0
1789822131.739642	40314000982	15848475052	181722435	6154000	33050000	7683000	41000	710819	0	1550533	0
1789822132.245429	40314211248	15848487076	181722435	6152000	33050000	7681000	40000	672904	0	1600000	0
1789822132.755318	40314394231	15848495316	181722496	6152000	33050000	7681000	40000	661669	0	1500000	0
1789822133.260912	40314625126	15848512284	181722496	6152000	33050000	7681000	40000	699112	0	1457090	0
1789822133.770462	40314987735	15848522721	181722557	6152000	33050000	7681000	40000	664014	0	1538472	0
1789822134.277534	40315568911	15848708389	181722557	6154000	33050000	7683000	41000	816497	0	1553887	0
1789822134.787466	40315745180	15848715713	181722557	6154000	33050000	7683000	41000	588937	0	1500000	0
1789822135.292458	40316026002	15848738052	181722557	6154000	33050000	7683000	40000	652722	0	1449852	0
1789822135.802244	40316205750	15848746658	181722557	6154000	33050000	7683000	40000	641287	0	1380976	0
1789822136.308061	40316415100	15848759292	181722557	6154000	33040000	7683000	40000	746370	0	1466657	0
1789822136.819499	40316596740	15848768020	181722557	6154000	33040000	7683000	40000	741383	0	1484045	0
1789822137.325764	40316837401	15848784439	181722557	6154000	33040000	7683000	40000	626646	0	1600107	0
1789822137.834281	40317035948	15848789566	181722557	6154000	33040000	7683000	40000	1024512	0	1452980	0
1789822138.339782	40317226926	15848799514	181722557	6154000	33040000	7683000	40000	646297	0	1500000	0
1789822138.848404	40317609555	15848860244	181722557	6154000	33040000	7683000	40000	674793	0	1499983	0
1789822139.353489	40317884090	15848873916	181722557	6155000	33040000	7685000	40000	609256	0	1450572	0
1789822139.862333	40318012447	15848878433	181722557	6155000	33040000	7685000	40000	747690	0	1371142	0
1789822140.368028	40318232112	15848890762	181722679	6155000	33040000	7685000	40000	653963	0	1536578	0
1789822140.878261	40318384150	15848896255	181722679	6155000	33040000	7685000	40000	564668	0	1527595	0
1789822141.384425	40318665765	15848912124	181722679	6155000	33040000	7685000	40000	981356	0	1459941	0
1789822141.894243	40318911920	15848918288	181722679	6155000	33040000	7685000	40000	933708	0	1360820	0
1789822142.400412	40319122795	15848927871	181722679	6155000	33040000	7685000	40000	789129	0	1500000	0
1789822142.909571	40319278618	15848932265	181722679	6155000	33040000	7685000	40000	883766	0	1605045	0
1789822143.416124	40319466545	15848943801	181722679	6155000	33040000	7685000	39000	672236	0	1599981	0
1789822143.926277	40319663688	15848948623	181722679	6155000	33040000	7685000	39000	729241	0	1320016	0
1789822144.432503	40320280324	15849149733	181722679	6155000	33040000	7685000	39000	599739	0	1528782	0
1789822144.941053	40320438405	15849156081	181722679	6155000	33040000	7685000	39000	791331	0	1561583	0
1789822145.447620	40320776539	15849196791	181722679	6155000	33030000	7685000	39000	1029934	0	1526341	0
1789822145.957924	40321294665	15849382521	181722679	6155000	33030000	7685000	39000	808253	0	1700227	0
1789822146.464106	40321503893	15849391859	181722679	6155000	33030000	7685000	39000	1056380	0	1600000	0
1789822146.974439	40321743211	15849402540	181722679	6155000	33030000	7685000	39000	770695	0	1440049	0
1789822147.481047	40321923447	15849407606	181722679	6153000	33030000	7682000	39000	1277792	0	1565968	0
1789822147.991059	40322110520	15849417433	181722679	6153000	33030000	7682000	39000	695219	0	1491608	0
1789822148.496911	40322304245	15849425550	181722740	6153000	33030000	7682000	39000	769952	0	1500724	0
1789822149.007517	40322517379	15849439955	181722740	6153000	33030000	7682000	39000	630564	0	1425967	0
1789822149.512762	40322701339	15849446730	181722740	6153000	33030000	7682000	39000	877821	0	1572851	0
1789822150.024461	40322971357	15849458753	181722740	6153000	33030000	7682000	39000	632197	0	1575237	0
1789822150.529056	40323142683	15849466993	181722740	6155000	33030000	7685000	39000	1005605	0	1429468	0
1789822151.038558	40323318097	15849475111	181722740	6155000	33030000	7685000	39000	651669	0	1500000	0
1789822151.544435	40323519574	15849483595	181722740	6155000	33030000	7685000	39000	557994	0	1447779	0
1789822152.055453	40323720501	15849493299	181722740	6155000	33030000	7685000	39000	647483	0	1431580	0
1789822152.561009	40323906230	15849500929	181722740	6157000	33030000	7687000	39000	559231	0	1457603	0
1789822153.071744	40324084209	15849509840	181722740	6157000	33030000	7687000	39000	1065474	0	1500839	0
1789822153.577683	40324343851	15849517469	181722740	6157000	33030000	7687000	39000	655780	0	1542790	0
1789822154.088066	40324770425	15849593030	181722740	6157000	33030000	7687000	39000	1343516	0	1600016	0
1789822154.594339	40325123207	15849683301	181722740	6157000	33020000	7687000	39000	1042277	0	1506169	0
1789822155.103193	40325376625	15849694593	181722740	6157000	33020000	7687000	39000	996489	0	1604129	0
1789822155.608950	40330001186	15852069709	181722740	6157000	33020000	7687000	44000	1809808	0	1900279	0
1789822156.119030	40336103343	15855375791	181722740	6157000	33020000	7687000	44000	1799708	0	1900265	0
1789822156.623044	40342095820	15858599111	181722740	6065000	33020000	7573000	45000	1893399	0	2000020	0
1789822157.131951	40348230814	15861750775	181722740	6065000	33020000	7573000	45000	1743688	0	1800266	0
1789822157.636067	40354241663	15864805211	181722740	6065000	33020000	7573000	45000	1862645	0	1900019	0
1789822158.144983	40360274607	15867967678	181722740	6065000	33020000	7573000	45000	1646191	0	2200000	0
1789822158.649386	40365685542	15870694234	181722740	6067000	33010000	7575000	47000	1252149	0	2902182	0
1789822159.157943	40371700725	15873754040	181722740	6067000	33010000	7575000	47000	1798968	0	1900341	0
1789822159.665823	40377732692	15877057682	181722740	6067000	33010000	7575000	46000	1917062	0	2079875	0
1789822160.173030	40383811290	15880300532	181722740	6067000	33010000	7575000	46000	1650732	0	1899980	0
1789822160.677957	40389889582	15883466662	181722740	6067000	33010000	7575000	46000	1737426	0	1800018	0
1789822161.189035	40395987955	15886553568	181722740	6067000	33010000	7575000	46000	1840034	0	1900019	0
1789822161.693310	40401948450	15889775911	181722740	6059000	33000000	7565000	47000	1521547	0	2318766	0
1789822162.202358	40406347243	15891750332	181722740	6059000	33000000	7565000	47000	701381	0	1634793	0
1789822162.710987	40406725110	15891840115	181722740	6059000	33000000	7565000	44000	706564	0	1693429	0
1789822163.221041	40407028637	15891913357	181722740	6059000	33000000	7565000	44000	695146	0	1600264	0
1789822163.730019	40407196423	15891916897	181722740	6136000	32990000	7661000	41000	683455	0	1567766	0
1789822164.243615	40407776316	15892096034	181722740	6136000	32990000	7661000	41000	817416	0	1600016	0
1789822164.751422	40407950205	15892101711	181722740	6136000	32990000	7661000	41000	1141241	0	1500000	0
1789822165.265002	40409259772	15892983300	181722740	6136000	32990000	7661000	41000	1784921	0	2000233	0
1789822165.770936	40415695546	15898577890	181722740	6150000	32990000	7678000	49000	2245209	0	2300023	0
1789822166.278913	40421762486	15903829220	181722740	6150000	32990000	7678000	49000	2289666	0	2300023	0
1789822166.784866	40427799092	15909070722	181722740	6150000	32990000	7678000	50000	2363220	0	2400000	0
1789822167.292268	40429170304	15909966289	181722740	6150000	32990000	7678000	50000	773211	0	1600000	0
1789822167.800142	40429523941	15910066142	181722740	6140000	32980000	7666000	42000	685811	0	1600036	0
1789822168.314026	40429725418	15910074321	181722740	6140000	32980000	7666000	42000	790441	0	1511521	0
1789822168.819993	40430084181	15910089641	181722740	6140000	32980000	7666000	42000	630597	0	1444743	0
1789822169.333211	40430277418	15910097880	181722740	6140000	32980000	7666000	42000	882468	0	1600281	0
1789822169.841739	40430442457	15910101787	181722740	6150000	32970000	7678000	41000	636217	0	1489705	0
1789822170.355937	40434331363	15913324679	181722740	6150000	32970000	7678000	41000	2623220	0	3100000	0
1789822170.859859	40439877857	15918232381	181722740	6150000	32970000	7678000	48000	2648466	0	3075787	0
1789822171.369010	40445213415	15922912728	181722740	6150000	32970000	7678000	48000	2813802	0	3100000	0
1789822171.873933	40449501551	15926517638	181722740	6150000	32970000	7678000	50000	2612166	0	3026504	0
1789822172.391911	40455111949	15931408129	181722740	6150000	32970000	7678000	50000	2723018	0	3078133	0
1789822172.895668	40460482297	15936153112	181722740	6105000	32970000	7622000	49000	2634637	0	3100000	0
1789822173.403226	40463518727	15938585295	181722740	6105000	32970000	7622000	49000	778405	0	2026857	0
1789822173.911538	40463868213	15938661284	181722740	6105000	32970000	7622000	44000	693959	0	1600229	0
1789822174.420785	40464593614	15938951261	181722740	6105000	32970000	7622000	44000	700029	0	1700020	0
1789822174.928634	40464748765	15938955839	181722740	6141000	32960000	7667000	42000	715044	0	1800140	0
1789822175.441427	40464932969	15938962919	181722740	6141000	32960000	7667000	42000	655346	0	1500283	0
1789822175.949507	40465080247	15938966459	181722740	6141000	32960000	7667000	42000	917875	0	1600171	0
1789822176.463969	40465554427	15939067472	181722740	6141000	32960000	7667000	42000	710365	0	1700242	0
1789822176.969423	40467121013	15940050257	181722740	6147000	32950000	7675000	46000	926992	0	3015693	0
1789822177.478617	40468535560	15940937828	181722740	6147000	32950000	7675000	46000	918182	0	3100000	0
1789822177.985671	40469876621	15941798971	181722740	6147000	32950000	7675000	46000	1073581	0	2967265	0
1789822178.494189	40471243805	15942695758	181722740	6147000	32950000	7675000	46000	705316	0	2842531	0
1789822178.999811	40472617276	15943605790	181722740	6132000	32950000	7656000	46000	1053079	0	2924088	0
1789822179.508595	40474013207	15944529433	181722740	6132000	32950000	7656000	46000	890573	0	2924434	0
1789822180.013808	40475569477	15945610851	181722740	6132000	32950000	7656000	46000	1288211	0	3041400	0
1789822180.523352	40477012101	15946574594	181722740	6132000	32950000	7656000	46000	888453	0	2907452	0
1789822181.028375	40478386853	15947487128	181722740	6131000	32950000	7655000	46000	895202	0	2961448	0
1789822181.536811	40479801705	15948413883	181722740	6131000	32950000	7655000	46000	930063	0	3040358	0
1789822182.042452	40481270513	15949383302	181722740	6131000	32950000	7655000	46000	912483	0	2965039	0
1789822182.552837	40482786256	15950329040	181722740	6131000	32950000	7655000	46000	1115415	0	2963166	0
1789822183.057840	40484185666	15951251034	181722740	6131000	32950000	7655000	46000	920246	0	3061750	0
1789822183.567952	40485564691	15952146357	181722740	6131000	32950000	7655000	46000	909420	0	3082239	0
1789822184.072282	40487218190	15953184623	181722740	6128000	32940000	7651000	47000	1763952	0	3071486	0
1789822184.579041	40488731675	15954137135	181722740	6128000	32940000	7651000	47000	924588	0	3100000	0
1789822185.084964	40490092267	15955016528	181722740	6128000	32940000	7651000	47000	1327801	0	2975790	0
1789822185.593737	40491473490	15955929001	181722740	6128000	32940000	7651000	47000	937309	0	3100000	0
1789822186.097899	40492873999	15956816389	181722740	6132000	32940000	7656000	46000	1082611	0	3077131	0
1789822186.606663	40493439000	15957052716	181722740	6132000	32940000	7656000	46000	785262	0	1561599	0
1789822187.116042	40493920261	15957204571	181722740	6132000	32940000	7656000	41000	843777	0	1625043	0
1789822187.629596	40494095675	15957211224	181722740	6132000	32940000	7656000	41000	780959	0	1451808	0
1789822188.137976	40494264315	15957215741	181722740	6150000	32930000	7678000	41000	813008	0	1600000	0
1789822188.649899	40494443880	15957222210	181722740	6150000	32930000	7678000	41000	1004804	0	1598728	0
1789822189.157521	40494624360	15957234478	181722740	6150000	32930000	7678000	41000	1091388	0	1600170	0
1789822189.669827	40496642116	15958501809	181722740	6150000	32930000	7678000	41000	1225271	0	3000000	0
1789822190.176309	40499445881	15960245945	181722740	6122000	32930000	7644000	44000	1102759	0	3000000	0
1789822190.685092	40502220593	15961301607	181722740	6122000	32930000	7644000	44000	1390996	0	2871748	0
1789822191.191076	40504414374	15962663969	181722740	6122000	32930000	7644000	50000	932224	0	2957628	0
1789822191.698973	40507092590	15964307214	181722740	6122000	32930000	7644000	50000	877278	0	2749851	0
1789822192.203198	40509651666	15965143577	181722740	6104000	32930000	7621000	43000	726062	0	1900321	0
1789822192.716911	40510184135	15965262351	181722740	6104000	32930000	7621000	43000	1014112	0	2500548	0
1789822193.222990	40510412955	15965291892	181722740	6104000	32930000	7621000	41000	1429762	0	1800097	0
1789822193.731445	40510573416	15965297690	181722740	6104000	32930000	7621000	41000	1002281	0	1441841	0
1789822194.237035	40511121327	15965484518	181722740	6104000	32930000	7621000	41000	708641	0	1644089	0
1789822194.746411	40511276295	15965490256	181722740	6104000	32930000	7621000	41000	610165	0	1500029	0
1789822195.252467	40511606922	15965577353	181722740	6145000	32920000	7672000	42000	931434	0	2700558	0
1789822195.760739	40513717329	15967038836	181722740	6145000	32920000	7672000	42000	939905	0	3031803	0
1789822196.265132	40515693948	15968464491	181722740	6145000	32920000	7672000	50000	953703	0	3100000	0
1789822196.772577	40517680393	15969898386	181722740	6145000	32920000	7672000	50000	780536	0	3061502	0
1789822197.278201	40519746855	15971350836	181722740	6124000	32920000	7646000	50000	737500	0	3100000	0
1789822197.785052	40521738793	15972767764	181722740	6124000	32920000	7646000	50000	965083	0	3049177	0
1789822198.288729	40523747699	15974218017	181722740	6124000	32920000	7646000	50000	992795	0	3073386	0
1789822198.796021	40525797803	15975702388	181722740	6124000	32920000	7646000	50000	988856	0	2958503	0
1789822199.299729	40527797005	15977146293	181722740	6122000	32910000	7644000	50000	878367	0	3076115	0
1789822199.808019	40529818057	15978609180	181722740	6122000	32910000	7644000	50000	722977	0	2983823	0
1789822200.312103	40530777039	15979181566	181722740	6122000	32910000	7644000	42000	756267	0	1500000	0
1789822200.823229	40531220702	15979303941	181722740	6122000	32910000	7644000	42000	589989	0	1492972	0
1789822201.329542	40531399840	15979313524	181722740	6142000	32910000	7668000	41000	669054	0	1600000	0
1789822201.840371	40531570616	15979319322	181722740	6142000	32910000	7668000	41000	602915	0	1500000	0
1789822202.346399	40531761228	15979325303	181722740	6142000	32910000	7668000	41000	982176	0	1489871	0
1789822202.856006	40531992001	15979331346	181722740	6142000	32910000	7668000	41000	1249610	0	1484476	0
1789822203.362363	40532405208	15979410691	181722740	6151000	32910000	7680000	41000	897534	0	2600653	0
1789822203.872325	40532820002	15979495835	181722740	6151000	32910000	7680000	41000	799654	0	1539356	0
1789822204.378077	40533372552	15979674179	181722740	6151000	32910000	7680000	41000	942302	0	1569897	0
1789822204.888428	40533529168	15979679734	181722740	6151000	32910000	7680000	41000	561301	0	1329395	0
1789822205.393400	40533717156	15979685837	181722740	6151000	32910000	7680000	41000	575616	0	1545866	0
1789822205.904436	40533873711	15979692612	181722740	6151000	32910000	7680000	41000	650954	0	1503411	0
1789822206.410289	40534071403	15979701157	181722740	6151000	32900000	7680000	40000	637888	0	1364769	0
1789822206.920167	40534222770	15979707077	181722740	6151000	32900000	7680000	40000	436532	0	692259	0
1789822207.425059	40534621572	15979788925	181722740	6151000	32900000	7680000	41000	915403	0	2493860	0
1789822207.935328	40535028798	15979868088	181722740	6151000	32900000	7680000	41000	914991	0	1564144	0
1789822208.439833	40535321095	15979874618	181722740	6142000	32900000	7668000	40000	651071	0	1529747	0
1789822208.949492	40535503894	15979883529	181722740	6142000	32900000	7668000	40000	866780	0	1522884	0
1789822209.455324	40535701282	15979893539	181722740	6142000	32900000	7668000	40000	551614	0	1454781	0
1789822209.963363	40535897631	15979908920	181722740	6142000	32900000	7668000	40000	632321	0	1462131	0
1789822210.469455	40536068285	15979915634	181722740	6151000	32900000	7680000	40000	775902	0	1508172	0
1789822210.978991	40536223192	15979921615	181722740	6151000	32900000	7680000	40000	645490	0	1394207	0
1789822211.484191	40536433396	15979938156	181722740	6151000	32900000	7680000	40000	1079934	0	1558696	0
1789822211.994450	40536604905	15979945175	181722740	6151000	32900000	7680000	40000	590261	0	1499984	0
1789822212.499642	40536780014	15979954086	181722740	6151000	32900000	7680000	40000	654557	0	1452521	0
1789822213.010071	40536954147	15979962936	181722740	6151000	32900000	7680000	40000	661019	0	1481514	0
1789822213.516094	40537162948	15979977706	181722740	6151000	32900000	7680000	40000	662522	0	1500000	0
1789822214.024065	40537425825	15979997848	181722740	6151000	32900000	7680000	40000	1276562	0	1500154	0
1789822214.529523	40537958051	15980194564	181722740	6138000	32890000	7663000	40000	521791	0	1374329	0
1789822215.039846	40538136822	15980201827	181722740	6138000	32890000	7663000	40000	537498	0	1499984	0
1789822215.545219	40538333721	15980211409	181722740	6138000	32890000	7663000	40000	570790	0	1394024	0
1789822216.054625	40538493450	15980217025	181722740	6138000	32890000	7663000	40000	427053	0	616425	0
1789822216.560548	40538675212	15980223494	181722740	6138000	32890000	7663000	39000	641129	0	1500000	0
1789822217.072712	40538828837	15980229842	181722740	6138000	32890000	7663000	39000	1067504	0	1500733	0
1789822217.578478	40539181070	15980279952	181723106	6152000	32890000	7681000	39000	1159010	0	1599909	0
1789822218.089332	40539663796	15980433638	181723167	6152000	32890000	7681000	39000	641775	0	1457567	0
1789822218.595057	40539852333	15980441389	181723167	6152000	32890000	7681000	39000	939024	0	1541190	0
1789822219.105011	40540074500	15980458845	181723167	6152000	32890000	7681000	39000	823814	0	1499847	0
1789822219.611556	40540292761	15980467573	181723167	6154000	32890000	7683000	39000	887779	0	1467350	0
1789822220.120475	40540476782	15980477827	181723167	6154000	32890000	7683000	39000	943676	0	1521472	0
1789822220.626369	40540617712	15980482893	181723167	6154000	32890000	7683000	39000	556026	0	1398090	0
1789822221.135550	40540819433	15980492964	181723167	6154000	32890000	7683000	39000	593016	0	1498426	0
1789822221.643347	40540999974	15980500593	181723167	6152000	32890000	7681000	39000	661116	0	1392023	0
1789822222.154081	40541183811	15980509993	181723167	6152000	32890000	7681000	39000	837802	0	1455059	0
1789822222.660273	40541374302	15980518538	181723167	6152000	32890000	7681000	39000	669183	0	1548827	0
1789822223.169701	40541557529	15980527693	181723167	6152000	32890000	7681000	39000	758207	0	1600000	0
1789822223.675489	40541742526	15980533491	181723167	6154000	32890000	7683000	39000	664799	0	1500021	0
1789822224.184994	40542341096	15980718732	181723167	6154000	32890000	7683000	39000	847995	0	1525825	0
1789822224.690902	40542558137	15980731122	181723167	6154000	32890000	7683000	39000	551366	0	1474153	0
1789822225.200437	40542938385	15980749067	181723167	6154000	32890000	7683000	39000	883332	0	1442742	0
1789822225.707418	40543143767	15980758771	181723167	6150000	32880000	7678000	39000	900081	0	1600000	0
1789822226.217436	40543329070	15980769269	181723167	6150000	32880000	7678000	39000	858279	0	1499983	0
1789822226.722354	40543541594	15980777387	181723167	6150000	32880000	7678000	39000	773401	0	1550914	0
1789822227.231931	40544007413	15980874372	181723167	6150000	32880000	7678000	39000	1342053	0	2000165	0
1789822227.736940	40549597852	15983778722	181723167	6150000	32880000	7678000	43000	1700112	0	1800269	0
1789822228.249950	40554698059	15986623075	181723167	6150000	32880000	7678000	43000	1718701	0	1800230	0
1789822228.753847	40559710192	15989338156	181723167	6083000	32880000	7595000	44000	1798280	0	1900254	0
1789822229.262977	40564810887	15991992385	181723167	6083000	32880000	7595000	44000	1639658	0	1722097	0
1789822229.768939	40569855003	15994593025	181723167	6083000	32880000	7595000	44000	1665081	0	1800288	0
1789822230.277951	40574914011	15997227052	181723167	6083000	32880000	7595000	44000	1734087	0	1800201	0
1789822230.783738	40579800290	15999667903	181723167	6076000	32870000	7586000	46000	1369201	0	2466497	0
1789822231.293065	40584742172	16002012928	181723167	6076000	32870000	7586000	46000	1648361	0	1723143	0
1789822231.799968	40589796175	16004784406	181723167	6076000	32870000	7586000	45000	1735420	0	1800296	0
1789822232.310067	40594876484	16007504003	181723167	6076000	32870000	7586000	45000	1713604	0	1800299	0
1789822232.814996	40599913642	16010221220	181723167	6074000	32860000	7584000	45000	1733530	0	1800292	0
1789822233.325975	40605021233	16012916160	181723167	6074000	32860000	7584000	45000	1635559	0	1700299	0
1789822233.831072	40610029033	16015501968	181723167	6074000	32860000	7584000	46000	1759346	0	1857639	0
1789822234.338113	40615058317	16018142404	181723167	6074000	32860000	7584000	46000	1498528	0	1900000	0
1789822234.843237	40619874833	16020432132	181723167	6073000	32850000	7582000	47000	1052203	0	3038833	0
1789822235.352420	40620570693	16020654726	181723167	6073000	32850000	7582000	47000	849790	0	1700184	0
1789822235.860970	40621101576	16020821657	181723167	6073000	32850000	7582000	41000	706131	0	1649052	0
1789822236.372444	40621280347	16020828859	181723167	6073000	32850000	7582000	41000	665236	0	1800218	0
1789822236.879996	40621485242	16020833437	181723167	6149000	32850000	7677000	41000	666902	0	1535009	0
1789822237.392995	40621696240	16020846620	181723167	6149000	32850000	7677000	41000	685725	0	1700279	0
1789822237.900515	40621864940	16020849855	181723167	6149000	32850000	7677000	41000	670948	0	1567406	0
1789822238.414002	40626655578	16024908683	181723167	6149000	32850000	7677000	41000	2038118	0	2198400	0
1789822238.919928	40631700609	16029195781	181723167	6149000	32850000	7677000	47000	2035865	0	2197278	0
1789822239.429925	40636787937	16033554901	181723167	6149000	32850000	7677000	47000	2056787	0	2297598	0
1789822239.934197	40641188438	16037253988	181723167	6071000	32840000	7580000	48000	1381426	0	3100000	0
1789822240.441839	40641672934	16037428670	181723167	6071000	32840000	7580000	48000	737516	0	2000109	0
1789822240.947434	40642060445	16037527547	181723167	6071000	32840000	7580000	41000	534615	0	1476924	0
1789822241.455980	40642235677	16037534688	181723167	6071000	32840000	7580000	41000	529996	0	1439972	0
1789822241.961563	40642406636	16037539143	181723167	6146000	32830000	7674000	41000	868181	0	1450618	0
1789822242.470481	40642586079	16037545369	181723167	6146000	32830000	7674000	41000	572206	0	1404870	0
1789822242.975035	40642757770	16037560262	181723167	6146000	32830000	7674000	41000	909851	0	1500000	0
1789822243.483930	40647224922	16041236644	181723167	6146000	32830000	7674000	41000	2602065	0	3059280	0
1789822243.990827	40652351190	16045719420	181723167	6116000	32830000	7636000	47000	2417698	0	2625573	0
1789822244.497756	40657314068	16049865162	181723167	6116000	32830000	7636000	47000	2644777	0	3100000	0
1789822245.001977	40661894623	16053726114	181723167	6116000	32830000	7636000	50000	2658817	0	3000000	0
1789822245.511873	40666976824	16058187772	181723167	6116000	32830000	7636000	50000	2615396	0	2899970	0
1789822246.015905	40671992192	16062597734	181723167	6071000	32820000	7580000	48000	2592980	0	2856616	0
1789822246.524159	40675042417	16064955638	181723167	6071000	32820000	7580000	48000	791855	0	1945924	0
1789822247.029221	40675338741	16065002269	181723167	6071000	32820000	7580000	43000	1426895	0	2200575	0
1789822247.537690	40675692683	16065115611	181723167	6071000	32820000	7580000	43000	594681	0	1381537	0
1789822248.043374	40675857234	16065121409	181723167	6146000	32820000	7674000	42000	1324063	0	1656725	0
1789822248.553246	40676055170	16065128001	181723167	6146000	32820000	7674000	42000	1176135	0	1603381	0
1789822249.058699	40676279291	16065133128	181723167	6146000	32820000	7674000	42000	1155295	0	1700289	0
1789822249.568302	40676677605	16065248911	181723167	6146000	32820000	7674000	42000	1184612	0	2850502	0
1789822250.074073	40678489246	16066468269	181723167	6146000	32820000	7674000	44000	1283615	0	3064790	0
1789822250.582095	40679863205	16067375676	181723167	6146000	32820000	7674000	44000	1246631	0	3020137	0
1789822251.086927	40681221661	16068274294	181723167	6134000	32810000	7658000	44000	1005112	0	3100000	0
1789822251.594319	40682650002	16069216247	181723167	6134000	32810000	7658000	44000	1066679	0	2983520	0
1789822252.098910	40684061986	16070163450	181723167	6134000	32810000	7658000	44000	1679933	0	3100031	0
1789822252.606990	40685534333	16071158259	181723167	6134000	32810000	7658000	44000	1079402	0	3100031	0
1789822253.111129	40687112820	16072273185	181723167	6126000	32810000	7649000	45000	1250566	0	3100000	0
1789822253.620854	40688568261	16073266774	181723167	6126000	32810000	7649000	45000	1454494	0	2951046	0
1789822254.125120	40690409015	16074417955	181723167	6126000	32810000	7649000	44000	1880844	0	3100000	0
1789822254.632316	40691908279	16075429061	181723167	6126000	32810000	7649000	44000	1200780	0	3015212	0
1789822255.138029	40693341320	16076393597	181723167	6124000	32800000	7646000	44000	1043527	0	3018335	0
1789822255.648038	40694780586	16077360880	181723167	6124000	32800000	7646000	44000	1021028	0	2891855	0
1789822256.152870	40696229496	16078327796	181723167	6124000	32800000	7646000	44000	1227329	0	2980591	0
1789822256.662861	40697635254	16079271947	181723167	6124000	32800000	7646000	44000	1485118	0	2973815	0
1789822257.167031	40699091549	16080211825	181723167	6128000	32800000	7651000	44000	1517343	0	3100000	0
1789822257.675666	40700504082	16081160065	181723167	6128000	32800000	7651000	44000	1388189	0	2981369	0
1789822258.180419	40701898732	16082091153	181723167	6128000	32800000	7651000	44000	1290123	0	3068017	0
1789822258.688526	40703402451	16083058741	181723167	6128000	32800000	7651000	44000	1054934	0	3100000	0
1789822259.193036	40704836347	16084027550	181723167	6129000	32800000	7652000	44000	1277680	0	3053306	0
1789822259.699903	40705266094	16084196495	181723167	6129000	32800000	7652000	44000	652048	0	1494120	0
1789822260.206202	40705738688	16084334617	181723167	6129000	32800000	7652000	41000	576434	0	1481370	0
1789822260.716455	40705888956	16084341331	181723167	6129000	32800000	7652000	41000	1082354	0	1800226	0
1789822261.222211	40706052713	16084350425	181723167	6129000	32800000	7652000	41000	722550	0	1461044	0
1789822261.734676	40706254800	16084360374	181723167	6129000	32800000	7652000	41000	711944	0	1599517	0
1789822262.240377	40706414162	16084366172	181723167	6146000	32790000	7674000	41000	603205	0	1528501	0
1789822262.750330	40708662875	16085782733	181723167	6146000	32790000	7674000	41000	1314734	0	3100031	0
1789822263.254826	40711557338	16087601515	181723167	6146000	32790000	7674000	46000	1295874	0	2999969	0
1789822263.762916	40714320514	16088631237	181723167	6146000	32790000	7674000	46000	1862632	0	2395385	0
1789822264.267825	40717067822	16090380561	181723167	6110000	32790000	7628000	49000	1489914	0	3099968	0
1789822264.776233	40719770574	16091982547	181723167	6110000	32790000	7628000	49000	1114121	0	2499960	0
1789822265.281066	40722137755	16092791321	181723167	6110000	32790000	7628000	42000	676539	0	1523285	0
1789822265.790993	40722677671	16093000366	181723167	6110000	32790000	7628000	42000	869214	0	1745685	0
1789822266.298957	40722859372	16093007019	181723167	6137000	32780000	7662000	41000	991204	0	1555942	0
1789822266.807830	40723040402	16093014648	181723167	6137000	32780000	7662000	41000	652634	0	1442186	0
1789822267.314293	40723230587	16093026306	181723167	6137000	32780000	7662000	41000	549329	0	1527081	0
1789822267.823644	40723474177	16093034790	181723167	6137000	32780000	7662000	41000	703898	0	1403171	0
1789822268.330186	40723978754	16093250610	181723167	6146000	32780000	7673000	46000	1230183	0	3066881	0
1789822268.838841	40726463794	16095074885	181723167	6146000	32780000	7673000	46000	1176958	0	3100000	0
1789822269.342813	40728552289	16096605337	181723167	6146000	32780000	7673000	48000	1274563	0	3100000	0
1789822269.851873	40730701942	16098140917	181723167	6146000	32780000	7673000	48000	1299062	0	3100000	0
1789822270.356982	40732829927	16099685713	181723167	6117000	32780000	7637000	48000	1075764	0	3100000	0
1789822270.864075	40734902859	16101179300	181723167	6117000	32780000	7637000	48000	1302435	0	3060614	0
1789822271.368851	40736965171	16102673559	181723167	6117000	32780000	7637000	48000	1288366	0	3100000	0
1789822271.876649	40739054277	16104202486	181723167	6117000	32780000	7637000	48000	1405298	0	3100000	0
1789822272.381490	40741138134	16105726164	181723167	6117000	32780000	7637000	48000	1265614	0	3100000	0
1789822272.889974	40743226202	16107226404	181723167	6117000	32780000	7637000	48000	1323845	0	2668829	0
1789822273.404279	40743502935	16107249109	181723167	6118000	32770000	7639000	42000	706007	0	1500000	0
1789822273.913895	40743988285	16107397546	181723167	6118000	32770000	7639000	42000	672829	0	1495463	0
1789822274.418279	40744535830	16107586633	181723167	6118000	32770000	7639000	41000	678360	0	1552632	0
1789822274.928077	40744734865	16107602197	181723167	6118000	32770000	7639000	41000	584132	0	1170336	0
1789822275.434295	40744896547	16107607262	181723167	6142000	32770000	7668000	41000	661922	0	1600000	0
1789822275.945177	40745176026	16107625451	181723167	6142000	32770000	7668000	41000	793361	0	1545311	0
1789822276.451950	40745590332	16107765343	181723167	6142000	32770000	7668000	41000	940973	0	1629093	0
1789822276.962099	40745854857	16107838951	181723167	6142000	32770000	7668000	41000	570005	0	1448302	0
1789822277.469441	40746060423	16107852684	181723167	6147000	32760000	7675000	40000	869588	0	1600044	0
1789822277.978118	40746245542	16107862267	181723167	6147000	32760000	7675000	40000	679662	0	1523366	0
1789822278.483844	40746577939	16107867516	181723167	6147000	32760000	7675000	40000	725670	0	1547420	0
1789822278.992498	40746727902	16107873619	181723167	6147000	32760000	7675000	40000	652562	0	1476362	0
1789822279.498341	40746898495	16107879845	181723167	6149000	32760000	7677000	40000	671696	0	1518368	0
1789822280.007107	40747105342	16107893578	181723167	6149000	32760000	7677000	40000	948621	0	1600019	0
1789822280.512914	40747593378	16108081626	181723167	6149000	32760000	7677000	43000	824469	0	1820924	0
1789822281.020664	40747783197	16108106285	181723167	6149000	32760000	7677000	43000	640577	0	1446599	0
1789822281.526840	40747957513	16108114158	181723167	6149000	32760000	7677000	40000	989949	0	1556914	0
1789822282.035209	40748250786	16108128501	181723167	6149000	32760000	7677000	40000	657111	0	1523062	0
1789822282.541198	40748418083	16108135520	181723167	6149000	32760000	7677000	40000	889205	0	1500000	0
1789822283.051124	40748578666	16108143394	181723167	6149000	32760000	7677000	40000	646482	0	1435566	0
1789822283.557262	40748744926	16108149192	181723167	6150000	32760000	7678000	40000	1068537	0	1700570	0
1789822284.068059	40749182424	16108253928	181723167	6150000	32760000	7678000	40000	1533201	0	1673258	0
1789822284.573602	40749651295	16108362021	181723167	6150000	32760000	7678000	40000	1066955	0	1553979	0
1789822285.082237	40749837330	16108369284	181723167	6150000	32760000	7678000	40000	894948	0	1303321	0
1789822285.588500	40750029041	16108376242	181723167	6150000	32760000	7678000	40000	645539	0	1396570	0
1789822286.098163	40750229236	16108386252	181723167	6150000	32760000	7678000	40000	583563	0	1477251	0
1789822286.604467	40750407092	16108392966	181723167	6150000	32750000	7679000	40000	642346	0	1446746	0
1789822287.115295	40750569994	16108398886	181723167	6150000	32750000	7679000	40000	696604	0	1449526	0
1789822287.620809	40750757982	16108405234	181723167	6150000	32750000	7679000	40000	646580	0	1409894	0
1789822288.129983	40750989793	16108416831	181723167	6150000	32750000	7679000	40000	638646	0	1401530	0
1789822288.637415	40751152512	16108422507	181723167	6149000	32750000	7677000	39000	535964	0	1297014	0
1789822289.147562	40751587875	16108497458	181723167	6149000	32750000	7677000	39000	634782	0	1360980	0
1789822289.654016	40751904647	16108502890	181723167	6149000	32750000	7677000	39000	746033	0	1354897	0
1789822290.163991	40752263960	16108552756	181723411	6149000	32750000	7677000	39000	921401	0	1400147	0
1789822290.668909	40752695172	16108693869	181723533	6138000	32750000	7663000	42000	1237028	0	3000000	0
1789822291.176917	40752932537	16108748861	181723533	6138000	32750000	7663000	42000	1069472	0	1500222	0
1789822291.682652	40753111797	16108756674	181723533	6138000	32750000	7663000	39000	1047757	0	1547990	0
1789822292.193442	40753297526	16108766622	181723533	6138000	32750000	7663000	39000	993027	0	1502193	0
1789822292.700211	40753492167	16108774252	181723533	6151000	32750000	7680000	39000	970366	0	1539581	0
1789822293.210222	40753692362	16108785543	181723594	6151000	32750000	7680000	39000	593547	0	1457253	0
1789822293.715916	40753905557	16108796774	181723594	6151000	32750000	7680000	39000	788875	0	1599982	0
1789822294.225035	40754439613	16108961995	181723594	6151000	32750000	7680000	39000	956479	0	1864980	0
1789822294.731286	40754592933	16108966756	181723594	6148000	32750000	7676000	39000	641138	0	1500033	0
1789822295.242877	40754895423	16108977071	181723594	6148000	32750000	7676000	39000	611909	0	1286549	0
1789822295.748554	40755104406	16108987081	181723594	6148000	32750000	7676000	39000	636745	0	1484693	0
1789822296.258481	40755324316	16108997457	181723594	6148000	32750000	7676000	39000	646825	0	1471667	0
1789822296.764357	40755538976	16109009175	181723594	6148000	32750000	7676000	39000	737096	0	1459548	0
1789822297.273464	40755751988	16109019368	181723594	6148000	32750000	7676000	39000	658665	0	1492601	0
1789822297.778990	40755926792	16109028523	181723594	6153000	32740000	7682000	39000	585424	0	1500018	0
1789822298.288400	40756110935	16109037740	181723594	6153000	32740000	7682000	39000	645000	0	1408479	0
1789822298.795193	40756337374	16109052083	181723594	6153000	32740000	7682000	39000	927039	0	1527454	0
1789822299.303708	40756526949	16109062093	181723594	6153000	32740000	7682000	39000	654412	0	1437571	0
1789822299.810322	40756724825	16109073018	181723594	6151000	32740000	7680000	39000	596927	0	1562316	0
1789822300.319966	40759303981	16110128679	181723594	6151000	32740000	7680000	39000	1984925	0	2096387	0
1789822300.827976	40764229383	16112793162	181723594	6151000	32740000	7680000	43000	1488431	0	1600000	0
1789822301.340781	40768790468	16115189152	181723594	6151000	32740000	7680000	43000	1387697	0	1500015	0
1789822301.844949	40773266408	16117520018	181723594	6084000	32740000	7596000	43000	1400089	0	1500000	0
1789822302.355838	40777823953	16119773857	181723594	6084000	32740000	7596000	43000	1288560	0	1398864	0
1789822302.860937	40782429288	16122046312	181723594	6084000	32740000	7596000	44000	1287530	0	1500000	0
1789822303.372671	40787000199	16124309856	181723594	6084000	32740000	7596000	44000	1319324	0	1500000	0
1789822303.878691	40791202031	16126442114	181723594	6085000	32730000	7598000	44000	1638018	0	2100250	0
1789822304.386928	40795061091	16128165559	181723594	6085000	32730000	7598000	44000	1969386	0	2400330	0
1789822304.892943	40800399456	16131066065	181723594	6085000	32730000	7598000	44000	1539228	0	1600000	0
1789822305.402938	40804980499	16133506610	181723594	6085000	32730000	7598000	44000	1384934	0	1500015	0
1789822305.907947	40809505512	16135744458	181723594	6079000	32720000	7590000	44000	1337495	0	1500000	0
1789822306.420937	40814106270	16138064643	181723594	6079000	32720000	7590000	44000	1394586	0	1500015	0
1789822306.926930	40818571041	16140344056	181723594	6079000	32720000	7590000	45000	1570857	0	1600232	0
1789822307.439203	40822985031	16142539668	181723594	6079000	32720000	7590000	45000	1100495	0	2000282	0
1789822307.944051	40827447788	16144816945	181723594	6079000	32720000	7590000	45000	1211690	0	1900083	0
1789822308.453002	40830678798	16146387620	181723594	6079000	32720000	7590000	45000	1141904	0	1939849	0
1789822308.960512	40830995570	16146450303	181723594	6079000	32710000	7590000	42000	1103418	0	2000193	0
1789822309.471561	40831311120	16146516770	181723594	6079000	32710000	7590000	42000	959409	0	1600321	0
1789822309.978927	40831468347	16146521897	181723594	6079000	32710000	7590000	41000	686559	0	1700253	0
1789822310.490925	40831646142	16146527146	181723594	6079000	32710000	7590000	41000	700065	0	1600354	0
1789822310.998399	40831801171	16146531662	181723594	6147000	32700000	7675000	41000	965244	0	1700355	0
1789822311.510005	40832880574	16147197432	181723594	6147000	32700000	7675000	41000	1734801	0	1900024	0
1789822312.015128	40837978767	16151517001	181723594	6147000	32700000	7675000	45000	1894660	0	2195456	0
1789822312.525964	40842570979	16155367089	181723594	6147000	32700000	7675000	45000	1897722	0	2198696	0
1789822313.029976	40847253951	16159335463	181723594	6076000	32700000	7586000	46000	1988906	0	2397556	0
1789822313.539007	40851212925	16162579046	181723594	6076000	32700000	7586000	46000	1179355	0	2199199	0
1789822314.043039	40851657077	16162718022	181723594	6076000	32700000	7586000	42000	1462933	0	1600000	0
1789822314.551448	40852244478	16162962528	181723594	6076000	32700000	7586000	42000	539711	0	1517692	0
1789822315.056072	40852507905	16162970402	181723594	6145000	32690000	7672000	41000	1291606	0	1500307	0
1789822315.563032	40852711517	16162983097	181723594	6145000	32690000	7672000	41000	933936	0	1442893	0
1789822316.069395	40852869171	16162989994	181723594	6145000	32690000	7672000	41000	828029	0	1535674	0
1789822316.579037	40853109771	16163019352	181723594	6145000	32690000	7672000	41000	1186336	0	1901116	0
1789822317.084891	40857817217	16166914850	181723594	6089000	32690000	7602000	46000	2294292	0	2478606	0
1789822317.592934	40862321966	16170764144	181723594	6089000	32690000	7602000	46000	2486877	0	2800000	0
1789822318.098020	40866843561	16174663792	181723594	6089000	32690000	7602000	47000	2681148	0	2900029	0
1789822318.605941	40871199385	16178274684	181723594	6089000	32690000	7602000	47000	2390142	0	2516732	0
1789822319.110909	40875722567	16182150590	181723594	6089000	32690000	7602000	47000	2468820	0	2600000	0
1789822319.617935	40880300558	16186101690	181723594	6089000	32690000	7602000	47000	2406129	0	2459209	0
1789822320.125030	40883790600	16188950255	181723777	6074000	32680000	7584000	43000	1274500	0	2047766	0
1789822320.633392	40883998791	16188969237	181723777	6074000	32680000	7584000	43000	1169309	0	1900295	0
1789822321.140554	40884578989	16189107115	181723777	6074000	32680000	7584000	42000	696939	0	1456357	0
1789822321.650472	40884802194	16189115110	181723777	6074000	32680000	7584000	42000	526076	0	1408613	0
1789822322.156001	40885060128	16189122679	181723777	6908000	32680000	7668000	41000	745621	0	1530232	0
1789822322.666177	40885223824	16189129881	181723777	6908000	32680000	7668000	41000	694319	0	1500000	0
1789822323.172342	40885487984	16189162962	181723777	6908000	32680000	7668000	42000	1432511	0	1800269	0
1789822323.681897	40887113224	16190231135	181723777	6908000	32680000	7668000	42000	1229340	0	3100000	0
1789822324.185582	40888920836	16191377495	181723777	6895000	32670000	7653000	46000	965923	0	3037128	0
1789822324.692367	40890248897	16192238760	181723777	6895000	32670000	7653000	46000	934729	0	3010189	0
1789822325.196791	40891596855	16193125537	181723777	6895000	32670000	7653000	46000	969098	0	3100000	0
1789822325.702956	40892981739	16194052110	181723777	6895000	32670000	7653000	46000	921132	0	2907685	0
1789822326.207250	40894393417	16194946333	181723777	6894000	32670000	7652000	46000	1557277	0	3043725	0
1789822326.713756	40895900921	16195991741	181723777	6894000	32670000	7652000	46000	1097938	0	3100000	0
1789822327.218157	40897357887	16196974404	181723777	6894000	32670000	7652000	45000	941068	0	3031429	0
1789822327.725048	40898850681	16197951758	181723777	6894000	32670000	7652000	45000	861447	0	3013799	0
1789822328.229010	40900162324	16198803745	181723777	6893000	32660000	7651000	45000	736702	0	2962736	0
1789822328.735940	40901630887	16199806428	181723777	6893000	32660000	7651000	45000	781196	0	3041590	0
1789822329.239987	40903013940	16200721709	181723777	6893000	32660000	7651000	45000	957020	0	2956203	0
1789822329.747768	40904441426	16201689602	181723777	6893000	32660000	7651000	45000	882427	0	3031703	0
1789822330.251364	40905822526	16202587183	181723777	6893000	32660000	7651000	45000	1127401	0	3068394	0
1789822330.758790	40907135389	16203447837	181723777	6893000	32660000	7651000	45000	865218	0	3099969	0
1789822331.262982	40908603647	16204367879	181723777	6891000	32660000	7649000	45000	936287	0	3062615	0
1789822331.771021	40909961005	16205260028	181723777	6891000	32660000	7649000	45000	940582	0	3100031	0
1789822332.274498	40911334536	16206172440	181723777	6891000	32660000	7649000	45000	981559	0	2976932	0
1789822332.781844	40912694030	16207076734	181723777	6891000	32660000	7649000	45000	1039491	0	3100000	0
1789822333.285358	40913482602	16207478223	181723777	6892000	32660000	7650000	41000	674775	0	1573300	0
1789822333.794061	40914001033	16207605786	181723777	6892000	32660000	7650000	41000	1206164	0	2300588	0
1789822334.300222	40914526056	16207781017	181723777	6892000	32660000	7650000	41000	848339	0	1655747	0
1789822334.808892	40914682550	16207787975	181723777	6892000	32660000	7650000	41000	748957	0	1500018	0
1789822335.314503	40914862420	16207793651	181723777	6914000	32650000	7674000	41000	547677	0	1435014	0
1789822335.824540	40915027459	16207800671	181723777	6914000	32650000	7674000	41000	745454	0	1373222	0
1789822336.330139	40916237600	16208506113	181723777	6914000	32650000	7674000	49000	1245397	0	2932831	0
1789822336.837829	40918855147	16210248662	181723777	6914000	32650000	7674000	49000	872311	0	2960837	0
1789822337.342126	40921542274	16211471682	181723777	6869000	32650000	7624000	45000	908604	0	2900029	0
1789822337.848705	40923953400	16212684142	181723777	6869000	32650000	7624000	45000	1036044	0	3099968	0
1789822338.353130	40926515833	16214355341	181723777	6869000	32650000	7624000	46000	1258049	0	3000030	0
1789822338.861499	40929352251	16215516959	181723777	6869000	32650000	7624000	46000	731387	0	2399903	0
1789822339.367701	40930224747	16215739310	181723777	6899000	32640000	7658000	41000	1269266	0	2770350	0
1789822339.879899	40930641494	16215817740	181723777	6899000	32640000	7658000	41000	1052299	0	1700405	0
1789822340.385164	40930786452	16215821463	181723777	6899000	32640000	7658000	41000	1012372	0	1526194	0
1789822340.895020	40930955763	16215827994	181723777	6899000	32640000	7658000	41000	1276821	0	1672099	0
1789822341.400884	40931206678	16215834708	181723777	6899000	32640000	7658000	41000	728939	0	1604829	0
1789822341.911438	40931379041	16215841482	181723777	6899000	32640000	7658000	41000	611058	0	1396821	0
1789822342.416586	40932940072	16216854541	181723777	6907000	32640000	7667000	50000	1167658	0	3003551	0
1789822342.922425	40935087954	16218389694	181723777	6907000	32640000	7667000	50000	951224	0	3058725	0
1789822343.426454	40937126340	16219871501	181723777	6907000	32640000	7667000	50000	737500	0	3100000	0
1789822343.933302	40939178825	16221352272	181723777	6907000	32640000	7667000	50000	1210147	0	3100000	0
1789822344.437817	40941635118	16223030429	181723777	6881000	32640000	7638000	43000	855155	0	1700034	0
1789822344.948200	40943654461	16224478667	181723777	6881000	32640000	7638000	43000	1251805	0	3099968	0
1789822345.452495	40945712500	16225979396	181723777	6881000	32640000	7638000	46000	1290219	0	3100000	0
1789822345.960711	40947787507	16227486899	181723777	6881000	32640000	7638000	46000	1271419	0	3099968	0
1789822346.465007	40949908351	16229000323	181723777	6880000	32630000	7637000	46000	1309172	0	3100000	0
1789822346.972790	40951107506	16229773881	181723777	6880000	32630000	7637000	46000	853547	0	1573863	0
1789822347.478018	40951686606	16229949356	181723777	6880000	32630000	7637000	41000	776713	0	1900162	0
1789822347.988416	40951922689	16229960526	181723777	6880000	32630000	7637000	41000	669810	0	1520165	0
1789822348.495131	40952124837	16229969559	181723777	6913000	32630000	7673000	41000	681521	0	1558883	0
1789822349.005172	40952292439	16229980423	181723777	6913000	32630000	7673000	41000	588264	0	1500000	0
1789822349.511476	40952521687	16229987931	181723777	6913000	32630000	7673000	40000	680660	0	1553960	0
1789822350.019950	40952812763	16230026261	181723777	6913000	32630000	7673000	40000	938707	0	1600246	0
1789822350.525852	40953307756	16230218643	181723777	6906000	32630000	7665000	41000	683436	0	1549999	0
1789822351.035012	40953546586	16230233230	181723777	6906000	32630000	7665000	41000	680697	0	1434647	0
1789822351.541133	40953741166	16230242080	181723777	6906000	32630000	7665000	40000	761355	0	1462366	0
1789822352.052470	40953902787	16230253738	181723777	6906000	32630000	7665000	40000	771205	0	1507220	0
1789822352.557972	40954072952	16230258621	181723777	6906000	32630000	7665000	40000	679798	0	1565407	0
1789822353.067847	40954348159	16230275466	181723777	6906000	32630000	7665000	40000	1283032	0	1614761	0
1789822353.573907	40954503127	16230279617	181723777	6916000	32620000	7676000	40000	648015	0	1499982	0
1789822354.083142	40954981580	16230435500	181723777	6916000	32620000	7676000	40000	1475048	0	1600276	0
1789822354.590386	40955668529	16230686659	181723777	6916000	32620000	7676000	40000	838572	0	1531502	0
1789822355.100517	40955922618	16230701735	181723777	6916000	32620000	7676000	40000	1068652	0	1415328	0
1789822355.608422	40956107493	16230705824	181723777	6913000	32620000	7673000	40000	1066317	0	1374598	0
1789822356.119701	40956327951	16230726210	181723777	6913000	32620000	7673000	40000	914322	0	1514968	0
1789822356.625040	40956519906	16230730788	181723777	6913000	32620000	7673000	40000	1031595	0	1500000	0
1789822357.135268	40956901436	16230748060	181723777	6913000	32620000	7673000	40000	889188	0	1600000	0
1789822357.640471	40957056343	16230751601	181723777	6911000	32620000	7671000	40000	656536	0	1448639	0
1789822358.150303	40957301521	16230775587	181723777	6911000	32620000	7671000	40000	616592	0	1553658	0
1789822358.656482	40957559760	16230782545	181723777	6911000	32620000	7671000	40000	647393	0	1417902	0
1789822359.166145	40957979314	16230805678	181723777	6911000	32620000	7671000	40000	887763	0	1435776	0
1789822359.672238	40958334721	16230809523	181723777	6909000	32620000	7669000	40000	543605	0	1358213	0
1789822360.182508	40958873965	16230828688	181723777	6909000	32620000	7669000	40000	551073	0	1283139	0
1789822360.690170	40959234926	16230832045	181723777	6909000	32620000	7669000	40000	697083	0	1453836	0
1789822361.200043	40959704713	16230860121	181723777	6909000	32620000	7669000	40000	605538	0	1088620	0
1789822361.708661	40960087646	16230864454	181723777	6909000	32610000	7669000	39000	567909	0	1100017	0
1789822362.219110	40960569518	16230913282	181724022	6909000	32610000	7669000	39000	671414	0	1106607	0
1789822362.725620	40961155271	16231033216	181724022	6909000	32610000	7669000	40000	846449	0	1219603	0
1789822363.235977	40961550472	16231045545	181724022	6909000	32610000	7669000	40000	502440	0	900000	0
1789822363.742788	40962023310	16231062879	181724022	6909000	32610000	7669000	40000	826498	0	1500018	0
1789822364.252320	40962886345	16231419812	181726646	6909000	32610000	7669000	40000	819854	0	1510901	0
1789822364.757633	40963271049	16231431652	181726646	6907000	32610000	7666000	39000	600216	0	1300000	0
1789822365.269415	40963678641	16231447400	181727562	6907000	32610000	7666000	39000	582678	0	1141826	0
1789822365.775379	40964138722	16231473461	181728904	6907000	32610000	7666000	39000	574776	0	1245604	0
1789822366.287553	40964548023	16231488476	181728904	6907000	32610000	7666000	39000	574499	0	1100000	0
1789822366.793558	40964959277	16231500012	181728904	6908000	32610000	7668000	39000	550106	0	1061092	0
1789822367.305741	40965357042	16231512829	181728904	6908000	32610000	7668000	39000	606237	0	1302592	0
1789822367.812921	40965773484	16231525830	181728904	6908000	32610000	7668000	39000	666289	0	1182982	0
1789822368.322701	40966178329	16231538281	181728904	6908000	32610000	7668000	39000	639712	0	1300000	0
1789822368.829063	40966568465	16231554150	181728904	6908000	32600000	7668000	39000	529490	0	1000000	0
1789822369.338567	40966952863	16231563427	181728904	6908000	32600000	7668000	39000	582705	0	1181058	0
1789822369.845004	40967341534	16231574719	181728904	6908000	32600000	7668000	39000	516431	0	913388	0
1789822370.354895	40967757426	16231691478	181728904	6908000	32600000	7668000	39000	747190	0	1425916	0
1789822370.861085	40968006022	16231709545	181728904	6912000	32600000	7672000	39000	620508	0	1457794	0
1789822371.376048	40968324381	16231729320	181728904	6912000	32600000	7672000	39000	774491	0	1413413	0
1789822371.882027	40968613992	16231758556	181728904	6912000	32600000	7672000	39000	1208978	0	1600246	0
1789822372.392082	40973067838	16233971441	181728904	6912000	32600000	7672000	39000	1330134	0	1500000	0
1789822372.897983	40977101397	16236162475	181728904	6847000	32600000	7600000	43000	1342220	0	1500000	0
1789822373.409660	40981181220	16238319330	181728904	6847000	32600000	7600000	43000	1383798	0	1499984	0
1789822373.916066	40985224789	16240440113	181728904	6847000	32600000	7600000	43000	1392703	0	1500015	0
1789822374.427988	40989296617	16242602339	181728904	6847000	32600000	7600000	43000	1283972	0	1500000	0
1789822374.932742	40993319617	16244688088	181728904	6847000	32600000	7600000	43000	1425163	0	1490748	0
1789822375.442749	40997384975	16246831943	181730003	6847000	32600000	7600000	43000	1513028	0	1577500	0
1789822375.948369	41001405412	16248941251	181730003	6844000	32590000	7597000	44000	1135480	0	1700233	0
1789822376.457901	41004935249	16250546655	181730003	6844000	32590000	7597000	44000	1034415	0	2900000	0
1789822376.962975	41009268673	16252577167	181730003	6844000	32590000	7597000	45000	1632329	0	1700258	0
1789822377.475988	41013412522	16254922742	181730003	6844000	32590000	7597000	45000	1426607	0	1600000	0
1789822377.980978	41017435827	16257142890	181730003	6834000	32580000	7586000	44000	1341967	0	1500000	0
1789822378.490972	41021500880	16259227297	181730003	6834000	32580000	7586000	44000	1273221	0	1500000	0
1789822378.996660	41025532181	16261322872	181730003	6834000	32580000	7586000	44000	1286259	0	1500000	0
1789822379.509069	41029610234	16263449820	181730003	6834000	32580000	7586000	44000	1341836	0	1500000	0
1789822380.013964	41033635188	16265572434	181731346	6844000	32570000	7597000	44000	1613725	0	1698706	0
1789822380.521915	41037673080	16267623943	181731346	6844000	32570000	7597000	44000	1319380	0	1700495	0
1789822381.027232	41041330053	16269427710	181731346	6844000	32570000	7597000	44000	1331044	0	2084513	0
1789822381.537372	41043623199	16270409458	181731346	6844000	32570000	7597000	44000	958148	0	1680563	0
1789822382.045023	41044181425	16270590061	181731346	6894000	32560000	7652000	42000	1234847	0	1835713	0
1789822382.555917	41044368558	16270597507	181731346	6894000	32560000	7652000	42000	918512	0	1500200	0
1789822383.062677	41044728787	16270607394	181731346	6894000	32560000	7652000	41000	854394	0	1528492	0
1789822383.574023	41044936184	16270611972	181731346	6894000	32560000	7652000	41000	650026	0	1500000	0
1789822384.081926	41045407374	16270690768	181731346	6907000	32560000	7667000	42000	1290456	0	1599983	0
1789822384.593952	41047721516	16272452177	181731346	6907000	32560000	7667000	42000	2557611	0	2966658	0
1789822385.099769	41052318855	16276232624	181731346	6907000	32560000	7667000	45000	1743407	0	1900039	0
1789822385.610539	41056393796	16279600780	181731346	6907000	32560000	7667000	45000	1688633	0	1799943	0
1789822386.114507	41060409960	16282928774	181731346	6907000	32560000	7667000	45000	1746619	0	1800312	0
1789822386.621717	41064054848	16285899592	181731346	6907000	32560000	7667000	45000	1215965	0	2100000	0
1789822387.127063	41064799781	16286183526	181731346	6840000	32560000	7592000	42000	740338	0	1405685	0
1789822387.638631	41065188085	16286261163	181731346	6840000	32560000	7592000	42000	661788	0	1456970	0
1789822388.144212	41065543858	16286275506	181731346	6840000	32560000	7592000	41000	572056	0	1356174	0
1789822388.654526	41065716526	16286280816	181731346	6840000	32560000	7592000	41000	1058397	0	1501012	0
1789822389.160045	41066029209	16286298761	181731346	6907000	32550000	7667000	41000	658465	0	1442166	0
1789822389.670011	41066208163	16286306268	181731346	6907000	32550000	7667000	41000	893798	0	1500017	0
1789822390.176949	41070119103	16289522873	181731346	6907000	32550000	7667000	45000	2195272	0	2300023	0
1789822390.685837	41074154188	16292912208	181731346	6907000	32550000	7667000	45000	2328453	0	2400192	0
1789822391.190911	41078189090	16296323454	181731346	6842000	32550000	7594000	45000	2272754	0	2300278	0
1789822391.698936	41082221855	16299607198	181731346	6842000	32550000	7594000	45000	2353409	0	2500000	0
1789822392.203853	41086309369	16302955639	181731346	6842000	32550000	7594000	46000	2226045	0	2400266	0
1789822392.711919	41090360140	16306374881	181731346	6842000	32550000	7594000	46000	2187876	0	2400352	0
1789822393.216023	41094279380	16309643183	181731346	6843000	32540000	7595000	46000	2423958	0	2900587	0
1789822393.722850	41095411091	16310402520	181731346	6843000	32540000	7595000	46000	725381	0	1800404	0
1789822394.230134	41096413347	16310757133	181731346	6843000	32540000	7595000	42000	982546	0	2151374	0
1789822394.741134	41096597368	16310769157	181731346	6843000	32540000	7595000	42000	1224730	0	1450342	0
1789822395.247475	41096811600	16310776908	181731346	6907000	32530000	7667000	41000	694479	0	1600124	0
1789822395.761065	41097299575	16310797477	181731346	6907000	32530000	7667000	41000	636660	0	1393098	0
1789822396.268058	41097674391	16310801811	181731346	6907000	32530000	7667000	41000	643968	0	1551573	0
1789822396.780482	41098809825	16311433401	181731346	6907000	32530000	7667000	41000	922468	0	3099968	0
1789822397.285663	41100382392	16312450366	181731346	6907000	32530000	7667000	47000	904646	0	3100000	0
1789822397.794194	41101801029	16313334702	181731346	6907000	32530000	7667000	47000	1189337	0	3042481	0
1789822398.299023	41103170837	16314224409	181731346	6889000	32530000	7647000	47000	1069161	0	2998122	0
1789822398.807885	41104565487	16315137066	181731346	6889000	32530000	7647000	47000	916898	0	2961795	0
1789822399.313821	41105937554	16316039712	181731346	6889000	32530000	7647000	45000	965401	0	2986121	0
1789822399.823678	41107361439	16316986975	181731346	6889000	32530000	7647000	45000	895375	0	2962767	0
1789822400.329015	41108920883	16318072361	181731346	6889000	32530000	7647000	46000	909860	0	3078731	0
1789822400.838442	41110327313	16319003877	181731346	6889000	32530000	7647000	46000	921391	0	2970988	0
1789822401.343439	41111780617	16319935332	181731346	6889000	32530000	7647000	45000	907204	0	3057389	0
1789822401.852346	41113249608	16320912808	181731346	6889000	32530000	7647000	45000	900826	0	3053237	0
1789822402.358521	41114601960	16321790491	181731346	6886000	32520000	7643000	46000	1096785	0	3022377	0
1789822402.866661	41116097745	16322757896	181731346	6886000	32520000	7643000	46000	889267	0	2962398	0
1789822403.371669	41117559350	16323705708	181731346	6886000	32520000	7643000	45000	915340	0	3022526	0
1789822403.881283	41118956868	16324604388	181731346	6886000	32520000	7643000	45000	928245	0	3025629	0
1789822404.386345	41120728165	16325711746	181731346	6892000	32520000	7650000	46000	922472	0	2979666	0
1789822404.896710	41122095654	16326598401	181731346	6892000	32520000	7650000	46000	905019	0	2979346	0
1789822405.402541	41123450570	16327466441	181731346	6892000	32520000	7650000	45000	1077609	0	3100000	0
1789822405.910807	41124833440	16328377083	181731346	6892000	32520000	7650000	45000	1078090	0	2968945	0
1789822406.416015	41126037783	16329123419	181731346	6889000	32510000	7646000	42000	594298	0	1800225	0
1789822406.930132	41126398195	16329215399	181731346	6889000	32510000	7646000	42000	923384	0	1895809	0
1789822407.437455	41126703187	16329289373	181731346	6889000	32510000	7646000	41000	695020	0	1600192	0
1789822407.949002	41126901672	16329298650	181731346	6889000	32510000	7646000	41000	784979	0	1517533	0
1789822408.456661	41127254638	16329308538	181731346	6889000	32510000	7646000	41000	662530	0	1600000	0
1789822408.968713	41127446105	16329316778	181731346	6889000	32510000	7646000	41000	640458	0	1648970	0
1789822409.476750	41127868894	16329446111	181731346	6907000	32510000	7667000	43000	965363	0	2216876	0
1789822409.987062	41130756460	16331369629	181731346	6907000	32510000	7667000	43000	1673281	0	3100031	0
1789822410.494136	41133399275	16332775082	181731346	6907000	32510000	7667000	46000	1042079	0	2901224	0
1789822411.001680	41135868080	16333817499	181731346	6907000	32510000	7667000	46000	1241122	0	3100031	0
1789822411.508705	41138400544	16335515798	181731346	6870000	32510000	7625000	46000	1403243	0	3100000	0
1789822412.018941	41141099878	16336867052	181731346	6870000	32510000	7625000	46000	1015536	0	2800000	0
1789822412.525517	41142666097	16337321823	181731346	6870000	32510000	7625000	42000	1380072	0	1801528	0
1789822413.034962	41143297138	16337526046	181731346	6870000	32510000	7625000	42000	1194859	0	1678515	0
1789822413.541448	41143490741	16337535812	181731346	6907000	32500000	7666000	41000	825577	0	1600092	0
1789822414.050049	41143790911	16337568771	181731346	6907000	32500000	7666000	41000	1245336	0	1500361	0
1789822414.557410	41144291459	16337710372	181731346	6907000	32500000	7666000	41000	955739	0	1699818	0
1789822415.067433	41144449906	16337716903	181731346	6907000	32500000	7666000	41000	1023943	0	1701231	0
1789822415.573293	41145518873	16338366681	181731346	6911000	32500000	7671000	50000	1401734	0	3000000	0
1789822416.080065	41147806404	16340013223	181731346	6911000	32500000	7671000	50000	967777	0	3059121	0
1789822416.583788	41149844607	16341493749	181731346	6911000	32500000	7671000	50000	776468	0	3075892	0
1789822417.091046	41151923703	16342994050	181731346	6911000	32500000	7671000	50000	1154601	0	2955300	0
1789822417.594790	41153958854	16344476651	181731346	6878000	32500000	7634000	50000	985312	0	3100000	0
1789822418.103011	41155968370	16345842065	181731346	6878000	32500000	7634000	50000	1039816	0	3100000	0
1789822418.607780	41158009686	16347326742	181731346	6878000	32500000	7634000	46000	1224866	0	3100000	0
1789822419.115958	41160103614	16348831682	181731346	6878000	32500000	7634000	46000	1037850	0	3100031	0
1789822419.622914	41162145357	16350323194	181731346	6878000	32500000	7634000	46000	1233996	0	3009759	0
1789822420.131009	41163912808	16351536631	181731346	6878000	32500000	7634000	46000	730982	0	1578737	0
1789822420.636272	41164242824	16351604685	181731346	6877000	32490000	7633000	43000	721655	0	1571054	0
1789822421.144472	41164564479	16351699289	181731346	6877000	32490000	7633000	43000	629325	0	1453673	0
1789822421.650403	41164748377	16351705209	181731346	6877000	32490000	7633000	41000	668399	0	1599849	0
1789822422.161251	41164954981	16351713205	181731346	6877000	32490000	7633000	41000	553629	0	1308921	0
1789822422.666485	41165139184	16351720590	181731346	6911000	32490000	7671000	40000	627252	0	1449610	0
1789822423.176521	41165337060	16351737680	181731346	6911000	32490000	7671000	40000	783082	0	1491182	0
1789822423.681271	41165863914	16351949410	181731346	6911000	32490000	7671000	41000	610858	0	1635620	0
1789822424.191696	41166390707	16352130135	181731346	6911000	32490000	7671000	41000	1065503	0	1700333	0
1789822424.698047	41166693502	16352145394	181731346	6909000	32480000	7669000	40000	620389	0	1420291	0
1789822425.208391	41166882039	16352152596	181731346	6909000	32480000	7669000	40000	724577	0	1532867	0
1789822425.714493	41167041950	16352156990	181731346	6909000	32480000	7669000	40000	667062	0	1529136	0
1789822426.225044	41167194965	16352162789	181731346	6909000	32480000	7669000	40000	885321	0	1480979	0
1789822426.731477	41167376911	16352167916	181731346	6913000	32480000	7673000	40000	659613	0	1459628	0
1789822427.241990	41167800310	16352197884	181731346	6913000	32480000	7673000	40000	948466	0	1602640	0
1789822427.748557	41168336503	16352398506	181731346	6913000	32480000	7673000	40000	1059858	0	1500107	0
1789822428.257359	41168520951	16352406257	181731346	6913000	32480000	7673000	40000	1013602	0	1500022	0
1789822428.763319	41168768509	16352427314	181731346	6912000	32480000	7672000	40000	690515	0	1403255	0
1789822429.273961	41168979507	16352441230	181731346	6912000	32480000	7672000	40000	559357	0	1453706	0
1789822429.780459	41169136733	16352445747	181731346	6912000	32480000	7672000	40000	847266	0	1599976	0
1789822430.288761	41169301893	16352453987	181731346	6912000	32480000	7672000	40000	651452	0	1500000	0
1789822430.794879	41169459059	16352458686	181731346	6912000	32480000	7672000	40000	675261	0	1552277	0
1789822431.305030	41169740491	16352480354	181731346	6912000	32480000	7672000	40000	577277	0	1494718	0
1789822431.812082	41169891919	16352484138	181731346	6913000	32480000	7673000	40000	675570	0	1508008	0
1789822432.321900	41170046276	16352491462	181731346	6913000	32480000	7673000	40000	745899	0	1499979	0
1789822432.827563	41170314464	16352496589	181731346	6913000	32480000	7673000	40000	556383	0	1504831	0
1789822433.337163	41170533214	16352511054	181731346	6913000	32480000	7673000	40000	667905	0	1539833	0
1789822433.843272	41170674448	16352514350	181731346	6913000	32470000	7673000	39000	679372	0	1552319	0
1789822434.353017	41171294137	16352715827	181731346	6913000	32470000	7673000	39000	1172883	0	1600084	0
1789822434.858368	41171513008	16352721503	181731346	6913000	32470000	7673000	39000	1237553	0	1451984	0
1789822435.368534	41171796150	16352759162	181734459	6913000	32470000	7673000	39000	933883	0	1600073	0
1789822435.876106	41172308294	16352913275	181734520	6913000	32470000	7673000	39000	1037540	0	1635727	0
1789822436.386055	41172506597	16352924261	181734520	6913000	32470000	7673000	39000	887353	0	1473901	0
1789822436.891417	41172672185	16352929022	181734520	6913000	32470000	7673000	39000	914050	0	1576784	0
1789822437.401025	41172884099	16352938055	181734520	6913000	32470000	7673000	39000	655700	0	1455600	0
1789822437.907272	41173067020	16352944342	181734520	6914000	32470000	7674000	39000	677988	0	1551997	0
1789822438.416415	41173329654	16352954474	181734520	6914000	32470000	7674000	39000	650772	0	1452946	0
1789822438.923290	41173548159	16352966620	181734581	6914000	32470000	7674000	39000	819799	0	1600000	0
1789822439.433402	41173736452	16352977484	181734581	6914000	32470000	7674000	39000	1020836	0	1612149	0
1789822439.940144	41174034730	16352984137	181734581	6907000	32470000	7667000	39000	708744	0	1437878	0
1789822440.451407	41174280946	16352993719	181734764	6907000	32470000	7667000	39000	1019805	0	1543122	0
1789822440.958186	41174511475	16352999823	181734764	6907000	32470000	7667000	39000	686222	0	1556711	0
1789822441.467980	41174725158	16353010931	181734764	6907000	32470000	7667000	39000	642976	0	1446267	0
1789822441.974298	41174908935	16353017645	181734764	6907000	32470000	7667000	39000	561267	0	1440388	0
1789822442.485513	41175107237	16353028265	181734764	6907000	32470000	7667000	39000	643253	0	1412854	0
1789822442.992135	41175297423	16353036139	181734764	6912000	32460000	7672000	39000	862219	0	1476896	0
1789822443.502138	41175458189	16353042364	181734764	6912000	32460000	7672000	39000	507173	0	1257387	0
1789822444.007982	41175699033	16353050787	181734764	6912000	32460000	7672000	39000	947224	0	1689448	0
1789822444.519642	41176266597	16353256109	181734764	6912000	32460000	7672000	39000	635045	0	1413185	0
1789822445.025061	41176557124	16353265569	181734764	6911000	32460000	7671000	39000	934388	0	1455750	0
1789822445.535954	41179792101	16354764833	181734764	6911000	32460000	7671000	39000	1498585	0	1500204	0
1789822446.044010	41183642372	16356955989	181734764	6911000	32460000	7671000	42000	1399556	0	1499984	0
1789822446.555884	41187466337	16359067190	181734764	6911000	32460000	7671000	42000	1287751	0	1500000	0
1789822447.061014	41191240741	16361115647	181734764	6852000	32460000	7605000	43000	1291265	0	1500000	0
1789822447.573060	41195070748	16363171916	181734764	6852000	32460000	7605000	43000	1293638	0	1500000	0
1789822448.080142	41198860411	16365168554	181734764	6852000	32460000	7605000	43000	1339313	0	1500275	0
1789822448.590176	41202667409	16367143341	181734764	6852000	32460000	7605000	43000	1428462	0	1500000	0
1789822449.095175	41206438822	16369082972	181734764	6849000	32450000	7602000	43000	1400329	0	1703310	0
1789822449.603384	41210228974	16370950338	181734764	6849000	32450000	7602000	43000	1097294	0	1700193	0
1789822450.108020	41213443504	16372415178	181734764	6849000	32450000	7602000	49000	975037	0	3100031	0
1789822450.616058	41217840649	16374602795	181734764	6849000	32450000	7602000	49000	1486624	0	1500237	0
1789822451.124717	41221606447	16376785651	181734764	6838000	32440000	7590000	44000	1342146	0	1600000	0
1789822451.634968	41225401847	16378920777	181734764	6838000	32440000	7590000	44000	1290548	0	1500015	0
1789822452.140618	41229180891	16380986140	181734764	6838000	32440000	7590000	44000	1338035	0	1600000	0
1789822452.651059	41232991306	16383007742	181734764	6838000	32440000	7590000	44000	1214616	0	1500000	0
1789822453.159021	41236784143	16384973923	181734764	6838000	32440000	7590000	44000	1291433	0	1500000	0
1789822453.669844	41240603530	16386969768	181734764	6838000	32440000	7590000	44000	1343839	0	1500015	0
1789822454.176130	41244388188	16388959325	181734764	6849000	32430000	7602000	44000	1367574	0	1459453	0
1789822454.686805	41248195063	16390888886	181734764	6849000	32430000	7602000	44000	1245113	0	1700617	0
1789822455.192510	41250187673	16391748198	181734764	6849000	32430000	7602000	41000	691183	0	1593209	0
1789822455.705417	41250711963	16391929838	181734764	6849000	32430000	7602000	41000	796867	0	1800256	0
1789822456.212985	41250854297	16391933622	181734764	6889000	32430000	7646000	40000	687569	0	1600016	0
1789822456.724559	41251034106	16391939664	181734764	6889000	32430000	7646000	40000	672522	0	1552203	0
1789822457.232666	41251204333	16391948759	181734764	6889000	32430000	7646000	40000	1099306	0	1700233	0
1789822457.739713	41251378282	16391957181	181735008	6889000	32430000	7646000	40000	696788	0	1600210	0
1789822458.248951	41253105329	16393320825	181735008	6908000	32420000	7668000	47000	2613655	0	3100031	0
1789822458.758769	41257689607	16397131607	181735008	6908000	32420000	7668000	47000	1528555	0	1600016	0
1789822459.263504	41261447226	16400202217	181735008	6908000	32420000	7668000	45000	1590553	0	1600236	0
1789822459.772927	41265272778	16403332824	181735008	6908000	32420000	7668000	45000	1508167	0	1616334	0
1789822460.279669	41269017214	16406351798	181735008	6844000	32420000	7597000	45000	1788082	0	2055160	0
1789822460.789038	41270474425	16407340382	181735008	6844000	32420000	7597000	45000	699959	0	1600957	0
1789822461.296928	41271033933	16407510425	181735008	6844000	32420000	7597000	41000	924261	0	1900260	0
1789822461.808648	41271201169	16407517322	181735008	6844000	32420000	7597000	41000	525019	0	1400153	0
1789822462.316120	41271357052	16407521045	181735008	6908000	32410000	7668000	41000	774760	0	1700283	0
1789822462.828332	41271522335	16407526600	181735008	6908000	32410000	7668000	41000	693750	0	1599863	0
1789822463.336897	41271687679	16407531971	181735008	6908000	32410000	7668000	40000	686788	0	1600338	0
1789822463.850978	41273641165	16409031112	181735008	6908000	32410000	7668000	40000	2628534	0	2976637	0
1789822464.357942	41277810283	16412442725	181735008	6845000	32410000	7598000	44000	2119679	0	2300303	0
1789822464.867697	41281600800	16415617399	181735008	6845000	32410000	7598000	44000	2138026	0	2300332	0
1789822465.371999	41285302329	16418669760	181735008	6845000	32410000	7598000	45000	2656558	0	3000650	0
1789822465.878981	41289054394	16421718885	181735008	6845000	32410000	7598000	45000	2197835	0	2300416	0
1789822466.385940	41292850344	16424841192	181735008	6845000	32410000	7598000	45000	2173674	0	2300316	0
1789822466.893665	41296624688	16428006528	181735008	6845000	32410000	7598000	45000	2277544	0	2400413	0
1789822467.397899	41300263045	16430961598	181735008	6842000	32400000	7594000	45000	2019925	0	2972841	0
1789822467.905511	41300700971	16431099171	181735008	6842000	32400000	7594000	45000	664791	0	1481569	0
1789822468.411382	41301220928	16431268299	181735008	6842000	32400000	7594000	41000	553588	0	1082561	0
1789822468.921677	41301414104	16431276600	181735008	6842000	32400000	7594000	41000	637068	0	1480931	0
1789822469.429166	41301692302	16431283009	181735008	6906000	32400000	7665000	41000	654444	0	1477004	0
1789822469.938839	41301874674	16431290394	181735008	6906000	32400000	7665000	41000	767634	0	1466219	0
1789822470.444423	41302051554	16431298572	181735008	6906000	32400000	7665000	41000	757486	0	1463590	0
1789822470.954429	41303453955	16432117784	181735008	6906000	32400000	7665000	41000	935558	0	3100000	0
1789822471.458599	41305023897	16433142135	181735008	6891000	32390000	7649000	45000	1158973	0	3100031	0
1789822471.965944	41306380766	16434012311	181735008	6891000	32390000	7649000	45000	970427	0	3014572	0
1789822472.469977	41307720057	16434886210	181735008	6891000	32390000	7649000	45000	1169727	0	3069092	0
1789822472.975721	41309085471	16435780311	181735008	6891000	32390000	7649000	45000	926895	0	3044221	0
1789822473.480169	41310492206	16436711828	181735008	6885000	32390000	7642000	45000	967846	0	2948173	0
1789822473.987513	41311901260	16437641818	181735008	6885000	32390000	7642000	45000	725715	0	3005722	0
1789822474.491618	41313915537	16438971771	181735008	6885000	32390000	7642000	45000	982357	0	3067832	0
1789822474.998130	41315332770	16439912076	181735008	6885000	32390000	7642000	45000	719086	0	2952692	0
1789822475.502472	41316710146	16440813868	181735008	6889000	32390000	7647000	45000	731330	0	3050647	0
1789822476.010057	41318314696	16441828392	181735008	6889000	32390000	7647000	45000	1021958	0	3041782	0
1789822476.513714	41319699824	16442729940	181735008	6889000	32380000	7647000	45000	1157684	0	2943728	0
1789822477.020043	41321121451	16443664202	181735008	6889000	32380000	7647000	45000	727778	0	3022225	0
1789822477.523639	41322539660	16444570206	181735008	6889000	32380000	7647000	45000	991646	0	3100000	0
1789822478.031003	41323918624	16445463209	181735008	6889000	32380000	7647000	45000	737500	0	3100000	0
1789822478.534997	41325300517	16446364574	181735008	6888000	32380000	7645000	45000	903792	0	2973708	0
1789822479.041437	41326675880	16447258004	181735008	6888000	32380000	7645000	45000	862547	0	3047919	0
1789822479.545917	41328117527	16448170172	181735008	6888000	32380000	7645000	46000	1077112	0	2948210	0
1789822480.052607	41329539948	16449077336	181735008	6888000	32380000	7645000	46000	1080526	0	2976873	0
1789822480.557950	41330511136	16449634829	181735008	6887000	32380000	7644000	41000	704533	0	1593991	0
1789822481.067042	41331071682	16449821413	181735008	6887000	32380000	7644000	41000	1397904	0	2742775	0
1789822481.572576	41331267726	16449829348	181735008	6887000	32380000	7644000	41000	1148858	0	1565142	0
1789822482.081940	41331447535	16449835756	181735008	6887000	32380000	7644000	41000	920521	0	1565037	0
1789822482.587204	41331641810	16449844057	181735008	6909000	32370000	7669000	41000	678481	0	1516357	0
1789822483.096984	41331865442	16449863100	181735008	6909000	32370000	7669000	41000	581109	0	1435180	0
1789822483.603468	41332642967	16450270875	181735008	6909000	32370000	7669000	48000	1291870	0	2954999	0
1789822484.109672	41335892409	16452411433	181735008	6909000	32370000	7669000	48000	1700545	0	3100000	0
1789822484.614910	41338605476	16453741264	181735008	6852000	32370000	7605000	47000	969340	0	2862708	0
1789822485.121344	41341111329	16454920521	181735008	6852000	32370000	7605000	47000	1255445	0	3100031	0
1789822485.625958	41343649103	16456655380	181735008	6852000	32370000	7605000	48000	1038968	0	3099968	0
1789822486.134102	41346421252	16457901715	181735008	6852000	32370000	7605000	48000	1959883	0	2946345	0
1789822486.639492	41347787520	16458283550	181735008	6852000	32370000	7605000	42000	1180333	0	2300023	0
1789822487.148527	41348143355	16458397929	181735008	6852000	32370000	7605000	42000	651816	0	1417019	0
1789822487.653313	41348334943	16458409587	181735008	6888000	32360000	7645000	40000	1199389	0	1627471	0
1789822488.163353	41348500531	16458416850	181735008	6888000	32360000	7645000	40000	1114367	0	1632581	0
1789822488.669487	41348676068	16458423564	181735008	6888000	32360000	7645000	40000	733306	0	1716254	0
1789822489.178573	41348903057	16458441630	181735008	6888000	32360000	7645000	40000	589745	0	1600000	0
1789822489.684368	41350557838	16459517983	181735008	6908000	32360000	7668000	47000	1033639	0	3100000	0
1789822490.192571	41352895906	16461221470	181735008	6908000	32360000	7668000	47000	1353382	0	3100000	0
1789822490.696997	41354978298	16462737762	181735008	6908000	32360000	7668000	47000	1211839	0	3100000	0
1789822491.205053	41357108053	16464287868	181735008	6908000	32360000	7668000	47000	1232332	0	3100031	0
1789822491.709492	41359216202	16465794151	181735008	6875000	32360000	7631000	44000	1561719	0	2938812	0
1789822492.215800	41361164928	16467167194	181735008	6875000	32360000	7631000	44000	970913	0	2970521	0
1789822492.720053	41363172125	16468619644	181735008	6875000	32360000	7631000	50000	982144	0	3042738	0
1789822493.226756	41365241394	16470115978	181735008	6875000	32360000	7631000	50000	1533765	0	2938809	0
1789822493.730810	41367238704	16471561287	181735008	6876000	32350000	7632000	50000	999973	0	3010201	0
1789822494.236783	41369169180	16472815068	181735008	6876000	32350000	7632000	50000	1261607	0	1907804	0
1789822494.742935	41369696888	16473001713	181735008	6876000	32350000	7632000	41000	1041722	0	1800492	0
1789822495.249959	41369996814	16473013615	181735008	6876000	32350000	7632000	41000	637180	0	1459565	0
1789822495.755981	41370174182	16473024357	181735008	6904000	32350000	7663000	40000	1094172	0	1535083	0
1789822496.264664	41370329760	16473030277	181735008	6904000	32350000	7663000	40000	885553	0	1485547	0
1789822496.771231	41370503893	16473041202	181735008	6904000	32350000	7663000	40000	562660	0	1454254	0
1789822497.280780	41370790880	16473055729	181735008	6904000	32350000	7663000	40000	832030	0	1426936	0
1789822497.787473	41371401901	16473281741	181735008	6904000	32350000	7663000	40000	659747	0	1499977	0
1789822498.297655	41371595321	16473291019	181735008	6904000	32350000	7663000	40000	599853	0	1500018	0
1789822498.803486	41371914107	16473318668	181735008	6902000	32350000	7661000	40000	667753	0	1575014	0
1789822499.312020	41372076826	16473324771	181735008	6902000	32350000	7661000	40000	730044	0	1477625	0
1789822499.818319	41372227827	16473332645	181735008	6902000	32350000	7661000	40000	778558	0	1453016	0
1789822500.329237	41372447430	16473346744	181735130	6902000	32350000	7661000	40000	880082	0	1561585	0
1789822500.835318	41372617291	16473355777	181735130	6910000	32340000	7670000	40000	939111	0	1520835	0
1789822501.344945	41372857586	16473372989	181735130	6910000	32340000	7670000	40000	1209637	0	1500015	0
1789822501.850953	41373532877	16473594363	181735130	6910000	32340000	7670000	40000	1140259	0	1545544	0
1789822502.360244	41373707254	16473602480	181735130	6910000	32340000	7670000	40000	764141	0	1434625	0
1789822502.868376	41373916665	16473611819	181735130	6908000	32340000	7668000	40000	686441	0	1515818	0
1789822503.378439	41374115456	16473622134	181735130	6908000	32340000	7668000	40000	618076	0	1600021	0
1789822503.884252	41374351417	16473636416	181735130	6908000	32340000	7668000	40000	670011	0	1447867	0
1789822504.394457	41374921423	16473807741	181735130	6908000	32340000	7668000	40000	792864	0	1522816	0
1789822504.901238	41375194982	16473825441	181735130	6906000	32340000	7665000	40000	570176	0	1517031	0
1789822505.411559	41375467931	16473840822	181735130	6906000	32340000	7665000	40000	674558	0	1545103	0
1789822505.917890	41375729038	16473852846	181735130	6906000	32340000	7665000	40000	598697	0	1600000	0
1789822506.428446	41375915012	16473860475	181735130	6906000	32340000	7665000	40000	988294	0	1439662	0
1789822506.935232	41376129123	16473871156	181735130	6910000	32340000	7670000	39000	627309	0	1474033	0
1789822507.445475	41376458468	16473913698	181735435	6910000	32340000	7670000	39000	801482	0	1592191	0
1789822507.951915	41377040253	16474086976	181735618	6910000	32340000	7670000	39000	947507	0	1600164	0
1789822508.461645	41377376922	16474098573	181735679	6910000	32340000	7670000	39000	918981	0	1430051	0
1789822508.966405	41377592254	16474109498	181735679	6910000	32340000	7670000	39000	914469	0	1600042	0
1789822509.477982	41377885832	16474118165	181735679	6910000	32340000	7670000	39000	934315	0	1423995	0
1789822509.983507	41378216215	16474146058	181735679	6909000	32330000	7669000	39000	846515	0	1444592	0
1789822510.492936	41378447781	16474155885	181735679	6909000	32330000	7669000	39000	1013493	0	1500000	0
1789822510.998477	41378763088	16474191346	181735679	6909000	32330000	7669000	39000	741008	0	1499980	0
1789822511.508246	41379024562	16474200440	181735679	6909000	32330000	7669000	39000	760283	0	1448576	0
1789822512.014108	41379442469	16474231385	181735679	6905000	32330000	7664000	39000	871189	0	1396572	0
1789822512.524246	41379629785	16474237366	181735679	6905000	32330000	7664000	39000	1102422	0	1445729	0
1789822513.029424	41379965539	16474267090	181735679	6905000	32330000	7664000	39000	569163	0	1509525	0
1789822513.537826	41380177086	16474277894	181735679	6905000	32330000	7664000	39000	639975	0	1438475	0
1789822514.042970	41380515830	16474321167	181735679	6907000	32330000	7667000	39000	1359964	0	1700212	0
1789822514.551479	41380963278	16474450867	181735679	6907000	32330000	7667000	39000	613345	0	1326137	0
1789822515.057249	41381189657	16474465637	181735679	6907000	32330000	7667000	39000	654422	0	1544704	0
1789822515.567390	41381380452	16474473633	181735679	6907000	32330000	7667000	39000	902690	0	1553028	0
1789822516.073095	41381714802	16474483154	181735679	6907000	32320000	7667000	39000	690284	0	1600000	0
1789822516.583383	41381896198	16474490234	181735679	6907000	32320000	7667000	39000	642244	0	1500000	0
1789822517.089406	41382270586	16474509094	181735679	6907000	32320000	7667000	39000	598404	0	1550930	0
1789822517.600014	41385757394	16476175960	181735679	6907000	32320000	7667000	39000	1297027	0	1500015	0
1789822518.106998	41389321045	16478191153	181735679	6845000	32320000	7598000	42000	1290125	0	1500000	0
1789822518.619990	41392894888	16480215439	181735679	6845000	32320000	7598000	42000	1227770	0	1500000	0
1789822519.125188	41396383954	16482164592	181735679	6845000	32320000	7598000	43000	1322708	0	1500000	0
1789822519.637038	41399921481	16484127295	181735679	6845000	32320000	7598000	43000	1256208	0	1500000	0
1789822520.142647	41403437341	16486041291	181735679	6853000	32320000	7607000	43000	1266171	0	1500000	0
1789822520.652926	41406992508	16487939541	181735679	6853000	32320000	7607000	43000	1286402	0	1500015	0
1789822521.159820	41410523627	16489825400	181735679	6853000	32320000	7607000	43000	1302485	0	1451438	0
1789822521.669919	41414077756	16491674578	181735679	6853000	32320000	7607000	43000	1078849	0	1653724	0
1789822522.175974	41417207997	16493154066	181735679	6853000	32320000	7607000	45000	1127019	0	2193260	0
1789822522.684068	41420957133	16494892953	181735679	6853000	32320000	7607000	45000	1763381	0	2000289	0
1789822523.189080	41424736786	16496989200	181735679	6854000	32310000	7608000	43000	1253319	0	1465873	0
1789822523.702516	41428309470	16499006712	181735679	6854000	32310000	7608000	43000	1296027	0	1500015	0
1789822524.208990	41431803052	16500967828	181735679	6854000	32310000	7608000	43000	1247962	0	1500000	0
1789822524.720656	41435347111	16502897205	181735679	6854000	32310000	7608000	43000	1234014	0	1500015	0
1789822525.225990	41438932551	16504846724	181735679	6850000	32300000	7603000	43000	1275217	0	1500000	0
1789822525.738054	41442464402	16506747171	181735679	6850000	32300000	7603000	43000	1216584	0	1500000	0
1789822526.244038	41445952125	16508635350	181735679	6850000	32300000	7603000	44000	1574353	0	1698932	0
1789822526.751797	41449495329	16510502105	181735679	6850000	32300000	7603000	44000	1650241	0	1801072	0
1789822527.257382	41453013264	16512286036	181735679	6849000	32290000	7602000	44000	1060689	0	1700273	0
1789822527.766087	41455835584	16513550559	181735679	6849000	32290000	7602000	44000	1476678	0	2101431	0
1789822528.271564	41456088330	16513574180	181735679	6849000	32290000	7602000	41000	696485	0	1600202	0
1789822528.784969	41456609874	16513756430	181735679	6849000	32290000	7602000	41000	681889	0	1600194	0
1789822529.293039	41456796824	16513761557	181735679	6901000	32290000	7660000	40000	739625	0	1599621	0
1789822529.803774	41456954905	16513770041	181735679	6901000	32290000	7660000	40000	575023	0	1800191	0
1789822530.310891	41457232003	16513785422	181735679	6901000	32290000	7660000	41000	1290439	0	1619006	0
1789822530.821131	41457541817	16513854330	181735679	6901000	32290000	7660000	41000	1620460	0	1700232	0
1789822531.329954	41462046017	16517613781	181735679	6853000	32280000	7607000	45000	1445906	0	1599983	0
1789822531.838944	41465597033	16520488896	181735679	6853000	32280000	7607000	45000	1495819	0	1700017	0
1789822532.344738	41469123269	16523305966	181735679	6853000	32280000	7607000	45000	1448430	0	1600000	0
1789822532.856927	41472692169	16526195363	181735679	6853000	32280000	7607000	45000	1433241	0	1600000	0
1789822533.361990	41475870811	16528726973	181735679	6853000	32280000	7607000	45000	1467084	0	1738176	0
1789822533.870026	41476477499	16529006818	181735679	6853000	32280000	7607000	45000	841356	0	1651958	0
1789822534.376486	41477213703	16529307965	181735679	6851000	32280000	7604000	41000	655662	0	1529764	0
1789822534.886165	41477440448	16529316998	181735679	6851000	32280000	7604000	41000	584872	0	1541604	0
1789822535.392423	41477662676	16529321210	181735679	6851000	32280000	7604000	40000	687167	0	1555431	0
1789822535.902986	41477932146	16529328290	181735679	6851000	32280000	7604000	40000	790140	0	1525513	0
1789822536.409899	41478162553	16529333722	181735679	6905000	32270000	7664000	40000	637801	0	1403780	0
1789822536.920941	41481721321	16532222692	181735679	6905000	32270000	7664000	40000	2139644	0	2200294	0
1789822537.425924	41485259703	16535147123	181735679	6905000	32270000	7664000	44000	2063488	0	2200309	0
1789822537.934891	41488808278	16538070943	181735679	6905000	32270000	7664000	44000	2102261	0	2300326	0
1789822538.439160	41491970074	16540618056	181735679	6842000	32270000	7594000	45000	1365730	0	3099968	0
1789822538.946943	41495873872	16543816839	181735679	6842000	32270000	7594000	45000	2095148	0	2300350	0
1789822539.453505	41499385521	16546698912	181735679	6842000	32270000	7594000	45000	2125504	0	2300351	0
1789822539.960789	41502905410	16549613089	181735679	6842000	32270000	7594000	45000	2224828	0	2400577	0
1789822540.467031	41505991217	16552060959	181735679	6840000	32260000	7592000	43000	1062204	0	2802336	0
1789822540.975054	41506310430	16552082626	181735679	6840000	32260000	7592000	43000	1143380	0	1600032	0
1789822541.480163	41506799992	16552227096	181735679	6840000	32260000	7592000	41000	1223668	0	1633077	0
1789822541.989356	41506972233	16552233627	181735679	6840000	32260000	7592000	41000	887122	0	1613332	0
1789822542.495468	41507136661	16552237838	181735679	6903000	32260000	7662000	41000	570797	0	1600029	0
1789822543.005380	41507293033	16552243758	181735679	6903000	32260000	7662000	41000	1079927	0	1500015	0
1789822543.511030	41507505251	16552260970	181735679	6903000	32260000	7662000	41000	1166289	0	1700307	0
1789822544.021978	41509095701	16553270367	181735679	6903000	32260000	7662000	41000	2134522	0	3000000	0
1789822544.526218	41511001397	16554457071	181735679	6903000	32260000	7662000	43000	1172669	0	3077687	0
1789822545.037655	41512385244	16555362647	181735679	6903000	32260000	7662000	43000	1232004	0	3099968	0
1789822545.544600	41513770982	16556282139	181735679	6873000	32250000	7629000	43000	1251080	0	3100031	0
1789822546.056546	41515189558	16557236177	181735679	6873000	32250000	7629000	43000	1026027	0	3099968	0
1789822546.563414	41516664285	16558158477	181735679	6873000	32250000	7629000	43000	1217541	0	2941772	0
1789822547.074671	41518237218	16559250271	181735679	6873000	32250000	7629000	43000	961149	0	3099968	0
1789822547.582842	41519695039	16560230249	181735679	6883000	32250000	7640000	44000	1219938	0	3050833	0
1789822548.094468	41521217191	16561240806	181735679	6883000	32250000	7640000	44000	1220181	0	3100000	0
1789822548.600774	41522559656	16562110005	181735679	6883000	32250000	7640000	42000	1215193	0	2959552	0
1789822549.111570	41524055746	16563134172	181735679	6883000	32250000	7640000	42000	1374279	0	3100000	0
1789822549.618067	41525464983	16564082046	181735679	6885000	32250000	7642000	44000	1222424	0	3100000	0
1789822550.128528	41526900709	16565041516	181735679	6885000	32250000	7642000	44000	1379411	0	3027110	0
1789822550.635820	41528279063	16565954661	181735679	6885000	32250000	7642000	43000	1217814	0	3020617	0
1789822551.145337	41529679328	16566882393	181735679	6885000	32250000	7642000	43000	1447541	0	3100000	0
1789822551.651591	41531073611	16567809453	181735679	6880000	32240000	7637000	43000	1124644	0	2964089	0
1789822552.163825	41532498107	16568713199	181735679	6880000	32240000	7637000	43000	1206037	0	2980041	0
1789822552.669565	41533890804	16569644410	181735679	6880000	32240000	7637000	42000	1202730	0	3014613	0
1789822553.181878	41535320671	16570600523	181735679	6880000	32240000	7637000	42000	1005808	0	3100000	0
1789822553.689340	41535885733	16570871091	181735679	6896000	32240000	7654000	41000	711131	0	1700121	0
1789822554.203114	41536800159	16571264218	181735679	6896000	32240000	7654000	41000	705985	0	1700079	0
1789822554.708386	41537031726	16571268612	181735679	6896000	32240000	7654000	40000	500000	0	1200000	0
1789822555.218545	41537199511	16571273983	181735679	6896000	32240000	7654000	40000	651642	0	1413774	0
1789822555.723048	41537368090	16571282833	181735679	6896000	32240000	7654000	40000	1171232	0	1600611	0
1789822556.233941	41537632432	16571300961	181735679	6896000	32240000	7654000	40000	659077	0	1500000	0
1789822556.739452	41539452862	16572479363	181735679	6906000	32230000	7665000	46000	1303182	0	3100000	0
1789822557.247765	41542363316	16574328053	181735679	6906000	32230000	7665000	46000	808702	0	2999969	0
1789822557.752208	41545087552	16575406358	181735679	6906000	32230000	7665000	42000	1161719	0	2814593	0
1789822558.260900	41547575400	16576936627	181735679	6906000	32230000	7665000	42000	1203209	0	3100000	0
1789822558.765483	41550266433	16578585793	181735679	6859000	32230000	7613000	45000	1241299	0	2867127	0
1789822559.274001	41552802560	16579456763	181735679	6859000	32230000	7613000	45000	969146	0	1904719	0
1789822559.780498	41553257087	16579621191	181735679	6859000	32230000	7613000	41000	688029	0	1599983	0
1789822560.290447	41553548529	16579683141	181735740	6859000	32230000	7613000	41000	576267	0	1556295	0
1789822560.795885	41553695746	16579686559	181735740	6905000	32220000	7664000	40000	1063469	0	1631533	0
1789822561.305639	41553933050	16579695837	181735740	6905000	32220000	7664000	40000	1015331	0	1475206	0
1789822561.812145	41554185857	16579700292	181735740	6905000	32220000	7664000	40000	590208	0	1524882	0
1789822562.322051	41554515873	16579775060	181735740	6905000	32220000	7664000	40000	839333	0	1600016	0
1789822562.827073	41556892820	16581499787	181735740	6907000	32220000	7666000	45000	1028176	0	3099968	0
1789822563.335021	41558975762	16583010525	181735740	6907000	32220000	7666000	45000	1041348	0	3099968	0
1789822563.839937	41561018420	16584498437	181735740	6907000	32220000	7666000	46000	1286289	0	3100031	0
1789822564.348376	41563541790	16586272907	181735740	6907000	32220000	7666000	46000	1310597	0	3100000	0
1789822564.852832	41565354835	16587514664	181735740	6872000	32220000	7628000	49000	944779	0	3090251	0
1789822565.360119	41567379915	16588979443	181735740	6872000	32220000	7628000	49000	728070	0	3024563	0
1789822565.863613	41569371121	16590420296	181735740	6872000	32220000	7628000	50000	969654	0	3052336	0
1789822566.370072	41571394187	16591880376	181735740	6872000	32220000	7628000	50000	910024	0	3099969	0
1789822566.874002	41573388689	16593320313	181735740	6872000	32220000	7628000	50000	734534	0	3075800	0
1789822567.381062	41574300307	16593764831	181735740	6872000	32220000	7628000	50000	778963	0	1513102	0
1789822567.886927	41574806959	16593909423	181735740	6874000	32210000	7630000	41000	814398	0	1599983	0
1789822568.398064	41575062512	16593920349	181735740	6874000	32210000	7630000	41000	1078061	0	1454901	0
1789822568.904516	41575245068	16593928039	181735740	6874000	32210000	7630000	41000	796748	0	1575546	0
1789822569.415125	41575426098	16593935119	181735740	6874000	32210000	7630000	41000	649812	0	1499981	0
1789822569.920124	41575596386	16593945495	181735740	6907000	32210000	7666000	40000	669117	0	1518295	0
1789822570.428047	41576050669	16594065124	181735740	6907000	32210000	7666000	40000	668085	0	1557904	0
1789822570.934190	41576375619	16594173644	181735740	6907000	32210000	7666000	40000	724592	0	1494241	0
1789822571.445095	41576541268	16594180602	181735740	6907000	32210000	7666000	40000	524461	0	1395695	0
1789822571.950511	41576779488	16594187377	181735740	6907000	32210000	7667000	40000	705864	0	1599717	0
1789822572.459458	41576947151	16594193541	181735740	6907000	32210000	7667000	40000	1155041	0	1444163	0
1789822572.966189	41577147956	16594200316	181735740	6907000	32210000	7667000	40000	1035904	0	1599977	0
1789822573.476468	41577329963	16594207457	181735740	6907000	32210000	7667000	40000	1168064	0	1520164	0
1789822573.982493	41577480170	16594213439	181735740	6906000	32200000	7665000	40000	1019150	0	1669975	0
1789822574.493428	41578180241	16594473997	181735740	6906000	32200000	7665000	40000	991213	0	1750117	0
1789822574.999148	41578521244	16594581907	181735740	6906000	32200000	7665000	39000	628774	0	1459103	0
1789822575.509468	41578697574	16594588316	181735740	6906000	32200000	7665000	39000	749839	0	1500016	0
1789822576.015285	41578849185	16594594785	181735740	6908000	32200000	7668000	40000	1018359	0	1529011	0
1789822576.527374	41579098086	16594607420	181735740	6908000	32200000	7668000	40000	932242	0	1477179	0
1789822577.032047	41579249513	16594612180	181735740	6908000	32200000	7668000	40000	1151485	0	1583901	0
1789822577.542345	41579551148	16594622739	181735740	6908000	32200000	7668000	40000	1046072	0	1500025	0
1789822578.047975	41579759156	16594638181	181735740	6908000	32200000	7668000	40000	1005327	0	1500000	0
1789822578.557523	41580061401	16594650388	181735740	6908000	32200000	7668000	40000	572217	0	1338801	0
1789822579.062651	41580265929	16594657041	181735740	6905000	32200000	7664000	39000	589790	0	1500100	0
1789822579.573584	41580446898	16594664182	181735740	6905000	32200000	7664000	39000	639642	0	1438374	0
1789822580.079247	41580675108	16594677183	181735740	6905000	32200000	7664000	39000	1066612	0	1500116	400
1789822580.589081	41580944883	16594718381	181735923	6905000	32200000	7664000	39000	783109	0	1444084	0
1789822581.094921	41581444698	16594869565	181735923	6902000	32200000	7661000	39000	704322	0	1443880	0
1789822581.605443	41581640498	16594878598	181735923	6902000	32200000	7661000	39000	600293	0	1500016	0
1789822582.111312	41581835200	16594888364	181735923	6902000	32200000	7661000	39000	790895	0	1535298	0
1789822582.621133	41582021845	16594896786	181735923	6902000	32200000	7661000	39000	617208	0	1591271	0
1789822583.127476	41582212213	16594906735	181735923	6908000	32190000	7668000	39000	690145	0	1559531	0
1789822583.638442	41582374994	16594912350	181735923	6908000	32190000	7668000	39000	642629	0	1500000	0
1789822584.143995	41582991569	16595098995	181735923	6908000	32190000	7668000	42000	1090373	0	1902393	0
1789822584.650826	41583358817	16595140255	181735923	6908000	32190000	7668000	42000	746982	0	1444187	0
1789822585.157084	41583565298	16595151058	181735923	6907000	32190000	7666000	39000	683962	0	1455309	0
1789822585.667406	41583766714	16595160519	181735923	6907000	32190000	7666000	39000	709160	0	1368806	0
1789822586.173083	41583953115	16595168697	181735984	6907000	32190000	7666000	39000	708721	0	1700000	0
1789822586.682116	41584132130	16595174435	181735984	6907000	32190000	7666000	39000	582089	0	1500000	0
1789822587.188502	41584351551	16595186520	181735984	6908000	32190000	7668000	39000	664603	0	1458481	0
1789822587.699522	41584580982	16595195126	181735984	6908000	32190000	7668000	39000	689326	0	1310566	0
1789822588.205646	41584803576	16595205685	181735984	6908000	32190000	7668000	39000	596864	0	1516752	0
1789822588.716375	41584981737	16595213924	181735984	6908000	32190000	7668000	39000	1085649	0	1471456	0
1789822589.222504	41585187731	16595223019	181736045	6908000	32190000	7668000	39000	560519	0	1542319	0
1789822589.733506	41585537156	16595231319	181736045	6908000	32190000	7668000	39000	781388	0	1522138	0
1789822590.239024	41586052474	16595355342	181736045	6910000	32190000	7670000	39000	1554742	0	2000387	0
1789822590.746961	41590338047	16597539480	181736045	6910000	32190000	7670000	39000	1032102	0	1200000	0
1789822591.257970	41593640651	16599324082	181736045	6910000	32190000	7670000	42000	1135591	0	1299986	0
1789822591.769838	41596938372	16601128216	181736045	6910000	32190000	7670000	42000	1198829	0	1400000	0
1789822592.274898	41600212717	16602892188	181736045	6853000	32180000	7607000	42000	1164963	0	1400000	0
1789822592.785060	41603506959	16604699435	181736045	6853000	32180000	7607000	42000	1265528	0	1500014	0
1789822593.292036	41606792351	16606467863	181736045	6853000	32180000	7607000	42000	1181827	0	1400014	0
1789822593.802181	41610086349	16608224084	181736045	6853000	32180000	7607000	42000	1189254	0	1499969	0
1789822594.310181	41613381994	16609999958	181736045	6854000	32180000	7608000	42000	1132129	0	1307841	0
1789822594.821598	41616673429	16611796279	181736045	6854000	32180000	7608000	42000	1267360	0	1600000	0
1789822595.327788	41619887349	16613499766	181736045	6854000	32180000	7608000	43000	1214686	0	1700257	0
1789822595.837932	41622346815	16614587959	181736045	6854000	32180000	7608000	43000	1187297	0	2100323	0
1789822596.344035	41626526980	16616760439	181736045	6856000	32170000	7610000	43000	1034068	0	1200000	0
1789822596.856969	41629834467	16618572812	181736045	6856000	32170000	7610000	43000	1185954	0	1400000	0
1789822597.364984	41633126329	16620342827	181736045	6856000	32170000	7610000	43000	1101597	0	1300013	0
1789822597.875959	41636430825	16622072254	181736045	6856000	32170000	7610000	43000	1082457	0	1300000	0
1789822598.381965	41639706146	16623796676	181736045	6853000	32160000	7606000	43000	1114748	0	1266320	0
1789822598.894947	41643024191	16625548258	181736045	6853000	32160000	7606000	43000	1076192	0	1300013	0
1789822599.400961	41646295851	16627285620	181736045	6853000	32160000	7606000	43000	1138813	0	1300013	0
1789822599.911153	41649579106	16629063386	181736045	6853000	32160000	7606000	43000	1166680	0	1571679	0
1789822600.417106	41652788205	16630709073	181736045	6853000	32160000	7606000	43000	1072395	0	1500182	0
1789822600.927009	41656086841	16632436607	181736045	6853000	32160000	7606000	43000	1094920	0	1689219	0
1789822601.432929	41658490399	16633522237	181736045	6850000	32150000	7603000	41000	915204	0	1867406	0
1789822601.944515	41658728192	16633558919	181736045	6850000	32150000	7603000	41000	856368	0	1668663	0
1789822602.451744	41659179729	16633696919	181736045	6850000	32150000	7603000	40000	782539	0	1700220	0
1789822602.963987	41659373942	16633704365	181736045	6850000	32150000	7603000	40000	707481	0	1659612	0
1789822603.471129	41659565409	16633713582	181736045	6902000	32150000	7661000	40000	655436	0	1443443	0
1789822603.983684	41659760355	16633718525	181736045	6902000	32150000	7661000	40000	662511	0	1700027	0
1789822604.492008	41660785682	16634268817	181736045	6902000	32150000	7661000	43000	1686674	0	1800201	0
1789822605.000946	41665014492	16637775766	181736045	6902000	32150000	7661000	43000	1387498	0	1600016	0
1789822605.507942	41668294024	16640380374	181736045	6855000	32150000	7609000	44000	1398788	0	1600016	0
1789822606.016808	41671586618	16642899593	181736045	6855000	32150000	7609000	44000	1350033	0	1600016	0
1789822606.523743	41674866761	16645512196	181736045	6855000	32150000	7609000	45000	1377664	0	1600016	0
1789822607.032852	41677869561	16647873580	181736045	6855000	32150000	7609000	45000	1350934	0	1708667	0
1789822607.538737	41679587757	16649122600	181736045	6855000	32140000	7609000	41000	679211	0	1533472	0
1789822608.050224	41680127124	16649277324	181736045	6855000	32140000	7609000	41000	741738	0	1799772	0
1789822608.557829	41680291064	16649283610	181736045	6855000	32140000	7609000	40000	531605	0	1452844	0
1789822609.066810	41680543566	16649288249	181736045	6855000	32140000	7609000	40000	1074190	0	1501460	0
1789822609.572011	41680735093	16649294413	181736045	6902000	32140000	7661000	40000	572402	0	1547068	0
1789822610.083471	41680897324	16649299845	181736045	6902000	32140000	7661000	40000	898487	0	1645551	0
1789822610.589933	41682542218	16650540077	181736045	6902000	32140000	7661000	45000	2631344	0	3100000	0
1789822611.096948	41686205783	16653561309	181736045	6902000	32140000	7661000	45000	1922510	0	2300328	0
1789822611.603499	41689456140	16656151757	181736045	6902000	32140000	7661000	43000	1973723	0	2300386	0
1789822612.111936	41692696000	16658787126	181736045	6902000	32140000	7661000	43000	2170131	0	2500579	0
1789822612.615912	41695865243	16661205516	181736045	6847000	32130000	7600000	45000	2183561	0	2241487	0
1789822613.123936	41699453673	16664189578	181736045	6847000	32130000	7600000	45000	1992389	0	2500557	0
1789822613.628922	41702804922	16666935359	181736045	6847000	32130000	7600000	44000	1982309	0	2300320	0
1789822614.139945	41706124067	16669562794	181736045	6847000	32130000	7600000	44000	1980710	0	2400280	0
1789822614.645016	41708780554	16671623580	181736045	6843000	32130000	7596000	45000	1717127	0	3012991	0
1789822615.156840	41709298497	16671814070	181736045	6843000	32130000	7596000	45000	1171402	0	1600409	0
1789822615.663899	41709828098	16671990034	181736045	6843000	32130000	7596000	41000	1000654	0	1609415	0
1789822616.175755	41710012789	16671999067	181736045	6843000	32130000	7596000	41000	776702	0	1700331	0
1789822616.685104	41710192782	16672005049	181736045	6902000	32120000	7661000	40000	993343	0	1600167	0
1789822617.197911	41710487581	16672017866	181736045	6902000	32120000	7661000	40000	663196	0	1599979	0
1789822617.704620	41710667085	16672023176	181736045	6902000	32120000	7661000	40000	840191	0	1530308	0
1789822618.218002	41712009611	16672801860	181736045	6902000	32120000	7661000	40000	915419	0	3099968	0
1789822618.722436	41713535486	16673800454	181736045	6883000	32120000	7640000	45000	1017622	0	2973740	0
1789822619.230909	41714896871	16674670447	181736045	6883000	32120000	7640000	45000	883268	0	2865898	0
1789822619.735837	41716248857	16675545018	181736045	6883000	32120000	7640000	45000	1083941	0	3027368	0
1789822620.244826	41717701185	16676483431	181736045	6883000	32120000	7640000	45000	920210	0	3061493	0
1789822620.750471	41719079356	16677396087	181736045	6884000	32110000	7641000	45000	912522	0	3100000	0
1789822621.259739	41720553595	16678328641	181736045	6884000	32110000	7641000	45000	1091412	0	2928060	0
1789822621.765356	41722231447	16679418726	181736045	6884000	32110000	7641000	45000	920571	0	2964339	0
1789822622.274789	41723634520	16680343650	181736045	6884000	32110000	7641000	45000	904001	0	3035588	0
1789822622.780828	41725033991	16681240254	181736045	6884000	32110000	7641000	45000	911492	0	2977883	0
1789822623.289476	41726490714	16682219317	181736045	6884000	32110000	7641000	45000	912525	0	3099968	0
1789822623.794916	41727854174	16683106644	181736045	6883000	32110000	7640000	45000	912538	0	3100000	0
1789822624.303928	41729717207	16684281079	181736045	6883000	32110000	7640000	45000	1267420	0	3007467	0
1789822624.808334	41731114298	16685178049	181736045	6883000	32110000	7640000	45000	912528	0	3100000	0
1789822625.317797	41732527075	16686082893	181736045	6883000	32110000	7640000	45000	1340794	0	3036604	0
1789822625.823848	41733897250	16686983648	181736045	6884000	32100000	7641000	45000	893811	0	2850234	0
1789822626.334187	41735305144	16687890628	181736045	6884000	32100000	7641000	45000	1149397	0	3073099	0
1789822626.839026	41736684596	16688791810	181736045	6884000	32100000	7641000	46000	905393	0	2942926	0
1789822627.350290	41738301535	16689849180	181736045	6884000	32100000	7641000	46000	892856	0	2942551	0
1789822627.856945	41739286091	16690392453	181736045	6880000	32100000	7637000	41000	717394	0	1700246	0
1789822628.367572	41739872943	16690578243	181736045	6880000	32100000	7637000	41000	710763	0	1700370	0
1789822628.875233	41740041704	16690583553	181736045	6880000	32100000	7637000	40000	752274	0	1700274	0
1789822629.386687	41740254594	16690594356	181736045	6880000	32100000	7637000	40000	696410	0	1600000	0
1789822629.894980	41740442399	16690602474	181736045	6907000	32100000	7667000	40000	818587	0	1700194	0
1789822630.407963	41740639908	16690612057	181736045	6907000	32100000	7667000	40000	687521	0	1600000	0
1789822630.915088	41741483412	16691009883	181736045	6907000	32100000	7667000	48000	1449638	0	3000030	0
1789822631.422540	41744434576	16692985219	181736045	6907000	32100000	7667000	48000	1074814	0	2930362	0
1789822631.927153	41747089538	16694289293	181736045	6866000	32090000	7621000	47000	905670	0	2939495	0
1789822632.433986	41749455621	16695359542	181736045	6866000	32090000	7621000	47000	737503	0	3100031	0
1789822632.938407	41751971972	16697008830	181736045	6866000	32090000	7621000	50000	924100	0	3100000	0
1789822633.446084	41754749858	16698274329	181736045	6866000	32090000	7621000	50000	712500	0	2900000	0
1789822633.950537	41756068397	16698647742	181736045	6866000	32090000	7621000	41000	1145662	0	1695315	0
1789822634.463803	41756896520	16698971166	181736045	6866000	32090000	7621000	41000	995161	0	1486009	0
1789822634.971842	41757058201	16698975927	181736045	6892000	32090000	7650000	40000	990453	0	1702167	0
1789822635.482803	41757240635	16698983495	181736045	6892000	32090000	7650000	40000	1090082	0	1699489	0
1789822635.991656	41757390781	16698986974	181736045	6892000	32090000	7650000	40000	824815	0	1600000	0
1789822636.501235	41757571750	16698995824	181736045	6892000	32090000	7650000	40000	855633	0	1581407	0
1789822637.006701	41759001006	16699944064	181736045	6906000	32080000	7665000	49000	915250	0	3099968	0
1789822637.512987	41761248376	16701566801	181736045	6906000	32080000	7665000	49000	908370	0	2911690	0
1789822638.017527	41763262897	16703025843	181736045	6906000	32080000	7665000	49000	1128446	0	2962040	0
1789822638.523590	41765397108	16704485861	181736045	6906000	32080000	7665000	49000	920065	0	3099968	0
1789822639.027892	41767423836	16705957232	181736045	6858000	32080000	7612000	49000	1564397	0	2955474	0
1789822639.533998	41769265629	16707225112	181736045	6858000	32080000	7612000	49000	755347	0	3100000	0
1789822640.037901	41771228270	16708637157	181736045	6858000	32080000	7612000	49000	810086	0	2940679	0
1789822640.544015	41773210260	16710054939	181736045	6858000	32080000	7612000	49000	1074022	0	2906526	0
1789822641.047737	41775152210	16711457767	181736045	6871000	32080000	7627000	49000	1429802	0	3100030	0
1789822641.553544	41777043990	16712783142	181736045	6871000	32080000	7627000	49000	873427	0	2000210	0
1789822642.058760	41777308577	16712792847	181736045	6871000	32080000	7627000	40000	948149	0	1567739	0
1789822642.568077	41777904706	16712951233	181736045	6871000	32080000	7627000	40000	834478	0	1555726	0
1789822643.073489	41778057232	16712954895	181736045	6899000	32070000	7658000	40000	691975	0	1600123	0
1789822643.583758	41778239727	16712964111	181736045	6899000	32070000	7658000	40000	787564	0	1460340	0
1789822644.090051	41778644633	16713061584	181736045	6899000	32070000	7658000	40000	1365792	0	2099018	0
1789822644.598209	41779059488	16713156066	181736045	6899000	32070000	7658000	40000	565299	0	1423302	0
1789822645.104043	41779565529	16713329162	181736045	6899000	32070000	7658000	41000	1221689	0	1600000	0
1789822645.614465	41779839271	16713374083	181736045	6899000	32070000	7658000	41000	669792	0	1545198	0
1789822646.122022	41779998145	16713377501	181736045	6890000	32070000	7648000	40000	957868	0	1555554	0
1789822646.630976	41780179236	16713384398	181736045	6890000	32070000	7648000	40000	652649	0	1451316	0
1789822647.137272	41780440649	16713391600	181736045	6890000	32070000	7648000	40000	920581	0	1499880	0
1789822647.647357	41780615331	16713398192	181736045	6890000	32070000	7648000	40000	1195464	0	1543193	0
1789822648.153042	41780795872	16713405516	181736045	6899000	32070000	7658000	40000	774769	0	1500000	0
1789822648.662191	41781008946	16713422606	181736045	6899000	32070000	7658000	40000	619776	0	1432862	0
1789822649.168487	41781554660	16713630796	181736045	6899000	32070000	7658000	40000	911499	0	1467417	0
1789822649.678021	41781810762	16713639952	181736045	6899000	32070000	7658000	40000	661574	0	1527401	0
1789822650.184044	41782157197	16713666563	181736045	6904000	32060000	7663000	39000	647581	0	1563259	0
1789822650.693173	41782441132	16713708311	181736473	6904000	32060000	7663000	39000	644082	0	1500032	0
1789822651.197838	41783028838	16713926389	181736595	6904000	32060000	7663000	40000	983012	0	1700000	0
1789822651.706189	41783217375	16713933591	181736595	6904000	32060000	7663000	40000	662001	0	1452339	0
1789822652.212317	41783464262	16713949399	181736595	6901000	32060000	7660000	39000	706377	0	1460503	0
1789822652.721517	41783718045	16713961606	181736656	6901000	32060000	7660000	39000	576052	0	1400232	0
1789822653.227501	41783927517	16713971433	181736656	6901000	32060000	7660000	39000	771761	0	1471891	0
1789822653.736306	41784134670	16713981626	181736717	6901000	32060000	7660000	39000	708300	0	1537359	0
1789822654.242390	41784697657	16714160153	181736717	6906000	32060000	7665000	39000	919514	0	1905231	0
1789822654.751298	41784866175	16714166928	181736717	6906000	32060000	7665000	39000	1207178	0	1656846	0
1789822655.255954	41785190759	16714175656	181736717	6906000	32060000	7665000	39000	1023597	0	1561441	0
1789822655.766451	41785405785	16714186398	181736717	6906000	32060000	7665000	39000	596308	0	1500000	0
1789822656.272399	41785622459	16714195187	181736717	6906000	32060000	7665000	39000	666568	0	1544809	0
1789822656.784229	41785816489	16714206295	181736717	6906000	32060000	7665000	39000	600678	0	1521842	0
1789822657.290508	41786011679	16714216244	181736778	6903000	32060000	7662000	39000	553068	0	1384738	0
1789822657.801437	41786211935	16714226376	181736839	6903000	32060000	7662000	39000	735426	0	1499975	0
1789822658.307019	41786371298	16714231442	181736839	6903000	32060000	7662000	39000	809025	0	1500000	0
1789822658.815548	41786690694	16714243222	181736839	6903000	32060000	7662000	39000	571334	0	1399013	0
1789822659.320727	41786871174	16714252621	181736839	6907000	32050000	7666000	39000	663145	0	1449499	0
1789822659.830488	41787072834	16714265011	181736839	6907000	32050000	7666000	39000	668976	0	1548129	0
1789822660.337087	41787295123	16714275692	181736839	6907000	32050000	7666000	39000	575836	0	1469259	0
1789822660.847947	41789244459	16715100397	181736839	6907000	32050000	7666000	39000	1488718	0	1500224	0
1789822661.356005	41792554998	16716885000	181736839	6907000	32050000	7666000	42000	930987	0	1100000	0
1789822661.865997	41795599973	16718493150	181736839	6907000	32050000	7666000	42000	945257	0	1100000	0
1789822662.372981	41798620351	16720078229	181736839	6907000	32050000	7666000	42000	1029149	0	1200012	0
1789822662.887211	41801695233	16721676552	181736839	6907000	32050000	7666000	42000	997523	0	1200012	0
1789822663.394160	41804708897	16723269627	181736839	6856000	32050000	7610000	42000	1017812	0	1300013	0
1789822663.906374	41807766018	16724881927	181736839	6856000	32050000	7610000	42000	1160359	0	1400014	0
1789822664.412090	41810785237	16726435695	181736839	6856000	32050000	7610000	42000	1024116	0	1299986	0
1789822664.922152	41813829174	16727983726	181736839	6856000	32050000	7610000	42000	1071935	0	1300013	0
1789822665.428448	41816850468	16729562579	181736839	6853000	32040000	7607000	43000	1067383	0	1311018	0
1789822665.941008	41819908687	16731173903	181736839	6853000	32040000	7607000	43000	998547	0	1328607	0
1789822666.447661	41822579030	16732481822	181736839	6853000	32040000	7607000	43000	851880	0	2200456	0
1789822666.955953	41825498517	16733708077	181736839	6853000	32040000	7607000	43000	1934856	0	2400320	0
1789822667.460993	41828998264	16735566348	181736839	6831000	32040000	7582000	42000	934603	0	1100000	0
1789822667.972973	41832048793	16737168517	181736839	6831000	32040000	7582000	42000	942701	0	1142868	0
1789822668.478974	41835067645	16738758235	181736839	6831000	32030000	7582000	43000	947313	0	1110348	0
1789822668.992024	41838134288	16740342398	181736839	6831000	32030000	7582000	43000	933408	0	1087337	0
1789822669.498972	41841159487	16741885729	181736839	6831000	32030000	7582000	43000	936904	0	1100000	0
1789822670.010994	41844218562	16743447310	181736839	6831000	32030000	7582000	43000	895024	0	1039970	0
1789822670.517783	41847238451	16744996500	181736839	6854000	32020000	7608000	43000	1031282	0	1184871	0
1789822671.028961	41850285624	16746602026	181736839	6854000	32020000	7608000	43000	1031745	0	1200000	0
1789822671.537124	41853310335	16748182161	181736839	6854000	32020000	7608000	43000	1088042	0	1369666	0
1789822672.049331	41856364344	16749770658	181736839	6854000	32020000	7608000	43000	1275339	0	1500000	0
1789822672.557987	41859326555	16751293847	181736839	6842000	32020000	7594000	43000	1187647	0	2000252	0
1789822673.069891	41861237439	16752038230	181736839	6842000	32020000	7594000	43000	730011	0	1600292	0
1789822673.577936	41861761363	16752137229	181736839	6842000	32020000	7594000	42000	993176	0	2236911	0
1789822674.089069	41862365305	16752276266	181736839	6842000	32020000	7594000	42000	1212637	0	1438672	0
1789822674.596816	41862973457	16752389914	181736839	6895000	32010000	7653000	40000	571697	0	1173491	0
1789822675.110390	41863557501	16752563009	181737999	6895000	32010000	7653000	40000	777246	0	1600026	0
1789822675.618285	41863943059	16752572286	181737999	6895000	32010000	7653000	40000	662405	0	1499066	0
1789822676.132001	41865214968	16753365253	181737999	6895000	32010000	7653000	40000	1642947	0	1700287	0
1789822676.637948	41869093681	16756523326	181737999	6854000	32010000	7608000	44000	1262532	0	1500000	0
1789822677.148708	41872143661	16758908024	181737999	6854000	32010000	7608000	44000	1262548	0	1499984	0
1789822677.653951	41875156532	16761214232	181737999	6854000	32010000	7608000	44000	1250287	0	1402385	0
1789822678.163922	41878202483	16763597710	181737999	6854000	32010000	7608000	44000	1253804	0	1430100	0
1789822678.668158	41881176170	16765918749	181737999	6848000	32000000	7601000	45000	1476646	0	1700417	0
1789822679.178941	41883154619	16767311201	181737999	6848000	32000000	7601000	45000	688513	0	1607871	0
1789822679.687824	41883804764	16767510175	181737999	6848000	32000000	7601000	41000	1136934	0	2100000	0
1789822680.200337	41884397841	16767663495	181740318	6848000	32000000	7601000	41000	659251	0	1599982	0
1789822680.708000	41884563490	16767667706	181740318	6848000	32000000	7601000	40000	697549	0	1600000	0
1789822681.221021	41884798902	16767685162	181741783	6848000	32000000	7601000	40000	994807	0	1560225	0
1789822681.728555	41885006970	16767696515	181741783	6902000	32000000	7661000	40000	629140	0	1533085	0
1789822682.242987	41886001658	16768243389	181741783	6902000	32000000	7661000	40000	1721125	0	1900185	0
1789822682.749049	41889601746	16771210117	181741783	6902000	32000000	7661000	43000	1861617	0	2200296	0
1789822683.260943	41892781548	16773744656	181741783	6902000	32000000	7661000	43000	2040093	0	2300343	0
1789822683.764927	41895916122	16776273336	181741783	6843000	32000000	7596000	43000	1831857	0	2100356	0
1789822684.273783	41898459695	16778167252	181741783	6843000	32000000	7596000	43000	1506044	0	2700027	0
1789822684.777956	41901708161	16780698496	181741783	6843000	32000000	7596000	43000	1990653	0	2300359	0
1789822685.285943	41904959495	16783332950	181741783	6843000	32000000	7596000	43000	1931816	0	2200334	0
1789822685.790943	41907973831	16785759274	181741783	6849000	31990000	7602000	43000	2023536	0	2200329	0
1789822686.301025	41910940132	16788141897	181741783	6849000	31990000	7602000	43000	2295953	0	3013671	0
1789822686.806954	41913007570	16789624987	181741783	6849000	31990000	7602000	42000	743327	0	1700209	0
1789822687.318950	41913308412	16789680223	181741783	6849000	31990000	7602000	42000	1080428	0	1598468	0
1789822687.826638	41913804687	16789839830	181741783	6896000	31980000	7654000	41000	669814	0	1558349	0
1789822688.338551	41914014098	16789845689	181741783	6896000	31980000	7654000	41000	693451	0	1599786	0
1789822688.846689	41914373533	16789890977	181741783	6896000	31980000	7654000	41000	666843	0	1534553	0
1789822689.357901	41914717588	16789906297	181741783	6896000	31980000	7654000	41000	756535	0	1600000	0
1789822689.865419	41915006588	16789954637	181741783	6900000	31980000	7659000	41000	1352039	0	2193548	0
1789822690.377746	41916719169	16791075850	181741783	6900000	31980000	7659000	41000	1228536	0	3097685	0
1789822690.884366	41918115223	16791983013	181741783	6900000	31980000	7659000	43000	1228709	0	3099968	0
1789822691.395455	41919527329	16792876199	181741783	6900000	31980000	7659000	43000	1442218	0	3015447	0
1789822691.902004	41921032940	16793816626	181741783	6900000	31980000	7659000	43000	1229036	0	3100000	0
1789822692.413581	41922433632	16794743443	181741783	6900000	31980000	7659000	43000	1225621	0	3051065	0
1789822692.920795	41923881566	16795712373	181741783	6878000	31980000	7634000	43000	1331146	0	2925255	0
1789822693.431190	41925470063	16796826567	181741783	6878000	31980000	7634000	43000	1212111	0	3100000	0
1789822693.937668	41927013211	16797860134	181741783	6878000	31980000	7634000	44000	1395981	0	3100000	0
1789822694.447835	41928913596	16798990807	181741783	6878000	31980000	7634000	44000	1481185	0	2956341	0
1789822694.954297	41930313739	16799897727	181741783	6865000	31970000	7620000	45000	1429814	0	3061008	0
1789822695.462393	41931900832	16800951252	181741783	6865000	31970000	7620000	45000	1216910	0	3060031	0
1789822695.969020	41933337657	16801890580	181741783	6865000	31970000	7620000	43000	1350181	0	3037609	0
1789822696.479949	41934783210	16802844252	181741783	6865000	31970000	7620000	43000	1221959	0	3024684	0
1789822696.986910	41936198551	16803756481	181741783	6880000	31970000	7636000	42000	1230948	0	3070502	0
1789822697.497158	41937606750	16804688791	181741783	6880000	31970000	7636000	42000	1219680	0	3037509	0
1789822698.003897	41939082210	16805625068	181741783	6880000	31970000	7636000	42000	1192616	0	2977945	0
1789822698.514182	41940503227	16806553715	181741783	6880000	31970000	7636000	42000	1173814	0	2911317	0
1789822699.022478	41941992054	16807550051	181741783	6880000	31960000	7637000	44000	1193309	0	3044451	0
1789822699.532566	41943392380	16808474304	181741783	6880000	31960000	7637000	44000	1261274	0	3072624	0
1789822700.039540	41944066145	16808701476	181741783	6880000	31960000	7637000	40000	654967	0	1539521	0
1789822700.551826	41944528547	16808856444	181741783	6880000	31960000	7637000	40000	653585	0	1528500	0
1789822701.059965	41944762921	16808868773	181741783	6899000	31960000	7658000	40000	1089221	0	1548332	0
1789822701.573119	41945017437	16808879332	181741783	6899000	31960000	7658000	40000	680871	0	1546698	0
1789822702.081458	41945211528	16808888914	181741783	6899000	31960000	7658000	40000	637508	0	1600000	0
1789822702.593638	41945401957	16808896239	181741783	6899000	31960000	7658000	40000	822482	0	1600248	0
1789822703.101683	41947314855	16810116084	181741783	6899000	31960000	7658000	46000	1692876	0	3100000	0
1789822703.612575	41950266935	16811999075	181741783	6899000	31960000	7658000	46000	1522664	0	2786633	0
1789822704.118022	41953247457	16813239733	181741783	6885000	31960000	7642000	42000	1735713	0	2967992	0
1789822704.627619	41955577591	16814716902	181741783	6885000	31960000	7642000	42000	1262051	0	3100000	0
1789822705.133160	41958336983	16816421488	181741783	6885000	31960000	7642000	49000	1209029	0	2816266	0
1789822705.642426	41961002564	16817294533	181741783	6885000	31960000	7642000	49000	763135	0	1800022	0
1789822706.150701	41961559448	16817463783	181741783	6859000	31950000	7613000	42000	857151	0	1700391	0
1789822706.662072	41961862975	16817519691	181741783	6859000	31950000	7613000	42000	639298	0	1236279	0
1789822707.167831	41962094481	16817532264	181741783	6859000	31950000	7613000	40000	706398	0	1553902	0
1789822707.678776	41962315793	16817540382	181741783	6859000	31950000	7613000	40000	1202114	0	1500000	0
1789822708.185123	41962642697	16817560950	181741783	6901000	31950000	7660000	40000	951148	0	1557087	0
1789822708.698056	41963077938	16817650489	181741783	6901000	31950000	7660000	40000	781589	0	1600032	0
1789822709.203689	41965516164	16819412508	181741783	6901000	31950000	7660000	45000	1293925	0	3000030	0
1789822709.711726	41967596725	16820927519	181741783	6901000	31950000	7660000	45000	966774	0	3100000	0
1789822710.216019	41969706216	16822459680	181741783	6868000	31940000	7623000	45000	1274581	0	3100031	0
1789822710.724884	41971791660	16823976522	181741783	6868000	31940000	7623000	45000	955126	0	3100000	0
1789822711.230050	41974005888	16825483599	181741783	6868000	31940000	7623000	46000	1461134	0	3100000	0
1789822711.738965	41976051415	16826969679	181741783	6868000	31940000	7623000	46000	1257483	0	3099968	0
1789822712.244005	41978097674	16828446787	181741783	6869000	31940000	7624000	46000	1809128	0	3100000	0
1789822712.752000	41980159681	16829946966	181741783	6869000	31940000	7624000	46000	1025278	0	3099968	0
1789822713.258188	41982219307	16831439821	181741783	6869000	31940000	7624000	46000	1623017	0	3100000	0
1789822713.765607	41982699225	16831659181	181741783	6869000	31940000	7624000	46000	621817	0	1546222	0
1789822714.271634	41983559208	16832007202	181741783	6869000	31940000	7624000	41000	827253	0	1664508	0
1789822714.784107	41983730778	16832015259	181741783	6869000	31940000	7624000	41000	1193659	0	1581601	0
1789822715.290516	41983920597	16832022156	181741783	6892000	31930000	7650000	40000	649545	0	1454939	0
1789822715.800062	41984083560	16832028076	181741783	6892000	31930000	7650000	40000	585195	0	1500000	0
1789822716.306392	41984331606	16832035279	181741783	6892000	31930000	7650000	40000	788885	0	1600021	0
1789822716.815334	41984759401	16832152649	181741783	6892000	31930000	7650000	40000	579276	0	1500000	0
1789822717.321395	41985145203	16832255859	181741783	6899000	31930000	7658000	40000	665933	0	1534506	0
1789822717.831326	41985364746	16832263305	181741783	6899000	31930000	7658000	40000	585343	0	1500000	0
1789822718.337479	41985565246	16832271789	181741783	6899000	31930000	7658000	40000	672002	0	1532787	0
1789822718.847273	41985738158	16832279357	181741783	6899000	31930000	7658000	40000	589492	0	1423575	0
1789822719.354673	41985903441	16832286132	181741783	6901000	31930000	7660000	40000	646757	0	1449617	0
1789822719.863460	41986104124	16832299499	181741783	6901000	31930000	7660000	40000	764424	0	1430539	0
1789822720.369028	41986338498	16832322082	181741783	6901000	31930000	7660000	40000	979037	0	1481018	0
1789822720.879719	41986702999	16832440612	181741783	6901000	31930000	7660000	40000	854948	0	1600000	0
1789822721.385198	41987101802	16832532531	181741783	6898000	31930000	7656000	40000	654650	0	1493221	0
1789822721.894431	41987339045	16832539428	181741783	6898000	31930000	7656000	40000	648439	0	1500019	0
1789822722.400406	41987595758	16832550658	181741783	6898000	31930000	7656000	39000	747905	0	1497122	0
1789822722.910472	41987737176	16832555785	181741783	6898000	31930000	7656000	39000	659853	0	1485659	0
1789822723.415401	41987909112	16832562377	181741783	6904000	31920000	7663000	39000	612881	0	1459588	0
1789822723.925408	41988057732	16832568724	181741783	6904000	31920000	7663000	39000	646043	0	1393566	0
1789822724.431066	41988669608	16832775267	181744896	6904000	31920000	7663000	40000	1515015	0	1700228	0
1789822724.940353	41988882864	16832790770	181744896	6904000	31920000	7663000	40000	1101425	0	1700243	0
1789822725.446694	41989377980	16832940733	181746360	6904000	31920000	7663000	39000	673355	0	1576915	0
1789822725.957260	41989672596	16832950315	181746421	6904000	31920000	7663000	39000	726258	0	1442812	0
1789822726.463054	41989868457	16832958799	181746421	6899000	31920000	7658000	39000	648828	0	1439666	0
1789822726.972121	41990052783	16832967954	181746421	6899000	31920000	7658000	39000	570289	0	1474372	0
1789822727.478518	41990332751	16832984312	181746421	6899000	31920000	7658000	39000	899890	0	1500000	0
1789822727.987149	41990482042	16832990781	181746421	6899000	31920000	7658000	39000	1180158	0	1501102	0
1789822728.493543	41990701829	16832999021	181746421	6900000	31920000	7659000	39000	717265	0	1599967	0
1789822729.003520	41990920396	16833014951	181746421	6900000	31920000	7659000	39000	549536	0	1098099	0
1789822729.510723	41991161118	16833022520	181746421	6900000	31920000	7659000	39000	542607	0	1400000	0
1789822730.020482	41991346908	16833031614	181746421	6900000	31920000	7659000	39000	892976	0	1458147	0
1789822730.526540	41991651778	16833042295	181746421	6902000	31920000	7661000	39000	1047547	0	1541959	0
1789822731.036325	41991834578	16833051328	181746421	6902000	31920000	7661000	39000	660438	0	1558349	0
1789822731.543256	41992018293	16833057310	181746421	6902000	31920000	7661000	39000	642189	0	1388479	0
1789822732.054239	41992212262	16833066770	181746421	6902000	31920000	7661000	39000	564006	0	1417403	0
1789822732.560492	41992413129	16833074521	181746421	6905000	31910000	7664000	39000	687239	0	1577258	0
1789822733.071008	41992764141	16833084348	181746421	6905000	31910000	7664000	39000	754691	0	1439852	0
1789822733.577558	41993001323	16833093015	181746421	6905000	31910000	7664000	39000	648849	0	1500000	0
1789822734.086270	41993351236	16833173886	181746421	6905000	31910000	7664000	39000	1177250	0	1500148	0
1789822734.592929	41994517615	16833604916	181746421	6889000	31910000	7647000	41000	1800171	0	2100412	0
1789822735.103076	41998099088	16835433463	181746421	6889000	31910000	7647000	41000	795051	0	900000	0
1789822735.611068	42000878073	16836842517	181746421	6889000	31910000	7647000	41000	794559	0	900009	0
1789822736.125982	42003688857	16838270797	181746421	6889000	31910000	7647000	41000	862885	0	1000010	0
1789822736.631998	42006460822	16839673198	181746421	6889000	31910000	7647000	41000	829778	0	990084	0
1789822737.144994	42009270690	16841017677	181746421	6889000	31910000	7647000	41000	744149	0	900009	0
1789822737.651792	42012037529	16842394993	181746421	6858000	31910000	7612000	42000	740935	0	900000	0
1789822738.163995	42014843857	16843790436	181746421	6858000	31910000	7612000	42000	735999	0	900018	0
1789822738.671002	42017615884	16845144620	181746421	6858000	31910000	7612000	42000	785368	0	900000	0
1789822739.183204	42020411531	16846539514	181746421	6858000	31910000	7612000	42000	796585	0	900000	0
1789822739.691213	42023177881	16847929708	181746421	6858000	31900000	7612000	42000	815431	0	1171889	0
1789822740.201604	42025964190	16849350847	181746421	6858000	31900000	7612000	42000	847104	0	1199987	0
1789822740.708219	42028713512	16850768690	181746421	6858000	31900000	7612000	43000	980725	0	1700000	0
1789822741.217973	42031080876	16851880443	181746421	6858000	31900000	7612000	43000	1353316	0	2000121	0
1789822741.725251	42034316647	16853498114	181746421	6863000	31890000	7618000	42000	798074	0	900009	0
1789822742.238074	42037120534	16854914492	181746421	6863000	31890000	7618000	42000	792074	0	900009	0
1789822742.747969	42039906720	16856324096	181746421	6863000	31890000	7618000	42000	844451	0	1000000	0
1789822743.262011	42042721349	16857772700	181746421	6863000	31890000	7618000	42000	789638	0	900000	0
1789822743.770068	42045499357	16859152397	181746421	6855000	31890000	7609000	42000	850019	0	1000010	0
1789822744.285079	42048313315	16860502003	181746421	6855000	31890000	7609000	42000	834191	0	1000000	0
1789822744.791798	42051081130	16861928574	181746421	6855000	31890000	7609000	42000	834809	0	977638	0
1789822745.308070	42053913459	16863304425	181746421	6855000	31890000	7609000	42000	745209	0	900000	0
1789822745.816988	42056697327	16864655373	181746421	6854000	31880000	7608000	42000	699553	0	841319	0
1789822746.330684	42059498284	16866031468	181746421	6854000	31880000	7608000	42000	831102	0	1000000	0
1789822746.837316	42062258958	16867398408	181746421	6854000	31880000	7608000	43000	843152	0	1200000	0
1789822747.347588	42065045633	16868829069	181746421	6854000	31880000	7608000	43000	1058399	0	1299973	0
1789822747.853757	42067788363	16870287561	181746421	6857000	31880000	7611000	43000	1181093	0	1618185	0
1789822748.364094	42068558014	16870542687	181746421	6857000	31880000	7611000	43000	725035	0	1800270	0
1789822748.872573	42069058928	16870717980	181746421	6857000	31880000	7611000	40000	659190	0	1599971	0
1789822749.384924	42069252043	16870725060	181746421	6857000	31880000	7611000	40000	812603	0	1500337	0
1789822749.892787	42069602201	16870733116	181746421	6857000	31880000	7611000	40000	912904	0	1600105	0
1789822750.404444	42069774381	16870739403	181746421	6857000	31880000	7611000	40000	891422	0	1522341	0
1789822750.912916	42069936734	16870745140	181746421	6897000	31870000	7655000	40000	952485	0	1600177	0
1789822751.424992	42072933735	16873156084	181746421	6897000	31870000	7655000	40000	1049436	0	1200012	0
1789822751.931955	42075700879	16875278942	181746421	6897000	31870000	7655000	43000	1136658	0	1300000	0
1789822752.442858	42078495489	16877429266	181746421	6897000	31870000	7655000	43000	1141673	0	1300013	0
1789822752.947960	42081257445	16879543336	181746421	6852000	31870000	7605000	43000	1129756	0	1300000	0
1789822753.457916	42084048514	16881690181	181746421	6852000	31870000	7605000	43000	1141440	0	1300013	0
1789822753.967001	42086820113	16883826406	181746421	6852000	31870000	7605000	44000	1215400	0	1523437	0
1789822754.476815	42088857950	16885234422	181746421	6852000	31870000	7605000	44000	712792	0	1800248	0
1789822754.985959	42089299294	16885401048	181746421	6864000	31860000	7619000	41000	1131318	0	1700159	0
1789822755.498518	42089731422	16885451218	181746421	6864000	31860000	7619000	41000	654100	0	1532675	0
1789822756.007052	42090180578	16885454697	181746421	6864000	31860000	7619000	40000	861101	0	1600000	0
1789822756.519180	42090403967	16885461167	181746421	6864000	31860000	7619000	40000	607335	0	1458625	0
1789822757.027118	42090563634	16885466538	181746421	6898000	31860000	7657000	40000	878119	0	1500163	0
1789822757.539793	42091149143	16885718491	181746421	6898000	31860000	7657000	40000	1692558	0	1800184	0
1789822758.047011	42094679590	16888594033	181746421	6898000	31860000	7657000	43000	1873638	0	2200332	0
1789822758.555950	42097573260	16890888949	181746421	6898000	31860000	7657000	43000	1836910	0	2000251	0
1789822759.060938	42100344432	16893083340	181746421	6853000	31850000	7607000	43000	1676931	0	1800191	0
1789822759.572807	42103006290	16895166037	181746421	6853000	31850000	7607000	43000	1759331	0	3000723	0
1789822760.077987	42105671200	16897164262	181746421	6853000	31850000	7607000	44000	2055227	0	2400406	0
1789822760.588458	42108702870	16899607676	181746421	6853000	31850000	7607000	44000	1720808	0	1774984	0
1789822761.096475	42111474042	16901684392	181746421	6853000	31850000	7607000	43000	1689693	0	1800272	0
1789822761.602950	42114236181	16903875366	181746421	6853000	31850000	7607000	43000	1887145	0	1900275	0
1789822762.108070	42116803862	16905870295	181746421	6854000	31850000	7608000	43000	1244006	0	1838043	0
1789822762.618588	42117388944	16906134576	181746421	6854000	31850000	7608000	43000	1116329	0	1600024	0
1789822763.125925	42117855190	16906295525	181746421	6854000	31850000	7608000	41000	669497	0	1699981	0
1789822763.635920	42118024990	16906299554	181746421	6854000	31850000	7608000	41000	659158	0	1473061	0
1789822764.143939	42118494227	16906449883	181746421	6896000	31840000	7654000	41000	1188564	0	1599983	0
1789822764.653392	42118776941	16906477837	181746421	6896000	31840000	7654000	41000	656655	0	1453029	0
1789822765.161994	42119061608	16906486565	181746421	6896000	31840000	7654000	41000	1104702	0	1701048	0
1789822765.674639	42120292440	16907156851	181746421	6896000	31840000	7654000	41000	931081	0	2978708	0
1789822766.179940	42121814042	16908159046	181746421	6890000	31840000	7648000	45000	917821	0	3078696	0
1789822766.688440	42123235609	16909038316	181746421	6890000	31840000	7648000	45000	883360	0	2944932	0
1789822767.194422	42124607920	16909924361	181746421	6890000	31840000	7648000	45000	909836	0	3078441	0
1789822767.704756	42125971380	16910816754	181746421	6890000	31840000	7648000	45000	909963	0	3079250	0
1789822768.209395	42127442690	16911765909	181746421	6878000	31840000	7634000	48000	934207	0	3100000	0
1789822768.717834	42128843504	16912682533	181746421	6878000	31840000	7634000	48000	916745	0	2933686	0
1789822769.223847	42130421564	16913779149	181746421	6878000	31840000	7634000	45000	1086363	0	3075182	0
1789822769.733174	42131807791	16914692660	181746421	6878000	31840000	7634000	45000	919773	0	3100000	0
1789822770.238448	42133334216	16915694427	181746421	6873000	31830000	7629000	45000	916254	0	3073119	0
1789822770.747920	42134794844	16916675443	181746421	6873000	31830000	7629000	45000	904742	0	3037691	0
1789822771.252530	42136165019	16917567408	181746421	6873000	31830000	7629000	46000	906053	0	2948389	0
1789822771.761478	42137592200	16918506493	181746421	6873000	31830000	7629000	46000	1492703	0	3100000	0
1789822772.293025	42139074862	16919444418	181746421	6873000	31830000	7629000	45000	897184	0	2977269	0
1789822772.803753	42140469573	16920346393	181746421	6873000	31830000	7629000	45000	916131	0	3100000	0
1789822773.309535	42141889369	16921256791	181746421	6880000	31830000	7636000	45000	1044314	0	2873122	0
1789822773.818508	42143254356	16922137038	181746421	6880000	31830000	7636000	45000	932549	0	3099969	0
1789822774.324729	42144973895	16923216869	181746421	6880000	31830000	7636000	46000	916021	0	3084714	0
1789822774.832471	42146408523	16924151864	181746421	6880000	31830000	7636000	46000	912522	0	3100000	0
1789822775.338147	42147451428	16924745124	181746421	6879000	31820000	7635000	40000	1166523	0	1843213	0
1789822775.853728	42147939037	16924894172	181746421	6879000	31820000	7635000	40000	752428	0	1617084	0
1789822776.361945	42148126170	16924900519	181746421	6879000	31820000	7635000	40000	841784	0	1634156	0
1789822776.872835	42148301890	16924906440	181746421	6879000	31820000	7635000	40000	1258856	0	1600141	0
1789822777.380100	42148541025	16924912970	181746421	6899000	31820000	7658000	40000	1096393	0	1526597	0
1789822777.891981	42148715402	16924918769	181746421	6899000	31820000	7658000	40000	784790	0	1577984	0
1789822778.399147	42149535468	16925378118	181746421	6899000	31820000	7658000	48000	1238769	0	3097755	0
1789822778.910029	42152673644	16927370911	181746421	6899000	31820000	7658000	48000	1096043	0	3100000	0
1789822779.417239	42155405326	16928714413	181746421	6859000	31820000	7613000	46000	1395721	0	3006219	0
1789822779.925136	42157680223	16929691095	181746421	6859000	31820000	7613000	46000	896350	0	2917646	0
1789822780.430073	42160132853	16931333608	181746421	6859000	31820000	7613000	50000	1300674	0	3099968	0
1789822780.940017	42162815341	16932589098	181746421	6859000	31820000	7613000	50000	737500	0	3100000	0
1789822781.444525	42164180145	16932954698	181746421	6859000	31810000	7613000	42000	1175012	0	1800774	0
1789822781.954030	42164692595	16933144456	181746421	6859000	31810000	7613000	42000	683927	0	1600000	0
1789822782.461692	42165035611	16933151475	181746421	6859000	31810000	7613000	40000	663520	0	1508030	0
1789822782.975075	42165194913	16933156235	181746421	6859000	31810000	7613000	40000	706257	0	1700763	0
1789822783.482770	42165368740	16933162522	181746421	6859000	31810000	7613000	40000	1022421	0	1503800	0
1789822783.996781	42165543301	16933168748	181746421	6859000	31810000	7613000	40000	769320	0	1453652	0
1789822784.504206	42167138511	16934107466	181746421	6900000	31810000	7659000	49000	1246167	0	2766007	0
1789822785.011185	42169281572	16935625528	181746421	6900000	31810000	7659000	49000	1087918	0	2965256	0
1789822785.515906	42171254223	16937051001	181746421	6900000	31810000	7659000	49000	919151	0	3053663	0
1789822786.023402	42173228889	16938468478	181746421	6900000	31810000	7659000	49000	1303994	0	3060375	0
1789822786.527659	42175253908	16939892058	181746421	6869000	31800000	7624000	49000	1261053	0	2851815	0
1789822787.036081	42177350521	16941339198	181746421	6869000	31800000	7624000	49000	733929	0	3071438	0
1789822787.540454	42179415396	16942803061	181747581	6869000	31800000	7624000	49000	922603	0	2982245	0
1789822788.048667	42181442003	16944267840	181747581	6869000	31800000	7624000	49000	919710	0	2945017	0
1789822788.553255	42183451458	16945720840	181747581	6866000	31800000	7621000	49000	902653	0	3100000	0
1789822789.061656	42185220740	16946942577	181747581	6866000	31800000	7621000	49000	1461442	0	2000370	0
1789822789.569663	42185516455	16946995372	181747581	6866000	31800000	7621000	41000	1529579	0	2200348	0
1789822790.080940	42185901159	16947105541	181747581	6866000	31800000	7621000	41000	740485	0	1600220	0
1789822790.588910	42186062657	16947109874	181747581	6898000	31790000	7657000	40000	845087	0	1500000	0
1789822791.101040	42186227635	16947118480	181747581	6898000	31790000	7657000	40000	662541	0	1600016	0
1789822791.609673	42186422581	16947124217	181747581	6898000	31790000	7657000	40000	783042	0	1570531	0
1789822792.121968	42186755465	16947139781	181747581	6898000	31790000	7657000	40000	764192	0	1511607	0
1789822792.630097	42187278596	16947338877	181747581	6884000	31790000	7641000	40000	913576	0	1522244	0
1789822793.142500	42187454560	16947346690	181747581	6884000	31790000	7641000	40000	655529	0	1543931	0
1789822793.650919	42187612092	16947350962	181747581	6884000	31790000	7641000	40000	680702	0	1546103	0
1789822794.162851	42188165862	16947541392	181747581	6884000	31790000	7641000	40000	1157816	0	2784713	0
1789822794.668849	42188424407	16947554392	181747581	6884000	31790000	7641000	39000	689656	0	1599565	0
1789822795.181910	42188636564	16947565867	181747581	6884000	31790000	7641000	39000	795207	0	1548820	0
1789822795.689916	42188861905	16947570749	181747581	6898000	31790000	7656000	40000	623871	0	1390883	0
1789822796.202052	42189047513	16947582407	181747581	6898000	31790000	7656000	40000	762674	0	1366605	0
1789822796.709250	42189680202	16947782907	181747581	6898000	31790000	7656000	39000	817668	0	1677598	0
1789822797.221902	42189879603	16947791391	181747581	6898000	31790000	7656000	39000	654283	0	1534026	0
1789822797.730088	42190107203	16947796091	181747581	6887000	31790000	7644000	39000	908155	0	1502169	0
1789822798.243977	42190398950	16947842233	181749412	6887000	31790000	7644000	39000	544247	0	1553982	0
1789822798.750929	42190984825	16948051034	181750511	6887000	31790000	7644000	39000	690627	0	1624759	0
1789822799.264821	42191171226	16948062020	181750511	6887000	31790000	7644000	39000	775015	0	1600000	0
1789822799.772064	42191519308	16948075875	181750511	6898000	31780000	7656000	39000	1175903	0	1527369	0
1789822800.282293	42191778707	16948097054	181750511	6898000	31780000	7656000	39000	651825	0	1414386	0
1789822800.789962	42191972249	16948104989	181750511	6898000	31780000	7656000	39000	1073562	0	1577036	0
1789822801.301080	42192175007	16948116097	181750511	6898000	31780000	7656000	39000	1151812	0	1547574	0
1789822801.809172	42192359577	16948122323	181750572	6899000	31780000	7658000	39000	1030305	0	1530679	0
1789822802.321045	42192575153	16948134408	181750572	6899000	31780000	7658000	39000	890161	0	1537768	0
1789822802.830202	42192735858	16948138253	181750572	6899000	31780000	7658000	39000	955402	0	1534194	0
1789822803.343140	42193049639	16948148079	181750572	6899000	31780000	7658000	39000	680391	0	1600221	0
1789822803.851117	42193240373	16948155282	181750572	6900000	31780000	7659000	39000	768514	0	1571010	0
1789822804.364761	42193801224	16948346870	181750572	6900000	31780000	7659000	39000	641162	0	1529223	0
1789822804.873049	42193986160	16948353706	181750572	6900000	31780000	7659000	39000	676611	0	1527904	0
1789822805.384034	42194173842	16948361763	181750572	6900000	31780000	7659000	39000	653074	0	1424441	0
1789822805.892046	42194439101	16948368294	181750572	6903000	31780000	7662000	39000	643037	0	1544081	0
1789822806.406906	42194611891	16948375191	181750572	6903000	31780000	7662000	39000	675014	0	1599937	0
1789822806.915035	42194791089	16948381721	181750572	6903000	31780000	7662000	39000	662527	0	1600036	0
1789822807.429023	42195021313	16948391548	181750572	6903000	31780000	7662000	39000	664727	0	1517671	0
1789822807.937017	42195308544	16948400642	181750572	6903000	31780000	7662000	39000	910858	0	1519949	0
1789822808.450115	42198062626	16949653264	181750572	6903000	31780000	7662000	39000	595020	0	700007	0
1789822808.958126	42200581907	16950867250	181750572	6897000	31780000	7655000	41000	694757	0	800000	0
1789822809.480083	42203175895	16952137510	181750572	6897000	31780000	7655000	41000	693178	0	800016	0
1789822809.995769	42205733749	16953395503	181750572	6897000	31780000	7655000	41000	733430	0	900009	0
1789822810.511984	42208299417	16954661002	181750572	6897000	31780000	7655000	41000	693242	0	800008	0
1789822811.022763	42210832064	16955891712	181750572	6861000	31770000	7615000	41000	747486	0	899990	0
1789822811.535079	42213386745	16957128403	181750572	6861000	31770000	7615000	41000	692444	0	800000	0
1789822812.049002	42215939046	16958306379	181750572	6861000	31770000	7615000	41000	670356	0	780387	0
1789822812.574003	42218547498	16959500223	181750572	6861000	31770000	7615000	41000	661131	0	799322	0
1789822813.090000	42221110053	16960680396	181750572	6861000	31770000	7615000	41000	685541	0	800000	0
1789822813.614003	42223714844	16961879612	181750572	6861000	31770000	7615000	41000	647378	0	799976	0
1789822814.131023	42226282403	16963041474	181750572	6861000	31770000	7615000	41000	687700	0	799991	0
1789822814.659206	42228902330	16964304349	181750572	6861000	31770000	7615000	41000	699631	0	899981	0
1789822815.166478	42231418864	16965534143	181750572	6859000	31760000	7613000	42000	731734	0	1000000	0
1789822815.680236	42233816014	16966685935	181750572	6859000	31760000	7613000	42000	680735	0	1545732	0
1789822816.184760	42236482938	16967972858	181750572	6859000	31760000	7613000	42000	738088	0	900000	0
1789822816.698079	42239041037	16969213455	181750572	6859000	31760000	7613000	42000	685780	0	799991	0
1789822817.209997	42241581070	16970444592	181750572	6860000	31750000	7614000	42000	688850	0	787365	0
1789822817.730010	42244163461	16971724618	181750572	6860000	31750000	7614000	42000	700012	0	800016	0
1789822818.240212	42246701113	16972913336	181750572	6860000	31750000	7614000	42000	712514	0	900018	0
1789822818.753076	42249252681	16974132632	181750572	6860000	31750000	7614000	42000	691310	0	800008	0
1789822819.264989	42251792042	16975362487	181750572	6860000	31750000	7614000	42000	684565	0	800000	0
1789822819.783239	42254365583	16976604061	181750572	6860000	31750000	7614000	42000	682534	0	900018	0
1789822820.290777	42256894995	16977807794	181750572	6860000	31750000	7614000	42000	694543	0	798630	0
1789822820.813965	42259486969	16979010732	181750572	6860000	31750000	7614000	42000	668737	0	800549	0
1789822821.321934	42262010522	16980203295	181750572	6860000	31750000	7614000	42000	713983	0	900009	0
1789822821.834245	42264560320	16981426254	181750572	6860000	31750000	7614000	42000	668403	0	800000	0
1789822822.342107	42267073192	16982663311	181750572	6860000	31740000	7614000	42000	720065	0	999979	0
1789822822.854369	42269595952	16983931618	181750572	6860000	31740000	7614000	42000	852045	0	1400000	0
1789822823.360139	42272020323	16985083166	181750572	6860000	31740000	7614000	42000	1238678	0	2000211	0
1789822823.870584	42272642453	16985262242	181750572	6860000	31740000	7614000	42000	675037	0	1600166	0
1789822824.379054	42273409846	16985605015	181750572	6859000	31740000	7613000	40000	688254	0	1600205	0
1789822824.890100	42273673456	16985621983	181750572	6859000	31740000	7613000	40000	629653	0	1437102	0
1789822825.398127	42274013604	16985634861	181750572	6859000	31740000	7613000	40000	808563	0	1546378	0
1789822825.910947	42274194695	16985642612	181750572	6859000	31740000	7613000	40000	759063	0	1391594	0
1789822826.418984	42274370048	16985648228	181750572	6898000	31730000	7656000	40000	744158	0	1600032	0
1789822826.932033	42277426193	16988085721	181750572	6898000	31730000	7656000	40000	966952	0	1135258	0
1789822827.438023	42279941079	16989970299	181750572	6898000	31730000	7656000	43000	1036688	0	1200000	0
1789822827.950935	42282491121	16991870563	181750572	6898000	31730000	7656000	43000	989552	0	1200000	0
1789822828.457494	42285003566	16993705092	181750572	6856000	31730000	7610000	43000	1050033	0	1200000	0
1789822828.968958	42287550373	16995611825	181750572	6856000	31730000	7610000	43000	1037557	0	1200012	0
1789822829.472926	42290055189	16997494206	181750572	6856000	31730000	7610000	43000	1044747	0	1200012	0
1789822829.982219	42292563117	16999349364	181750572	6856000	31730000	7610000	43000	1180543	0	1600000	0
1789822830.488122	42293731510	17000103696	181750572	6861000	31720000	7615000	40000	873995	0	1699583	0
1789822831.000461	42294273318	17000256650	181750572	6861000	31720000	7615000	40000	798174	0	2385396	0
1789822831.507831	42294439760	17000264157	181750572	6861000	31720000	7615000	40000	700032	0	1700240	0
1789822832.021002	42294612428	17000268979	181750572	6861000	31720000	7615000	40000	782957	0	1600000	0
1789822832.529055	42294788026	17000273251	181750572	6861000	31720000	7615000	40000	700672	0	1701559	0
1789822833.040925	42294968628	17000278256	181750572	6861000	31720000	7615000	40000	680585	0	1600233	0
1789822833.547940	42296715206	17001568841	181750572	6897000	31720000	7655000	45000	2242167	0	2300346	0
1789822834.059003	42299741077	17003915271	181750572	6897000	31720000	7655000	45000	1442750	0	1553740	0
1789822834.568007	42302273969	17005810224	181750572	6897000	31720000	7655000	42000	1480978	0	1600000	0
1789822835.078941	42304780737	17007738991	181750572	6897000	31720000	7655000	42000	1653350	0	1700241	0
1789822835.583952	42307260284	17009540195	181750572	6857000	31710000	7611000	43000	1901964	0	2190523	0
1789822836.091992	42309483850	17011118804	181750572	6857000	31710000	7611000	43000	1896770	0	2200283	0
1789822836.596949	42312349443	17013405969	181750572	6857000	31710000	7611000	43000	1490145	0	1600000	0
1789822837.106947	42314873973	17015343525	181750572	6857000	31710000	7611000	43000	1567089	0	1666633	0
1789822837.611953	42317368473	17017272536	181750572	6856000	31710000	7610000	43000	1777761	0	1900000	0
1789822838.121950	42319929929	17019257639	181750572	6856000	31710000	7610000	43000	1597282	0	1869844	0
1789822838.626452	42321797112	17020574225	181750572	6856000	31710000	7610000	42000	1608815	0	2922084	0
1789822839.134758	42322109672	17020608282	181750572	6856000	31710000	7610000	42000	1186791	0	1579777	0
1789822839.639407	42322711477	17020765020	181750572	6891000	31700000	7649000	40000	826621	0	1593543	0
1789822840.149843	42322887807	17020771307	181750572	6891000	31700000	7649000	40000	563567	0	1445607	0
1789822840.656513	42323115712	17020779974	181750572	6891000	31700000	7649000	40000	823280	0	1434169	0
1789822841.165367	42323291127	17020786321	181750572	6891000	31700000	7649000	40000	647524	0	1552199	0
1789822841.670977	42323510425	17020819890	181750572	6898000	31700000	7656000	40000	1187146	0	1701569	0
1789822842.180989	42325003891	17021754214	181750572	6898000	31700000	7656000	40000	1062507	0	3100031	0
1789822842.684969	42326483868	17022706055	181750572	6898000	31700000	7656000	45000	723805	0	2990446	0
1789822843.191576	42327821877	17023565184	181750572	6898000	31700000	7656000	45000	929979	0	2890359	0
1789822843.696641	42329168065	17024429928	181750572	6898000	31700000	7656000	44000	874643	0	3032255	0
1789822844.203460	42331005707	17025582390	181750572	6898000	31700000	7656000	44000	718847	0	2950783	0
1789822844.707165	42332384609	17026478812	181750572	6877000	31700000	7633000	45000	947508	0	2920547	0
1789822845.213461	42333824486	17027448719	181750572	6877000	31700000	7633000	45000	929081	0	3100031	0
1789822845.717922	42335305195	17028457505	181750572	6877000	31700000	7633000	44000	942846	0	2964725	0
1789822846.224335	42336793473	17029399092	181750572	6877000	31700000	7633000	44000	922185	0	2977973	0
1789822846.728836	42338163037	17030284588	181750572	6872000	31690000	7628000	45000	986203	0	3100031	0
1789822847.235436	42339614327	17031262430	181750572	6872000	31690000	7628000	45000	870375	0	3015008	0
1789822847.740469	42341004033	17032161597	181750572	6872000	31690000	7628000	45000	1112486	0	2948440	0
1789822848.246994	42342446595	17033118748	181750572	6872000	31690000	7628000	45000	725625	0	3005004	0
1789822848.751597	42343848630	17033995211	181750572	6872000	31690000	7628000	47000	933181	0	3100031	0
1789822849.258002	42345205804	17034869964	181750572	6872000	31690000	7628000	47000	797556	0	2962138	0
1789822849.762639	42346564627	17035755582	181750572	6872000	31690000	7628000	44000	1113189	0	3060230	0
1789822850.269338	42347954821	17036654872	181750572	6872000	31690000	7628000	44000	952279	0	2976894	0
1789822850.772788	42349335249	17037559960	181750572	6875000	31680000	7631000	45000	916786	0	2934487	0
1789822851.280105	42350740153	17038474020	181750572	6875000	31680000	7631000	45000	737496	0	3099968	0
1789822851.784091	42351667458	17038950948	181750572	6875000	31680000	7631000	40000	843385	0	1700257	0
1789822852.293745	42352135413	17039101826	181750572	6875000	31680000	7631000	40000	532050	0	1456402	0
1789822852.799818	42352303259	17039108723	181750572	6896000	31680000	7654000	40000	642728	0	1553123	0
1789822853.311475	42352472632	17039115681	181750572	6896000	31680000	7654000	40000	724031	0	1387522	0
1789822853.818121	42352762853	17039120381	181750572	6896000	31680000	7654000	40000	589879	0	1551584	0
1789822854.327881	42353348484	17039311481	181750572	6896000	31680000	7654000	40000	798805	0	1600000	0
1789822854.835901	42354664704	17040104326	181750572	6896000	31680000	7654000	46000	1431245	0	3100000	0
1789822855.342000	42357352563	17041877332	181750572	6896000	31680000	7654000	46000	1645878	0	3100000	0
1789822855.846378	42359944902	17043059885	181750572	6895000	31680000	7653000	43000	1126187	0	2600026	0
1789822856.353362	42362145641	17044010322	181750572	6895000	31680000	7653000	43000	972161	0	3064942	0
1789822856.857078	42364658513	17045659304	181750572	6895000	31680000	7653000	50000	737496	0	3099968	0
1789822857.363094	42367358702	17046892517	181750572	6895000	31680000	7653000	50000	977657	0	2899970	0
1789822857.866854	42368670100	17047270201	181750572	6848000	31670000	7601000	42000	825660	0	1641303	0
1789822858.374786	42369080988	17047414427	181750572	6848000	31670000	7601000	42000	674741	0	1544420	0
1789822858.881201	42369288445	17047422545	181750572	6848000	31670000	7601000	40000	636153	0	1479619	0
1789822859.391479	42369463738	17047429197	181750572	6848000	31670000	7601000	40000	716345	0	1500000	0
1789822859.896448	42369794731	17047483885	181750572	6898000	31670000	7656000	40000	637679	0	1599482	0
1789822860.406492	42370032279	17047494749	181750572	6898000	31670000	7656000	40000	655159	0	1432907	0
1789822860.912139	42371543445	17048496394	181750572	6898000	31670000	7656000	45000	1302836	0	3099968	0
1789822861.419739	42373804669	17050146842	181750572	6898000	31670000	7656000	45000	1299634	0	3100000	0
1789822861.924899	42376002173	17051706286	181750572	6860000	31670000	7614000	45000	1295764	0	3100000	0
1789822862.433007	42378103120	17053233504	181750572	6860000	31670000	7614000	45000	1251799	0	3099968	0
1789822862.938050	42380145901	17054682414	181750572	6860000	31670000	7614000	46000	1691090	0	2085112	0
1789822863.446005	42382062949	17056045203	181750572	6860000	31670000	7614000	46000	727061	0	3016495	0
1789822863.949967	42384098283	17057512607	181750572	6862000	31660000	7616000	49000	1123718	0	3099968	0
1789822864.457974	42386528575	17059198088	181750572	6862000	31660000	7616000	49000	909791	0	2942656	0
1789822864.961996	42388542180	17060648768	181750572	6862000	31660000	7616000	49000	1007581	0	3100000	0
1789822865.468658	42389858339	17061527855	181750572	6862000	31660000	7616000	49000	795850	0	1600190	0
1789822865.974707	42390358460	17061690391	181750572	6862000	31660000	7616000	41000	643765	0	1700022	0
1789822866.484361	42390574341	17061698082	181750572	6862000	31660000	7616000	41000	730708	0	1535280	0
1789822866.990498	42390743408	17061704124	181750572	6885000	31650000	7642000	40000	658324	0	1452277	0
1789822867.500512	42391094603	17061711448	181750572	6885000	31650000	7642000	40000	949982	0	1456112	0
1789822868.006590	42391258055	17061716514	181750572	6885000	31650000	7642000	40000	824435	0	1566638	0
1789822868.516035	42391493162	17061731895	181750572	6885000	31650000	7642000	40000	695635	0	1500000	0
1789822869.020967	42392030514	17061934959	181750572	6898000	31650000	7657000	40000	1065174	0	1572182	0
1789822869.531012	42392213863	17061943687	181750572	6898000	31650000	7657000	40000	700085	0	1508425	0
1789822870.037046	42392513850	17061956382	181750572	6898000	31650000	7657000	39000	676493	0	1548795	0
1789822870.546227	42392685236	17061964255	181750572	6898000	31650000	7657000	39000	588044	0	1416215	0
1789822871.052559	42392842706	17061969626	181750572	6899000	31650000	7658000	39000	531891	0	1455307	0
1789822871.561368	42393111810	17061976523	181750572	6899000	31650000	7658000	39000	591390	0	1448374	0
1789822872.067593	42393277154	17061982871	181750572	6899000	31650000	7658000	39000	665398	0	1467575	0
1789822872.577179	42393629081	17062059470	181750877	6899000	31650000	7658000	39000	1091335	0	1657071	0
1789822873.083020	42394161734	17062237936	181750999	6898000	31650000	7657000	39000	1109666	0	1600022	0
1789822873.593085	42394348684	17062249228	181750999	6898000	31650000	7657000	39000	676443	0	1448872	0
1789822874.099119	42394708546	17062357626	181750999	6898000	31650000	7657000	40000	1405217	0	1703160	0
1789822874.610583	42395036548	17062438375	181750999	6898000	31650000	7657000	40000	669783	0	1500241	0
1789822875.119006	42395246814	17062447408	181750999	6896000	31650000	7654000	39000	678128	0	1524801	0
1789822875.632926	42395444140	17062456320	181750999	6896000	31650000	7654000	39000	796927	0	1600231	0
1789822876.140652	42395664416	17062468832	181750999	6896000	31650000	7654000	39000	682767	0	1552282	0
1789822876.653710	42395841051	17062477926	181750999	6896000	31650000	7654000	39000	983957	0	1500008	0
1789822877.161038	42396035081	17062485677	181750999	6896000	31650000	7654000	39000	673297	0	1500213	0
1789822877.673942	42396251389	17062505453	181750999	6896000	31650000	7654000	39000	1242516	0	1615820	0
1789822878.181109	42396496750	17062513692	181750999	6898000	31640000	7657000	39000	915045	0	1551194	0
1789822878.692415	42396682723	17062521993	181750999	6898000	31640000	7657000	39000	811949	0	1564568	0
1789822879.200650	42396886458	17062529073	181750999	6898000	31640000	7657000	39000	1063531	0	1599668	0
1789822879.713600	42397152144	17062537679	181750999	6898000	31640000	7657000	39000	762347	0	1497785	0
1789822880.222010	42397343000	17062544942	181750999	6895000	31640000	7653000	39000	959269	0	1600214	0
1789822880.733267	42397532636	17062553243	181750999	6895000	31640000	7653000	39000	794374	0	1401495	0
1789822881.241032	42397715008	17062559163	181750999	6895000	31640000	7653000	39000	982017	0	1599977	0
1789822881.753371	42397914227	17062566793	181750999	6895000	31640000	7653000	39000	539822	0	1518583	0
1789822882.258964	42398091777	17062574300	181750999	6899000	31640000	7658000	39000	529634	0	1437074	0
1789822882.769054	42400684666	17063742876	181750999	6899000	31640000	7658000	39000	500005	0	600000	0
1789822883.286805	42402791656	17064626175	181750999	6899000	31640000	7658000	40000	400008	0	400033	0
1789822883.807699	42404877710	17065522108	181750999	6899000	31640000	7658000	40000	444342	0	500014	0
1789822884.331036	42406947956	17066439280	181750999	6868000	31640000	7623000	40000	550008	0	600006	0
1789822884.865048	42409069044	17067398384	181750999	6868000	31640000	7623000	40000	492273	0	600000	0
1789822885.382025	42411121041	17068306463	181750999	6868000	31640000	7623000	40000	491092	0	600018	0
1789822885.915622	42413243655	17069207767	181750999	6868000	31640000	7623000	40000	433420	0	473734	0
1789822886.435220	42415303831	17070063173	181750999	6868000	31630000	7623000	40000	447985	0	500015	0
1789822886.968070	42417418937	17070947997	181750999	6868000	31630000	7623000	40000	445212	0	497293	0
1789822887.485304	42419467089	17071813839	181750999	6868000	31630000	7623000	41000	492491	0	599993	0
1789822888.005049	42421531049	17072708979	181750999	6868000	31630000	7623000	41000	493565	0	600000	0
1789822888.516122	42423564979	17073536797	181750999	6866000	31620000	7621000	41000	444473	0	500005	0
1789822889.058664	42425753572	17074385000	181750999	6866000	31620000	7621000	41000	445030	0	500010	0
1789822889.576033	42427835171	17075223499	181750999	6866000	31620000	7621000	40000	400001	0	400021	0
1789822890.094028	42429868491	17076066697	181750999	6866000	31620000	7621000	40000	442275	0	493229	0
1789822890.613197	42431925858	17076936263	181750999	6866000	31620000	7621000	41000	448603	0	500010	0
1789822891.131711	42433985484	17077806256	181750999	6866000	31620000	7621000	41000	450000	0	500010	0
1789822891.643143	42436009771	17078673868	181750999	6866000	31620000	7621000	41000	493431	0	600006	0
1789822892.162992	42438073181	17079567360	181750999	6866000	31620000	7621000	41000	507255	0	599993	0
1789822892.673308	42440047236	17080459936	181750999	6866000	31620000	7621000	41000	1028494	0	1457316	0
1789822893.184236	42442125112	17081441256	181750999	6866000	31620000	7621000	41000	495164	0	600018	0
1789822893.695144	42444157272	17082320526	181750999	6868000	31610000	7623000	41000	450006	0	500010	0
1789822894.231222	42446281351	17083249906	181750999	6868000	31610000	7623000	41000	495361	0	600018	0
1789822894.745877	42448336339	17084111293	181750999	6868000	31610000	7623000	41000	448499	0	500020	0
1789822895.268090	42450405364	17085030725	181750999	6868000	31610000	7623000	41000	493959	0	599993	0
1789822895.788005	42452469568	17085928122	181750999	6866000	31610000	7621000	41000	500010	0	600000	0
1789822896.321045	42454589619	17086847798	181750999	6866000	31610000	7621000	41000	446943	0	500005	0
1789822896.841015	42456651747	17087713091	181750999	6866000	31610000	7621000	41000	444176	0	500000	0
1789822897.374019	42458768746	17088605667	181750999	6866000	31610000	7621000	41000	444936	0	500000	0
1789822897.894035	42460833743	17089471570	181750999	6867000	31600000	7622000	41000	443989	0	500000	0
1789822898.427907	42462951780	17090368479	181750999	6867000	31600000	7622000	41000	447825	0	500010	0
1789822898.945129	42465004021	17091229927	181750999	6867000	31600000	7622000	41000	440117	0	500000	0
1789822899.481015	42467132250	17092099127	181750999	6867000	31600000	7622000	41000	442661	0	499984	0
1789822899.992079	42469204816	17092930485	181750999	6865000	31600000	7620000	41000	400018	0	400040	0
1789822900.529889	42471312904	17093799196	181750999	6865000	31600000	7620000	41000	488459	0	599987	0
1789822901.041028	42473341402	17094671874	181750999	6865000	31600000	7620000	41000	499995	0	600006	0
1789822901.559939	42475402126	17095553952	181750999	6865000	31600000	7620000	41000	478879	0	599987	0
1789822902.070232	42477424948	17096422480	181750999	6870000	31590000	7625000	41000	494787	0	600006	0
1789822902.588169	42479475724	17097310539	181750999	6870000	31590000	7625000	41000	562347	0	700021	0
1789822903.098476	42481484447	17098212148	181750999	6870000	31590000	7625000	42000	687516	0	1000010	0
1789822903.609245	42483326972	17099006092	181750999	6870000	31590000	7625000	42000	857177	0	2000119	0
1789822904.115040	42484211308	17099266162	181750999	6874000	31590000	7630000	40000	1389143	0	1894930	0
1789822904.625693	42484779239	17099462328	181750999	6874000	31590000	7630000	40000	884934	0	1446388	0
1789822905.134065	42485183779	17099510119	181750999	6874000	31590000	7630000	40000	691890	0	1600191	0
1789822905.645953	42485471559	17099515185	181750999	6874000	31590000	7630000	40000	609858	0	1278780	0
1789822906.155026	42485648987	17099526171	181750999	6874000	31590000	7630000	39000	653165	0	1525171	0
1789822906.668019	42485812195	17099531786	181750999	6874000	31590000	7630000	39000	846122	0	1468609	0
1789822907.177047	42488499383	17101614544	181750999	6897000	31590000	7655000	42000	708909	0	871184	0
1789822907.692793	42490548633	17103024697	181750999	6897000	31590000	7655000	42000	750017	0	900009	0
1789822908.199966	42492561262	17104424840	181750999	6897000	31590000	7655000	42000	744464	0	900000	0
1789822908.711921	42494593178	17105847871	181750999	6897000	31590000	7655000	42000	712519	0	900017	0
1789822909.217774	42496599704	17107246671	181750999	6864000	31580000	7619000	42000	791902	0	900000	0
1789822909.728077	42498626188	17108656885	181750999	6864000	31580000	7619000	42000	746184	0	899990	0
1789822910.237921	42500650109	17110015219	181750999	6864000	31580000	7619000	42000	709659	0	846383	0
1789822910.748883	42502679034	17111437029	181750999	6864000	31580000	7619000	42000	703643	0	828980	0
1789822911.257922	42504686842	17112814040	181750999	6864000	31580000	7619000	42000	886153	0	1100000	0
1789822911.768597	42506651375	17114177745	181750999	6864000	31580000	7619000	42000	1293474	0	1500000	0
1789822912.274008	42507332220	17114468088	181750999	6864000	31580000	7619000	43000	845169	0	1925633	0
1789822912.783995	42507703496	17114581308	181750999	6864000	31580000	7619000	43000	1332600	0	1697620	0
1789822913.291546	42508016240	17114591013	181750999	6891000	31570000	7649000	39000	1141081	0	1600602	0
1789822913.802662	42508195011	17114607248	181750999	6891000	31570000	7649000	39000	1005525	0	1623432	0
1789822914.308337	42508761721	17114777658	181750999	6891000	31570000	7649000	39000	849276	0	1700192	0
1789822914.819936	42508930056	17114788827	181750999	6891000	31570000	7649000	39000	787031	0	1700319	0
1789822915.326989	42511247799	17116563176	181750999	6857000	31570000	7611000	42000	2045698	0	2300302	0
1789822915.837638	42513424063	17118130860	181750999	6857000	31570000	7611000	42000	1170231	0	1400000	0
1789822916.344959	42515431321	17119570919	181750999	6857000	31570000	7611000	42000	1181864	0	1400000	0
1789822916.853644	42517455669	17120923699	181750999	6857000	31570000	7611000	42000	1196536	0	1400000	0
1789822917.360105	42519462438	17122357167	181750999	6857000	31570000	7611000	42000	1263521	0	1499642	0
1789822917.868554	42521457551	17123801805	181750999	6857000	31570000	7611000	42000	1363433	0	1882080	0
1789822918.375007	42523241176	17124997968	181750999	6863000	31570000	7618000	43000	1841881	0	2100344	0
1789822918.884951	42525513937	17126701883	181750999	6863000	31570000	7618000	43000	1152800	0	1400000	0
1789822919.389958	42527520767	17128150182	181750999	6863000	31570000	7618000	42000	1172039	0	1399985	0
1789822919.899949	42529536448	17129606782	181750999	6863000	31570000	7618000	42000	1296928	0	1518172	0
1789822920.404951	42531540166	17131036832	181751182	6863000	31560000	7618000	42000	1274933	0	1580422	0
1789822920.915739	42533565247	17132495020	181751182	6863000	31560000	7618000	42000	1361471	0	1600000	0
1789822921.420817	42535407771	17133792563	181751182	6863000	31560000	7618000	42000	1025403	0	1700238	0
1789822921.931024	42536432122	17134302388	181751182	6863000	31560000	7618000	42000	793023	0	1480878	0
1789822922.439600	42536978751	17134458943	181751182	6876000	31550000	7632000	40000	726918	0	1900253	0
1789822922.952586	42537143546	17134465168	181751182	6876000	31550000	7632000	40000	817820	0	1600199	0
1789822923.460910	42537307241	17134470417	181751182	6876000	31550000	7632000	39000	708491	0	1667959	0
1789822923.972939	42537463857	17134475300	181751182	6876000	31550000	7632000	39000	713728	0	1800237	0
1789822924.481890	42537994007	17134653644	181751182	6897000	31550000	7655000	39000	797076	0	1576327	0
1789822924.994785	42538630602	17134952167	181751182	6897000	31550000	7655000	39000	1377943	0	3033335	0
1789822925.501154	42540369856	17135999649	181751182	6897000	31550000	7655000	42000	1222181	0	3028244	0
1789822926.010548	42541740152	17136900892	181751182	6897000	31550000	7655000	42000	1794798	0	3034904	0
1789822926.516750	42543100134	17137790721	181751182	6873000	31550000	7629000	42000	1240737	0	3100000	0
1789822927.030438	42544522738	17138716195	181751182	6873000	31550000	7629000	42000	1227103	0	3036195	0
1789822927.537786	42545941680	17139655890	181751182	6873000	31550000	7629000	42000	1418948	0	2976448	0
1789822928.049817	42547360805	17140612186	181751182	6873000	31550000	7629000	42000	1237711	0	3016502	0
1789822928.555758	42548916587	17141701295	181751182	6873000	31550000	7629000	43000	1223780	0	3016565	0
1789822929.067116	42550361590	17142676207	181751182	6873000	31550000	7629000	43000	1502389	0	3019934	0
1789822929.574340	42551808791	17143626034	181751182	6873000	31540000	7629000	42000	1131088	0	2981792	0
1789822930.085123	42553324779	17144641534	181751182	6873000	31540000	7629000	42000	1492993	0	3100000	0
1789822930.592157	42554717780	17145561759	181751182	6873000	31540000	7629000	42000	1232643	0	3081290	0
1789822931.102688	42556188297	17146551441	181751182	6873000	31540000	7629000	42000	982286	0	3100000	0
1789822931.609904	42557556518	17147461168	181751182	6872000	31540000	7628000	42000	1224853	0	3032209	0
1789822932.120780	42558934566	17148375716	181751182	6872000	31540000	7628000	42000	979632	0	3099968	0
1789822932.626601	42560352593	17149279645	181751182	6872000	31540000	7628000	43000	1220791	0	3100000	0
1789822933.136826	42561724781	17150182108	181751182	6872000	31540000	7628000	43000	1212049	0	3075855	0
1789822933.643440	42563090501	17151086708	181751182	6875000	31540000	7631000	42000	1234232	0	3006244	0
1789822934.154000	42564848064	17152214635	181751182	6875000	31540000	7631000	42000	1107673	0	2930130	0
1789822934.660652	42566140786	17153020297	181751182	6875000	31540000	7631000	40000	742572	0	2000223	0
1789822935.172818	42566562660	17153033053	181751182	6875000	31540000	7631000	40000	795475	0	1560802	0
1789822935.680455	42567063208	17153179049	181751182	6882000	31530000	7639000	40000	1132853	0	1513820	0
1789822936.192548	42567326085	17153187227	181751182	6882000	31530000	7639000	40000	1014404	0	1526955	0
1789822936.699999	42567480382	17153191866	181751182	6882000	31530000	7639000	39000	867249	0	1566764	0
1789822937.212101	42567652989	17153199984	181751182	6882000	31530000	7639000	39000	620258	0	1461939	0
1789822937.719966	42568206027	17153423616	181751182	6896000	31530000	7654000	42000	986192	0	2200286	0
1789822938.229513	42570700833	17154938505	181751182	6896000	31530000	7654000	42000	760159	0	1964052	0
1789822938.734500	42572665610	17156049586	181751182	6896000	31530000	7654000	45000	841385	0	2330820	0
1789822939.242524	42574698442	17156819481	181751182	6896000	31530000	7654000	45000	835170	0	2300000	0
1789822939.747455	42576612195	17157932638	181751182	6896000	31530000	7654000	47000	879928	0	2739168	0
1789822940.257511	42578725470	17159144182	181751182	6896000	31530000	7654000	47000	1075825	0	2300000	0
1789822940.761493	42580733522	17159982132	181751182	6862000	31520000	7617000	43000	837526	0	2300000	0
1789822941.270195	42581830504	17160289321	181751182	6862000	31520000	7617000	43000	1159032	0	1600016	0
1789822941.777979	42582334348	17160484999	181751182	6862000	31520000	7617000	40000	678986	0	1531641	0
1789822942.290932	42582524350	17160494154	181751182	6862000	31520000	7617000	40000	656829	0	1454443	0
1789822942.798981	42582673886	17160497023	181751182	6892000	31520000	7650000	39000	687050	0	1600261	0
1789822943.312848	42582849422	17160503615	181751182	6892000	31520000	7650000	39000	858938	0	1459136	0
1789822943.821484	42583104365	17160508803	181751182	6892000	31520000	7650000	39000	720358	0	1600016	0
1789822944.334498	42584752005	17161540600	181751182	6892000	31520000	7650000	39000	1221602	0	3000000	0
1789822944.839163	42586815782	17163010444	181751182	6888000	31520000	7645000	48000	946260	0	3100000	0
1789822945.347549	42588837810	17164458134	181751182	6888000	31520000	7645000	48000	912533	0	3099968	0
1789822945.852224	42590823279	17165865418	181751182	6888000	31520000	7645000	48000	935907	0	2975783	0
1789822946.360301	42592835359	17167267514	181751182	6888000	31520000	7645000	48000	1095549	0	3100000	0
1789822946.864672	42594620510	17168507867	181751182	6864000	31510000	7619000	49000	1591487	0	3078262	0
1789822947.373141	42596648276	17169965810	181751182	6864000	31510000	7619000	49000	1092682	0	3021953	0
1789822947.877935	42598642228	17171404344	181751182	6864000	31510000	7619000	49000	949284	0	3100000	0
1789822948.385033	42600671764	17172871381	181751182	6864000	31510000	7619000	49000	733275	0	3066205	0
1789822948.888546	42602643866	17174299661	181751182	6861000	31510000	7615000	49000	1574574	0	2968906	0
1789822949.422936	42603067510	17174335306	181751182	6861000	31510000	7615000	49000	1077495	0	1598895	0
1789822949.928762	42603725834	17174536538	181751182	6861000	31510000	7615000	40000	952096	0	1465948	0
1789822950.438051	42603903384	17174543740	181751182	6861000	31510000	7615000	40000	893188	0	1521247	0
1789822950.943373	42604047610	17174546548	181751182	6897000	31510000	7655000	39000	847181	0	1470939	0
1789822951.454583	42604247378	17174559975	181751182	6897000	31510000	7655000	39000	671656	0	1600032	0
1789822951.961037	42604439882	17174580788	181751182	6897000	31500000	7655000	39000	1529702	0	1700207	0
1789822952.469950	42604918946	17174728005	181751487	6897000	31500000	7655000	39000	672562	0	1600000	0
1789822952.974838	42605222046	17174804604	181751731	6897000	31500000	7655000	39000	537500	0	1500000	0
1789822953.483959	42605470763	17174814430	181751731	6897000	31500000	7655000	39000	677748	0	1600000	0
1789822953.989123	42605626891	17174819801	181751793	6896000	31500000	7654000	39000	542255	0	1364460	0
1789822954.499573	42606275082	17175026161	181751793	6896000	31500000	7654000	39000	586378	0	1526975	0
1789822955.005621	42606460934	17175034034	181751793	6896000	31500000	7654000	39000	761530	0	1542291	0
1789822955.516185	42606624386	17175040809	181751793	6896000	31500000	7654000	39000	606478	0	1500000	0
1789822956.021928	42606878535	17175070655	181751793	6896000	31500000	7654000	39000	1310450	0	1700190	0
1789822956.529810	42607398493	17175240210	181751793	6896000	31500000	7654000	39000	794685	0	1549443	0
1789822957.036533	42607682733	17175297156	181751854	6896000	31500000	7654000	39000	994038	0	1541683	0
1789822957.546282	42607882134	17175308814	181751915	6896000	31500000	7654000	39000	956082	0	1515101	0
1789822958.052552	42608098015	17175319312	181751915	6892000	31500000	7650000	39000	851181	0	1479290	0
1789822958.563446	42608273124	17175327735	181751915	6892000	31500000	7650000	39000	1202778	0	1600250	0
1789822959.069470	42608460196	17175335486	181751976	6892000	31500000	7650000	39000	1106546	0	1456170	0
1789822959.580157	42608699515	17175346167	181751976	6892000	31500000	7650000	39000	1202447	0	1572380	0
1789822960.085808	42609075246	17175363928	181751976	6881000	31500000	7638000	39000	1142450	0	1522875	0
1789822960.596110	42609297719	17175373572	181751976	6881000	31500000	7638000	39000	604393	0	1548178	0
1789822961.102347	42609487232	17175380530	181751976	6881000	31500000	7638000	39000	757926	0	1543267	0
1789822961.612583	42609658619	17175389441	181751976	6881000	31500000	7638000	39000	670273	0	1551458	0
1789822962.117924	42609828296	17175394934	181751976	6900000	31490000	7659000	39000	879561	0	1554247	0
1789822962.629408	42610010180	17175403784	181751976	6900000	31490000	7659000	39000	584278	0	1440871	0
1789822963.134767	42610210253	17175411231	181751976	6900000	31490000	7659000	38000	801204	0	1520048	0
1789822963.644485	42610361864	17175416724	181751976	6900000	31490000	7659000	38000	754827	0	1392894	0
1789822964.150091	42610797654	17175559851	181751976	6900000	31490000	7659000	39000	1232543	0	1801704	0
1789822964.661406	42610992478	17175579992	181751976	6900000	31490000	7659000	39000	643703	0	1549975	0
1789822965.167200	42611173568	17175586645	181751976	6898000	31490000	7657000	38000	688377	0	1504110	0
1789822965.677401	42611381332	17175591345	181751976	6898000	31490000	7657000	38000	810557	0	1617740	0
1789822966.183010	42612012800	17175772985	181751976	6898000	31490000	7657000	40000	1493010	0	1900219	0
1789822966.690957	42618540737	17179294949	181751976	6898000	31490000	7657000	40000	1803267	0	1900244	0
1789822967.195926	42624567699	17182611041	181751976	6853000	31490000	7606000	44000	1861776	0	1925446	0
1789822967.705945	42630689205	17185756358	181751976	6853000	31490000	7606000	44000	1769856	0	1849439	0
1789822968.211950	42636747600	17188883547	181751976	6853000	31490000	7606000	44000	1793069	0	1900263	0
1789822968.719891	42642764064	17192019831	181751976	6853000	31490000	7606000	44000	1663071	0	2100129	0
1789822969.226232	42648778453	17195111375	181751976	6790000	31480000	7537000	47000	1340651	0	2400345	0
1789822969.733877	42654433101	17197774516	181751976	6790000	31480000	7537000	47000	2082472	0	2200219	0
1789822970.238956	42660501506	17201066438	181751976	6790000	31480000	7537000	45000	1873265	0	1900296	0
1789822970.748929	42666600123	17204314355	181751976	6790000	31480000	7537000	45000	1841715	0	1899980	0
1789822971.253953	42672674265	17207362687	181751976	6789000	31460000	7535000	45000	1763807	0	1800216	0
1789822971.765794	42678789728	17210430245	181751976	6789000	31460000	7535000	45000	1790433	0	1856743	0
1789822972.270036	42684769510	17213559082	181751976	6789000	31460000	7535000	47000	1649889	0	2200000	0
1789822972.777225	42690436793	17216413750	181751976	6789000	31460000	7535000	47000	1083728	0	3080718	0
1789822973.283361	42691641136	17216853324	181751976	6871000	31450000	7626000	42000	1076211	0	1800293	0
1789822973.795915	42691987876	17216950553	181751976	6871000	31450000	7626000	42000	667023	0	1500131	0
1789822974.303742	42692550069	17217120413	181751976	6871000	31450000	7626000	41000	866935	0	1765999	0
1789822974.815427	42692702351	17217124564	181751976	6871000	31450000	7626000	41000	692049	0	1588557	0
1789822975.323708	42692882405	17217130057	181751976	6871000	31450000	7626000	40000	978211	0	1562086	0
1789822975.835945	42693039875	17217135306	181751976	6871000	31450000	7626000	40000	1061609	0	1501311	0
1789822976.342943	42697769477	17221149456	181751976	6893000	31450000	7651000	48000	2242503	0	2300000	0
1789822976.855911	42703908377	17226383878	181751976	6893000	31450000	7651000	48000	2212648	0	2300000	0
1789822977.359871	42709936133	17231634109	181751976	6893000	31450000	7651000	49000	2310833	0	2396685	0
1789822977.869940	42713907864	17234937873	181751976	6893000	31450000	7651000	49000	924057	0	1699885	0
1789822978.377356	42714467432	17235125250	181751976	6780000	31450000	7526000	42000	605248	0	1600034	0
1789822978.887050	42714684107	17235133368	181751976	6780000	31450000	7526000	42000	691226	0	1583408	0
1789822979.392301	42714877771	17235139105	181751976	6780000	31450000	7526000	41000	560356	0	1545503	0
1789822979.902496	42715121056	17235167791	181751976	6780000	31450000	7526000	41000	638639	0	1421428	0
1789822980.409436	42715486717	17235181524	181751976	6891000	31440000	7649000	41000	641170	0	1500020	0
1789822980.920060	42716667866	17235841618	181751976	6891000	31440000	7649000	41000	1792869	0	2000302	0
1789822981.424981	42722052435	17240537101	181751976	6891000	31440000	7649000	47000	2617501	0	3100031	0
1789822981.938017	42727514762	17245237651	181751976	6891000	31440000	7649000	47000	2670972	0	3100000	0
1789822982.443893	42732037517	17249114960	181751976	6795000	31430000	7542000	48000	1921815	0	3020951	0
1789822982.953979	42737169889	17253407064	181751976	6795000	31430000	7542000	48000	2664881	0	3100000	0
1789822983.459936	42742664199	17258274300	181751976	6795000	31430000	7542000	48000	2656118	0	3049140	0
1789822983.968244	42747593629	17262561276	181751976	6795000	31430000	7542000	48000	2065900	0	3099968	0
1789822984.472664	42749643307	17263967034	181751976	6817000	31420000	7567000	42000	1023482	0	1600195	0
1789822984.985028	42750469538	17264289055	181752647	6817000	31420000	7567000	42000	758221	0	1461957	0
1789822985.492132	42750809563	17264295586	181752647	6817000	31420000	7567000	42000	560258	0	1499979	0
1789822986.002463	42751194511	17264303398	181752647	6817000	31420000	7567000	42000	615041	0	1238788	0
1789822986.508772	42751575858	17264312858	181752647	6817000	31420000	7567000	42000	707115	0	1419871	0
1789822987.018068	42752026418	17264332573	181752647	6817000	31420000	7567000	42000	884639	0	1383512	0
1789822987.523886	42752779773	17264590140	181752647	6885000	31420000	7642000	43000	1585123	0	2991705	0
1789822988.032092	42754569258	17265787159	181752647	6885000	31420000	7642000	43000	1281690	0	3052001	0
1789822988.537890	42755968364	17266686387	181752647	6885000	31420000	7642000	43000	1271058	0	2957126	0
1789822989.046976	42757361671	17267595504	181752647	6885000	31420000	7642000	43000	1653788	0	3042908	0
1789822989.550829	42758743015	17268510357	181752647	6866000	31420000	7621000	43000	1196298	0	2980262	0
1789822990.059959	42760176605	17269466959	181752647	6866000	31420000	7621000	43000	1281527	0	3013061	0
1789822990.564872	42761761806	17270535926	181752647	6866000	31420000	7621000	43000	1260611	0	3070623	0
1789822991.072982	42763343101	17271642124	181752647	6866000	31420000	7621000	43000	1699753	0	3038837	0
1789822991.578531	42764800922	17272622102	181752647	6861000	31410000	7615000	43000	1246784	0	2950600	0
1789822992.086172	42766217178	17273566192	181752647	6861000	31410000	7615000	43000	1248199	0	3099968	0
1789822992.591049	42767776134	17274544094	181752647	6861000	31410000	7615000	43000	1299185	0	3019628	0
1789822993.098806	42769201911	17275482019	181753685	6861000	31410000	7615000	43000	1592036	0	3031377	0
1789822993.604049	42770632999	17276439170	181753685	6871000	31410000	7626000	44000	1473968	0	3078560	0
1789822994.112985	42772454711	17277579182	181753685	6871000	31410000	7626000	44000	2066194	0	3100000	0
1789822994.616437	42773803157	17278447466	181753685	6871000	31410000	7626000	43000	1256709	0	3024981	0
1789822995.124513	42775188102	17279367019	181753685	6871000	31410000	7626000	43000	1114284	0	2960415	0
1789822995.629012	42776569568	17280281934	181753685	6864000	31400000	7619000	43000	1218604	0	2938655	0
1789822996.137369	42777940903	17281197459	181753685	6864000	31400000	7619000	43000	1260097	0	3002545	0
1789822996.642943	42779338665	17282133308	181753685	6864000	31400000	7619000	43000	1034615	0	3069210	0
1789822997.150011	42780803017	17283051885	181753685	6864000	31400000	7619000	43000	1096363	0	2432138	0
1789822997.655042	42781067421	17283078802	181753685	6864000	31400000	7619000	42000	943197	0	1520063	0
1789822998.163131	42781536963	17283261540	181753685	6864000	31400000	7619000	42000	634342	0	1600000	0
1789822998.668496	42781708776	17283267522	181753685	6888000	31400000	7645000	41000	720538	0	1487185	0
1789822999.179470	42781879247	17283278935	181753685	6888000	31400000	7645000	41000	667983	0	1547369	0
1789822999.684497	42782089330	17283286137	181753685	6888000	31400000	7645000	40000	690462	0	1600000	0
1789823000.193790	42782315220	17283315556	181753685	6888000	31400000	7645000	40000	980238	0	1900282	0
1789823000.699025	42784754972	17284921814	181753685	6889000	31400000	7647000	49000	1434862	0	3000030	0
1789823001.205988	42787523093	17286580441	181753685	6889000	31400000	7647000	49000	1279437	0	2741029	0
1789823001.711081	42790172195	17287513177	181753685	6889000	31400000	7647000	43000	958438	0	1800381	0
1789823002.220231	42792642708	17289123098	181753685	6889000	31400000	7647000	43000	1376477	0	3100031	0
1789823002.725051	42795291505	17290627427	181753685	6853000	31390000	7606000	43000	1187054	0	2629303	0
1789823003.232832	42797506832	17291367660	181753685	6853000	31390000	7606000	43000	1537294	0	1920016	0
1789823003.740546	42798093866	17291590865	181753685	6853000	31390000	7606000	41000	997723	0	1635984	0
1789823004.249054	42798678032	17291795454	181753685	6853000	31390000	7606000	41000	669106	0	1546838	0
1789823004.755200	42798853569	17291802717	181753685	6889000	31390000	7646000	40000	665800	0	1600000	0
1789823005.265398	42799104545	17291817488	181753685	6889000	31390000	7646000	40000	643137	0	1448032	0
1789823005.772347	42799304496	17291824263	181753685	6889000	31390000	7646000	40000	623172	0	1512885	0
1789823006.282290	42799764272	17291989851	181753685	6889000	31390000	7646000	40000	1047573	0	2786912	0
1789823006.785611	42802153792	17293733804	181753685	6864000	31390000	7619000	49000	999000	0	3020825	0
1789823007.293925	42804181436	17295180699	181753685	6864000	31390000	7619000	49000	921139	0	3100030	0
1789823007.797412	42806173252	17296602021	181753685	6864000	31390000	7619000	49000	970015	0	3081407	0
1789823008.306104	42808292815	17298119657	181753685	6864000	31390000	7619000	49000	1737853	0	3100000	0
1789823008.809944	42811946553	17300666464	181753685	6864000	31390000	7619000	51000	1531687	0	3100031	0
1789823009.318630	42815650157	17303332900	181753685	6864000	31390000	7619000	51000	1978403	0	3099968	0
1789823009.822995	42819224244	17305873116	181753685	6829000	31380000	7580000	51000	2842707	0	3100000	0
1789823010.328730	42822993461	17308596864	181753685	6829000	31380000	7580000	51000	2109134	0	3100000	0
1789823010.833991	42826620893	17311115412	181753685	6829000	31380000	7580000	51000	2966766	0	3100000	0
1789823011.341786	42828581947	17312091911	181753685	6829000	31380000	7580000	51000	2057682	0	2900638	0
1789823011.848242	42830119053	17312803335	181753685	6822000	31370000	7572000	42000	1604763	0	1900213	0
1789823012.359881	42831587860	17313412342	181753685	6822000	31370000	7572000	42000	1217885	0	3000732	0
1789823012.867070	42832927334	17314086474	181753685	6822000	31370000	7572000	42000	1485327	0	1700237	0
1789823013.378026	42834408898	17314773056	181753685	6822000	31370000	7572000	42000	1541992	0	2060091	0
1789823013.883150	42835931050	17315452620	181753685	6871000	31370000	7627000	42000	1107812	0	1800351	0
1789823014.395135	42838060866	17316493633	181753685	6871000	31370000	7627000	42000	1617955	0	1700101	0
1789823014.900905	42839789194	17317304056	181753685	6871000	31370000	7627000	42000	838519	0	1599983	0
1789823015.409946	42841340765	17318005348	181753685	6871000	31370000	7627000	42000	884248	0	2500531	0
1789823015.914117	42843039979	17318761938	181753685	6871000	31360000	7627000	43000	2014878	0	2900810	0
1789823016.423066	42844728513	17319518711	181753685	6871000	31360000	7627000	43000	700002	0	1600023	0
1789823016.927662	42846290154	17320331575	181753685	6871000	31360000	7627000	42000	842865	0	2200243	0
1789823017.437478	42847808156	17321094207	181753685	6871000	31360000	7627000	42000	613726	0	1795266	0
1789823017.943736	42847988148	17321105438	181753685	6883000	31360000	7640000	41000	824791	0	1599023	0
1789823018.454043	42848395251	17321238799	181753685	6883000	31360000	7640000	41000	660574	0	1600000	0
1789823018.959980	42848685900	17321316802	181753685	6883000	31360000	7640000	41000	644314	0	1449696	0
1789823019.471325	42848928819	17321327178	181753685	6883000	31360000	7640000	41000	648538	0	1460886	0
1789823019.977511	42849142564	17321343962	181753685	6883000	31360000	7640000	41000	822094	0	1599971	0
1789823020.487170	42849302109	17321352751	181753685	6883000	31360000	7640000	41000	595800	0	1451263	0
1789823020.994441	42849428757	17321356353	181753685	6891000	31360000	7649000	40000	981460	0	1700475	0
1789823021.503704	42849614853	17321366728	181753685	6891000	31360000	7649000	40000	645273	0	1454220	0
1789823022.010192	42849824019	17321386321	181753685	6891000	31360000	7649000	40000	1172529	0	1418775	0
1789823022.521957	42850051802	17321401457	181753685	6891000	31360000	7649000	40000	868681	0	1645226	0
1789823023.028455	42850209456	17321407988	181753685	6890000	31350000	7648000	40000	571351	0	1600000	0
1789823023.538449	42850395978	17321422575	181753685	6890000	31350000	7648000	40000	687372	0	1388729	0
1789823024.045052	42850659467	17321465544	181753685	6890000	31350000	7648000	40000	1397428	0	1602291	0
1789823024.554810	42851211040	17321620817	181753685	6890000	31350000	7648000	40000	632023	0	1500017	0
1789823025.060503	42851391826	17321627165	181753685	6890000	31350000	7648000	40000	1128495	0	1525979	0
1789823025.570775	42851568339	17321636198	181753685	6890000	31350000	7648000	40000	643318	0	1379464	0
1789823026.076050	42851749735	17321645903	181753685	6890000	31350000	7648000	40000	718564	0	1600000	0
1789823026.586394	42851918619	17321654508	181753685	6890000	31350000	7648000	40000	1242250	0	1600000	0
1789823027.093006	42852102273	17321659758	181753685	6892000	31350000	7650000	40000	923178	0	1449973	0
1789823027.602798	42852516273	17321685087	181753685	6892000	31350000	7650000	40000	996944	0	1500000	0
1789823028.108070	42852715492	17321695707	181753685	6892000	31350000	7650000	40000	828252	0	1600000	0
1789823028.618383	42852926856	17321704862	181753685	6892000	31350000	7650000	40000	1134953	0	1424761	0
1789823029.125036	42853129065	17321715360	181753685	6894000	31350000	7652000	40000	719187	0	1416908	0
1789823029.637677	42853305761	17321725187	181753685	6894000	31350000	7652000	40000	633233	0	1456878	0
1789823030.144205	42853541478	17321736723	181753685	6894000	31350000	7652000	39000	580837	0	1440283	0
1789823030.654530	42853709569	17321746549	181753685	6894000	31350000	7652000	39000	647629	0	1395157	0
1789823031.159315	42853885044	17321755033	181753685	6894000	31350000	7652000	40000	926004	0	1600000	0
1789823031.669073	42854048496	17321762540	181753685	6894000	31350000	7652000	40000	676634	0	1590137	0
1789823032.174054	42854312472	17321771696	181753685	6896000	31340000	7654000	39000	655833	0	1434391	0
1789823032.684179	42854526339	17321782377	181753685	6896000	31340000	7654000	39000	845694	0	1600027	0
1789823033.190430	42854852632	17321789396	181753685	6896000	31340000	7654000	39000	1200829	0	1464700	0
1789823033.701406	42855033662	17321797513	181753685	6896000	31340000	7654000	39000	597619	0	1499971	0
1789823034.207512	42855719573	17322028043	181756370	6893000	31340000	7651000	40000	836499	0	1536151	0
1789823034.715864	42856192778	17322184475	181757713	6893000	31340000	7651000	40000	834799	0	1800263	0
1789823035.220609	42856470060	17322236538	181757713	6893000	31340000	7651000	39000	710859	0	1500092	0
1789823035.730443	42856633878	17322244534	181757713	6893000	31340000	7651000	39000	602839	0	1456033	0
1789823036.236534	42856827847	17322251553	181757713	6894000	31340000	7652000	39000	660461	0	1500000	0
1789823036.745897	42857022793	17322262844	181757713	6894000	31340000	7652000	39000	568957	0	1454308	0
1789823037.252390	42857213527	17322271694	181757713	6894000	31340000	7652000	39000	650255	0	1450162	0
1789823037.762039	42857475733	17322282742	181757713	6894000	31340000	7652000	39000	575965	0	1500000	0
1789823038.267645	42857644861	17322290127	181757713	6894000	31340000	7652000	39000	673000	0	1573230	0
1789823038.775641	42857931970	17322299038	181757713	6894000	31340000	7652000	39000	646620	0	1537038	0
1789823039.282319	42858099145	17322306667	181757713	6894000	31340000	7652000	39000	689010	0	1539702	0
1789823039.792443	42858313622	17322327236	181757713	6894000	31340000	7652000	39000	1416776	0	1603326	0
1789823040.298484	42858533287	17322340115	181757713	6891000	31340000	7649000	39000	1078761	0	1557444	0
1789823040.808242	42858720969	17322350491	181757835	6891000	31340000	7649000	39000	701766	0	1491924	0
1789823041.314455	42858920859	17322360073	181757957	6891000	31340000	7649000	39000	1144238	0	1538742	0
1789823041.825502	42859096884	17322368740	181757957	6891000	31340000	7649000	39000	905559	0	1415961	0
1789823042.331427	42859261007	17322374844	181757957	6891000	31340000	7649000	39000	966720	0	1468266	0
1789823042.841185	42859427205	17322383205	181757957	6891000	31340000	7649000	39000	671407	0	1529669	0
1789823043.347098	42859708149	17322390285	181757957	6896000	31330000	7654000	39000	843256	0	1363350	0
1789823043.857489	42859925373	17322399929	181757957	6896000	31330000	7654000	39000	671271	0	1501726	0
1789823044.362764	42862828991	17323818871	181757957	6896000	31330000	7654000	43000	1591496	0	1600189	0
1789823044.878979	42866557680	17325909258	181758018	6896000	31330000	7654000	43000	1290582	0	1500000	0
1789823045.384984	42870082757	17327914868	181758018	6822000	31330000	7572000	42000	1281353	0	1500000	0
1789823045.894630	42873628341	17329903511	181758018	6822000	31330000	7572000	42000	1235950	0	1500000	0
1789823046.402173	42877164709	17331840640	181758018	6822000	31330000	7572000	43000	1294147	0	1600016	0
1789823046.913061	42880730862	17333801328	181758018	6822000	31330000	7572000	43000	1265775	0	1500015	0
1789823047.422024	42884253192	17335718865	181758018	6835000	31320000	7587000	43000	1265336	0	1482024	0
1789823047.934038	42887776132	17337612353	181758018	6835000	31320000	7587000	43000	1250665	0	1700262	0
1789823048.438834	42891294372	17339468916	181758018	6835000	31320000	7587000	43000	1257206	0	1699449	0
1789823048.949160	42894848074	17341326394	181758018	6835000	31320000	7587000	43000	1088477	0	1699794	0
1789823049.454594	42897908552	17342627294	181758018	6834000	31320000	7585000	43000	1842745	0	2200293	0
1789823049.963070	42901981906	17344870208	181758018	6834000	31320000	7585000	43000	1263790	0	1591185	0
1789823050.470957	42905526697	17346864954	181758018	6834000	31320000	7585000	43000	1238962	0	1500000	0
1789823050.981184	42909055069	17348824117	181758018	6834000	31320000	7585000	43000	1322046	0	1499984	0
1789823051.487420	42912534491	17350733169	181758018	6834000	31310000	7586000	43000	1374962	0	1486594	0
1789823051.998124	42916100644	17352719737	181758018	6834000	31310000	7586000	43000	1423701	0	1500000	0
1789823052.505179	42919633106	17354663213	181758018	6834000	31310000	7586000	43000	1323651	0	1491686	0
1789823053.015300	42923183573	17356592774	181758018	6834000	31310000	7586000	43000	1422546	0	1699872	0
1789823053.520394	42926703278	17358449519	181758018	6834000	31310000	7586000	44000	1439464	0	1800286	0
1789823054.029447	42930252708	17360339712	181758018	6834000	31310000	7586000	44000	1456500	0	1500580	0
1789823054.534765	42932985245	17361683032	181758018	6830000	31300000	7581000	42000	1264896	0	1938384	0
1789823055.044844	42933208328	17361698168	181758018	6830000	31300000	7581000	42000	1147137	0	1864109	0
1789823055.552133	42933662672	17361820177	181758018	6830000	31300000	7581000	40000	721019	0	1799784	0
1789823056.065618	42933818006	17361824633	181758018	6830000	31300000	7581000	40000	665201	0	1521487	0
1789823056.573974	42934114148	17361831591	181758018	6889000	31290000	7647000	40000	665207	0	1500184	0
1789823057.085978	42934263379	17361835924	181758018	6889000	31290000	7647000	40000	779513	0	1536789	0
1789823057.592976	42934658092	17361998643	181758018	6889000	31290000	7647000	42000	1612113	0	1700252	0
1789823058.108948	42939224059	17365820228	181758018	6889000	31290000	7647000	42000	1450089	0	1600000	0
1789823058.615911	42942750417	17368686371	181758018	6840000	31290000	7592000	45000	1500090	0	1700017	0
1789823059.123946	42946299664	17371556297	181758018	6840000	31290000	7592000	45000	1391839	0	1600000	0
1789823059.628924	42949811190	17374413773	181758018	6840000	31290000	7592000	45000	1388089	0	1600000	0
1789823060.140368	42952989893	17376893259	181758018	6840000	31290000	7592000	45000	1801559	0	1901063	0
1789823060.645463	42953629540	17377195992	181758018	6830000	31290000	7581000	41000	583157	0	1532862	0
1789823061.155364	42953984397	17377303231	181758018	6830000	31290000	7581000	41000	1148502	0	1600430	0
1789823061.660739	42954141746	17377309823	181758018	6830000	31290000	7581000	40000	635732	0	1436508	0
1789823062.171708	42954300315	17377315011	181758018	6830000	31290000	7581000	40000	668174	0	1511486	0
1789823062.676346	42954457724	17377321541	181758018	6890000	31280000	7648000	40000	644939	0	1470426	0
1789823063.186407	42954644369	17377328621	181758018	6890000	31280000	7648000	40000	596202	0	1500000	0
1789823063.691916	42958224987	17380207886	181758018	6890000	31280000	7648000	44000	2069742	0	2200271	0
1789823064.204945	42961817995	17383065911	181758018	6890000	31280000	7648000	44000	2096178	0	2300319	0
1789823064.711774	42965362542	17385952623	181758018	6890000	31280000	7648000	44000	2070243	0	2300311	0
1789823065.219219	42968773178	17388609110	181758018	6890000	31280000	7648000	44000	2302132	0	3065534	0
1789823065.724989	42972399328	17391526583	181758018	6830000	31280000	7581000	44000	2115035	0	2300234	0
1789823066.236945	42975951993	17394478175	181758018	6830000	31280000	7581000	44000	2174461	0	2300317	0
1789823066.740628	42979491839	17397412310	181758018	6830000	31280000	7581000	44000	2065904	0	2300251	0
1789823067.248945	42982617381	17399931042	181758018	6830000	31280000	7581000	44000	1535781	0	3041444	0
1789823067.753966	42983278756	17400131358	181758018	6832000	31270000	7583000	41000	1222157	0	1700791	0
1789823068.262573	42983817024	17400300242	181758018	6832000	31270000	7583000	41000	1129519	0	1700379	0
1789823068.769492	42984014960	17400306712	181758018	6832000	31270000	7583000	41000	661853	0	1413353	0
1789823069.280091	42984248236	17400314585	181758018	6832000	31270000	7583000	41000	892175	0	1446654	0
1789823069.784987	42984439764	17400323008	181758018	6889000	31260000	7647000	41000	954941	0	1513582	0
1789823070.296395	42984685002	17400337962	181758018	6889000	31260000	7647000	41000	590563	0	1500000	0
1789823070.802360	42986111329	17401159371	181758018	6889000	31260000	7647000	45000	968077	0	3006223	0
1789823071.308816	42987642881	17402173712	181758018	6889000	31260000	7647000	45000	1463720	0	3027240	0
1789823071.813938	42989014276	17403061710	181758018	6868000	31260000	7623000	45000	969698	0	2911826	0
1789823072.320373	42990417410	17403986146	181758018	6868000	31260000	7623000	45000	995955	0	3100000	0
1789823072.824950	42991813219	17404905089	181758018	6868000	31260000	7623000	45000	949372	0	3060104	0
1789823073.332791	42993199629	17405819149	181758018	6868000	31260000	7623000	45000	1097606	0	3100000	0
1789823073.836989	42994616801	17406753351	181758018	6868000	31260000	7623000	45000	1023961	0	3072559	0
1789823074.343736	42996664952	17408080862	181758018	6868000	31260000	7623000	45000	1146524	0	3070913	0
1789823074.847090	42998137849	17409016467	181758018	6868000	31260000	7623000	45000	1374189	0	3010985	0
1789823075.354020	42999578763	17409930161	181758018	6868000	31260000	7623000	45000	918418	0	3045246	0
1789823075.859460	43001166222	17410919600	181758018	6868000	31260000	7623000	45000	903096	0	3024493	0
1789823076.369397	43002552999	17411817730	181758018	6868000	31260000	7623000	45000	901056	0	3100000	0
1789823076.874931	43003981828	17412754312	181758018	6865000	31250000	7620000	45000	921977	0	2975511	0
1789823077.385645	43005354749	17413645423	181758018	6865000	31250000	7620000	45000	896963	0	2975462	0
1789823077.891083	43006743723	17414537633	181758018	6865000	31250000	7620000	45000	902157	0	2973763	0
1789823078.400805	43008157049	17415456331	181758018	6865000	31250000	7620000	45000	894795	0	2958836	0
1789823078.906959	43009538637	17416357208	181758018	6871000	31250000	7626000	45000	897757	0	2981906	0
1789823079.415490	43010983214	17417271939	181758018	6871000	31250000	7626000	45000	910761	0	3099969	0
1789823079.921895	43012470515	17418250392	181758018	6871000	31250000	7626000	45000	1251927	0	3006521	0
1789823080.434326	43013423393	17418788964	181758018	6871000	31250000	7626000	45000	834787	0	1614817	0
1789823080.942939	43013930045	17418980553	181758018	6868000	31240000	7623000	41000	726863	0	1800229	0
1789823081.454924	43014142813	17418987633	181758018	6868000	31240000	7623000	41000	673506	0	1517839	0
1789823081.963065	43014312429	17418996605	181758018	6868000	31240000	7623000	40000	681120	0	1600325	0
1789823082.476456	43014483876	17419002465	181758018	6868000	31240000	7623000	40000	908037	0	1482114	0
1789823082.985009	43014821827	17419028710	181758018	6890000	31240000	7648000	40000	788881	0	1510728	0
1789823083.498838	43015661241	17419447166	181758018	6890000	31240000	7648000	40000	1618367	0	2993523	0
1789823084.002757	43018631876	17421423357	181758018	6890000	31240000	7648000	50000	1300178	0	3006872	0
1789823084.510280	43021576387	17422895521	181758018	6890000	31240000	7648000	50000	892098	0	2900029	0
1789823085.015238	43024036342	17424012157	181758018	6844000	31240000	7597000	49000	925042	0	3000000	0
1789823085.522764	43026487996	17425669013	181758018	6844000	31240000	7597000	49000	915608	0	3073160	0
1789823086.027921	43029258191	17426942630	181758018	6844000	31240000	7597000	45000	772759	0	2900000	0
1789823086.536441	43030590708	17427301028	181758018	6844000	31240000	7597000	45000	873436	0	1699982	0
1789823087.044623	43031238106	17427465029	181758018	6844000	31240000	7597000	40000	675021	0	1600000	0
1789823087.558013	43031438179	17427476930	181758018	6844000	31240000	7597000	40000	704465	0	1635494	0
1789823088.066730	43031822089	17427513796	181758018	6871000	31230000	7627000	40000	717209	0	1599957	0
1789823088.578220	43032020514	17427520326	181758018	6871000	31230000	7627000	40000	1067949	0	1500320	0
1789823089.086251	43032206853	17427532472	181758018	6871000	31230000	7627000	40000	902718	0	1574811	0
1789823089.599719	43033705873	17428426147	181758018	6871000	31230000	7627000	40000	803897	0	3098469	0
1789823090.104599	43035960689	17430064631	181758018	6891000	31230000	7649000	49000	907852	0	3006225	0
1789823090.613280	43037993338	17431540214	181758018	6891000	31230000	7649000	49000	911948	0	3099968	0
1789823091.117822	43040071823	17433038806	181758018	6891000	31230000	7649000	50000	1483827	0	3070531	0
1789823091.625497	43042144145	17434529586	181758018	6891000	31230000	7649000	50000	1348835	0	2862717	0
1789823092.130024	43044138463	17435915691	181758018	6855000	31230000	7609000	45000	1296300	0	3100000	0
1789823092.636692	43046182770	17437400428	181758018	6855000	31230000	7609000	45000	1027332	0	3099968	0
1789823093.141024	43048304407	17438946506	181758018	6855000	31230000	7609000	46000	1055565	0	3100031	0
1789823093.648965	43050356831	17440442534	181758018	6855000	31230000	7609000	46000	1291560	0	3100000	0
1789823094.153994	43052123123	17441583889	181758018	6857000	31220000	7611000	42000	1295748	0	1902664	0
1789823094.662424	43052746107	17441761135	181758018	6857000	31220000	7611000	42000	813245	0	1631165	0
1789823095.167086	43053139661	17441796779	181758018	6857000	31220000	7611000	40000	798773	0	1457539	0
1789823095.677412	43053344495	17441806545	181758018	6857000	31220000	7611000	40000	870998	0	1500175	0
1789823096.183090	43053790172	17441850734	181758018	6890000	31220000	7648000	40000	588679	0	1500039	0
1789823096.695464	43053967174	17441856166	181758018	6890000	31220000	7648000	40000	597291	0	1201267	0
1789823097.201213	43054266733	17441890102	181758018	6890000	31220000	7648000	40000	658089	0	1547176	0
1789823097.711211	43054792733	17442101039	181758018	6890000	31220000	7648000	40000	659542	0	1381252	0
1789823098.217433	43055108284	17442140162	181758018	6890000	31220000	7648000	40000	817475	0	1497428	0
1789823098.727434	43055409614	17442154261	181758018	6890000	31220000	7648000	40000	995554	0	1438757	0
1789823099.233648	43055673224	17442180140	181758018	6889000	31210000	7647000	40000	777479	0	1431622	0
1789823099.744392	43055829229	17442187098	181758018	6889000	31210000	7647000	40000	1028335	0	1500000	0
1789823100.250448	43056263799	17442214381	181758140	6889000	31210000	7647000	40000	1010702	0	1600000	0
1789823100.760089	43056557560	17442230494	181758140	6889000	31210000	7647000	40000	1050210	0	1400040	0
1789823101.265956	43056949039	17442287439	181758140	6889000	31210000	7647000	40000	915120	0	1457450	0
1789823101.773448	43057455141	17442486108	181758140	6889000	31210000	7647000	40000	771711	0	1499978	0
1789823102.278167	43057799195	17442501245	181758140	6889000	31210000	7647000	40000	639752	0	1380021	0
1789823102.787953	43058020874	17442515649	181758140	6889000	31210000	7647000	40000	1275076	0	1426861	0
1789823103.293538	43058213379	17442527063	181758140	6889000	31210000	7646000	39000	656851	0	1547576	0
1789823103.804317	43058433959	17442545984	181758140	6889000	31210000	7646000	39000	686054	0	1552628	0
1789823104.309998	43059088010	17442730187	181758140	6889000	31210000	7646000	39000	788816	0	1543540	0
1789823104.819974	43059285153	17442743554	181758140	6889000	31210000	7646000	39000	559241	0	1437847	0
1789823105.324971	43059567440	17442788842	181758506	6889000	31210000	7647000	39000	929669	0	1556227	0
1789823105.854967	43060207392	17442976647	181758689	6889000	31210000	7647000	39000	575502	0	1400000	0
1789823106.361497	43060411737	17442986412	181758689	6889000	31210000	7647000	39000	654444	0	1474235	0
1789823106.872037	43060658502	17443003624	181758751	6889000	31210000	7647000	39000	715751	0	1424274	0
1789823107.378505	43060832818	17443010521	181758751	6886000	31200000	7643000	39000	843089	0	1399770	0
1789823107.888519	43061092094	17443028771	181758751	6886000	31200000	7643000	39000	745270	0	1498124	0
1789823108.393054	43061291740	17443037499	181758751	6886000	31200000	7643000	39000	663231	0	1483371	0
1789823108.901985	43061568228	17443058189	181758751	6886000	31200000	7643000	39000	588881	0	1499548	0
1789823109.408501	43061822683	17443076256	181758751	6886000	31200000	7643000	39000	649137	0	1500000	0
1789823109.918232	43062094106	17443094932	181758751	6886000	31200000	7643000	39000	827961	0	1523093	0
1789823110.423480	43062254811	17443101646	181758751	6891000	31200000	7649000	39000	822659	0	1479418	0
1789823110.932940	43062638904	17443122948	181758751	6891000	31200000	7649000	39000	622735	0	1548950	0
1789823111.438416	43062930224	17443131492	181758751	6891000	31200000	7649000	39000	552318	0	1439346	0
1789823111.948644	43063140612	17443147117	181758751	6891000	31200000	7649000	39000	681487	0	1441237	0
1789823112.454503	43063348192	17443155113	181758751	6892000	31200000	7650000	39000	668232	0	1599981	0
1789823112.965248	43063605149	17443180748	181758751	6892000	31200000	7650000	39000	677020	0	1536585	0
1789823113.471061	43063819749	17443191246	181758751	6892000	31200000	7650000	39000	688109	0	1465117	0
1789823113.980363	43064142746	17443235862	181758751	6892000	31200000	7650000	39000	520932	0	1024411	0
1789823114.486552	43064695601	17443395225	181758751	6894000	31200000	7652000	39000	682975	0	1600021	0
1789823114.997075	43064973981	17443413413	181758751	6894000	31200000	7652000	39000	698610	0	1452776	0
1789823115.503992	43068628757	17445156939	181758751	6894000	31200000	7652000	42000	1539009	0	1600241	0
1789823116.021216	43072463891	17447360363	181758751	6894000	31200000	7652000	42000	1378635	0	1600000	0
1789823116.526694	43076235000	17449518744	181758751	6830000	31190000	7581000	43000	1324767	0	1599983	0
1789823117.039931	43080065007	17451584596	181758751	6830000	31190000	7581000	43000	1333627	0	1483881	0
1789823117.545155	43083848567	17453583004	181758751	6830000	31190000	7581000	43000	1577678	0	1700251	0
1789823118.056973	43087670640	17455586417	181758751	6830000	31190000	7581000	43000	1227827	0	1500000	0
1789823118.563186	43091448218	17457561753	181758751	6825000	31180000	7576000	43000	1272395	0	1475615	0
1789823119.073170	43095256436	17459545452	181758751	6825000	31180000	7576000	43000	1305798	0	1500000	0
1789823119.579070	43098923724	17461405371	181758751	6825000	31180000	7576000	44000	1018954	0	1800202	0
1789823120.086955	43102043283	17462834140	181758751	6825000	31180000	7576000	44000	1662812	0	2299693	0
1789823120.591100	43106566587	17465198941	181758751	6810000	31180000	7559000	43000	1430944	0	1585225	0
1789823121.101968	43110342029	17467403098	181758751	6810000	31180000	7559000	43000	1376614	0	1600016	0
1789823121.608002	43114096414	17469466569	181758751	6810000	31180000	7559000	43000	1224125	0	1500000	0
1789823122.116809	43117896942	17471438976	181758751	6810000	31180000	7559000	43000	1219564	0	1500000	0
1789823122.622756	43121678182	17473434515	181758751	6810000	31180000	7559000	43000	1243288	0	1500015	0
1789823123.134968	43125501353	17475431337	181758751	6810000	31180000	7559000	43000	1373220	0	1500000	0
1789823123.642057	43129298829	17477416439	181758751	6824000	31170000	7574000	44000	1357279	0	1500226	0
1789823124.151026	43133092154	17479422354	181758751	6824000	31170000	7574000	44000	1466193	0	1543365	0
1789823124.656193	43136588117	17481150987	181758751	6824000	31170000	7574000	44000	1025290	0	1995548	0
1789823125.164974	43139809727	17482531050	181758751	6824000	31170000	7574000	44000	948228	0	1800375	0
1789823125.672669	43140094211	17482556990	181758751	6831000	31160000	7582000	42000	998268	0	1698237	0
1789823126.182991	43140575472	17482717451	181758751	6831000	31160000	7582000	42000	789674	0	1669230	0
1789823126.689821	43140743990	17482721418	181758751	6831000	31160000	7582000	40000	838510	0	1600095	0
1789823127.202844	43140956331	17482731672	181758751	6831000	31160000	7582000	40000	867937	0	1542292	0
1789823127.712163	43141198213	17482736249	181758751	6888000	31160000	7645000	40000	971687	0	1523257	0
1789823128.224838	43141961150	17483108075	181758751	6888000	31160000	7645000	40000	1632595	0	1700291	0
1789823128.733026	43146705645	17487087862	181758751	6888000	31160000	7645000	45000	1543297	0	1600016	0
1789823129.247008	43150543892	17490221704	181758751	6888000	31160000	7645000	45000	1557472	0	1628139	0
1789823129.752945	43154333616	17493325212	181758751	6824000	31150000	7574000	45000	1497911	0	1600000	0
1789823130.262925	43158129688	17496434334	181758751	6824000	31150000	7574000	45000	1593646	0	1701955	0
1789823130.767051	43160224775	17497992375	181758751	6824000	31150000	7574000	42000	943541	0	1600188	0
1789823131.276372	43160780316	17498141789	181758751	6824000	31150000	7574000	42000	853626	0	2601444	0
1789823131.783601	43160936077	17498145634	181758751	6887000	31150000	7644000	41000	546322	0	1361216	0
1789823132.295112	43161175395	17498153019	181758751	6887000	31150000	7644000	41000	1053969	0	1553328	0
1789823132.800934	43161325114	17498157597	181758751	6887000	31150000	7644000	41000	855018	0	1600224	0
1789823133.309961	43161614176	17498166752	181758751	6887000	31150000	7644000	41000	606343	0	1600000	0
1789823133.814947	43162701881	17498879824	181758751	6887000	31150000	7644000	43000	2293652	0	2448667	0
1789823134.326555	43167056850	17502461419	181758751	6887000	31150000	7644000	43000	2082043	0	2200267	0
1789823134.831810	43170778154	17505587570	181758751	6889000	31140000	7646000	45000	2240182	0	2329206	0
1789823135.340009	43174629707	17508758522	181758751	6889000	31140000	7646000	45000	2186831	0	2400243	0
1789823135.843982	43178359311	17511780548	181758751	6889000	31140000	7646000	45000	2208835	0	2300298	0
1789823136.353946	43182189441	17514930381	181758751	6889000	31140000	7646000	45000	2169985	0	2300312	0
1789823136.860914	43185960793	17518102004	181758751	6828000	31140000	7579000	45000	2199722	0	2300274	0
1789823137.367572	43189573516	17521089301	181758751	6828000	31140000	7579000	45000	1972711	0	3100031	0
1789823137.871923	43190463284	17521652898	181758751	6828000	31140000	7579000	41000	688822	0	1563594	0
1789823138.381021	43190953700	17521821477	181758751	6828000	31140000	7579000	41000	650591	0	1425840	0
1789823138.887177	43191297083	17521833378	181758751	6876000	31130000	7632000	41000	668331	0	1549497	0
1789823139.396174	43191474207	17521841252	181758751	6876000	31130000	7632000	41000	770588	0	1434526	0
1789823139.902434	43191660669	17521854558	181758751	6876000	31130000	7632000	41000	522274	0	1192754	0
1789823140.412527	43191836205	17521862187	181758751	6876000	31130000	7632000	41000	624055	0	1374727	0
1789823140.918572	43192927450	17522461429	181758751	6886000	31130000	7643000	45000	1245619	0	2965512	0
1789823141.425939	43194392595	17523409302	181758751	6886000	31130000	7643000	45000	971299	0	2882276	0
1789823141.929667	43195715285	17524275938	181758751	6886000	31130000	7643000	45000	959580	0	3020419	0
1789823142.437005	43197062938	17525161434	181758751	6886000	31130000	7643000	45000	916476	0	3048200	0
1789823142.940587	43198397590	17526044366	181758751	6866000	31120000	7621000	45000	1115912	0	3100000	0
1789823143.448850	43199758548	17526947867	181758751	6866000	31120000	7621000	45000	963988	0	3100031	0
1789823143.952998	43201133972	17527868275	181758751	6866000	31120000	7621000	45000	1147970	0	3012406	0
1789823144.459834	43203170832	17529194810	181758751	6866000	31120000	7621000	45000	922833	0	2964478	0
1789823144.964422	43204541434	17530105452	181758751	6866000	31120000	7621000	45000	898523	0	3056239	0
1789823145.470974	43205923755	17531025371	181758751	6866000	31120000	7621000	45000	902394	0	3002362	0
1789823145.974972	43207380477	17531994668	181758751	6865000	31120000	7620000	46000	1146283	0	3013486	0
1789823146.481798	43208805522	17532896155	181758751	6865000	31120000	7620000	46000	1283874	0	3064092	0
1789823146.986037	43210191078	17533820774	181758751	6865000	31120000	7620000	45000	1008719	0	3087996	0
1789823147.494763	43211542332	17534716524	181758751	6865000	31120000	7620000	45000	831940	0	3045691	0
1789823147.999014	43212932221	17535614166	181758751	6868000	31120000	7623000	45000	1143229	0	2929158	0
1789823148.506728	43214321988	17536522061	181758751	6868000	31120000	7623000	45000	953249	0	2902405	0
1789823149.011357	43215665307	17537401088	181758751	6868000	31120000	7623000	46000	949385	0	2963315	0
1789823149.516825	43217054647	17538264916	181758751	6868000	31120000	7623000	46000	964085	0	3100000	0
1789823150.021014	43218479997	17539187582	181758751	6868000	31110000	7623000	45000	1001168	0	3099968	0
1789823150.527941	43219653517	17539909626	181758751	6868000	31110000	7623000	45000	789162	0	1696209	0
1789823151.033951	43220003492	17540011860	181758751	6868000	31110000	7623000	41000	890443	0	2450370	0
1789823151.542744	43220326123	17540102375	181758751	6868000	31110000	7623000	41000	876561	0	1599920	0
1789823152.049165	43220488537	17540107868	181758751	6888000	31110000	7645000	40000	653940	0	1448976	0
1789823152.559080	43220657360	17540114154	181758751	6888000	31110000	7645000	40000	811290	0	1577322	0
1789823153.064427	43220808238	17540119464	181758751	6888000	31110000	7645000	40000	1152878	0	1700846	0
1789823153.574421	43221247873	17540269855	181758751	6888000	31110000	7645000	40000	694722	0	1653471	0
1789823154.078861	43224366823	17542308485	181758751	6838000	31100000	7590000	52000	2174158	0	3100000	0
1789823154.586004	43227119318	17543776437	181758751	6838000	31100000	7590000	52000	954474	0	2900000	0
1789823155.090525	43229646595	17544816962	181758751	6838000	31100000	7590000	46000	1245582	0	3099968	0
1789823155.599226	43232196698	17546514345	181758751	6838000	31100000	7590000	46000	1092372	0	3099968	0
1789823156.103837	43234877904	17547855712	181758751	6838000	31100000	7590000	44000	1046327	0	2958840	0
1789823156.612038	43236466096	17548354856	181758751	6838000	31100000	7590000	44000	635825	0	1458288	0
1789823157.118299	43237006988	17548558224	181758751	6845000	31100000	7598000	40000	674868	0	1516191	0
1789823157.627986	43237176482	17548564694	181758751	6845000	31100000	7598000	40000	1024121	0	1500849	0
1789823158.133542	43237350310	17548570737	181758751	6845000	31100000	7598000	40000	556318	0	1500000	0
1789823158.643359	43237538847	17548577512	181758751	6845000	31100000	7598000	40000	969960	0	1467697	0
1789823159.150394	43237939603	17548601803	181758751	6889000	31090000	7647000	40000	753396	0	1500000	0
1789823159.660902	43238835475	17549121944	181758751	6889000	31090000	7647000	40000	1229931	0	3039585	0
1789823160.164477	43241268452	17550864798	181758812	6889000	31090000	7647000	50000	725931	0	3007448	0
1789823160.671007	43243383376	17552331225	181758812	6889000	31090000	7647000	50000	934112	0	3100031	0
1789823161.175407	43245449105	17553828719	181758812	6853000	31090000	7607000	49000	931160	0	2791606	0
1789823161.682036	43247468570	17555293742	181758812	6853000	31090000	7607000	49000	737496	0	3099968	0
1789823162.186031	43249325194	17556584388	181758812	6853000	31090000	7607000	50000	737496	0	3099968	0
1789823162.692257	43251319879	17558025852	181758812	6853000	31090000	7607000	50000	978529	0	3099968	0
1789823163.195713	43253345264	17559487213	181758812	6856000	31090000	7610000	50000	938855	0	3058444	0
1789823163.702784	43255356001	17560946315	181758812	6856000	31090000	7610000	50000	949413	0	3058877	0
1789823164.206016	43257698952	17562524803	181758812	6856000	31090000	7610000	42000	790007	0	1977332	0
1789823164.715971	43257929908	17562559287	181758812	6856000	31090000	7610000	42000	874478	0	1600166	0
1789823165.221401	43258486731	17562716208	181758812	6871000	31090000	7626000	40000	1230646	0	1590062	0
1789823165.732088	43258646642	17562722800	181758812	6871000	31090000	7626000	40000	676531	0	1599970	0
1789823166.237439	43258849828	17562729148	181758812	6871000	31080000	7626000	41000	993547	0	1439340	0
1789823166.746309	43259048558	17562737448	181758812	6871000	31080000	7626000	41000	676937	0	1514370	0
1789823167.252013	43259224949	17562750693	181758812	6871000	31080000	7626000	40000	703593	0	1600000	0
1789823167.761042	43259748690	17562931662	181758812	6871000	31080000	7626000	40000	1236339	0	1700351	0
1789823168.266056	43260023714	17562985067	181758812	6888000	31080000	7645000	40000	650113	0	1459408	0
1789823168.776657	43260206453	17562992392	181758812	6888000	31080000	7645000	40000	638552	0	1260110	0
1789823169.282477	43260504487	17563002707	181758812	6888000	31080000	7645000	40000	1095322	0	1500021	0
1789823169.793332	43260735077	17563017965	181758812	6888000	31080000	7645000	40000	542481	0	1252699	0
1789823170.299043	43260923919	17563026449	181758812	6882000	31080000	7639000	40000	727548	0	1542029	0
1789823170.808433	43261091460	17563033285	181758812	6882000	31080000	7639000	40000	645324	0	1437429	0
1789823171.314000	43261278105	17563044027	181758812	6882000	31080000	7639000	40000	772092	0	1600017	0
1789823171.823041	43261975613	17563242574	181758812	6882000	31080000	7639000	40000	627127	0	1461836	0
1789823172.328626	43262146389	17563250509	181758812	6884000	31070000	7641000	39000	721856	0	1564987	0
1789823172.838053	43262291164	17563255208	181758812	6884000	31070000	7641000	39000	522836	0	1382691	0
1789823173.343848	43262557216	17563293844	181759056	6884000	31070000	7641000	39000	822916	0	1540916	0
1789823173.852953	43263078943	17563493428	181759239	6884000	31070000	7641000	39000	955466	0	2060624	0
1789823174.357699	43263609459	17563671467	181759239	6884000	31070000	7641000	40000	541366	0	1530933	0
1789823174.867506	43263808555	17563681172	181759300	6884000	31070000	7641000	40000	654366	0	1434934	0
1789823175.373104	43264024192	17563695454	181759300	6884000	31070000	7641000	39000	678806	0	1568317	0
1789823175.883051	43264201194	17563705097	181759300	6884000	31070000	7641000	39000	664551	0	1494021	0
1789823176.388834	43264383993	17563715351	181759300	6891000	31070000	7649000	39000	603459	0	1524035	0
1789823176.900407	43264559713	17563724079	181759300	6891000	31070000	7649000	39000	651254	0	1410000	0
1789823177.405979	43264811238	17563730732	181759300	6891000	31070000	7649000	39000	640915	0	1433524	0
1789823177.915256	43265011860	17563746845	181759300	6891000	31070000	7649000	39000	602482	0	1346546	0
1789823178.420830	43265235859	17563755878	181759300	6891000	31070000	7649000	39000	676391	0	1565168	0
1789823178.930121	43265439716	17563766987	181759300	6891000	31070000	7649000	39000	658037	0	1435430	0
1789823179.436496	43265642108	17563777912	181759300	6889000	31070000	7646000	39000	659656	0	1542943	0
1789823179.946295	43265869890	17563796772	181759300	6889000	31070000	7646000	39000	562500	0	1347748	0
1789823180.451787	43266058977	17563806232	181759300	6889000	31070000	7646000	39000	750884	0	1360469	0
1789823180.962189	43266219072	17563813190	181759300	6889000	31070000	7646000	39000	629724	0	1425798	0
1789823181.468575	43266555985	17563827289	181759300	6889000	31060000	7646000	39000	659555	0	1458360	0
1789823181.979080	43266766311	17563838459	181759300	6889000	31060000	7646000	39000	1021596	0	1467933	0
1789823182.485478	43266951797	17563847675	181759300	6889000	31060000	7646000	39000	757496	0	1446240	0
1789823182.996316	43267231825	17563858478	181759300	6889000	31060000	7646000	39000	665298	0	1500000	0
1789823183.503921	43268928598	17564526262	181759300	6891000	31060000	7649000	43000	1979612	0	2000272	0
1789823184.012945	43274148922	17567372019	181759300	6891000	31060000	7649000	43000	1407357	0	1500000	0
1789823184.518955	43278567978	17569745792	181759300	6891000	31060000	7649000	43000	1316479	0	1500015	0
1789823185.030951	43283207493	17572068174	181759300	6891000	31060000	7649000	43000	1296703	0	1434010	0
1789823185.535949	43287812217	17574382682	181759300	6810000	31060000	7559000	43000	1369160	0	1499984	0
1789823186.044637	43292308299	17576659349	181759300	6810000	31060000	7559000	43000	1457055	0	1500228	0
1789823186.550328	43296615051	17578770855	181759300	6810000	31060000	7559000	44000	1335700	0	1799880	0
1789823187.059667	43301151477	17581088171	181759300	6810000	31060000	7559000	44000	1373387	0	1800436	0
1789823187.564016	43304948953	17582850373	181759300	6808000	31050000	7557000	43000	1945076	0	2300597	0
1789823188.073072	43310436183	17585683007	181759300	6808000	31050000	7557000	43000	1538422	0	1600016	0
1789823188.579914	43314954787	17588123614	181759300	6808000	31050000	7557000	44000	1393338	0	1525549	0
1789823189.092067	43319573488	17590536999	181759300	6808000	31050000	7557000	44000	1545253	0	1600000	0
1789823189.596989	43324100332	17592900091	181759300	6808000	31050000	7557000	44000	1325594	0	1500000	0
1789823190.108087	43328673868	17595191650	181759300	6808000	31050000	7557000	44000	1270196	0	1499984	0
1789823190.613900	43332915007	17597297052	181759300	6806000	31040000	7554000	45000	1317478	0	1800138	0
1789823191.122140	43337453508	17599668201	181759300	6806000	31040000	7554000	45000	1184123	0	1800262	0
1789823191.626873	43341488105	17601524825	181759300	6806000	31040000	7554000	43000	1534593	0	2453817	0
1789823192.136723	43341999578	17601689009	181759300	6806000	31040000	7554000	43000	703630	0	1628820	0
1789823192.645008	43342367497	17601797346	181759300	6867000	31030000	7622000	41000	698785	0	1600217	0
1789823193.155941	43342536198	17601803205	181759300	6867000	31030000	7622000	41000	825217	0	1600225	0
1789823193.663914	43342699467	17601807234	181759300	6867000	31030000	7622000	40000	647835	0	1555400	0
1789823194.175825	43343337649	17602009931	181759300	6867000	31030000	7622000	40000	1109780	0	1700184	0
1789823194.682742	43343554445	17602031415	181759300	6875000	31030000	7631000	41000	1542416	0	1600000	0
1789823195.193924	43348515004	17606240206	181759300	6875000	31030000	7631000	41000	1895194	0	2197078	0
1789823195.698901	43353110451	17610102928	181759300	6875000	31030000	7631000	46000	1893584	0	2196792	0
1789823196.208712	43357750881	17614009473	181759300	6875000	31030000	7631000	46000	1896543	0	2197225	0
1789823196.716069	43362052200	17617609012	181759300	6802000	31020000	7550000	45000	2185878	0	2992044	0
1789823197.224375	43362908888	17617966799	181759300	6802000	31020000	7550000	45000	858354	0	1700017	0
1789823197.731140	43363432141	17618153810	181759300	6802000	31020000	7550000	41000	687872	0	1636541	0
1789823198.239940	43363577465	17618159426	181759300	6802000	31020000	7550000	41000	1229920	0	1600859	0
1789823198.744534	43363796581	17618164614	181759300	6883000	31010000	7640000	41000	952083	0	1417937	0
1789823199.253976	43363985972	17618173220	181759300	6883000	31010000	7640000	41000	639735	0	1531633	0
1789823199.761398	43364258494	17618178224	181759300	6883000	31010000	7640000	40000	570749	0	1525224	0
1789823200.271932	43367851807	17621112421	181759300	6883000	31010000	7640000	40000	2483681	0	2784470	0
1789823200.775828	43372416615	17625029037	181759300	6883000	31010000	7640000	46000	2450673	0	2608775	0
1789823201.284441	43376933510	17628941136	181759300	6883000	31010000	7640000	46000	2535548	0	2845727	0
1789823201.788556	43380909391	17632171658	181759300	6809000	31010000	7558000	51000	2407595	0	2700000	0
1789823202.300916	43385519486	17636173296	181759300	6809000	31010000	7558000	51000	2488547	0	2671665	0
1789823202.804895	43390052007	17640047370	181759300	6809000	31010000	7558000	47000	2437702	0	2535914	0
1789823203.311007	43394480157	17643828672	181759300	6809000	31010000	7558000	47000	2050436	0	3100031	0
1789823203.815490	43395141227	17644121029	181759300	6802000	31000000	7550000	42000	1061675	0	1665570	0
1789823204.326558	43395882985	17644417720	181759300	6802000	31000000	7550000	42000	739329	0	1500000	0
1789823204.832159	43396043080	17644422054	181759300	6802000	31000000	7550000	41000	1157682	0	1600075	0
1789823205.342402	43396391651	17644431209	181759300	6802000	31000000	7550000	41000	871733	0	1541002	0
1789823205.849149	43396528247	17644434444	181759300	6880000	31000000	7636000	41000	1154146	0	1416872	0
1789823206.361448	43396732776	17644447200	181759300	6880000	31000000	7636000	41000	924742	0	1508401	0
1789823206.867886	43398019516	17645247125	181759300	6880000	31000000	7636000	43000	1250654	0	3100000	0
1789823207.375760	43399745890	17646371512	181759300	6880000	31000000	7636000	43000	1084868	0	2892264	0
1789823207.880269	43401128577	17647284595	181759300	6863000	30990000	7618000	43000	1228512	0	3058941	0
1789823208.388851	43402525119	17648212388	181759300	6863000	30990000	7618000	43000	1307245	0	3016845	0
1789823208.893446	43403941314	17649165633	181759300	6863000	30990000	7618000	43000	1256539	0	2843009	0
1789823209.401749	43405381862	17650131512	181759300	6863000	30990000	7618000	43000	1021107	0	2949604	0
1789823209.906173	43406892845	17651175271	181759300	6860000	30990000	7614000	48000	1314897	0	3099968	0
1789823210.413683	43408538409	17652222937	181759300	6860000	30990000	7614000	48000	1182185	0	2978538	0
1789823210.918953	43410007095	17653234592	181759300	6860000	30990000	7614000	46000	1067878	0	3100031	0
1789823211.426467	43411389232	17654148469	181759300	6860000	30990000	7614000	46000	1272405	0	2920810	0
1789823211.931838	43412876411	17655172087	181759300	6860000	30990000	7614000	44000	1288281	0	3100000	0
1789823212.439954	43414293949	17656120266	181759300	6860000	30990000	7614000	44000	1046592	0	3056149	0
1789823212.944949	43415761719	17657121057	181759300	6864000	30980000	7619000	44000	1661210	0	3002120	0
1789823213.453991	43417169613	17658061423	181759300	6864000	30980000	7619000	44000	1071223	0	3099968	0
1789823213.957704	43418508721	17658947773	181759300	6864000	30980000	7619000	43000	1455218	0	3044254	0
1789823214.465728	43420461536	17660149675	181759300	6864000	30980000	7619000	43000	1241982	0	3099968	0
1789823214.970030	43421890914	17661104811	181759300	6862000	30980000	7617000	44000	1413420	0	3099968	0
1789823215.477943	43423379680	17662106579	181759300	6862000	30980000	7617000	44000	1018455	0	3099968	0
1789823215.984027	43424808143	17663050851	181759300	6862000	30980000	7617000	44000	1240697	0	3015957	0
1789823216.491891	43425656896	17663511421	181759300	6862000	30980000	7617000	44000	1217651	0	1700022	0
1789823216.997774	43426170994	17663695869	181759300	6873000	30980000	7629000	41000	989611	0	1499969	0
1789823217.508469	43426490756	17663707771	181759300	6873000	30980000	7629000	41000	776167	0	1370249	0
1789823218.014474	43426643161	17663712166	181759300	6873000	30980000	7629000	41000	896011	0	1535070	0
1789823218.523482	43426832247	17663721260	181759300	6873000	30980000	7629000	41000	787370	0	1600000	0
1789823219.029306	43426994356	17663730476	181759300	6886000	30970000	7643000	40000	661782	0	1452933	0
1789823219.539151	43428446623	17664630315	181759300	6886000	30970000	7643000	40000	1172098	0	3100000	0
1789823220.045010	43431407858	17666572205	181759300	6886000	30970000	7643000	47000	1254998	0	3000030	0
1789823220.553812	43434214003	17667765012	181759300	6886000	30970000	7643000	47000	920101	0	2399963	0
1789823221.059055	43436370553	17668938593	181759300	6861000	30970000	7615000	50000	2090254	0	3100000	0
1789823221.566550	43439082887	17670603933	181759300	6861000	30970000	7615000	50000	948192	0	2936969	0
1789823222.070892	43441766352	17671638110	181759300	6861000	30970000	7615000	45000	945418	0	2648905	0
1789823222.579582	43442612236	17671870836	181759300	6861000	30970000	7615000	45000	706076	0	1694213	0
1789823223.084830	43442951651	17671977586	181759300	6861000	30970000	7615000	41000	771483	0	1443007	0
1789823223.593278	43443140372	17671985582	181759300	6861000	30970000	7615000	41000	654537	0	1420497	0
1789823224.099065	43443493581	17672090257	181759300	6886000	30960000	7643000	41000	1236280	0	2200287	0
1789823224.608799	43443844166	17672158189	181759300	6886000	30960000	7643000	41000	993783	0	1500098	0
1789823225.115134	43444016163	17672164720	181759300	6886000	30960000	7643000	40000	932024	0	1536132	0
1789823225.624749	43445942366	17673473310	181759300	6886000	30960000	7643000	40000	1116864	0	3100031	0
1789823226.128796	43448133401	17675063699	181759300	6863000	30960000	7618000	49000	1441341	0	3100031	0
1789823226.635983	43450280429	17676598790	181759300	6863000	30960000	7618000	49000	1060955	0	3100000	0
1789823227.140834	43452388700	17678138825	181759300	6863000	30960000	7618000	50000	1284620	0	3100000	0
1789823227.649720	43454265160	17679443693	181759300	6863000	30960000	7618000	50000	646447	0	2371581	0
1789823228.154146	43456230365	17680848901	181759300	6850000	30960000	7603000	50000	938773	0	3028616	0
1789823228.660389	43458216505	17682280416	181759300	6850000	30960000	7603000	50000	774226	0	2944235	0
1789823229.163955	43460206917	17683720598	181759300	6850000	30960000	7603000	50000	1142437	0	3100031	0
1789823229.671225	43462185001	17685147841	181759300	6850000	30960000	7603000	50000	923128	0	2921672	0
1789823230.175211	43463649474	17686110424	181759300	6853000	30950000	7607000	42000	832857	0	1700711	0
1789823230.683039	43464195310	17686300731	181759300	6853000	30950000	7607000	42000	916769	0	1950101	0
1789823231.188928	43464341245	17686305675	181759300	6853000	30950000	7607000	40000	649503	0	1426971	0
1789823231.696980	43464506955	17686312816	181759300	6853000	30950000	7607000	40000	669480	0	1557642	0
1789823232.202379	43464747555	17686317454	181759300	6886000	30950000	7643000	41000	676055	0	1546426	0
1789823232.712984	43464920162	17686323985	181759300	6886000	30950000	7643000	41000	642115	0	1522023	0
1789823233.219350	43465124996	17686340159	181759300	6886000	30950000	7643000	40000	701480	0	1572731	0
1789823233.727885	43465659662	17686493784	181759300	6886000	30950000	7643000	40000	664707	0	1504271	0
1789823234.233309	43466286125	17686687693	181759300	6886000	30950000	7643000	41000	697418	0	1600000	0
1789823234.742878	43466464592	17686695200	181759300	6886000	30950000	7643000	41000	767062	0	1435895	0
1789823235.248083	43466635490	17686700144	181759300	6865000	30950000	7620000	40000	976399	0	1700156	0
1789823235.759426	43466847892	17686707285	181759300	6865000	30950000	7620000	40000	936609	0	1500044	0
1789823236.265492	43467022024	17686712839	181759300	6865000	30950000	7620000	40000	665827	0	1503090	0
1789823236.778066	43467192312	17686719614	181759300	6865000	30950000	7620000	40000	758763	0	1500000	0
1789823237.284056	43467408620	17686731150	181759300	6884000	30940000	7641000	40000	1372611	0	1600788	0
1789823237.797369	43468016651	17686947580	181759300	6884000	30940000	7641000	40000	576950	0	1438938	0
1789823238.303550	43468193103	17686953988	181759300	6884000	30940000	7641000	40000	1030469	0	1569297	0
1789823238.812279	43468364306	17686961129	181759300	6884000	30940000	7641000	40000	1027248	0	1500019	0
1789823239.317571	43468564989	17686976327	181759300	6885000	30940000	7642000	40000	694412	0	1600000	0
1789823239.827479	43468741625	17686984262	181759300	6885000	30940000	7642000	40000	654580	0	1536817	0
1789823240.335312	43468903672	17686988961	181759300	6885000	30940000	7642000	39000	566805	0	1599965	0
1789823240.845418	43469084824	17686996652	181759300	6885000	30940000	7642000	39000	497657	0	837290	0
1789823241.351891	43469410263	17687053109	181759422	6889000	30940000	7647000	39000	866951	0	1561571	0
1789823241.861420	43469898726	17687215401	181759422	6889000	30940000	7647000	39000	774720	0	1500000	0
1789823242.368019	43470083967	17687224557	181759422	6889000	30940000	7647000	39000	684448	0	1424347	0
1789823242.879450	43470363019	17687235604	181759483	6889000	30940000	7647000	39000	1024569	0	1417546	0
1789823243.384930	43470517011	17687239876	181759483	6889000	30940000	7646000	39000	647607	0	1461413	0
1789823243.894086	43470729290	17687249947	181759483	6889000	30940000	7646000	39000	650792	0	1500000	0
1789823244.400281	43471282878	17687431038	181759483	6889000	30940000	7646000	39000	905264	0	1600097	0
1789823244.910579	43471518412	17687443611	181759483	6889000	30940000	7646000	39000	637122	0	1421960	0
1789823245.417175	43471758096	17687459358	181759483	6889000	30940000	7646000	39000	1138096	0	1399571	0
1789823245.926104	43472009011	17687469368	181759483	6889000	30940000	7646000	39000	853913	0	1390650	0
1789823246.432423	43472204384	17687476265	181759483	6889000	30930000	7646000	39000	981365	0	1524773	0
1789823246.943680	43472402504	17687484566	181759483	6889000	30930000	7646000	39000	647089	0	1477336	0
1789823247.449297	43472631873	17687494331	181759483	6889000	30930000	7646000	39000	822572	0	1800909	0
1789823247.959242	43473006201	17687588874	181759483	6889000	30930000	7646000	39000	502649	0	833242	0
1789823248.465518	43473257543	17687599128	181759483	6887000	30930000	7644000	39000	666811	0	1599979	0
1789823248.976365	43473513585	17687630378	181759483	6887000	30930000	7644000	39000	695207	0	1434451	0
1789823249.482060	43473714085	17687640388	181759483	6887000	30930000	7644000	39000	1074539	0	1532686	0
1789823249.992146	43473880283	17687648078	181759483	6887000	30930000	7644000	39000	715135	0	1388037	0
1789823250.498473	43474088535	17687662727	181759483	6889000	30930000	7646000	39000	684623	0	1551651	0
1789823251.008146	43474327059	17687682075	181759483	6889000	30930000	7646000	39000	774338	0	1535714	0
1789823251.515115	43477599939	17689298526	181759483	6889000	30930000	7646000	42000	1043245	0	1200012	0
1789823252.026066	43480897599	17691100462	181759483	6889000	30930000	7646000	42000	1141709	0	1299986	0
1789823252.533976	43484172676	17692909784	181759483	6832000	30920000	7583000	42000	1168848	0	1385027	0
1789823253.045593	43487495422	17694689076	181759483	6832000	30920000	7583000	42000	933079	0	1172521	0
1789823253.551545	43490762869	17696344101	181759483	6832000	30920000	7583000	42000	1075905	0	1300013	0
1789823254.063980	43494070905	17698098674	181759483	6832000	30920000	7583000	42000	1145604	0	1399985	0
1789823254.568989	43497337499	17699870764	181759483	6833000	30920000	7584000	43000	1280744	0	1500000	0
1789823255.079850	43500636990	17701662752	181759483	6833000	30920000	7584000	43000	1200950	0	1500000	0
1789823255.586362	43503845966	17703399015	181759483	6833000	30920000	7584000	43000	1041771	0	1489761	0
1789823256.098089	43507159068	17705129662	181759483	6833000	30920000	7584000	43000	1089354	0	1657481	0
1789823256.603490	43510358278	17706666767	181759483	6833000	30920000	7584000	42000	747852	0	1546267	0
1789823257.113039	43513601007	17708134415	181759483	6833000	30920000	7584000	42000	1733968	0	2000196	0
1789823257.618061	43517001206	17710005199	181759483	6831000	30910000	7582000	43000	1094214	0	1300000	0
1789823258.130980	43520310096	17711820990	181759483	6831000	30910000	7582000	43000	1116361	0	1300000	0
1789823258.635985	43523580229	17713604067	181759483	6831000	30910000	7582000	43000	1183637	0	1400000	0
1789823259.148940	43526897237	17715353940	181759483	6831000	30910000	7582000	43000	1187179	0	1399985	0
1789823259.655065	43530174634	17717135735	181759483	6832000	30900000	7583000	43000	1136333	0	1300000	0
1789823260.165976	43533472843	17718904468	181759483	6832000	30900000	7583000	43000	1188404	0	1500000	0
1789823260.672330	43536748469	17720681136	181759483	6832000	30900000	7583000	44000	1170413	0	1499984	0
1789823261.183809	43540047472	17722470438	181759483	6832000	30900000	7583000	44000	1175331	0	1569644	0
1789823261.691902	43543264200	17724248143	181759483	6831000	30900000	7582000	44000	1001944	0	1700257	0
1789823262.200587	43546193269	17725605989	181759483	6831000	30900000	7582000	44000	1098139	0	2100432	0
1789823262.706112	43547924039	17726263153	181759483	6831000	30900000	7582000	41000	703145	0	1700193	0
1789823263.218950	43548442653	17726432098	181759483	6831000	30900000	7582000	41000	978476	0	1704625	0
1789823263.726201	43548711268	17726437957	181759483	6870000	30890000	7625000	40000	681063	0	1548313	0
1789823264.238909	43549275720	17726623198	181759483	6870000	30890000	7625000	40000	907872	0	1618655	0
1789823264.747798	43549661400	17726629912	181759483	6870000	30890000	7625000	40000	682439	0	1659237	0
1789823265.259994	43549848900	17726637114	181759483	6870000	30890000	7625000	40000	1105231	0	1525504	0
1789823265.767921	43552205644	17728520776	181759483	6884000	30890000	7641000	45000	1899361	0	2198734	0
1789823266.276861	43555808296	17731438433	181759483	6884000	30890000	7641000	45000	1397413	0	1600016	0
1789823266.782500	43559082336	17734054759	181759483	6884000	30890000	7641000	44000	1400038	0	1600016	0
1789823267.292944	43562382010	17736693546	181759483	6884000	30890000	7641000	44000	1395719	0	1600016	0
1789823267.796829	43565640546	17739301816	181759483	6884000	30890000	7641000	45000	1348152	0	1500000	0
1789823268.307091	43568454931	17741494559	181759483	6884000	30890000	7641000	45000	1478478	0	2205005	0
1789823268.812499	43569253757	17741834890	181759483	6827000	30880000	7578000	41000	712543	0	1700329	0
1789823269.325525	43569624606	17741938955	181759483	6827000	30880000	7578000	41000	712520	0	1700000	0
1789823269.833535	43569785067	17741943227	181759483	6827000	30880000	7578000	40000	682731	0	1600147	0
1789823270.346651	43570078584	17741948049	181759483	6827000	30880000	7578000	40000	676402	0	1511083	0
1789823270.854942	43570254060	17741952810	181759483	6867000	30880000	7622000	40000	659514	0	1575776	0
1789823271.367789	43570471955	17741959890	181759483	6867000	30880000	7622000	40000	788564	0	1539916	0
1789823271.875980	43573976035	17744822554	181759483	6867000	30880000	7622000	43000	2038624	0	2200283	0
1789823272.385928	43577310805	17747519446	181759483	6867000	30880000	7622000	43000	1922075	0	2200266	0
1789823272.891937	43580573675	17750186859	181759483	6827000	30870000	7578000	43000	1989964	0	2300309	0
1789823273.400770	43583632261	17752651269	181759483	6827000	30870000	7578000	43000	1431115	0	3100000	0
1789823273.905948	43587093983	17755369280	181759483	6827000	30870000	7578000	45000	2003969	0	2300345	0
1789823274.415925	43590485759	17758052927	181759483	6827000	30870000	7578000	45000	1982710	0	2300374	0
1789823274.919946	43593653475	17760623600	181759483	6823000	30860000	7573000	44000	2004075	0	2300360	0
1789823275.427017	43596851221	17763200863	181759483	6823000	30860000	7573000	44000	1984019	0	3214599	0
1789823275.931291	43598412984	17764321344	181759483	6823000	30860000	7573000	42000	737546	0	1800348	0
1789823276.445812	43598878071	17764476922	181759483	6823000	30860000	7573000	42000	1285552	0	1690596	0
1789823276.953014	43599040119	17764481317	181759483	6881000	30860000	7638000	41000	810054	0	1700231	0
1789823277.466065	43599219074	17764486627	181759483	6881000	30860000	7638000	41000	690977	0	1600177	0
1789823277.974000	43599366412	17764489862	181759483	6881000	30860000	7638000	40000	896867	0	1700246	0
1789823278.485220	43599527239	17764495599	181759483	6881000	30860000	7638000	40000	849033	0	1600204	0
1789823278.991056	43600383805	17764910210	181759483	6881000	30860000	7638000	45000	1672267	0	3100000	0
1789823279.499403	43602130626	17766082875	181759483	6881000	30860000	7638000	45000	1401756	0	3100000	0
1789823280.005834	43603505440	17766987658	181759483	6875000	30860000	7631000	43000	1704588	0	3018121	0
1789823280.515221	43604892216	17767908066	181759605	6875000	30860000	7631000	43000	1193501	0	3063043	0
1789823281.021074	43606376648	17768855817	181759605	6875000	30860000	7631000	45000	1403692	0	2937611	0
1789823281.530458	43607802304	17769813517	181759605	6875000	30860000	7631000	45000	1187931	0	2966701	0
1789823282.036786	43609236382	17770781349	181759605	6861000	30850000	7615000	43000	1407515	0	3020695	0
1789823282.546124	43610895252	17771938024	181759605	6861000	30850000	7615000	43000	1221906	0	3041254	0
1789823283.053507	43612336472	17772912509	181759605	6861000	30850000	7615000	43000	1217015	0	3042019	0
1789823283.565946	43613765667	17773875214	181759605	6861000	30850000	7615000	43000	1187516	0	2943534	0
1789823284.074276	43615442299	17774967557	181759605	6858000	30850000	7612000	43000	1967120	0	2940617	0
1789823284.582237	43617058383	17776009669	181759605	6858000	30850000	7612000	43000	1012608	0	3100031	0
1789823285.088912	43618613433	17777078269	181759605	6858000	30850000	7612000	43000	1201349	0	3099968	0
1789823285.600102	43620032192	17778026936	181759605	6858000	30850000	7612000	43000	987355	0	3100000	0
1789823286.107878	43621422752	17778954851	181759605	6864000	30840000	7619000	43000	1419747	0	3007220	0
1789823286.619706	43622915851	17779904434	181759605	6864000	30840000	7619000	43000	970462	0	3100000	0
1789823287.126189	43624335281	17780844556	181759605	6864000	30840000	7619000	45000	1261078	0	3084937	0
1789823287.635435	43625716198	17781762950	181759605	6864000	30840000	7619000	45000	1432333	0	3037000	0
1789823288.140702	43627116890	17782704903	181759605	6862000	30840000	7616000	43000	1301542	0	3100000	0
1789823288.649692	43628359929	17783489630	181759605	6862000	30840000	7616000	43000	840299	0	1800252	0
1789823289.154996	43628719181	17783584417	181759605	6862000	30840000	7616000	42000	1059684	0	1605722	0
1789823289.663246	43629054630	17783680486	181759605	6862000	30840000	7616000	42000	740121	0	1600260	0
1789823290.169510	43629241092	17783687078	181759605	6862000	30840000	7616000	40000	746847	0	1420261	0
1789823290.681050	43629632631	17783695684	181759605	6862000	30840000	7616000	40000	756565	0	1500000	0
1789823291.187553	43630035218	17783703374	181759605	6884000	30840000	7641000	40000	822993	0	1432793	0
1789823291.696973	43630561096	17783810613	181759605	6884000	30840000	7641000	40000	607546	0	1344125	0
1789823292.202332	43633218254	17785462891	181759605	6884000	30840000	7641000	51000	977149	0	3047344	0
1789823292.708655	43635842881	17786928403	181759605	6884000	30840000	7641000	51000	853506	0	2544470	0
1789823293.213115	43638239360	17787835200	181759605	6837000	30840000	7589000	49000	718936	0	2951494	0
1789823293.719547	43640708775	17789483694	181759605	6837000	30840000	7589000	49000	894229	0	3100000	0
1789823294.224120	43643690701	17791067186	181759605	6837000	30840000	7589000	47000	707983	0	2863870	0
1789823294.731092	43645644553	17791689987	181759605	6837000	30840000	7589000	47000	1204011	0	1779281	0
1789823295.237337	43646459065	17792001205	181761131	6838000	30830000	7590000	41000	628852	0	1500000	0
1789823295.747421	43646855426	17792012069	181761131	6838000	30830000	7590000	41000	652240	0	1500033	0
1789823296.253389	43647220843	17792017379	181761131	6838000	30830000	7590000	40000	571196	0	1598119	0
1789823296.763815	43647618181	17792031539	181761131	6838000	30830000	7590000	40000	734265	0	1344513	0
1789823297.268456	43648032669	17792037093	181761131	6880000	30820000	7636000	40000	558422	0	1400000	0
1789823297.778382	43648696547	17792262679	181761131	6880000	30820000	7636000	40000	736160	0	3089282	0
1789823298.282001	43650966927	17793878397	181761131	6880000	30820000	7636000	49000	961880	0	2855809	0
1789823298.788949	43652998111	17795350439	181761131	6880000	30820000	7636000	49000	720651	0	2965211	0
1789823299.292968	43655062437	17796821993	181761131	6851000	30820000	7604000	50000	972128	0	2957504	0
1789823299.799844	43657134941	17798282439	181761131	6851000	30820000	7604000	50000	781415	0	3100000	0
1789823300.303939	43659234667	17799775477	181762596	6851000	30820000	7604000	49000	1513635	0	3100000	0
1789823300.810870	43661384808	17801333884	181762596	6851000	30820000	7604000	49000	1189951	0	3100000	0
1789823301.315052	43663501746	17802875872	181762596	6851000	30820000	7604000	49000	1584672	0	3100000	0
1789823301.823864	43665619172	17804426405	181762596	6851000	30820000	7604000	49000	1121370	0	3100000	0
1789823302.329996	43667699306	17805945871	181762596	6847000	30820000	7600000	49000	1215691	0	2774101	0
1789823302.840505	43668047816	17806001291	181762596	6847000	30820000	7600000	49000	790964	0	1500000	0
1789823303.345941	43668616723	17806170724	181762596	6847000	30820000	7600000	40000	1158867	0	1580186	0
1789823303.857576	43668836693	17806180978	181762596	6847000	30820000	7600000	40000	578167	0	1421386	0
1789823304.363533	43669418662	17806374398	181762596	6877000	30810000	7633000	40000	1098833	0	1458115	0
1789823304.873052	43669601523	17806382699	181762596	6877000	30810000	7633000	40000	1002712	0	1500016	0
1789823305.379352	43669884908	17806405038	181762596	6877000	30810000	7633000	40000	869153	0	1548227	0
1789823305.888950	43670307210	17806510506	181762596	6877000	30810000	7633000	40000	1516859	0	2600657	0
1789823306.395352	43670609089	17806560494	181762596	6881000	30810000	7638000	40000	1179646	0	1542867	0
1789823306.906089	43670802753	17806568367	181762596	6881000	30810000	7638000	40000	660729	0	1500035	0
1789823307.412303	43670987139	17806576302	181762596	6881000	30810000	7638000	40000	993845	0	1412094	0
1789823307.922733	43671300005	17806587227	181762596	6881000	30810000	7638000	40000	891914	0	1470008	0
1789823308.428339	43671515703	17806594795	181762596	6881000	30810000	7638000	40000	559148	0	1500000	0
1789823308.938373	43671808793	17806620918	181762596	6881000	30810000	7638000	40000	643218	0	1378090	0
1789823309.443204	43672090042	17806635567	181762596	6881000	30810000	7638000	40000	949543	0	1557297	0
1789823309.952958	43672667982	17806833076	181762596	6881000	30810000	7638000	40000	795805	0	1600016	0
1789823310.458486	43672874159	17806849922	181762596	6880000	30800000	7636000	40000	603110	0	1457906	0
1789823310.969201	43673157178	17806864326	181762596	6880000	30800000	7636000	40000	630244	0	1404040	0
1789823311.476477	43673403454	17806877448	181762596	6880000	30800000	7636000	39000	1023867	0	1600023	0
1789823311.985978	43673710338	17806892707	181762596	6880000	30800000	7636000	39000	572465	0	1460690	0
1789823312.492525	43673878978	17806897163	181762596	6880000	30800000	7636000	39000	553864	0	1432660	0
1789823313.003787	43674184092	17806917487	181762596	6880000	30800000	7636000	39000	623903	0	1443430	0
1789823313.510492	43674588998	17806960639	181764976	6884000	30800000	7641000	39000	580247	0	1546007	0
1789823314.018961	43674957771	17807022346	181766380	6884000	30800000	7641000	39000	1659640	0	1902604	0
1789823314.524062	43675574896	17807287726	181766380	6884000	30800000	7641000	39000	683465	0	1600023	0
1789823315.033836	43675884710	17807307257	181766380	6884000	30800000	7641000	39000	621882	0	1408598	0
1789823315.540056	43676079106	17807314886	181766380	6880000	30800000	7637000	39000	1073075	0	1600026	0
1789823316.048443	43676283818	17807329840	181766380	6880000	30800000	7637000	39000	644015	0	1442538	0
1789823316.555131	43676473454	17807337835	181766441	6880000	30800000	7637000	39000	973197	0	1553576	0
1789823317.064965	43676722720	17807353460	181766441	6880000	30800000	7637000	39000	886569	0	1456021	0
1789823317.570118	43676904422	17807364874	181766441	6883000	30800000	7640000	39000	585904	0	1500000	0
1789823318.080405	43677198183	17807381170	181766441	6883000	30800000	7640000	39000	753657	0	1500368	0
1789823318.586336	43677421876	17807388556	181766441	6883000	30800000	7640000	39000	575000	0	1453596	0
1789823319.096533	43677874512	17807405645	181766441	6883000	30800000	7640000	39000	762735	0	1483136	0
1789823319.602180	43678068725	17807412909	181766441	6879000	30790000	7635000	39000	1034683	0	1500000	0
1789823320.112255	43678298949	17807428961	181766441	6879000	30790000	7635000	39000	712610	0	1500000	0
1789823320.618058	43678495665	17807435125	181766441	6879000	30790000	7635000	39000	1188065	0	1586799	0
1789823321.128580	43678734800	17807450323	181766441	6879000	30790000	7635000	39000	721155	0	1432968	0
1789823321.634603	43678954526	17807457891	181766441	6882000	30790000	7639000	39000	678650	0	1548224	0
1789823322.144008	43679339291	17807474127	181766502	6882000	30790000	7639000	39000	858038	0	1600000	0
1789823322.649051	43679519100	17807480901	181766502	6882000	30790000	7639000	39000	661154	0	1534277	0
1789823323.159400	43679883296	17807509893	181766563	6882000	30790000	7639000	39000	566772	0	1366066	0
1789823323.665920	43681535941	17808125248	181766563	6882000	30790000	7639000	43000	2188978	0	2399975	0
1789823324.175946	43687051124	17811271907	181766563	6882000	30790000	7639000	43000	1797240	0	1900270	0
1789823324.680722	43692079737	17814015248	181766563	6888000	30790000	7645000	44000	1792600	0	1900266	0
1789823325.188982	43697144177	17816764935	181766563	6888000	30790000	7645000	44000	1586559	0	1900255	0
1789823325.693969	43702215026	17819378881	181766563	6888000	30790000	7645000	44000	1603626	0	1700217	0
1789823326.205958	43707288072	17821990996	181766563	6888000	30790000	7645000	44000	1720014	0	1800311	0
1789823326.710611	43712316807	17824634361	181766563	6798000	30780000	7545000	45000	1431640	0	1900240	0
1789823327.218796	43717230002	17827148210	181766563	6798000	30780000	7545000	45000	1474241	0	2606409	0
1789823327.725983	43722207101	17829536814	181766563	6798000	30780000	7545000	45000	1633604	0	1700198	0
1789823328.236945	43727291927	17832255435	181766563	6798000	30780000	7545000	45000	1678649	0	1800170	0
1789823328.743059	43732315046	17835010799	181766563	6790000	30770000	7537000	45000	1756626	0	1801182	0
1789823329.250976	43737408661	17837692372	181766563	6790000	30770000	7537000	45000	1637237	0	1700224	0
1789823329.758614	43742470294	17840295637	181766563	6790000	30770000	7537000	45000	1618789	0	1700167	0
1789823330.268539	43747554631	17842832312	181766563	6790000	30770000	7537000	45000	1637886	0	1700234	0
1789823330.776198	43752554069	17845413361	181766563	6792000	30760000	7539000	45000	1727058	0	2039459	0
1789823331.285015	43755588607	17846825649	181766563	6792000	30760000	7539000	45000	822905	0	1700050	0
1789823331.793471	43756009383	17846865261	181766563	6792000	30760000	7539000	41000	1589414	0	2201838	0
1789823332.301672	43756401044	17846959438	181766563	6792000	30760000	7539000	41000	718359	0	1520834	0
1789823332.806129	43756588849	17846969570	181766563	6879000	30750000	7635000	41000	1047571	0	1524822	0
1789823333.316207	43756900982	17846979274	181766563	6879000	30750000	7635000	41000	677096	0	1481751	0
1789823333.822327	43757185405	17847000210	181766563	6879000	30750000	7635000	41000	848562	0	1563425	0
1789823334.331910	43759548802	17848708518	181766563	6879000	30750000	7635000	41000	2490261	0	2800028	0
1789823334.835950	43764752158	17853143748	181766563	6879000	30750000	7635000	46000	2049779	0	2199600	0
1789823335.348001	43769825632	17857446533	181766563	6879000	30750000	7635000	46000	2149513	0	2300235	0
1789823335.852995	43774896725	17861717762	181766563	6798000	30750000	7546000	47000	2047365	0	2297996	0
1789823336.364712	43777354299	17863617538	181766563	6798000	30750000	7546000	47000	806498	0	1594811	0
1789823336.869690	43777913746	17863829878	181766563	6798000	30750000	7546000	42000	874788	0	1510150	0
1789823337.379353	43778099475	17863837386	181766563	6798000	30750000	7546000	42000	841134	0	1500045	0
1789823337.884371	43778337084	17863864973	181766563	6869000	30740000	7624000	41000	1011320	0	1524084	0
1789823338.394286	43778514696	17863873579	181766563	6869000	30740000	7624000	41000	592425	0	1245688	0
1789823338.900276	43778753099	17863893904	181766563	6869000	30740000	7624000	41000	635222	0	1390181	0
1789823339.414275	43780911419	17865486307	181766563	6869000	30740000	7624000	41000	2599847	0	3100000	0
1789823339.916916	43786301786	17870179899	181766563	6878000	30740000	7634000	48000	2460120	0	2798181	0
1789823340.424565	43791299148	17874490251	181766563	6878000	30740000	7634000	48000	2772653	0	3100000	0
1789823340.928457	43795206060	17877779794	181766563	6878000	30740000	7634000	44000	1333927	0	2862125	0
1789823341.436984	43800589713	17882451352	181766563	6878000	30740000	7634000	44000	2573835	0	2880083	0
1789823341.945729	43805652993	17886877793	181766563	6780000	30730000	7525000	48000	2658214	0	3000000	0
1789823342.452748	43810447293	17891008092	181766563	6780000	30730000	7525000	48000	1803741	0	3100000	0
1789823342.957715	43811137599	17891378880	181766563	6780000	30730000	7525000	42000	670294	0	1500029	0
1789823343.468493	43811603113	17891530918	181766563	6780000	30730000	7525000	42000	890014	0	1607504	0
1789823343.974522	43811761132	17891535984	181766563	6878000	30720000	7634000	42000	647131	0	1500000	0
1789823344.485236	43812294761	17891726291	181766563	6878000	30720000	7634000	42000	540925	0	1230230	0
1789823344.990784	43812450767	17891731540	181766563	6878000	30720000	7634000	41000	584802	0	1500090	0
1789823345.500556	43812755148	17891738803	181766563	6878000	30720000	7634000	41000	843740	0	1500207	0
1789823346.006005	43813875323	17892350740	181766563	6878000	30720000	7634000	45000	1403709	0	3100031	0
1789823346.511651	43815362685	17893287506	181766563	6878000	30720000	7634000	45000	961198	0	3064841	0
1789823347.016671	43816697521	17894145169	181766563	6869000	30720000	7624000	45000	1149229	0	2978546	0
1789823347.524281	43818062447	17895033046	181766563	6869000	30720000	7624000	45000	958273	0	3100000	0
1789823348.027652	43819405949	17895912804	181766563	6869000	30720000	7624000	46000	911888	0	3061182	0
1789823348.534120	43820793763	17896826742	181766563	6869000	30720000	7624000	46000	737500	0	3100000	0
1789823349.038015	43822174375	17897740192	181766563	6860000	30720000	7614000	46000	720294	0	2962356	0
1789823349.544871	43823749505	17898832352	181766563	6860000	30720000	7614000	46000	841747	0	3100000	0
1789823350.048951	43825133229	17899750074	181766563	6860000	30720000	7614000	46000	1328663	0	3051830	0
1789823350.555694	43826509813	17900659130	181766563	6860000	30720000	7614000	46000	978680	0	3100000	0
1789823351.061027	43827965314	17901638742	181766563	6860000	30710000	7614000	47000	1141084	0	3017913	0
1789823351.566641	43829334818	17902528449	181766563	6860000	30710000	7614000	47000	972042	0	3069308	0
1789823352.070794	43830793066	17903446537	181766563	6860000	30710000	7614000	46000	1022674	0	2975627	0
1789823352.577588	43832161654	17904336244	181766563	6860000	30710000	7614000	46000	998911	0	2992558	0
1789823353.081212	43833552275	17905238525	181766563	6861000	30710000	7615000	45000	1470489	0	2955700	0
1789823353.588233	43834928614	17906138181	181766563	6861000	30710000	7615000	45000	969736	0	3100000	0
1789823354.092665	43836617148	17907162897	181766563	6861000	30710000	7615000	46000	2199213	0	3100000	0
1789823354.598460	43838138323	17908087700	181766563	6861000	30710000	7615000	46000	1253806	0	3013500	0
1789823355.102990	43839541640	17909009389	181766563	6855000	30700000	7609000	47000	1202184	0	3086696	0
1789823355.609524	43840720470	17909726245	181766563	6855000	30700000	7609000	47000	929945	0	1700421	0
1789823356.114961	43841093516	17909825732	181766563	6855000	30700000	7609000	42000	1173625	0	2079036	0
1789823356.624454	43841346078	17909885669	181766563	6855000	30700000	7609000	42000	648681	0	1450792	0
1789823357.131219	43841623116	17909891955	181766563	6855000	30700000	7609000	41000	692686	0	1600066	0
1789823357.641979	43841821053	17909903247	181766563	6855000	30700000	7609000	41000	653561	0	1500018	0
1789823358.147310	43842012275	17909909533	181766563	6882000	30700000	7639000	41000	660638	0	1363388	0
1789823358.657749	43842513800	17910082384	181766563	6882000	30700000	7639000	41000	733018	0	1769964	0
1789823359.161958	43845394896	17911989728	181766563	6882000	30700000	7639000	51000	893178	0	3099968	0
1789823359.668955	43848020561	17913390176	181766563	6882000	30700000	7639000	51000	1021684	0	2772398	0
1789823360.173077	43850542588	17914455176	181766563	6842000	30700000	7594000	48000	1280420	0	3100000	0
1789823360.683093	43853146646	17916196138	181766563	6842000	30700000	7594000	48000	1484039	0	3099968	0
1789823361.187807	43855835665	17917541350	181766563	6842000	30700000	7594000	45000	1497272	0	2948769	0
1789823361.696059	43857365324	17918017240	181766563	6842000	30700000	7594000	45000	1458319	0	1780288	0
1789823362.202879	43857894742	17918217007	181766563	6837000	30690000	7589000	41000	892432	0	1600094	0
1789823362.713550	43858239040	17918224514	181766563	6837000	30690000	7589000	41000	513732	0	1309862	0
1789823363.219041	43858418605	17918230435	181766563	6837000	30690000	7589000	41000	559500	0	1394844	0
1789823363.730341	43858594752	17918236050	181766563	6837000	30690000	7589000	41000	592282	0	1500000	0
1789823364.236570	43859201318	17918419216	181766563	6883000	30690000	7640000	41000	779287	0	1500767	0
1789823364.747475	43860500387	17919263574	181766563	6883000	30690000	7640000	41000	1701856	0	3100000	0
1789823365.252368	43862789200	17920942037	181766563	6883000	30690000	7640000	47000	1313986	0	3099968	0
1789823365.760048	43864939829	17922483171	181766563	6883000	30690000	7640000	47000	1022286	0	3078676	0
1789823366.264480	43867042851	17923997022	181766563	6838000	30690000	7590000	47000	1281504	0	3099968	0
1789823366.772584	43869101623	17925502023	181766563	6838000	30690000	7590000	47000	1043296	0	3100000	0
1789823367.276961	43871090265	17926898748	181766563	6838000	30690000	7590000	50000	985164	0	3036900	0
1789823367.783373	43873103260	17928358827	181766563	6838000	30690000	7590000	50000	941816	0	3028965	0
1789823368.287087	43875221724	17929812436	181766563	6838000	30690000	7590000	50000	1162941	0	3100000	0
1789823368.794830	43877221231	17931259759	181766563	6838000	30690000	7590000	50000	2156826	0	3100000	0
1789823369.298223	43879013829	17932478934	181766563	6843000	30680000	7596000	41000	825102	0	1601123	0
1789823369.806106	43879341648	17932560354	181766563	6843000	30680000	7596000	41000	680389	0	1600000	0
1789823370.311057	43879717318	17932670400	181766563	6843000	30680000	7596000	41000	864944	0	2100089	0
1789823370.821105	43879905062	17932675039	181766563	6843000	30680000	7596000	41000	1166596	0	1483521	0
1789823371.325056	43880122407	17932686330	181766563	6879000	30670000	7635000	41000	1046001	0	1510208	0
1789823371.833694	43880296296	17932691579	181766563	6879000	30670000	7635000	41000	776025	0	1515997	0
1789823372.340134	43880488739	17932704397	181766563	6879000	30670000	7635000	41000	593122	0	1214309	0
1789823372.850426	43881039641	17932913625	181766563	6879000	30670000	7635000	41000	702266	0	1540290	0
1789823373.356461	43881220732	17932921376	181766563	6874000	30670000	7630000	40000	1159907	0	1536677	0
1789823373.865337	43881567838	17932930593	181766563	6874000	30670000	7630000	40000	685924	0	1603811	0
1789823374.371474	43882133999	17933132740	181766563	6874000	30670000	7630000	40000	832893	0	1438480	0
1789823374.880089	43882292141	17933138783	181766563	6874000	30670000	7630000	40000	1080106	0	1456477	0
1789823375.386264	43882460536	17933144032	181766563	6884000	30670000	7641000	40000	906949	0	1593605	0
1789823375.896433	43882642970	17933152577	181766563	6884000	30670000	7641000	40000	667026	0	1500020	0
1789823376.403154	43882874109	17933164662	181766563	6884000	30670000	7641000	40000	810756	0	1600000	0
1789823376.912218	43883407189	17933366138	181766563	6884000	30670000	7641000	40000	818843	0	1419616	0
1789823377.417798	43883590477	17933377125	181766563	6881000	30670000	7638000	40000	646381	0	1419621	0
1789823377.930342	43883753502	17933384022	181766563	6881000	30670000	7638000	40000	660148	0	1448831	0
1789823378.435909	43883959495	17933394031	181766563	6881000	30670000	7638000	40000	664367	0	1500000	0
1789823378.944263	43884150839	17933410816	181766563	6881000	30670000	7638000	40000	697205	0	1525922	0
1789823379.450497	43884490621	17933418689	181766563	6881000	30670000	7638000	40000	872824	0	1547755	0
1789823379.960527	43884654195	17933424427	181766563	6881000	30670000	7638000	40000	593447	0	1425368	0
1789823380.467414	43884883809	17933438831	181766563	6880000	30670000	7637000	40000	679651	0	1548508	0
1789823380.976046	43885043537	17933445606	181766563	6880000	30670000	7637000	40000	1022797	0	1470144	0
1789823381.481499	43885216572	17933452381	181766563	6880000	30670000	7637000	39000	1063062	0	1554120	0
1789823381.991538	43885370685	17933459278	181766563	6880000	30670000	7637000	39000	1271962	0	1680728	0
1789823382.498136	43885639544	17933502185	181766624	6884000	30660000	7641000	39000	768319	0	1455715	0
1789823383.009263	43886118364	17933665149	181766624	6884000	30660000	7641000	39000	741768	0	1538617	0
1789823383.514816	43886323380	17933676379	181766685	6884000	30660000	7641000	39000	570999	0	1552890	0
1789823384.024965	43886510575	17933695727	181766685	6884000	30660000	7641000	39000	1175316	0	1500171	0
1789823384.531691	43887049697	17933876879	181766685	6884000	30660000	7641000	39000	662594	0	1468928	0
1789823385.041214	43887361036	17933887560	181766685	6884000	30660000	7641000	39000	660793	0	1460013	0
1789823385.547006	43887581983	17933897204	181766685	6884000	30660000	7641000	39000	580666	0	1536965	0
1789823386.057345	43887758984	17933904772	181766685	6884000	30660000	7641000	39000	648552	0	1397552	0
1789823386.563179	43888070263	17933914416	181766685	6885000	30660000	7642000	39000	887692	0	1568005	0
1789823387.071502	43888237194	17933921801	181766685	6885000	30660000	7642000	39000	877491	0	1499119	0
1789823387.577053	43888414378	17933930346	181766685	6885000	30660000	7642000	39000	771772	0	1454689	0
1789823388.088328	43888623911	17933946276	181766685	6885000	30660000	7642000	39000	758792	0	1498513	0
1789823388.594624	43888802073	17933954211	181766685	6883000	30660000	7640000	39000	663686	0	1486377	0
1789823389.105107	43889012338	17933966051	181766685	6883000	30660000	7640000	39000	704034	0	1459163	0
1789823389.611538	43889269173	17933974718	181766685	6883000	30660000	7640000	39000	874956	0	1457321	0
1789823390.121064	43889521553	17933986864	181766746	6883000	30660000	7640000	39000	657887	0	1463891	0
1789823390.627035	43889675361	17933991076	181766746	6883000	30660000	7640000	39000	1179536	0	1567610	0
1789823391.138055	43889875251	17934003466	181766746	6883000	30660000	7640000	39000	987508	0	1424598	0
1789823391.644540	43890053656	17934010729	181766746	6883000	30650000	7640000	39000	776918	0	1600000	0
1789823392.153307	43890253363	17934020556	181766746	6883000	30650000	7640000	39000	575247	0	1500088	0
1789823392.658937	43893259581	17935343733	181766746	6883000	30650000	7640000	43000	1499860	0	1600016	0
1789823393.169981	43897506762	17937695290	181766746	6883000	30650000	7640000	43000	1340730	0	1600000	0
1789823393.674503	43901527077	17939884676	181766746	6811000	30650000	7560000	43000	1288131	0	1500015	0
1789823394.190941	43905641446	17942046597	181766746	6811000	30650000	7560000	43000	1333003	0	1500000	0
1789823394.707927	43909759966	17944207236	181766746	6811000	30650000	7560000	43000	1489316	0	1500362	0
1789823395.217069	43913817206	17946264665	181766746	6811000	30650000	7560000	43000	1347858	0	1439597	0
1789823395.722716	43917849545	17948315990	181766746	6812000	30640000	7561000	43000	1489111	0	1500256	0
1789823396.232182	43921875840	17950359076	181766746	6812000	30640000	7561000	43000	1091735	0	1700214	0
1789823396.737123	43925500831	17952117189	181766746	6812000	30640000	7561000	45000	1287565	0	2400000	0
1789823397.244015	43929440457	17953872678	181766746	6812000	30640000	7561000	45000	2373400	0	2600000	0
1789823397.749050	43933981095	17956440359	181766746	6813000	30640000	7562000	44000	1418888	0	1600016	0
1789823398.260682	43938060125	17958688156	181766746	6813000	30640000	7562000	44000	1339575	0	1600000	0
1789823398.767053	43942091853	17960810221	181766746	6813000	30640000	7562000	44000	1343044	0	1500015	0
1789823399.281793	43946197617	17962977696	181766746	6813000	30640000	7562000	44000	1380335	0	1600000	0
1789823399.787694	43950228368	17965122588	181766746	6810000	30620000	7559000	44000	1307939	0	1698349	0
1789823400.295971	43954276881	17967168786	181766746	6810000	30620000	7559000	44000	1333673	0	1500239	0
1789823400.801007	43958296829	17969177082	181766746	6810000	30620000	7559000	45000	1245784	0	1699450	0
1789823401.310030	43962108403	17971044570	181766746	6810000	30620000	7559000	45000	1142348	0	1700315	0
1789823401.815991	43965078855	17972413219	181766746	6816000	30620000	7565000	42000	715291	0	1700137	0
1789823402.329308	43965442135	17972492320	181766746	6816000	30620000	7565000	42000	1011142	0	2297863	0
1789823402.836087	43965728756	17972543528	181766746	6816000	30620000	7565000	40000	690363	0	1564510	0
1789823403.346915	43965958552	17972550547	181766746	6816000	30620000	7565000	40000	796203	0	1600315	0
1789823403.854840	43966149531	17972554270	181766746	6816000	30620000	7565000	40000	693101	0	1600000	0
1789823404.367930	43966700250	17972733896	181766746	6816000	30620000	7565000	40000	1053672	0	1699772	0
1789823404.875999	43967845571	17973534248	181766746	6879000	30610000	7635000	44000	1800119	0	2000289	0
1789823405.389007	43972847084	17977784604	181766746	6879000	30610000	7635000	44000	1735948	0	1900193	0
1789823405.897458	43976893156	17981130970	181766746	6879000	30610000	7635000	45000	1730133	0	1900262	0
1789823406.405768	43980959185	17984503031	181766746	6879000	30610000	7635000	45000	1784848	0	1869532	0
1789823406.913977	43984890816	17987741243	181766746	6809000	30610000	7558000	44000	1626012	0	2102023	0
1789823407.422719	43985639654	17988096467	181766746	6809000	30610000	7558000	44000	678990	0	1531818	0
1789823407.931712	43985972417	17988197175	181766746	6809000	30610000	7558000	41000	780657	0	1504025	0
1789823408.446023	43986147527	17988203705	181766746	6809000	30610000	7558000	41000	700122	0	1700304	0
1789823408.954595	43986340885	17988211091	181766746	6880000	30600000	7637000	41000	810785	0	1564049	0
1789823409.466963	43986661746	17988218842	181766746	6880000	30600000	7637000	41000	691596	0	1600248	0
1789823409.974887	43986821536	17988222931	181766746	6880000	30600000	7637000	40000	683031	0	1532699	0
1789823410.486985	43990546258	17991297264	181766746	6880000	30600000	7637000	40000	2223614	0	2299953	0
1789823410.991938	43994560530	17994679275	181766746	6804000	30600000	7552000	45000	2267358	0	2392168	0
1789823411.501831	43998622470	17998133551	181766746	6804000	30600000	7552000	45000	2287674	0	2384139	0
1789823412.006485	44002504418	18001264524	181766746	6804000	30600000	7552000	47000	2377151	0	2700027	0
1789823412.513941	44006626966	18004785877	181766746	6804000	30600000	7552000	47000	2296559	0	2400324	0
1789823413.017737	44010632205	18008183818	181766746	6809000	30590000	7558000	45000	2249890	0	2399975	0
1789823413.530046	44014655693	18011570894	181766746	6809000	30590000	7558000	45000	2657084	0	2800621	0
1789823414.034006	44015994313	18012481536	181766746	6809000	30590000	7558000	42000	1546303	0	1901246	0
1789823414.544291	44016766528	18012780303	181766746	6809000	30590000	7558000	42000	647783	0	1466265	0
1789823415.050245	44017065721	18012786406	181766746	6809000	30590000	7558000	41000	627969	0	1434152	0
1789823415.560343	44017232103	18012793120	181766746	6809000	30590000	7558000	41000	648514	0	1409761	0
1789823416.065340	44017388535	18012796599	181766746	6875000	30590000	7631000	41000	703699	0	1500000	0
1789823416.574846	44017544907	18012802886	181766746	6875000	30590000	7631000	41000	668050	0	1515224	0
1789823417.081019	44018737043	18013477994	181766746	6875000	30590000	7631000	45000	1703003	0	3043100	0
1789823417.590064	44020294656	18014524805	181766746	6875000	30590000	7631000	45000	1252397	0	3099968	0
1789823418.095632	44021706762	18015456565	181766746	6855000	30580000	7609000	45000	1265482	0	2952799	0
1789823418.605018	44023087190	18016377156	181766746	6855000	30580000	7609000	45000	1256091	0	3100000	0
1789823419.110968	44024505522	18017318133	181766746	6855000	30580000	7609000	45000	1320543	0	3100000	0
1789823419.618569	44025936975	18018274490	181766746	6855000	30580000	7609000	45000	1227434	0	3100000	0
1789823420.124584	44027364157	18019238050	181766746	6856000	30580000	7610000	45000	1074994	0	3100000	0
1789823420.631260	44029087480	18020383860	181766746	6856000	30580000	7610000	45000	1274704	0	2963399	0
1789823421.135716	44030543409	18021359382	181766746	6856000	30580000	7610000	45000	1221491	0	3091886	0
1789823421.644579	44031975290	18022319646	181766746	6856000	30580000	7610000	45000	1226790	0	2976231	0
1789823422.149814	44033453741	18023335390	181766746	6859000	30570000	7613000	45000	1130886	0	3099968	0
1789823422.656941	44034870668	18024273315	181766746	6859000	30570000	7613000	45000	1277785	0	3100000	0
1789823423.162000	44036363218	18025244565	181766746	6859000	30570000	7613000	45000	1323837	0	3100000	0
1789823423.668712	44037755793	18026179072	181766746	6859000	30570000	7613000	45000	1269639	0	3078986	0
1789823424.173004	44039571279	18027352531	181766746	6860000	30570000	7614000	45000	1652279	0	3028522	0
1789823424.680764	44040997301	18028299367	181766746	6860000	30570000	7614000	45000	1041297	0	3063579	0
1789823425.184997	44042404279	18029240954	181766746	6860000	30570000	7614000	45000	1273333	0	2943529	0
1789823425.693472	44043786112	18030154587	181766746	6860000	30570000	7614000	45000	1065401	0	3100000	0
1789823426.198652	44045357214	18031148725	181766746	6860000	30570000	7614000	46000	1427101	0	3100000	0
1789823426.706106	44046426303	18031798504	181766746	6860000	30570000	7614000	46000	678434	0	1554055	0
1789823427.212099	44046873384	18031930217	181766746	6856000	30570000	7610000	42000	783033	0	1699982	0
1789823427.722721	44047097139	18031966167	181766746	6856000	30570000	7610000	42000	540430	0	1523445	0
1789823428.229064	44047291901	18031974162	181766746	6856000	30570000	7610000	41000	575413	0	1537439	0
1789823428.739061	44047452301	18031980998	181766746	6856000	30570000	7610000	41000	651017	0	1454014	0
1789823429.246245	44047870513	18032058879	181766746	6880000	30560000	7637000	40000	564437	0	1497400	0
1789823429.756429	44048544706	18032414041	181766746	6880000	30560000	7637000	40000	1082316	0	3100000	0
1789823430.260994	44051577840	18034444920	181766746	6880000	30560000	7637000	47000	1048662	0	3100031	0
1789823430.769455	44054291029	18035832795	181766746	6880000	30560000	7637000	47000	1031453	0	3051631	0
1789823431.273903	44056598945	18036797514	181766746	6834000	30560000	7585000	49000	938486	0	3099968	0
1789823431.780033	44059158570	18038454981	181766746	6834000	30560000	7585000	49000	956173	0	3099968	0
1789823432.284574	44061834161	18039739950	181766746	6834000	30560000	7585000	47000	847642	0	2850568	0
1789823432.792220	44063357717	18040188924	181766746	6834000	30560000	7585000	47000	1054625	0	1756878	0
1789823433.297418	44063886097	18040376179	181766746	6862000	30550000	7616000	41000	775632	0	1492298	0
1789823433.808389	44064064136	18040383381	181766746	6862000	30550000	7616000	41000	599268	0	1500017	0
1789823434.314354	44064676866	18040578938	181766746	6862000	30550000	7616000	41000	1027908	0	1587947	0
1789823434.824880	44064871934	18040584919	181766746	6862000	30550000	7616000	41000	655620	0	1445054	0
1789823435.331152	44065047898	18040591877	181766746	6880000	30550000	7637000	40000	853394	0	1505645	0
1789823435.841559	44066190290	18041296221	181766746	6880000	30550000	7637000	40000	1281428	0	3013377	0
1789823436.345276	44068388344	18042893263	181766746	6880000	30550000	7637000	49000	979902	0	3009282	0
1789823436.853995	44070423861	18044367868	181766746	6880000	30550000	7637000	49000	945546	0	3100000	0
1789823437.357569	44072517728	18045846441	181766746	6880000	30550000	7637000	50000	922832	0	3055376	0
1789823437.864919	44074528282	18047299623	181766746	6880000	30550000	7637000	50000	1201963	0	3099968	0
1789823438.368034	44076477862	18048662718	181766746	6847000	30550000	7600000	46000	1304983	0	3100031	0
1789823438.876231	44078531262	18050159968	181766746	6847000	30550000	7600000	46000	1054778	0	3100000	0
1789823439.381037	44080595832	18051653067	181766746	6847000	30550000	7600000	46000	1436087	0	3100031	0
1789823439.889981	44082653261	18053147387	181766746	6847000	30550000	7600000	46000	1234335	0	3100031	0
1789823440.396571	44084289121	18054271591	181766746	6845000	30540000	7598000	41000	579490	0	1599981	0
1789823440.905613	44084667904	18054385787	181766746	6845000	30540000	7598000	41000	874211	0	2300295	0
1789823441.411286	44084942745	18054456649	181766746	6845000	30540000	7598000	41000	903799	0	1600347	0
1789823441.922564	44085095149	18054462691	181766746	6845000	30540000	7598000	41000	636144	0	1460900	0
1789823442.428269	44085262568	18054467635	181766746	6880000	30540000	7636000	40000	695883	0	1667069	0
1789823442.937499	44085638422	18054472457	181766746	6880000	30540000	7636000	40000	525002	0	1400017	0
1789823443.442576	44085855889	18054485030	181766746	6880000	30540000	7636000	40000	581647	0	1554706	0
1789823443.954479	44086397026	18054692000	181766746	6880000	30540000	7636000	40000	647127	0	1538247	0
1789823444.461383	44086925894	18054881818	181766746	6869000	30540000	7624000	40000	551910	0	1492120	0
1789823444.971500	44087091421	18054886823	181766746	6869000	30540000	7624000	40000	642311	0	1408374	0
1789823445.476493	44087291616	18054893049	181766746	6869000	30540000	7624000	40000	999360	0	1451842	0
1789823445.986429	44087430653	18054896833	181766746	6869000	30540000	7624000	40000	633709	0	1444649	0
1789823446.493406	44087605702	18054903547	181766746	6883000	30530000	7640000	40000	1093962	0	1600480	0
1789823447.003044	44087756092	18054909040	181766746	6883000	30530000	7640000	40000	588423	0	1500015	0
1789823447.507469	44087947193	18054920576	181766746	6883000	30530000	7640000	40000	681936	0	1570473	0
1789823448.017915	44088582994	18055138226	181767051	6883000	30530000	7640000	40000	755215	0	1594373	0
1789823448.523559	44088841722	18055147382	181767051	6883000	30530000	7640000	40000	562869	0	1455354	0
1789823449.032543	44089012742	18055153241	181767051	6883000	30530000	7640000	40000	692912	0	1484307	0
1789823449.538669	44089236557	18055171857	181767051	6880000	30530000	7636000	39000	655966	0	1471727	0
1789823450.048133	44089400009	18055178937	181767051	6880000	30530000	7636000	39000	709668	0	1407782	0
1789823450.554361	44089561141	18055183759	181767051	6880000	30530000	7636000	39000	680688	0	1569802	0
1789823451.064047	44089751998	18055196881	181767051	6880000	30530000	7636000	39000	1061793	0	1535019	0
1789823451.570347	44090052229	18055238202	181767967	6883000	30530000	7640000	39000	632363	0	1436929	0
1789823452.080383	44090614849	18055399395	181767967	6883000	30530000	7640000	39000	1093153	0	1669547	0
1789823452.586979	44090815288	18055408428	181768028	6883000	30530000	7640000	39000	574984	0	1555771	0
1789823453.097453	44090988994	18055415631	181768028	6883000	30530000	7640000	39000	953972	0	1404669	0
1789823453.603135	44091176249	18055423138	181768028	6881000	30530000	7638000	39000	801941	0	1547079	0
1789823454.113815	44091714151	18055535442	181768028	6881000	30530000	7638000	39000	1330634	0	1800253	0
1789823454.619161	44092086769	18055631878	181768089	6881000	30530000	7638000	39000	661351	0	1495370	0
1789823455.129246	44092273170	18055641826	181768089	6881000	30530000	7638000	39000	577398	0	1318244	0
1789823455.634792	44092455116	18055650127	181768089	6880000	30520000	7637000	39000	800218	0	1548266	0
1789823456.144047	44092635901	18055660015	181768089	6880000	30520000	7637000	39000	792783	0	1377896	0
1789823456.650127	44092794592	18055665081	181768089	6880000	30520000	7637000	39000	764120	0	1445833	0
1789823457.160066	44092997534	18055674114	181768089	6880000	30520000	7637000	39000	697301	0	1467899	0
1789823457.666491	44093295507	18055692241	181768089	6880000	30520000	7636000	39000	666149	0	1500019	0
1789823458.178144	44093495457	18055702434	181768089	6880000	30520000	7636000	39000	599509	0	1446579	0
1789823458.684627	44093680576	18055710796	181768089	6880000	30520000	7636000	39000	639624	0	1449728	0
1789823459.195296	44094106173	18055752544	181768089	6880000	30520000	7636000	39000	622022	0	1600022	0
1789823459.701447	44094367525	18055758464	181768089	6880000	30520000	7636000	39000	652116	0	1453598	0
1789823460.211196	44094587801	18055771404	181768089	6880000	30520000	7636000	39000	948493	0	1446925	0
1789823460.717451	44094752473	18055779155	181768089	6881000	30520000	7638000	39000	649890	0	1454117	0
1789823461.229089	44095002656	18055794658	181768089	6881000	30520000	7638000	39000	1110165	0	1500017	0
1789823461.735091	44097719629	18057066139	181768089	6881000	30520000	7638000	42000	885239	0	1000000	0
1789823462.251069	44100549089	18058540012	181768089	6881000	30520000	7638000	42000	804516	0	923142	0
1789823462.759088	44103330393	18059971161	181768089	6829000	30510000	7580000	41000	790757	0	985784	0
1789823463.273006	44106138247	18061366604	181768089	6829000	30510000	7580000	41000	818373	0	985950	0
1789823463.781076	44108921016	18062733483	181768089	6829000	30510000	7580000	42000	798447	0	900018	0
1789823464.297528	44111733143	18064172139	181768089	6829000	30510000	7580000	42000	940664	0	1100000	0
1789823464.802918	44114495098	18065603043	181768089	6838000	30510000	7590000	42000	898683	0	1087704	0
1789823465.314708	44117301243	18066977491	181768089	6838000	30510000	7590000	42000	793166	0	991808	0
1789823465.823071	44120089200	18068349802	181768089	6838000	30510000	7590000	42000	793726	0	909961	0
1789823466.336102	44122888204	18069730596	181768089	6838000	30510000	7590000	42000	793423	0	982305	0
1789823466.843948	44125665663	18071137148	181768089	6834000	30500000	7586000	42000	808019	0	1000010	0
1789823467.356350	44128456488	18072555357	181768089	6834000	30500000	7586000	42000	898249	0	1200000	0
1789823467.863177	44131201354	18073936640	181768089	6834000	30500000	7586000	43000	1149081	0	1657557	0
1789823468.371932	44133402399	18074858330	181768089	6834000	30500000	7586000	43000	1318327	0	2401467	0
1789823468.877084	44136789414	18076540699	181768089	6807000	30500000	7556000	42000	791497	0	900000	0
1789823469.391651	44139601662	18077947921	181768089	6807000	30500000	7556000	42000	792968	0	900018	0
1789823469.899636	44142374055	18079388958	181768089	6807000	30500000	7556000	42000	838092	0	1000000	0
1789823470.411951	44145172937	18080822609	181768089	6807000	30500000	7556000	42000	844915	0	1000000	0
1789823470.918977	44147951495	18082139683	181768089	6807000	30500000	7556000	42000	787804	0	899990	0
1789823471.430996	44150751597	18083526154	181768089	6807000	30500000	7556000	42000	743426	0	900000	0
1789823471.938972	44153529972	18084905484	181768089	6834000	30490000	7586000	42000	798988	0	900000	0
1789823472.451978	44156334957	18086296533	181768089	6834000	30490000	7586000	42000	733113	0	900009	0
1789823472.958117	44159089711	18087705953	181768089	6834000	30490000	7586000	43000	1046226	0	1235201	0
1789823473.470021	44161897809	18089118852	181768089	6834000	30490000	7586000	43000	847491	0	1100000	0
1789823473.976203	44164655920	18090524305	181768089	6835000	30480000	7587000	43000	902063	0	1300013	0
1789823474.486507	44167422453	18091959177	181768089	6835000	30480000	7587000	43000	1103327	0	1700282	0
1789823474.994469	44170091514	18093353827	181768089	6835000	30480000	7587000	42000	1022694	0	1901692	0
1789823475.504458	44170916768	18093621465	181768089	6835000	30480000	7587000	42000	1017688	0	1700129	0
1789823476.012846	44171375019	18093742498	181768089	6848000	30480000	7601000	40000	737544	0	1900341	0
1789823476.525817	44171736041	18093753972	181768089	6848000	30480000	7601000	40000	676291	0	1600000	0
1789823477.033980	44171875384	18093757390	181768089	6848000	30480000	7601000	40000	693781	0	1600342	0
1789823477.548835	44172059404	18093764470	181768089	6848000	30480000	7601000	40000	786362	0	1443300	0
1789823478.057059	44172240922	18093775029	181768089	6880000	30480000	7636000	40000	914738	0	1599983	0
1789823478.577040	44175307504	18096231993	181768089	6880000	30480000	7636000	40000	1047506	0	1200000	0
1789823479.084947	44178073732	18098338738	181768089	6880000	30480000	7636000	43000	1141674	0	1300013	0
1789823479.592992	44180852656	18100482105	181768089	6880000	30480000	7636000	43000	1137633	0	1300026	0
1789823480.101837	44183636767	18102608869	181768089	6829000	30470000	7580000	43000	1146804	0	1300013	0
1789823480.611880	44186425334	18104758095	181768089	6829000	30470000	7580000	43000	1142433	0	1300013	0
1789823481.119067	44189185459	18106886141	181768089	6829000	30470000	7580000	44000	1278404	0	1629157	0
1789823481.627777	44191243132	18108327055	181768089	6829000	30470000	7580000	44000	703103	0	1700736	0
1789823482.135727	44191739529	18108472990	181768089	6829000	30470000	7580000	41000	1223365	0	2799657	0
1789823482.644592	44191937832	18108483061	181768089	6829000	30470000	7580000	41000	717323	0	1800187	0
1789823483.152677	44192097744	18108488371	181768089	6863000	30460000	7618000	40000	723742	0	1459621	0
1789823483.666008	44192335658	18108496671	181768089	6863000	30460000	7618000	40000	710475	0	1700116	0
1789823484.174331	44192890283	18108680021	181768089	6863000	30460000	7618000	41000	1235442	0	2002415	0
1789823484.685046	44193593956	18109012112	181768089	6863000	30460000	7618000	41000	1700515	0	1900390	0
1789823485.202949	44197292616	18112055256	181768089	6864000	30460000	7619000	43000	1764640	0	2000286	0
1789823485.711953	44200095892	18114265333	181768089	6864000	30460000	7619000	43000	1781093	0	1800195	0
1789823486.216955	44202842040	18116415657	181768089	6864000	30460000	7619000	43000	1907740	0	2000281	0
1789823486.726029	44205570305	18118447452	181768089	6864000	30460000	7619000	43000	1633586	0	2749749	0
1789823487.231986	44208313156	18120533384	181768089	6829000	30460000	7580000	43000	2072179	0	2300330	0
1789823487.742951	44211198342	18122833915	181768089	6829000	30460000	7580000	43000	1780694	0	1800340	0
1789823488.246889	44213951692	18125011278	181768089	6829000	30460000	7580000	43000	1843209	0	1900298	0
1789823488.757949	44216752222	18127232524	181768089	6829000	30460000	7580000	43000	1766283	0	1800288	0
1789823489.262066	44219222613	18129134009	181768089	6827000	30450000	7578000	42000	1568810	0	1604915	0
1789823489.771145	44219740923	18129341772	181768089	6827000	30450000	7578000	42000	933885	0	1596431	0
1789823490.277568	44220216629	18129494359	181768089	6827000	30450000	7578000	41000	865028	0	1600134	0
1789823490.786172	44220396316	18129501012	181768089	6827000	30450000	7578000	41000	1100033	0	1459069	0
1789823491.292469	44220583999	18129513036	181768089	6880000	30450000	7636000	40000	1103806	0	1535882	0
1789823491.801164	44220750136	18129520177	181768089	6880000	30450000	7636000	40000	600071	0	1434805	0
1789823492.308054	44221102064	18129528478	181768089	6880000	30450000	7636000	40000	790518	0	1445277	0
1789823492.818429	44222319835	18130252292	181768089	6880000	30450000	7636000	40000	949200	0	2962808	0
1789823493.322077	44223845893	18131260956	181768089	6880000	30450000	7636000	45000	920425	0	3100030	0
1789823493.830243	44225241092	18132134428	181768089	6880000	30450000	7636000	45000	723515	0	2988124	0
1789823494.334016	44227011839	18133216030	181768089	6837000	30440000	7589000	45000	816674	0	3058281	0
1789823494.841050	44228356196	18134096154	181768089	6837000	30440000	7589000	45000	988985	0	2972869	0
1789823495.345472	44229722037	18135005210	181768089	6837000	30440000	7589000	45000	924675	0	3100000	0
1789823495.851816	44231085681	18135904926	181768089	6837000	30440000	7589000	45000	1075797	0	2938755	0
1789823496.355951	44232642684	18136993486	181768089	6859000	30440000	7613000	45000	772266	0	3054928	0
1789823496.863406	44234012187	18137904799	181768089	6859000	30440000	7613000	45000	1295781	0	3027872	0
1789823497.367071	44235424110	18138824475	181768089	6859000	30440000	7613000	45000	1170374	0	3066964	0
1789823497.873304	44236970554	18139796152	181768089	6859000	30440000	7613000	45000	1282578	0	3038325	0
1789823498.377645	44238317291	18140682197	181768089	6848000	30440000	7601000	45000	977008	0	2971431	0
1789823498.883982	44239732693	18141624944	181768089	6848000	30440000	7601000	45000	1458143	0	2964277	0
1789823499.387621	44241080895	18142509768	181768089	6848000	30440000	7601000	45000	976947	0	3099968	0
1789823499.895044	44242429768	18143393799	181768089	6848000	30440000	7601000	45000	1154583	0	3081421	0
1789823500.399349	44243797013	18144294859	181768089	6855000	30430000	7609000	45000	988184	0	3100000	0
1789823500.905851	44245128370	18145166316	181768089	6855000	30430000	7609000	45000	916620	0	3100000	0
1789823501.409886	44246472910	18146013299	181768089	6855000	30430000	7609000	45000	932515	0	2977326	0
1789823501.916982	44247873297	18146954276	181768089	6855000	30430000	7609000	45000	980277	0	2955534	0
1789823502.420759	44248983463	18147602956	181768089	6859000	30430000	7613000	41000	743329	0	1588251	0
1789823502.929376	44249409609	18147744435	181768089	6859000	30430000	7613000	41000	1157918	0	2234014	0
1789823503.434256	44249709169	18147788014	181768089	6859000	30430000	7613000	40000	570578	0	1557860	0
1789823503.944415	44249858704	18147795033	181768089	6859000	30430000	7613000	40000	647815	0	1442954	0
1789823504.450207	44250400512	18147977466	181768089	6859000	30430000	7613000	40000	805050	0	1554846	0
1789823504.960982	44250569579	18147984180	181768089	6859000	30430000	7613000	40000	653002	0	1434538	0
1789823505.466318	44251050840	18148154834	181768089	6877000	30420000	7633000	43000	615270	0	1799982	0
1789823505.974215	44253929739	18150091353	181768089	6877000	30420000	7633000	43000	737500	0	3100000	0
1789823506.477572	44256560103	18151479349	181768089	6877000	30420000	7633000	46000	945880	0	2802344	0
1789823506.982996	44259165321	18152649818	181768089	6877000	30420000	7633000	46000	803774	0	3099968	0
1789823507.487003	44261610322	18154291110	181768089	6838000	30420000	7590000	49000	999597	0	3099968	0
1789823507.993734	44264294153	18155585296	181768089	6838000	30420000	7590000	49000	1133105	0	2818692	0
1789823508.497814	44265730551	18155999418	181768089	6838000	30420000	7590000	40000	916906	0	1539320	0
1789823509.017947	44266308919	18156194975	181768089	6838000	30420000	7590000	40000	637013	0	1557738	0
1789823509.524303	44266559773	18156207304	181768089	6862000	30420000	7617000	40000	646692	0	1500000	0
1789823510.033464	44266847675	18156219572	181768089	6862000	30420000	7617000	40000	639461	0	1417402	0
1789823510.540201	44267011798	18156225065	181768089	6862000	30420000	7617000	40000	916709	0	1600156	0
1789823511.050981	44267161211	18156231046	181768089	6862000	30420000	7617000	40000	642007	0	1430983	0
1789823511.556011	44268441970	18157042629	181768089	6880000	30410000	7637000	45000	1552101	0	3100031	0
1789823512.064114	44270685494	18158661826	181768089	6880000	30410000	7637000	45000	820740	0	3099968	0
1789823512.567659	44272703189	18160117023	181768089	6880000	30410000	7637000	45000	1057870	0	3100000	0
1789823513.075861	44274741514	18161593276	181768089	6880000	30410000	7637000	45000	1388431	0	3100000	0
1789823513.580015	44276738030	18163045787	181768089	6845000	30410000	7598000	45000	1250119	0	3099968	0
1789823514.088746	44278935473	18164453010	181768089	6845000	30410000	7598000	45000	1921723	0	2950500	0
1789823514.592051	44280995710	18165929935	181768089	6845000	30410000	7598000	49000	737500	0	3100000	0
1789823515.097991	44283065223	18167413818	181768089	6845000	30410000	7598000	49000	1893787	0	3086584	0
1789823515.601766	44285079134	18168881099	181768089	6845000	30410000	7598000	49000	965766	0	3099968	0
1789823516.108324	44287106412	18170310478	181768089	6845000	30410000	7598000	49000	1754906	0	2876033	0
1789823516.612509	44287327664	18170326042	181768089	6843000	30400000	7595000	40000	912471	0	1700017	0
1789823517.122488	44287847621	18170484794	181768089	6843000	30400000	7595000	40000	686678	0	1552769	0
1789823517.628068	44288032191	18170492362	181768089	6843000	30400000	7595000	40000	682610	0	1550631	0
1789823518.138574	44288241785	18170506339	181768089	6843000	30400000	7595000	40000	808784	0	1432907	0
1789823518.643987	44288410119	18170512199	181768089	6880000	30400000	7636000	40000	778502	0	1418590	0
1789823519.155116	44288774254	18170560538	181768089	6880000	30400000	7636000	40000	801774	0	1542899	0
1789823519.660958	44289220176	18170715079	181768089	6880000	30400000	7636000	41000	775090	0	1545248	0
1789823520.170262	44289529929	18170785880	181768089	6880000	30400000	7636000	41000	937751	0	1462698	0
1789823520.674920	44289689047	18170791495	181768089	6874000	30400000	7630000	39000	1083694	0	1452075	0
1789823521.184115	44289878438	18170804984	181768089	6874000	30400000	7630000	39000	1208555	0	1603689	0
1789823521.689577	44290039205	18170811270	181768089	6874000	30400000	7630000	39000	645643	0	1500000	0
1789823522.198451	44290257039	18170830191	181768089	6874000	30400000	7630000	39000	646329	0	1455092	0
1789823522.705227	44290409931	18170835867	181768089	6880000	30390000	7637000	39000	642985	0	1600000	0
1789823523.215138	44290700092	18170879446	181768089	6880000	30390000	7637000	39000	689002	0	1519114	0
1789823523.720402	44291333879	18171075735	181768089	6880000	30390000	7637000	41000	822331	0	1600095	0
1789823524.229632	44291958328	18171293508	181768150	6880000	30390000	7637000	41000	792176	0	1513922	0
1789823524.735153	44292254470	18171303212	181768150	6872000	30390000	7628000	39000	642682	0	1545919	0
1789823525.245425	44292450331	18171314687	181768150	6872000	30390000	7628000	39000	648871	0	1439838	0
1789823525.751279	44292711134	18171321889	181768211	6872000	30390000	7628000	39000	659745	0	1514201	0
1789823526.261281	44292921949	18171334584	181768211	6872000	30390000	7628000	39000	572814	0	1449594	0
1789823526.767407	44293123059	18171340749	181768211	6872000	30390000	7628000	39000	758891	0	1407206	0
1789823527.279191	44293337536	18171362843	181768211	6872000	30390000	7628000	39000	912374	0	1354150	0
1789823527.784684	44293587780	18171372975	181768211	6879000	30390000	7635000	39000	797515	0	1542755	0
1789823528.295174	44293788463	18171383473	181768211	6879000	30390000	7635000	39000	935069	0	1357996	0
1789823528.800649	44293971323	18171392262	181768211	6879000	30390000	7635000	39000	1116072	0	1555352	0
1789823529.310243	44294222666	18171406545	181768211	6879000	30390000	7635000	39000	890534	0	1506881	0
1789823529.815314	44294394723	18171414784	181768211	6882000	30390000	7639000	39000	637049	0	1500000	0
1789823530.325310	44294655709	18171424184	181768211	6882000	30390000	7639000	39000	576277	0	1460788	0
1789823530.831022	44294828926	18171432423	181768211	6882000	30390000	7639000	39000	569042	0	1524573	0
1789823531.341494	44295055305	18171442921	181768211	6882000	30390000	7639000	39000	680316	0	1429144	0
1789823531.848914	44295213752	18171451527	181768211	6881000	30380000	7638000	39000	632536	0	1384122	0
1789823532.359196	44295407172	18171461232	181768211	6881000	30380000	7638000	39000	591720	0	1492389	0
1789823532.864722	44295591070	18171470204	181768211	6881000	30380000	7638000	39000	658705	0	1540418	0
1789823533.376022	44296875064	18171905262	181768211	6881000	30380000	7638000	39000	1689266	0	1900208	0
1789823533.881987	44300546563	18173808882	181768211	6845000	30380000	7598000	42000	913250	0	1100000	0
1789823534.397001	44303619187	18175468180	181768211	6845000	30380000	7598000	42000	956536	0	1152070	0
1789823534.902963	44306638955	18177046850	181768211	6845000	30380000	7598000	42000	1021048	0	1199975	0
1789823535.412978	44309686798	18178648347	181768211	6845000	30380000	7598000	42000	922390	0	1100000	0
1789823535.918970	44312707909	18180176420	181768211	6827000	30380000	7578000	42000	925899	0	1100000	0
1789823536.431119	44315759048	18181750146	181768211	6827000	30380000	7578000	42000	940514	0	1162521	0
1789823536.939056	44318795906	18183280660	181768211	6827000	30380000	7578000	42000	917369	0	1100000	0
1789823537.452216	44321853698	18184831132	181768211	6827000	30380000	7578000	42000	953707	0	1164083	0
1789823537.959797	44324884330	18186375683	181768211	6827000	30380000	7578000	42000	1029506	0	1199987	0
1789823538.472930	44327856674	18187938790	181768211	6827000	30380000	7578000	42000	1086378	0	1663974	0
1789823538.979881	44330886024	18189458500	181768211	6829000	30370000	7580000	42000	1398760	0	2057736	0
1789823539.491061	44333687897	18190710450	181768211	6829000	30370000	7580000	42000	1686574	0	1900231	0
1789823539.997056	44337049216	18192514706	181768211	6829000	30370000	7580000	42000	921208	0	1077451	0
1789823540.510804	44340112807	18194126152	181768211	6829000	30370000	7580000	42000	962521	0	1199975	0
1789823541.018749	44343148566	18195757434	181768211	6826000	30360000	7577000	43000	923549	0	1100011	0
1789823541.530590	44346205626	18197307235	181768211	6826000	30360000	7577000	43000	941585	0	1100011	0
1789823542.038192	44349224844	18198890544	181768211	6826000	30360000	7577000	43000	1008568	0	1282513	0
1789823542.548054	44352271711	18200452674	181768211	6826000	30360000	7577000	43000	1032846	0	1200012	0
1789823543.055221	44355300329	18202022860	181768272	6825000	30360000	7575000	43000	931781	0	1100011	0
1789823543.567182	44358347196	18203598479	181768455	6825000	30360000	7575000	43000	1028677	0	1300013	0
1789823544.074071	44361379293	18205179590	181768455	6825000	30360000	7575000	43000	1025703	0	1200000	0
1789823544.588426	44364436597	18206813131	181768455	6825000	30360000	7575000	43000	1096063	0	1451569	0
1789823545.096062	44367384710	18208318132	181768455	6828000	30350000	7579000	42000	1355833	0	1900259	0
1789823545.606708	44369162354	18209052078	181768455	6828000	30350000	7579000	42000	881180	0	1700166	0
1789823546.113658	44369512878	18209124343	181768455	6828000	30350000	7579000	42000	1180556	0	2092464	0
1789823546.623922	44369870421	18209233779	181768455	6828000	30350000	7579000	42000	705889	0	1646948	0
1789823547.132811	44370083494	18209237502	181768455	6869000	30340000	7624000	40000	944111	0	1528753	0
1789823547.645409	44370273801	18209243667	181768455	6869000	30340000	7624000	40000	693717	0	1599975	0
1789823548.153828	44370456906	18209250381	181768455	6869000	30340000	7624000	40000	675042	0	1600000	0
1789823548.666693	44371665155	18210125379	181768455	6869000	30340000	7624000	40000	1800134	0	2000323	0
1789823549.172016	44375416611	18213136968	181768455	6822000	30340000	7572000	44000	1255657	0	1444756	0
1789823549.683976	44378473732	18215543333	181768455	6822000	30340000	7572000	44000	1250581	0	1404310	0
1789823550.189952	44381492950	18217862480	181768455	6822000	30340000	7572000	44000	1300053	0	1500015	0
1789823550.701913	44384548484	18220262743	181768455	6822000	30340000	7572000	44000	1262545	0	1499984	0
1789823551.206607	44387530715	18222599468	181768455	6822000	30340000	7572000	45000	1316049	0	1700017	0
1789823551.715659	44389253367	18223816872	181768455	6822000	30340000	7572000	45000	733656	0	1900257	0
1789823552.224176	44389798959	18224026771	181768455	6822000	30340000	7572000	41000	880968	0	1800310	0
1789823552.736166	44390028695	18224031898	181768455	6822000	30340000	7572000	41000	984019	0	1636918	0
1789823553.244011	44390227852	18224042152	181768455	6822000	30340000	7572000	40000	1271038	0	1600024	0
1789823553.755819	44390388923	18224046669	181768455	6822000	30340000	7572000	40000	695409	0	1601039	0
1789823554.265673	44391056097	18224219520	181768455	6876000	30330000	7632000	40000	1054825	0	1871231	0
1789823554.778999	44392205935	18224990209	181768455	6876000	30330000	7632000	40000	2018539	0	2200263	0
1789823555.285830	44396001336	18228047330	181768455	6876000	30330000	7632000	43000	2055441	0	2300338	0
1789823555.793789	44399108750	18230568380	181768455	6876000	30330000	7632000	43000	1924715	0	2200324	0
1789823556.300037	44402108315	18232962783	181768455	6822000	30330000	7572000	43000	2162716	0	2500965	0
1789823556.806960	44404675996	18234964487	181768455	6822000	30330000	7572000	43000	1794229	0	2700000	0
1789823557.311981	44407899926	18237484195	181768455	6822000	30330000	7572000	43000	1930602	0	2300319	0
1789823557.821926	44411181167	18240154782	181768455	6822000	30330000	7572000	43000	1930653	0	2300378	0
1789823558.326944	44414230964	18242499624	181768455	6819000	30320000	7569000	43000	1844191	0	2100243	0
1789823558.837024	44417256713	18244932479	181768455	6819000	30320000	7569000	43000	2073394	0	2399992	0
1789823559.341534	44418840755	18246023053	181768455	6819000	30320000	7569000	41000	707563	0	1745379	0
1789823559.854399	44419326105	18246180828	181768455	6819000	30320000	7569000	41000	748727	0	1889602	0
1789823560.360272	44419673394	18246234356	181768455	6868000	30320000	7623000	41000	1103617	0	1428580	0
1789823560.872142	44419869805	18246246014	181768455	6868000	30320000	7623000	41000	779014	0	1599959	0
1789823561.380204	44420055962	18246251568	181768455	6868000	30320000	7623000	40000	685562	0	1571554	0
1789823561.891615	44420221672	18246260662	181768455	6868000	30320000	7623000	40000	712529	0	1700237	0
1789823562.399487	44420673758	18246410137	181768455	6868000	30320000	7623000	43000	910309	0	2982282	0
1789823562.909325	44422453600	18247601906	181768455	6868000	30320000	7623000	43000	907553	0	3079094	0
1789823563.415425	44423801619	18248467932	181768455	6867000	30310000	7622000	45000	894208	0	2953444	0
1789823563.923957	44425259684	18249361179	181768455	6867000	30310000	7622000	45000	893128	0	2959148	0
1789823564.429273	44427123082	18250486481	181768455	6867000	30310000	7622000	45000	915170	0	3043963	0
1789823564.937928	44428523835	18251408476	181768455	6867000	30310000	7622000	45000	914137	0	3012723	0
1789823565.443358	44429925260	18252329738	181768455	6853000	30310000	7606000	45000	904919	0	2939260	0
1789823565.952335	44431553064	18253466637	181768455	6853000	30310000	7606000	45000	1090073	0	3051860	0
1789823566.458121	44433051107	18254440512	181768455	6853000	30310000	7606000	45000	1124579	0	3059671	0
1789823566.966897	44434482377	18255369159	181768455	6853000	30310000	7606000	45000	903474	0	3027566	0
1789823567.471932	44435907361	18256317399	181768455	6852000	30300000	7605000	45000	880926	0	2891757	0
1789823567.981956	44437329782	18257244215	181768455	6852000	30300000	7605000	45000	884479	0	2875562	0
1789823568.486894	44438731085	18258164867	181768455	6852000	30300000	7605000	45000	925021	0	3099968	0
1789823568.995439	44440132570	18259085153	181768455	6852000	30300000	7605000	45000	895747	0	2965807	0
1789823569.500937	44441557677	18259966071	181768455	6854000	30300000	7608000	45000	894479	0	2975928	0
1789823570.010061	44442946406	18260864690	181768455	6854000	30300000	7608000	45000	1087485	0	3078738	0
1789823570.514312	44444321830	18261766909	181768455	6854000	30300000	7608000	45000	908719	0	3100000	0
1789823571.024130	44445711047	18262666809	181768455	6854000	30300000	7608000	45000	1428783	0	3037559	0
1789823571.529215	44447090499	18263573972	181768455	6857000	30300000	7611000	45000	893422	0	2881213	0
1789823572.040832	44448528301	18264528621	181768455	6857000	30300000	7611000	45000	882451	0	2952719	0
1789823572.546192	44448918681	18264661433	181768455	6857000	30300000	7611000	40000	793125	0	1800302	0
1789823573.057930	44449408242	18264814386	181768455	6857000	30300000	7611000	40000	807711	0	1580866	0
1789823573.565000	44449568948	18264819391	181768455	6857000	30300000	7611000	40000	700026	0	1700214	0
1789823574.077146	44449903358	18264912409	181768455	6857000	30300000	7611000	40000	1416415	0	1700220	0
1789823574.582987	44450279944	18265018488	181768455	6878000	30290000	7634000	40000	660335	0	1482517	0
1789823575.096030	44450612524	18265052118	181768455	6878000	30290000	7634000	40000	713107	0	1414297	0
1789823575.604016	44452644867	18266310171	181768455	6878000	30290000	7634000	47000	887155	0	2897265	0
1789823576.110380	44455584252	18268155687	181768455	6878000	30290000	7634000	47000	682377	0	2659018	0
1789823576.614022	44458308793	18269178938	181768455	6822000	30290000	7572000	44000	884198	0	2721806	0
1789823577.121022	44460533031	18270562907	181768455	6822000	30290000	7572000	44000	912525	0	3100000	0
1789823577.625439	44463185124	18272182043	181768455	6822000	30290000	7572000	50000	987868	0	2953159	0
1789823578.134211	44465735288	18273057835	181768455	6822000	30290000	7572000	50000	927531	0	1800226	0
1789823578.642432	44466186520	18273217929	181768455	6831000	30280000	7582000	41000	868684	0	1700017	0
1789823579.154124	44466491695	18273284885	181768455	6831000	30280000	7582000	41000	855491	0	1600217	0
1789823579.662011	44466641963	18273289585	181768455	6831000	30280000	7582000	40000	764718	0	1560774	0
1789823580.173924	44466828181	18273302097	181768638	6831000	30280000	7582000	40000	657059	0	1456275	0
1789823580.682094	44467166132	18273310642	181768638	6873000	30280000	7629000	40000	872919	0	1485369	0
1789823581.195041	44467479546	18273393527	181768638	6873000	30280000	7629000	40000	903945	0	2700573	0
1789823581.699294	44469744189	18275016265	181768638	6873000	30280000	7629000	49000	903885	0	2942954	0
1789823582.208103	44471774396	18276488368	181768638	6873000	30280000	7629000	49000	884895	0	2977293	0
1789823582.712277	44473813331	18277963950	181768638	6843000	30280000	7596000	49000	921293	0	3099968	0
1789823583.221386	44475887789	18279459918	181768638	6843000	30280000	7596000	49000	1067585	0	3020682	0
1789823583.725976	44477821195	18280818435	181768638	6843000	30280000	7596000	45000	1243930	0	3100000	0
1789823584.237206	44480325094	18282577464	181768638	6843000	30280000	7596000	45000	1227338	0	3100000	0
1789823584.744584	44482378556	18284075323	181768638	6843000	30280000	7596000	45000	1249571	0	3100000	0
1789823585.253355	44484454112	18285582034	181768638	6843000	30280000	7596000	45000	1223878	0	3099968	0
1789823585.757932	44486522955	18287075743	181768638	6840000	30270000	7592000	45000	1275767	0	3100031	0
1789823586.268058	44487313297	18287349485	181768638	6840000	30270000	7592000	45000	965446	0	1900329	0
1789823586.776206	44487786623	18287504758	181768638	6840000	30270000	7592000	40000	923093	0	1600029	0
1789823587.289567	44487990114	18287517087	181768638	6840000	30270000	7592000	40000	799095	0	1542858	0
1789823587.798092	44488147401	18287522031	181768638	6873000	30270000	7629000	40000	1083885	0	1600163	0
1789823588.310386	44488312867	18287529355	181768638	6873000	30270000	7629000	40000	741247	0	1392592	0
1789823588.819126	44488479981	18287534055	181768638	6873000	30270000	7629000	40000	1041927	0	1545812	0
1789823589.331105	44489040770	18287650510	181768638	6873000	30270000	7629000	40000	721132	0	1500860	0
1789823589.840024	44489361265	18287749569	181768638	6879000	30260000	7635000	40000	644733	0	1557723	0
1789823590.353019	44489547788	18287757443	181768638	6879000	30260000	7635000	40000	668708	0	1549500	0
1789823590.860982	44489683591	18287762082	181768638	6879000	30260000	7635000	39000	708223	0	1700352	0
1789823591.374307	44489923459	18287771237	181768638	6879000	30260000	7635000	39000	654633	0	1436911	0
1789823591.882015	44490074764	18287774472	181768638	6879000	30260000	7635000	39000	687857	0	1600210	0
1789823592.394097	44490290645	18287782467	181768638	6879000	30260000	7635000	39000	666613	0	1532659	0
1789823592.903942	44490482844	18287806698	181769065	6879000	30260000	7635000	39000	1288127	0	1701751	0
1789823593.419111	44490965326	18287963619	181769310	6879000	30260000	7635000	39000	850823	0	1606611	0
1789823593.925035	44491240167	18288031368	181769432	6876000	30260000	7632000	39000	670321	0	1532563	0
1789823594.437441	44491779289	18288212703	181769493	6876000	30260000	7632000	39000	683596	0	1574474	0
1789823594.946013	44491987479	18288227962	181769493	6876000	30260000	7632000	39000	644233	0	1453888	0
1789823595.458740	44492195059	18288237910	181769493	6876000	30260000	7632000	39000	655024	0	1540046	0
1789823595.967005	44492357046	18288244197	181769493	6876000	30260000	7632000	39000	625482	0	1501993	0
1789823596.481689	44492543630	18288253535	181769493	6876000	30260000	7632000	39000	1454423	0	1700187	0
1789823596.988374	44492809987	18288259456	181769493	6880000	30260000	7636000	39000	675024	0	1600118	0
1789823597.501503	44493048328	18288274593	181769493	6880000	30260000	7636000	39000	666133	0	1528929	0
1789823598.010051	44493215320	18288285701	181769493	6880000	30260000	7636000	39000	683566	0	1568360	0
1789823598.523933	44493447131	18288296809	181769493	6880000	30260000	7636000	39000	722606	0	1700046	0
1789823599.030444	44493610522	18288302608	181769493	6880000	30260000	7636000	39000	665692	0	1525370	0
1789823599.545042	44493830614	18288314998	181769493	6880000	30260000	7636000	39000	1103757	0	1535391	0
1789823600.053016	44494092210	18288319942	181769493	6880000	30260000	7636000	39000	1072890	0	1537083	0
1789823600.565066	44494492783	18288333064	181769493	6880000	30260000	7636000	39000	590588	0	1424559	0
1789823601.073173	44494887496	18288342830	181769493	6875000	30250000	7631000	39000	658851	0	1471129	0
1789823601.586266	44495308638	18288355769	181769493	6875000	30250000	7631000	39000	593280	0	976549	0
1789823602.094544	44495679059	18288360530	181769493	6875000	30250000	7631000	39000	707435	0	1459694	0
1789823602.608082	44496156109	18288371760	181769493	6875000	30250000	7631000	39000	482485	0	885945	0
1789823603.116959	44497128396	18288662165	181769493	6871000	30250000	7626000	41000	1680566	0	1700269	0
1789823603.626118	44500508698	18290393850	181769493	6871000	30250000	7626000	41000	686100	0	800008	0
1789823604.155070	44503138207	18291695665	181769493	6871000	30250000	7626000	41000	687502	0	800008	0
1789823604.681747	44505756243	18292984419	181769493	6871000	30250000	7626000	41000	695201	0	800000	0
1789823605.193012	44508288585	18294262858	181769493	6838000	30250000	7590000	41000	702995	0	853179	0
1789823605.705998	44510845219	18295488502	181769493	6838000	30250000	7590000	41000	694273	0	800008	0
1789823606.218018	44513389829	18296678990	181769493	6838000	30250000	7590000	41000	688234	0	800008	0
1789823606.739014	44515980826	18297876191	181769493	6838000	30250000	7590000	41000	699560	0	800008	0
1789823607.253216	44518531662	18299079069	181769493	6837000	30240000	7589000	41000	697435	0	800008	0
1789823607.771238	44521106301	18300281825	181769493	6837000	30240000	7589000	41000	694713	0	800016	0
1789823608.279114	44523637545	18301423912	181769493	6837000	30240000	7589000	41000	662504	0	800008	0
1789823608.805053	44526244105	18302628560	181769493	6837000	30240000	7589000	41000	697131	0	800008	0
1789823609.313674	44528763508	18303838579	181769493	6837000	30240000	7589000	42000	837229	0	1000000	0
1789823609.824846	44531302015	18305056288	181769493	6837000	30240000	7589000	42000	726016	0	1000000	0
1789823610.331849	44533782660	18306297984	181771019	6836000	30230000	7588000	41000	937050	0	1552163	0
1789823610.843802	44535922608	18307232125	181771019	6836000	30230000	7588000	41000	976765	0	2200561	0
1789823611.350037	44538892144	18308672795	181771934	6836000	30230000	7588000	42000	696480	0	800008	0
1789823611.873980	44541495470	18309911256	181771934	6836000	30230000	7588000	42000	691500	0	800000	0
1789823612.386620	44544036479	18311150877	181771934	6829000	30230000	7580000	42000	700572	0	804526	0
1789823612.906979	44546627842	18312437739	181771934	6829000	30230000	7580000	42000	700004	0	800000	0
1789823613.420780	44549182462	18313670341	181771934	6829000	30230000	7580000	42000	665210	0	777830	0
1789823613.943038	44551777121	18314876453	181771934	6829000	30230000	7580000	42000	691971	0	800000	0
1789823614.457670	44554335037	18316110032	181771934	6831000	30220000	7582000	42000	687171	0	799983	0
1789823614.981240	44556933541	18317344892	181771934	6831000	30220000	7582000	42000	683947	0	794251	0
1789823615.490102	44559464723	18318514383	181771934	6831000	30220000	7582000	42000	666611	0	786955	0
1789823616.017098	44562084040	18319723365	181771934	6831000	30220000	7582000	42000	687354	0	800023	0
1789823616.528072	44564622181	18320911899	181771934	6836000	30220000	7588000	42000	691612	0	799991	0
1789823617.043286	44567174420	18322102753	181771934	6836000	30220000	7588000	42000	709803	0	900018	0
1789823617.551161	44569693701	18323341153	181771934	6836000	30220000	7588000	42000	759128	0	1000010	0
1789823618.063766	44572215484	18324595544	181771934	6836000	30220000	7588000	42000	1099163	0	1402846	0
1789823618.570824	44574468591	18325645530	181771934	6836000	30210000	7588000	41000	931186	0	2099537	0
1789823619.081511	44574918968	18325769614	181771934	6836000	30210000	7588000	41000	711287	0	1700855	0
1789823619.590799	44575526755	18325951376	181771934	6836000	30210000	7588000	40000	656902	0	1555044	0
1789823620.103995	44575696860	18325959311	181771934	6836000	30210000	7588000	40000	844466	0	1600372	0
1789823620.612565	44575868368	18325964498	181771934	6876000	30210000	7632000	40000	650005	0	1599970	0
1789823621.128047	44576019613	18325969442	181771934	6876000	30210000	7632000	40000	807397	0	1500506	0
1789823621.635729	44576243916	18325977255	181771934	6876000	30210000	7632000	40000	662522	0	1600000	0
1789823622.148952	44579589733	18328657668	181771934	6876000	30210000	7632000	40000	1049336	0	1200012	0
1789823622.657951	44582119328	18330536386	181771934	6876000	30210000	7632000	43000	1048307	0	1200012	0
1789823623.169642	44584663145	18332440922	181771934	6876000	30210000	7632000	43000	1038076	0	1200024	0
1789823623.673940	44587168449	18334310424	181771934	6832000	30200000	7583000	43000	1032428	0	1200000	0
1789823624.184752	44589708176	18336183772	181771934	6832000	30200000	7583000	43000	1007943	0	1137184	0
1789823624.691130	44592225687	18338008413	181771934	6832000	30200000	7583000	43000	1046829	0	1200000	0
1789823625.200171	44594735690	18339895310	181771934	6832000	30200000	7583000	43000	1182540	0	1600032	0
1789823625.706121	44595909698	18340651045	181771934	6834000	30200000	7585000	40000	812760	0	1690317	0
1789823626.217552	44596427519	18340852278	181771934	6834000	30200000	7585000	40000	1075479	0	1664928	0
1789823626.725945	44596605558	18340857344	181771934	6834000	30200000	7585000	40000	1211849	0	1700182	0
1789823627.239742	44596841703	18340862349	181771934	6834000	30200000	7585000	40000	803428	0	1527076	0
1789823627.749008	44597042325	18340873701	181771934	6873000	30190000	7629000	40000	1004864	0	1600100	0
1789823628.262347	44597442837	18340893721	181771934	6873000	30190000	7629000	40000	969324	0	1572963	0
1789823628.770959	44599206260	18342242411	181771934	6873000	30190000	7629000	44000	2206345	0	2267211	0
1789823629.281925	44602242690	18344635898	181771934	6873000	30190000	7629000	44000	1520015	0	1781276	0
1789823629.786484	44604742684	18346560393	181771934	6820000	30190000	7570000	42000	1483972	0	1600000	0
1789823630.296951	44607255067	18348493738	181771934	6820000	30190000	7570000	42000	1684520	0	1800245	0
1789823630.803041	44609749385	18350409443	181771934	6820000	30190000	7570000	43000	1920114	0	2100295	0
1789823631.310996	44612309681	18352352492	181771934	6820000	30190000	7570000	43000	1667890	0	1750078	0
1789823631.816947	44614841962	18354317148	181771934	6826000	30180000	7577000	43000	1435779	0	1599983	0
1789823632.326691	44617370642	18356272954	181771934	6826000	30180000	7577000	43000	1471041	0	1599983	0
1789823632.834934	44619879181	18358208557	181771934	6826000	30180000	7577000	44000	1727595	0	1900000	0
1789823633.341987	44622392358	18360105952	181771934	6826000	30180000	7577000	44000	1632086	0	1700233	0
1789823633.846668	44623489706	18360720513	181771934	6826000	30180000	7577000	41000	720744	0	1765726	0
1789823634.359995	44624454120	18361113273	181771934	6826000	30180000	7577000	41000	804954	0	1600259	0
1789823634.868681	44624610064	18361118583	181771934	6843000	30180000	7596000	40000	752525	0	1419838	0
1789823635.380015	44624875017	18361124687	181771934	6843000	30180000	7596000	40000	917567	0	1600227	0
1789823635.888016	44625219194	18361127983	181771934	6843000	30180000	7596000	40000	641450	0	1553056	0
1789823636.401842	44625393388	18361134086	181771934	6843000	30180000	7596000	40000	631695	0	1553447	0
1789823636.910052	44626032729	18361450614	181771934	6873000	30180000	7629000	42000	1206073	0	3056998	0
1789823637.421966	44627819285	18362668628	181771934	6873000	30180000	7629000	42000	1453484	0	3100000	0
1789823637.927882	44629174994	18363565171	181771934	6873000	30180000	7629000	42000	1401402	0	3100000	0
1789823638.438517	44630551150	18364479170	181771934	6873000	30180000	7629000	42000	1167264	0	3100000	0
1789823638.944902	44632049804	18365457806	181771934	6856000	30170000	7610000	42000	1387216	0	2906749	0
1789823639.455842	44633480647	18366422952	181771934	6856000	30170000	7610000	42000	982578	0	2900781	0
1789823639.962280	44634910636	18367387183	181771934	6856000	30170000	7610000	45000	1205465	0	3080461	0
1789823640.473535	44636529773	18368519260	181773094	6856000	30170000	7610000	45000	1208881	0	3100000	0
1789823640.981112	44637956161	18369487031	181773094	6853000	30170000	7607000	43000	1261387	0	3099968	0
1789823641.491798	44639384380	18370453459	181773094	6853000	30170000	7607000	43000	1210547	0	3100000	0
1789823641.997947	44640805641	18371418911	181773094	6853000	30170000	7607000	42000	1208144	0	2959377	0
1789823642.508889	44642238681	18372379724	181773094	6853000	30170000	7607000	42000	969635	0	2968779	0
1789823643.015761	44643682831	18373371482	181773094	6855000	30160000	7609000	42000	1204817	0	2937850	0
1789823643.526756	44645087246	18374314228	181773094	6855000	30160000	7609000	42000	1211310	0	2947569	0
1789823644.033736	44646503563	18375258684	181773094	6855000	30160000	7609000	43000	2441721	0	3100031	0
1789823644.541816	44648284992	18376370619	181773094	6855000	30160000	7609000	43000	1029361	0	2942442	0
1789823645.045987	44649659012	18377276074	181773094	6855000	30160000	7609000	42000	1966712	0	3099959	0
1789823645.552780	44651083935	18378224558	181773094	6855000	30160000	7609000	42000	1207695	0	2946223	0
1789823646.057003	44652483711	18379171516	181773094	6854000	30160000	7608000	42000	1435894	0	2916836	0
1789823646.566040	44653802617	18380016545	181773094	6854000	30160000	7608000	42000	949645	0	1880382	0
1789823647.071981	44654064762	18380076665	181773094	6854000	30160000	7608000	41000	1274750	0	1714547	0
1789823647.583532	44654519106	18380198979	181773094	6854000	30160000	7608000	41000	899871	0	1600000	0
1789823648.089763	44654665407	18380202275	181773094	6875000	30160000	7631000	40000	641743	0	1500000	0
1789823648.598425	44654843569	18380210087	181773094	6875000	30160000	7631000	40000	589447	0	1423946	0
1789823649.104057	44655077149	18380218632	181773094	6875000	30160000	7631000	40000	663189	0	1454789	0
1789823649.615093	44655438110	18380315739	181773094	6875000	30160000	7631000	40000	647307	0	1599983	0
1789823650.119533	44658204217	18382078979	181773094	6875000	30150000	7631000	50000	900833	0	2875742	0
1789823650.626060	44660756334	18383476131	181773094	6875000	30150000	7631000	50000	728866	0	2630056	0
1789823651.130066	44663213176	18384374932	181773094	6875000	30150000	7631000	48000	921596	0	3000000	0
1789823651.637072	44665690343	18386026662	181773094	6875000	30150000	7631000	48000	737503	0	3100031	0
1789823652.141306	44668264677	18387375108	181773094	6830000	30150000	7581000	46000	882379	0	2800000	0
1789823652.649008	44670180749	18387991561	181773094	6830000	30150000	7581000	46000	524740	0	1397925	0
1789823653.155088	44670713767	18388195723	181773094	6830000	30150000	7581000	41000	671425	0	1541522	0
1789823653.665478	44670932883	18388207137	181773094	6830000	30150000	7581000	41000	717614	0	1527755	0
1789823654.170951	44671385518	18388361067	181773094	6875000	30140000	7631000	40000	1317998	0	1700228	0
1789823654.681690	44671610615	18388379561	181773094	6875000	30140000	7631000	40000	660905	0	1500000	0
1789823655.187526	44671835590	18388384993	181773094	6875000	30140000	7631000	39000	780708	0	1426849	0
1789823655.697680	44672498797	18388733686	181773094	6875000	30140000	7631000	39000	1008421	0	3099968	0
1789823656.201664	44674906750	18390484902	181773094	6875000	30140000	7631000	49000	778166	0	3042466	0
1789823656.710062	44676944281	18391963719	181773094	6875000	30140000	7631000	49000	725796	0	3006375	0
1789823657.213990	44678971559	18393423249	181773094	6823000	30140000	7573000	49000	963185	0	2943338	0
1789823657.721990	44681025997	18394907681	181773094	6823000	30140000	7573000	49000	1758276	0	3100000	0
1789823658.225395	44682873892	18396180810	181773094	6823000	30140000	7573000	49000	1176045	0	3024017	0
1789823658.732158	44684849656	18397605856	181773094	6823000	30140000	7573000	49000	733009	0	3064077	0
1789823659.236611	44686807964	18399015154	181773094	6840000	30140000	7592000	49000	1113980	0	3100000	0
1789823659.743071	44688780921	18400445387	181773094	6840000	30140000	7592000	49000	902705	0	3099968	0
1789823660.246865	44690733919	18401852610	181773094	6840000	30140000	7592000	49000	1123170	0	2913638	0
1789823660.754208	44691425872	18402205026	181773094	6840000	30140000	7592000	49000	611803	0	1316544	0
1789823661.260515	44691918913	18402383614	181773094	6834000	30130000	7585000	40000	675536	0	1527181	0
1789823661.769469	44692119413	18402394173	181773094	6834000	30130000	7585000	40000	649533	0	1547450	0
1789823662.275375	44692262113	18402398202	181773094	6834000	30130000	7585000	40000	702700	0	1346127	0
1789823662.784607	44692452420	18402407479	181773094	6834000	30130000	7585000	40000	654230	0	1500000	0
1789823663.291257	44692627163	18402414254	181773094	6875000	30130000	7631000	39000	908657	0	1500523	0
1789823663.801642	44693014186	18402531807	181773094	6875000	30130000	7631000	39000	825001	0	1634339	0
1789823664.308131	44693879601	18402840583	181773094	6875000	30130000	7631000	40000	908971	0	1530665	0
1789823664.817191	44694055443	18402846809	181773094	6875000	30130000	7631000	40000	634527	0	1445366	0
1789823665.324600	44694346458	18402854866	181773094	6875000	30130000	7631000	39000	637391	0	1455812	0
1789823665.838504	44694554221	18402862678	181773094	6875000	30130000	7631000	39000	644765	0	1504525	0
1789823666.344322	44694756003	18402867378	181773094	6875000	30130000	7631000	39000	1024875	0	1522289	0
1789823666.854425	44694954794	18402876350	181773094	6875000	30130000	7631000	39000	724137	0	1500000	0
1789823667.360404	44695138204	18402881416	181773094	6875000	30130000	7631000	39000	790062	0	1547879	0
1789823667.871485	44695701435	18403028266	181775596	6875000	30130000	7631000	39000	694073	0	1329968	0
1789823668.377139	44696139361	18403149665	181775779	6877000	30120000	7633000	39000	914586	0	1473826	0
1789823668.887503	44696376055	18403183722	181775779	6877000	30120000	7633000	39000	577541	0	1500000	0
1789823669.393480	44696697282	18403217352	181775840	6877000	30120000	7633000	39000	675036	0	1506535	0
1789823669.904033	44696961808	18403236273	181775840	6877000	30120000	7633000	39000	629078	0	1548975	0
1789823670.409051	44697160294	18403246283	181775840	6875000	30120000	7631000	39000	842677	0	1524885	0
1789823670.919298	44697344436	18403259528	181775840	6875000	30120000	7631000	39000	429067	0	632538	0
1789823671.425077	44697562209	18403274970	181775840	6875000	30120000	7631000	39000	894882	0	1600000	0
1789823671.936276	44698066847	18403328314	181775840	6875000	30120000	7631000	39000	583469	0	1342137	0
1789823672.441368	44698262708	18403336554	181775901	6876000	30120000	7632000	39000	676121	0	1419877	0
1789823672.952475	44698531933	18403354132	181775901	6876000	30120000	7632000	39000	637981	0	1398587	0
1789823673.458231	44698746471	18403363836	181775901	6876000	30120000	7632000	39000	757172	0	1500023	0
1789823673.969474	44698930858	18403374640	181775901	6876000	30120000	7632000	39000	629847	0	1392755	0
1789823674.475356	44699507822	18403532964	181775901	6878000	30120000	7634000	39000	1061601	0	1450778	0
1789823674.985339	44699800912	18403571294	181775901	6878000	30120000	7634000	39000	573020	0	1222301	0
1789823675.491902	44700005623	18403580145	181775901	6878000	30120000	7634000	39000	983913	0	1405157	0
1789823676.001349	44700307808	18403597723	181775901	6878000	30120000	7634000	39000	665638	0	1518506	0
1789823676.507502	44700508552	18403607793	181775901	6874000	30110000	7630000	39000	1003475	0	1454637	0
1789823677.019226	44700733038	18403629766	181775901	6874000	30110000	7630000	39000	849015	0	1500000	0
1789823677.525031	44701154119	18403698003	181775901	6874000	30110000	7630000	39000	1469797	0	1800277	0
1789823678.035194	44704226194	18405088686	181775901	6874000	30110000	7630000	39000	400010	0	400033	0
1789823678.559150	44706293327	18405988403	181775901	6874000	30110000	7630000	40000	449152	0	500000	0
1789823679.077120	44708349596	18406880978	181775901	6874000	30110000	7630000	40000	442751	0	500000	0
1789823679.596020	44710408368	18407768427	181775901	6844000	30110000	7597000	40000	486579	0	600000	0
1789823680.139019	44712564002	18408722709	181775901	6844000	30110000	7597000	40000	446937	0	500000	0
1789823680.656019	44714611482	18409620412	181775901	6844000	30110000	7597000	40000	449953	0	500010	0
1789823681.190074	44716732204	18410540820	181775901	6844000	30110000	7597000	40000	457628	0	578025	0
1789823681.708045	44718792013	18411432236	181775901	6842000	30100000	7594000	40000	461218	0	578815	0
1789823682.240014	44720904313	18412314863	181775901	6842000	30100000	7594000	40000	447425	0	500010	0
1789823682.760303	44722962718	18413186565	181775901	6842000	30100000	7594000	40000	494920	0	600006	0
1789823683.313128	44725181645	18414063394	181775901	6842000	30100000	7594000	40000	399999	0	400010	0
1789823683.832056	44727251037	18414886024	181775901	6843000	30100000	7595000	40000	400004	0	400017	0
1789823684.368022	44729359674	18415774022	181775901	6843000	30100000	7595000	40000	491811	0	600000	0
1789823684.890041	44731434559	18416646761	181775901	6843000	30100000	7595000	40000	445192	0	500000	0
1789823685.416327	44733521346	18417528351	181775901	6843000	30100000	7595000	40000	444355	0	500015	0
1789823685.928158	44735549783	18418388761	181775901	6843000	30090000	7596000	41000	496143	0	600006	0
1789823686.446490	44737606479	18419274318	181775901	6843000	30090000	7596000	41000	490648	0	600006	0
1789823686.958051	44739632719	18420162866	181775901	6843000	30090000	7596000	41000	569628	0	781719	0
1789823687.477087	44741678734	18421093588	181775901	6843000	30090000	7596000	41000	671674	0	988755	0
1789823687.984732	44743467853	18421890095	181775901	6844000	30090000	7597000	41000	936388	0	1900197	0
1789823688.495259	44745739881	18422908647	181775901	6844000	30090000	7597000	41000	496406	0	600000	0
1789823689.008117	44747780403	18423795669	181775901	6844000	30090000	7597000	41000	444054	0	500005	0
1789823689.545891	44749910403	18424713086	181775901	6844000	30090000	7597000	41000	444806	0	499994	0
1789823690.064018	44751969235	18425621287	181775901	6842000	30090000	7594000	41000	444209	0	499984	0
1789823690.597751	44754080924	18426545723	181775901	6842000	30090000	7594000	41000	496883	0	600000	0
1789823691.115016	44756136705	18427434698	181775901	6842000	30090000	7594000	41000	444234	0	500010	0
1789823691.647032	44758252606	18428341373	181775901	6842000	30090000	7594000	41000	442515	0	500000	0
1789823692.165025	44760308875	18429214051	181775901	6843000	30080000	7595000	41000	440391	0	496705	0
1789823692.699091	44762491242	18430102110	181775901	6843000	30080000	7595000	41000	400014	0	400043	0
1789823693.208434	44764501979	18430953732	181775901	6843000	30080000	7595000	41000	499120	0	600000	0
1789823693.728112	44766566183	18431858331	181775901	6843000	30080000	7595000	41000	488916	0	599993	0
1789823694.239094	44768596939	18432767265	181775901	6843000	30070000	7595000	41000	445970	0	500010	0
1789823694.798847	44770809946	18433743703	181775901	6843000	30070000	7595000	41000	524456	0	600018	0
1789823695.308143	44772842046	18434587145	181775901	6843000	30070000	7595000	41000	443405	0	496227	0
1789823695.826117	44774899108	18435456589	181775901	6843000	30070000	7595000	41000	447378	0	500015	0
1789823696.338665	44776922358	18436324262	181775901	6843000	30070000	7595000	41000	569457	0	700013	0
1789823696.856466	44778976674	18437216716	181775901	6843000	30070000	7595000	41000	546288	0	700014	0
1789823697.366270	44781001144	18438070840	181775901	6843000	30070000	7595000	42000	577197	0	700021	0
1789823697.884491	44783044901	18438999610	181775901	6843000	30070000	7595000	42000	680979	0	900000	0
1789823698.393183	44785030491	18439927403	181775901	6843000	30070000	7595000	41000	878984	0	1460065	0
1789823698.906144	44786418732	18440442294	181775901	6843000	30070000	7595000	41000	661004	0	1500240	0
1789823699.413032	44786995940	18440567416	181775901	6839000	30070000	7591000	40000	992837	0	1895479	0
1789823699.925162	44787321013	18440634310	181775901	6839000	30070000	7591000	40000	752946	0	1500151	0
1789823700.433465	44787581510	18440644137	181776023	6839000	30070000	7591000	40000	1042302	0	1591256	0
1789823700.946042	44787808804	18440655001	181776023	6839000	30070000	7591000	40000	1024306	0	1523901	0
1789823701.454613	44788005886	18440662996	181776023	6874000	30060000	7630000	39000	797836	0	1517956	0
1789823701.965954	44789622276	18441867583	181776023	6874000	30060000	7630000	39000	1787091	0	1998649	0
1789823702.471991	44791954363	18443564905	181776023	6874000	30060000	7630000	41000	750003	0	900009	0
1789823702.986988	44793996227	18444984519	181776023	6874000	30060000	7630000	41000	708303	0	866402	0
1789823703.493926	44796010199	18446388995	181776023	6840000	30060000	7592000	42000	746549	0	900000	0
1789823704.008979	44798054139	18447809340	181776023	6840000	30060000	7592000	42000	700000	0	800008	0
1789823704.519149	44800076351	18449071666	181776023	6840000	30060000	7592000	42000	798233	0	900009	0
1789823705.048071	44802180044	18450525520	181776023	6840000	30060000	7592000	42000	699996	0	800016	0
1789823705.558879	44804206223	18451934574	181776023	6841000	30050000	7593000	42000	747266	0	900009	0
1789823706.072718	44806247539	18453355896	181776023	6841000	30050000	7593000	42000	705657	0	845250	0
1789823706.579173	44808237280	18454741024	181776023	6841000	30050000	7593000	42000	854485	0	1200000	0
1789823707.089553	44809571810	18455582575	181776023	6841000	30050000	7593000	42000	717238	0	1700161	0
1789823707.596899	44810114045	18455788080	181776023	6841000	30050000	7593000	40000	700003	0	1700267	0
1789823708.110028	44810300324	18455798822	181776023	6841000	30050000	7593000	40000	716657	0	1543447	0
1789823708.617684	44810459198	18455802545	181776023	6866000	30050000	7621000	39000	694747	0	1635837	0
1789823709.129967	44810756622	18455823724	181776023	6866000	30050000	7621000	39000	844987	0	1532938	0
1789823709.638944	44810972869	18455827997	181776023	6866000	30050000	7621000	39000	945685	0	1580406	0
1789823710.150610	44812185268	18456514335	181776023	6866000	30050000	7621000	39000	1984602	0	2200285	0
1789823710.655967	44814887348	18458631822	181776023	6873000	30050000	7629000	42000	1075375	0	1299986	0
1789823711.166970	44816908461	18460064985	181776023	6873000	30050000	7629000	42000	1187718	0	1400000	0
1789823711.672964	44818920175	18461513407	181776023	6873000	30050000	7629000	42000	1158318	0	1379981	0
1789823712.184652	44820949161	18462967810	181776023	6873000	30050000	7629000	42000	1234099	0	1448771	0
1789823712.689105	44822946837	18464409518	181776023	6842000	30040000	7594000	42000	1283894	0	1500000	0
1789823713.198210	44824684076	18465602264	181776023	6842000	30040000	7594000	42000	832845	0	1599774	0
1789823713.704017	44826975757	18467270167	181776023	6842000	30040000	7594000	42000	1277914	0	1480115	0
1789823714.214955	44829020125	18468690635	181776023	6842000	30040000	7594000	42000	1041462	0	1200000	0
1789823714.725039	44831039346	18470117450	181776023	6840000	30030000	7592000	42000	1139062	0	1395802	0
1789823715.234949	44833061252	18471568130	181776023	6840000	30030000	7592000	42000	1149007	0	1399971	0
1789823715.741612	44835069914	18472967845	181776023	6840000	30030000	7592000	42000	1252917	0	1499984	0
1789823716.251075	44837078209	18474414375	181776023	6840000	30030000	7592000	42000	1279145	0	1600015	0
1789823716.756839	44838656208	18475462956	181776023	6838000	30030000	7590000	42000	1131656	0	2006511	0
1789823717.267358	44839236041	18475689030	181776023	6838000	30030000	7590000	42000	671506	0	1500187	0
1789823717.775979	44839610979	18475800846	181776023	6838000	30030000	7590000	40000	699810	0	1600114	0
1789823718.289774	44839785478	18475810550	181776023	6838000	30030000	7590000	40000	849056	0	1628821	0
1789823718.797961	44839970475	18475815983	181776023	6873000	30030000	7629000	40000	674040	0	1500255	0
1789823719.311889	44840288223	18475832462	181776023	6873000	30030000	7629000	40000	946008	0	1600150	0
1789823719.819928	44840447952	18475836734	181776023	6873000	30030000	7629000	39000	672728	0	1500145	0
1789823720.332003	44841785168	18476624086	181776023	6873000	30030000	7629000	39000	920403	0	3100000	0
1789823720.837914	44843310249	18477621703	181776023	6873000	30030000	7629000	44000	1875874	0	3100000	0
1789823721.347314	44844882267	18478564144	181776023	6873000	30030000	7629000	44000	896140	0	2968910	0
1789823721.852034	44846248352	18479441828	181776023	6855000	30020000	7609000	44000	2007599	0	3100000	0
1789823722.360671	44847632687	18480329338	181776023	6855000	30020000	7609000	44000	1081924	0	3100000	0
1789823722.866527	44849058220	18481267751	181776023	6855000	30020000	7609000	44000	907606	0	2960362	0
1789823723.375820	44850483388	18482212084	181776023	6855000	30020000	7609000	44000	912526	0	3100000	0
1789823723.881025	44852056687	18483298324	181776023	6850000	30020000	7603000	44000	919364	0	2954605	0
1789823724.391753	44853877300	18484448041	181776023	6850000	30020000	7603000	44000	925018	0	3099968	0
1789823724.897065	44855303444	18485385782	181776023	6850000	30020000	7603000	44000	966271	0	3068784	0
1789823725.405751	44856857334	18486451148	181776023	6850000	30020000	7603000	44000	912537	0	3100000	0
1789823725.912220	44858269073	18487370152	181776023	6847000	30010000	7600000	44000	905929	0	3047242	0
1789823726.420325	44859741848	18488352327	181776023	6847000	30010000	7600000	44000	1070584	0	2964255	0
1789823726.924636	44861189781	18489246063	181776023	6847000	30010000	7600000	44000	912553	0	3100000	0
1789823727.434120	44862575581	18490134733	181776023	6847000	30010000	7600000	44000	1076454	0	3100000	0
1789823727.941565	44863964981	18491044581	181776023	6852000	30010000	7605000	44000	895660	0	2965071	0
1789823728.450578	44865347302	18491936364	181776023	6852000	30010000	7605000	44000	1065601	0	2925689	0
1789823728.955984	44866751412	18492839254	181776023	6852000	30010000	7605000	47000	912826	0	2958557	0
1789823729.465547	44868207280	18493744281	181776023	6852000	30010000	7605000	47000	1089124	0	2922397	0
1789823729.970743	44869235720	18494309099	181776023	6847000	30010000	7600000	40000	723206	0	1739593	0
1789823730.484716	44869860230	18494490190	181776023	6847000	30010000	7600000	40000	661767	0	1494043	0
1789823730.992066	44870076233	18494495073	181776023	6847000	30010000	7600000	39000	827926	0	1534143	0
1789823731.505523	44870284851	18494506303	181776023	6847000	30010000	7600000	39000	763182	0	1505081	0
1789823732.011580	44870440001	18494511796	181776023	6847000	30010000	7600000	39000	798422	0	1532003	0
1789823732.523119	44870698607	18494518877	181776023	6847000	30010000	7600000	39000	640765	0	1400140	0
1789823733.028833	44871617794	18495037735	181776023	6875000	30000000	7631000	48000	1183583	0	3033056	0
1789823733.536155	44874019033	18496554333	181776023	6875000	30000000	7631000	48000	793189	0	2469045	0
1789823734.039808	44876068832	18497598703	181776023	6875000	30000000	7631000	43000	1857289	0	2100000	0
1789823734.546916	44878017863	18498360908	181776023	6875000	30000000	7631000	43000	871294	0	2101111	0
1789823735.052330	44880002416	18499604435	181776023	6849000	30000000	7602000	47000	779707	0	2642640	0
1789823735.559028	44882066925	18500794312	181776023	6849000	30000000	7602000	47000	857535	0	2400000	0
1789823736.062818	44884091212	18501567137	181776023	6849000	30000000	7602000	42000	949007	0	2199977	0
1789823736.572119	44884931847	18501828306	181776023	6849000	30000000	7602000	42000	797935	0	1515528	0
1789823737.079200	44885281089	18501935300	181776023	6864000	29990000	7619000	39000	826614	0	1500482	0
1789823737.589121	44885465964	18501942991	181776023	6864000	29990000	7619000	39000	717944	0	1533933	0
1789823738.094990	44885695028	18501948850	181776023	6864000	29990000	7619000	39000	574449	0	1599971	0
1789823738.605040	44885883993	18501956968	181776023	6864000	29990000	7619000	39000	901884	0	1524280	0
1789823739.111366	44886053121	18501963132	181776023	6874000	29990000	7630000	39000	1336390	0	1993423	0
1789823739.620955	44887785172	18503000666	181776023	6874000	29990000	7630000	39000	1788315	0	3100000	0
1789823740.125646	44889824779	18504434501	181776023	6874000	29990000	7630000	48000	958032	0	3071614	0
1789823740.633528	44891830328	18505882739	181776023	6874000	29990000	7630000	48000	897142	0	2954463	0
1789823741.137741	44893844910	18507308639	181776023	6841000	29990000	7593000	48000	728960	0	2999970	0
1789823741.646988	44895863093	18508749370	181776023	6841000	29990000	7593000	48000	1736398	0	3000000	0
1789823742.150876	44897856801	18510176063	181776023	6841000	29990000	7593000	49000	1041848	0	3100000	0
1789823742.657986	44899872421	18511633457	181776023	6841000	29990000	7593000	49000	1068501	0	3072608	0
1789823743.161787	44901872172	18513065582	181776023	6841000	29990000	7593000	49000	864694	0	3010535	0
1789823743.668994	44903884618	18514443203	181776023	6841000	29990000	7593000	49000	931148	0	2962240	0
1789823744.172867	44905505586	18515455957	181776023	6838000	29980000	7590000	40000	882131	0	1800182	0
1789823744.682710	44906058257	18515618005	181776023	6838000	29980000	7590000	40000	840227	0	1857890	0
1789823745.188449	44906240996	18515626000	181776023	6838000	29980000	7590000	39000	561780	0	1544138	0
1789823745.699747	44906463164	18515633569	181776023	6838000	29980000	7590000	39000	599268	0	1499759	0
1789823746.205486	44906616423	18515637963	181776023	6871000	29980000	7627000	39000	1061544	0	1621384	0
1789823746.716145	44906871610	18515648827	181776023	6871000	29980000	7627000	39000	789941	0	1519787	0
1789823747.222251	44907156887	18515663354	181776023	6871000	29980000	7627000	39000	891004	0	1500027	0
1789823747.732780	44907675075	18515864647	181776023	6871000	29980000	7627000	39000	783237	0	1500000	0
1789823748.239072	44907859217	18515877220	181776023	6862000	29980000	7616000	39000	752965	0	1469673	0
1789823748.749508	44908077539	18515886437	181776023	6862000	29980000	7616000	39000	654704	0	1454469	0
1789823749.256278	44908376367	18515894249	181776023	6862000	29980000	7616000	39000	756707	0	1500000	0
1789823749.770181	44908553796	18515902367	181776023	6862000	29980000	7616000	39000	659687	0	1530859	0
1789823750.276245	44908711083	18515908775	181776023	6873000	29970000	7629000	39000	560755	0	1412085	0
1789823750.787465	44908920921	18515916039	181776023	6873000	29970000	7629000	39000	679944	0	1555069	0
1789823751.295211	44909099387	18515923424	181776023	6873000	29970000	7629000	39000	731479	0	1530289	0
1789823751.804894	44909254660	18515929161	181776023	6873000	29970000	7629000	39000	662273	0	1574092	0
1789823752.310048	44909409201	18515935204	181776023	6876000	29970000	7632000	39000	611012	0	1462436	0
1789823752.821445	44909598593	18515943016	181776023	6876000	29970000	7632000	39000	669205	0	1550666	0
1789823753.329219	44909788534	18515950523	181776023	6876000	29970000	7632000	39000	567559	0	1499679	0
1789823753.839539	44909956136	18515957237	181776023	6876000	29970000	7632000	39000	635725	0	1408581	0
1789823754.346437	44910504779	18516147544	181776023	6876000	29970000	7632000	39000	609768	0	1599346	0
1789823754.855409	44910751178	18516154502	181776023	6876000	29970000	7632000	39000	776742	0	1522203	0
1789823755.362057	44910966021	18516168662	181776023	6862000	29970000	7617000	39000	1394293	0	1578861	0
1789823755.870481	44911130632	18516175620	181776023	6862000	29970000	7617000	39000	663770	0	1458386	0
1789823756.375913	44911287797	18516181480	181776023	6862000	29970000	7617000	38000	781045	0	1500017	0
1789823756.884326	44911437150	18516187400	181776023	6862000	29970000	7617000	38000	1130425	0	1479343	0
1789823757.391597	44911612137	18516193199	181776023	6874000	29970000	7630000	38000	815746	0	1500230	0
1789823757.900546	44911820267	18516199241	181776023	6874000	29970000	7630000	38000	1052360	0	1443893	0
1789823758.406497	44911975662	18516203513	181776023	6874000	29970000	7630000	38000	1017940	0	1640426	0
1789823758.916491	44912151076	18516211204	181776023	6874000	29970000	7630000	38000	800229	0	1494681	0
1789823759.422473	44912326186	18516218223	181776023	6876000	29970000	7632000	38000	870132	0	1450774	0
1789823759.934332	44912561842	18516229148	181776023	6876000	29970000	7632000	38000	821825	0	1700005	0
1789823760.439042	44912846509	18516239890	181776084	6876000	29970000	7632000	38000	769473	0	1476409	0
1789823760.950297	44913045056	18516246482	181776084	6876000	29970000	7632000	38000	639089	0	1485827	0
1789823761.455241	44913252148	18516257468	181776084	6877000	29960000	7633000	38000	787766	0	1515672	0
1789823761.965111	44913423900	18516262962	181776084	6877000	29960000	7633000	38000	596217	0	1499971	0
1789823762.471508	44913588023	18516269797	181776084	6877000	29960000	7633000	38000	1213958	0	1531617	0
1789823762.981523	44913747447	18516277122	181776084	6877000	29960000	7633000	38000	1029487	0	1500018	0
1789823763.487306	44914045114	18516283164	181776084	6876000	29960000	7632000	38000	1277921	0	1500358	0
1789823763.999012	44914305673	18516290977	181776084	6876000	29960000	7632000	38000	612065	0	1447745	0
1789823764.504516	44914853462	18516474021	181776084	6876000	29960000	7632000	38000	666878	0	1495246	0
1789823765.013092	44915018134	18516479697	181776084	6876000	29960000	7632000	38000	602022	0	1213278	0
1789823765.519285	44915186286	18516486105	181776084	6876000	29960000	7632000	38000	799632	0	1422397	0
1789823766.029529	44915418951	18516492514	181776084	6876000	29960000	7632000	38000	567683	0	1434720	0
1789823766.535048	44915617193	18516498984	181776084	6874000	29960000	7630000	38000	646039	0	1478016	0
1789823767.044485	44915852422	18516506430	181776084	6874000	29960000	7630000	38000	663728	0	1521322	0
1789823767.550463	44916063725	18516517783	181776084	6874000	29960000	7630000	38000	807540	0	1600000	0
1789823768.060014	44916223942	18516525107	181776084	6874000	29960000	7630000	38000	635452	0	1429248	0
1789823768.566410	44916377201	18516530417	181776084	6876000	29960000	7632000	38000	695301	0	1457123	0
1789823769.076652	44916543338	18516537497	181776084	6876000	29960000	7632000	38000	868835	0	1399730	0
1789823769.581980	44916773806	18516546225	181776084	6876000	29960000	7632000	38000	945078	0	1500019	0
1789823770.092104	44916978151	18516557516	181776084	6876000	29960000	7632000	38000	926855	0	1599977	0
1789823770.598503	44917221376	18516565024	181776084	6875000	29950000	7631000	38000	989787	0	1479844	0
1789823771.107375	44917369264	18516570639	181776084	6875000	29950000	7631000	38000	1280628	0	1499331	0
1789823771.613386	44917607544	18516576865	181776084	6875000	29950000	7631000	38000	944459	0	1599981	0
1789823772.124467	44917774780	18516583945	181776084	6875000	29950000	7631000	38000	1042961	0	1376756	0
1789823772.630367	44917948425	18516589438	181776084	6877000	29950000	7633000	38000	567750	0	1463400	0
1789823773.139405	44918164367	18516595785	181776084	6877000	29950000	7633000	38000	569490	0	1528050	0
1789823773.645431	44918340025	18516602072	181776084	6877000	29950000	7633000	38000	655227	0	1600000	0
1789823774.156000	44918797116	18516768392	181776084	6877000	29950000	7633000	38000	1360230	0	2783332	0
1789823774.659494	44919060360	18516812826	181776084	6876000	29950000	7632000	38000	651116	0	1548263	0
1789823775.170256	44919202572	18516817403	181776084	6876000	29950000	7632000	38000	661673	0	1459157	0
1789823775.676046	44919416744	18516823507	181776084	6876000	29950000	7632000	38000	676361	0	1568220	0
1789823776.186266	44919619990	18516828634	181776084	6876000	29950000	7632000	38000	695240	0	1600000	0
1789823776.692459	44919796504	18516835470	181776084	6876000	29950000	7632000	38000	602931	0	1546977	0
