1789793941.156665	3020642230	927562078	24120604	6520000	51090000	8140000	38000	1197246	0
1789793941.667547	3021107683	927606512	24120604	6520000	51090000	8140000	38000	919444	0
1789793942.175691	3021601700	927768987	24120604	6526000	51080000	8148000	38000	1169021	0
1789793942.687702	3021873916	927778996	24120604	6526000	51080000	8148000	38000	675016	0
1789793943.196078	3022049880	927785954	24120604	6526000	51080000	8148000	38000	857750	0
1789793943.709525	3022364516	927799016	24120604	6526000	51080000	8148000	38000	652580	0
1789793944.217967	3022897839	927971440	24120604	6526000	51080000	8148000	38000	951221	0
1789793944.729925	3023183911	927993412	24120604	6526000	51080000	8148000	38000	885778	0
1789793945.237913	3023406932	928002079	24120604	6536000	51080000	8161000	38000	875707	0
1789793945.750033	3023670726	928014164	24120604	6536000	51080000	8161000	38000	739699	0
1789793946.257646	3023877940	928026005	24120604	6536000	51080000	8161000	38000	645272	0
1789793946.770902	3024219552	928047917	24120604	6536000	51080000	8161000	38000	963506	0
1789793947.280108	3024397714	928061161	24120604	6550000	51080000	8178000	38000	878957	0
1789793947.792397	3024762459	928085453	24120604	6550000	51080000	8178000	38000	754996	0
1789793948.301074	3024935066	928094364	24120604	6550000	51080000	8178000	37000	823367	0
1789793948.812682	3025141181	928106876	24120604	6550000	51080000	8178000	37000	1201488	0
1789793949.320197	3025449957	928115971	24120604	6551000	51070000	8179000	38000	832523	0
1789793949.833052	3025790898	928140263	24120604	6551000	51070000	8179000	38000	1009166	0
1789793950.341930	3026023442	928153934	24120604	6551000	51070000	8179000	38000	722624	0
1789793950.855011	3026231693	928164066	24120604	6551000	51070000	8179000	38000	748154	0
1789793951.362991	3026434574	928173344	24120604	6548000	51070000	8176000	38000	668505	0
1789793951.875733	3026859255	928203983	24120604	6548000	51070000	8176000	38000	716083	0
1789793952.383065	3027075075	928216190	24120604	6548000	51070000	8176000	37000	631229	0
1789793952.896021	3027319703	928231205	24120604	6548000	51070000	8176000	37000	815462	0
1789793953.404364	3027524964	928243656	24120604	6548000	51070000	8175000	37000	657522	0
1789793953.915354	3027720337	928256473	24120604	6548000	51070000	8175000	37000	1165120	0
1789793954.420208	3028238768	928429019	24120604	6548000	51070000	8175000	37000	664835	0
1789793954.929401	3028502012	928445682	24120604	6548000	51070000	8175000	37000	764981	0
1789793955.436052	3028672056	928454105	24120604	6548000	51070000	8175000	37000	857103	0
1789793955.945544	3029070980	928473636	24120604	6548000	51070000	8175000	37000	573975	0
1789793956.451406	3029364559	928509097	24120604	6549000	51070000	8177000	38000	1325987	0
1789793956.960225	3029877985	928673281	24120726	6549000	51070000	8177000	38000	769244	0
1789793957.466046	3030117914	928697085	24120726	6549000	51070000	8177000	37000	1296224	0
1789793957.975149	3030320977	928708498	24120726	6549000	51070000	8177000	37000	1048259	0
1789793958.481447	3030544243	928730288	24120726	6547000	51060000	8174000	37000	758009	0
1789793958.990260	3030802055	928739443	24120726	6547000	51060000	8174000	37000	785924	0
1789793959.496003	3031008903	928757754	24120726	6547000	51060000	8174000	37000	709538	0
1789793960.005356	3031254080	928769472	24120726	6547000	51060000	8174000	37000	869835	0
1789793960.510216	3031675466	928785403	24120726	6552000	51060000	8181000	38000	731632	0
1789793961.020378	3031869496	928794863	24120726	6552000	51060000	8181000	38000	854248	0
1789793961.525918	3032111622	928811587	24120726	6552000	51060000	8181000	37000	669058	0
1789793962.035203	3032297168	928823977	24120726	6552000	51060000	8181000	37000	592579	0
1789793962.541365	3032760729	928939577	24120726	6552000	51060000	8180000	39000	768020	0
1789793963.048896	3033302049	929099428	24120787	6552000	51060000	8180000	39000	984467	0
1789793963.554352	3033595505	929146608	24120848	6552000	51060000	8180000	37000	761674	0
1789793964.064161	3034111007	929238099	24120848	6552000	51060000	8180000	37000	1136117	0
1789793964.569972	3034624616	929389344	24120848	6548000	51060000	8176000	38000	929611	0
1789793965.079381	3034948407	929403992	24120848	6548000	51060000	8176000	38000	925317	0
1789793965.584917	3035362590	929497498	24120909	6548000	51060000	8176000	37000	655170	0
1789793966.095094	3035980264	929557007	24120909	6548000	51060000	8176000	37000	733357	0
1789793966.601334	3036368508	929602722	24120909	6548000	51060000	8176000	37000	743424	0
1789793967.111190	3036591835	929616516	24120909	6548000	51060000	8176000	37000	727694	0
1789793967.616374	3036811073	929642273	24120909	6548000	51060000	8176000	37000	704454	0
1789793968.128293	3036977332	929647827	24120909	6548000	51060000	8176000	37000	660941	0
1789793968.633921	3037317419	929678955	24120909	6548000	51060000	8176000	37000	594367	0
1789793969.143612	3037578222	929686584	24120909	6548000	51060000	8176000	37000	577479	0
1789793969.649205	3037871007	929701965	24120909	6545000	51050000	8172000	37000	633713	0
1789793970.159069	3038098850	929708435	24120909	6545000	51050000	8172000	37000	637019	0
1789793970.665125	3038307285	929718811	24120909	6545000	51050000	8172000	37000	832101	0
1789793971.173259	3038512729	929728454	24120909	6545000	51050000	8172000	37000	586755	0
1789793971.679462	3038990083	929765075	24120909	6551000	51050000	8179000	37000	874939	0
1789793972.188815	3039172578	929777893	24120909	6551000	51050000	8179000	37000	813418	0
1789793972.694431	3039329377	929785095	24120909	6551000	51050000	8179000	37000	649537	0
1789793973.203911	3039532013	929794189	24120909	6551000	51050000	8179000	37000	683567	0
1789793973.710303	3039852447	929806274	24120909	6550000	51050000	8178000	37000	641414	0
1789793974.219517	3040320341	929948974	24120909	6550000	51050000	8178000	37000	662424	0
1789793974.725881	3040656949	929981628	24120909	6550000	51050000	8178000	37000	712366	0
1789793975.234997	3040949673	929989806	24120909	6550000	51050000	8178000	37000	616304	0
1789793975.741129	3041365932	930028502	24120909	6550000	51050000	8178000	37000	712018	0
1789793976.251264	3041810206	930053344	24120909	6550000	51050000	8178000	37000	701951	0
1789793976.757069	3042152673	930088622	24120909	6550000	51050000	8178000	37000	606215	0
1789793977.267314	3042475853	930103575	24120909	6550000	51050000	8178000	37000	756921	0
1789793977.771959	3043393515	930332213	24120909	6550000	51050000	8178000	37000	951406	0
1789793978.280947	3044352802	930750241	24120909	6550000	51050000	8178000	37000	956554	0
1789793978.787196	3045245988	931165157	24120909	6536000	51040000	8161000	38000	904907	0
1789793979.296016	3046123976	931569880	24120909	6536000	51040000	8161000	38000	798899	0
1789793979.802117	3047028088	932003534	24120909	6536000	51040000	8161000	38000	966505	0
1789793980.309993	3047906137	932418877	24120909	6536000	51040000	8161000	38000	844062	0
1789793980.814038	3048814643	932864555	24120909	6538000	51040000	8163000	38000	959277	0
1789793981.322679	3049712651	933295706	24120909	6538000	51040000	8163000	38000	922117	0
1789793981.828104	3050673952	933739430	24120909	6538000	51040000	8163000	38000	976534	0
1789793982.336179	3051596802	934189564	24120909	6538000	51040000	8163000	38000	899575	0
1789793982.841118	3052494871	934627184	24120909	6535000	51040000	8159000	38000	974972	0
1789793983.349647	3053564448	935220262	24120909	6535000	51040000	8159000	38000	996054	0
1789793983.853986	3054520317	935710434	24120909	6535000	51040000	8159000	38000	905592	0
1789793984.361355	3055606984	936259749	24120909	6535000	51040000	8159000	38000	766744	0
1789793984.866550	3056590624	936769513	24120909	6534000	51030000	8158000	38000	973539	0
1789793985.374861	3057474045	937190349	24120909	6534000	51030000	8158000	38000	761438	0
1789793985.880162	3058492597	937701456	24120909	6534000	51030000	8158000	38000	829734	0
1789793986.390094	3059373332	938121804	24120909	6534000	51030000	8158000	38000	947497	0
1789793986.894722	3060350319	938631264	24120909	6537000	51030000	8162000	38000	951077	0
1789793987.404658	3061299414	939079016	24120909	6537000	51030000	8162000	38000	930849	0
1789793987.909275	3062282687	939587377	24120909	6537000	51030000	8162000	38000	933002	0
1789793988.417566	3063181428	940017368	24120909	6537000	51030000	8162000	38000	977573	0
1789793988.923109	3064181242	940486056	24120909	6537000	51030000	8162000	38000	979003	0
1789793989.431000	3065067470	940912874	24120909	6537000	51030000	8162000	38000	962686	0
1789793989.935335	3066006250	941384858	24120909	6531000	51030000	8154000	38000	780815	0
1789793990.443686	3066896750	941811187	24120909	6531000	51030000	8154000	38000	809101	0
1789793990.948003	3067848042	942295500	24120909	6531000	51030000	8154000	38000	935149	0
1789793991.455243	3068803301	942740994	24120909	6531000	51030000	8154000	38000	991130	0
1789793991.960078	3069736098	943215114	24120909	6535000	51020000	8159000	38000	930310	0
1789793992.468271	3070638318	943646693	24120909	6535000	51020000	8159000	38000	1562834	0
1789793992.973993	3071018139	943665186	24120909	6535000	51020000	8159000	37000	796841	0
1789793993.484061	3071484202	943824671	24120909	6535000	51020000	8159000	37000	1419769	0
1789793993.990390	3071680063	943829798	24120909	6547000	51020000	8174000	37000	590581	0
1789793994.500328	3072230843	944014184	24120909	6547000	51020000	8174000	37000	589564	0
1789793995.006259	3072517524	944017663	24120909	6547000	51020000	8174000	37000	679687	0
1789793995.516122	3072766486	944040246	24120909	6547000	51020000	8174000	37000	581461	0
1789793996.021403	3073021796	944044824	24120909	6544000	51020000	8171000	37000	685509	0
1789793996.531045	3073290655	944087976	24120909	6544000	51020000	8171000	37000	1028252	0
1789793997.035986	3074224246	944478111	24120909	6544000	51020000	8171000	38000	1112045	0
1789793997.543178	3075198548	944926169	24120909	6544000	51020000	8171000	38000	594435	0
1789793998.047464	3076083800	945307699	24120909	6536000	51020000	8160000	38000	671011	0
1789793998.557109	3076947567	945709309	24120909	6536000	51020000	8160000	38000	772297	0
1789793999.060711	3077785150	946097126	24120909	6536000	51020000	8160000	39000	769900	0
1789793999.567679	3078646232	946495684	24120909	6536000	51020000	8160000	39000	759770	0
1789794000.071622	3079509999	946901079	24120909	6536000	51020000	8160000	40000	761017	0
1789794000.578817	3080407214	947332840	24120909	6536000	51020000	8160000	40000	699727	0
1789794001.082572	3081267380	947741714	24120909	6536000	51010000	8161000	39000	1423982	0
1789794001.588879	3082166670	948174635	24120909	6536000	51010000	8161000	39000	803063	0
1789794002.094168	3083157939	948707654	24120909	6536000	51010000	8161000	41000	767842	0
1789794002.600999	3084060403	949141063	24120909	6536000	51010000	8161000	41000	737511	0
1789794003.105180	3085001868	949572093	24120909	6532000	51010000	8156000	39000	752981	0
1789794003.613095	3085946445	950041757	24120909	6532000	51010000	8156000	39000	713934	0
1789794004.117684	3086993256	950563911	24120909	6532000	51010000	8156000	39000	1511625	0
1789794004.625043	3087979277	951014166	24120909	6532000	51010000	8156000	39000	773577	0
1789794005.129357	3088834255	951407232	24120909	6534000	51010000	8158000	39000	738765	0
1789794005.636814	3089721704	951828373	24120909	6534000	51010000	8158000	39000	743275	0
1789794006.141517	3090659812	952302859	24120909	6534000	51010000	8158000	39000	772959	0
1789794006.649505	3091609761	952779787	24120909	6534000	51010000	8158000	39000	612500	0
1789794007.153272	3092546343	953212342	24120909	6534000	51000000	8158000	39000	756264	0
1789794007.661835	3093535110	953690185	24120909	6534000	51000000	8158000	39000	1846722	0
1789794008.165996	3094511182	954159422	24121093	6534000	51000000	8158000	39000	770342	0
1789794008.672703	3095432383	954589536	24121093	6534000	51000000	8158000	39000	766486	0
1789794009.176823	3096336555	955008175	24121093	6536000	51000000	8160000	39000	733203	0
1789794009.684309	3097258977	955435542	24121093	6536000	51000000	8160000	39000	593053	0
1789794010.188180	3098094913	955819513	24121093	6536000	51000000	8160000	39000	717341	0
1789794010.694610	3099009400	956274407	24121093	6536000	51000000	8160000	39000	765018	0
1789794011.198728	3099876402	956689567	24121093	6536000	51000000	8160000	40000	734297	0
1789794011.705594	3100801204	957137137	24121093	6536000	51000000	8160000	40000	811820	0
1789794012.209898	3101236750	957215872	24121093	6536000	51000000	8160000	37000	804720	0
1789794012.717948	3101865533	957390127	24121093	6536000	51000000	8160000	37000	558455	0
1789794013.223430	3102038262	957395498	24121093	6536000	51000000	8160000	37000	1089246	0
1789794013.732168	3102351310	957408254	24121093	6536000	51000000	8160000	37000	594292	0
1789794014.237501	3102920096	957566213	24121093	6547000	50990000	8174000	37000	1021598	0
1789794014.746752	3103266530	957588002	24121093	6547000	50990000	8174000	37000	886986	0
1789794015.253302	3103435231	957592946	24121093	6547000	50990000	8174000	37000	630295	0
1789794015.762010	3103839771	957653188	24121093	6547000	50990000	8174000	37000	695229	0
1789794016.269368	3105005539	958134449	24121520	6548000	50990000	8175000	38000	812235	0
1789794016.777617	3106057905	958571276	24121886	6548000	50990000	8175000	38000	605042	0
1789794017.283310	3107180339	959089036	24121886	6548000	50990000	8175000	38000	981905	0
1789794017.792276	3108351844	959673629	24121886	6548000	50990000	8175000	38000	867648	0
1789794018.297899	3109579014	960224409	24121886	6532000	50990000	8155000	38000	1183851	0
1789794018.805620	3110022861	960344648	24121886	6532000	50990000	8155000	38000	960517	0
1789794019.311284	3110356539	960443525	24121886	6532000	50990000	8155000	37000	784691	0
1789794019.820070	3110594820	960457807	24121886	6532000	50990000	8155000	37000	935297	0
1789794020.326030	3110832246	960469465	24121886	6545000	50980000	8172000	37000	1019493	0
1789794020.834816	3111011750	960481549	24121886	6545000	50980000	8172000	37000	1148765	0
1789794021.341054	3111220733	960490705	24121886	6545000	50980000	8172000	37000	1025661	0
1789794021.849045	3111657439	960536725	24121886	6545000	50980000	8172000	37000	893054	0
1789794022.354955	3111855009	960562299	24121886	6545000	50980000	8172000	38000	1186536	0
1789794022.861952	3113115016	961135845	24121886	6545000	50980000	8172000	38000	1268065	0
1789794023.367300	3114069908	961545145	24121886	6548000	50980000	8175000	38000	840703	0
1789794023.876033	3115335652	962133706	24121886	6548000	50980000	8175000	38000	870530	0
1789794024.382214	3116681413	962851722	24121886	6548000	50980000	8175000	39000	880181	0
1789794024.891241	3117792067	963332738	24121886	6548000	50980000	8175000	39000	657715	0
1789794025.397351	3118190686	963402318	24121886	6529000	50980000	8152000	39000	1125809	0
1789794025.904301	3118537243	963503209	24121886	6529000	50980000	8152000	39000	652479	0
1789794026.410061	3118751720	963513036	24121886	6529000	50980000	8152000	37000	970857	0
1789794026.920253	3119208689	963550633	24121886	6529000	50980000	8152000	37000	764082	0
1789794027.425650	3119401560	963562535	24121886	6540000	50980000	8166000	37000	874229	0
1789794027.936240	3119695016	963582677	24121886	6540000	50980000	8166000	37000	605480	0
1789794028.442606	3119864266	963588719	24121886	6540000	50980000	8166000	37000	1057105	0
1789794028.952226	3120446479	963706212	24121947	6540000	50980000	8166000	37000	830426	0
1789794029.456047	3121793521	964450594	24121947	6536000	50970000	8160000	40000	665806	0
1789794029.963994	3123209106	965171479	24121947	6536000	50970000	8160000	40000	942129	0
1789794030.468239	3124659237	965804351	24121947	6536000	50970000	8160000	39000	638219	0
1789794030.975609	3125789300	966194120	24121947	6536000	50970000	8160000	39000	715612	0
1789794031.480220	3127051320	966524503	24121947	6531000	50970000	8154000	38000	1159225	0
1789794031.990551	3127554249	966671231	24121947	6531000	50970000	8154000	38000	833943	0
1789794032.496352	3127970141	966786831	24121947	6531000	50970000	8154000	37000	822492	0
1789794033.005969	3128236803	966796475	24121947	6531000	50970000	8154000	37000	642307	0
1789794033.511298	3128473070	966815518	24121947	6531000	50970000	8154000	37000	827217	0
1789794034.019939	3128689500	966833279	24121947	6531000	50970000	8154000	37000	1245274	0
1789794034.526004	3129237411	967017055	24121947	6545000	50970000	8172000	37000	795867	0
1789794035.036114	3129451400	967029140	24121947	6545000	50970000	8172000	37000	824527	0
1789794035.541461	3129721480	967044704	24121947	6545000	50970000	8172000	37000	904229	0
1789794036.050885	3130957988	967652552	24121947	6545000	50970000	8172000	37000	1195959	0
1789794036.555152	3132494727	968459678	24121947	6539000	50970000	8164000	41000	739309	0
1789794037.063039	3133849155	969149923	24121947	6539000	50970000	8164000	41000	694325	0
1789794037.567416	3134824494	969481710	24121947	6539000	50970000	8164000	38000	504117	0
1789794038.080697	3135953519	969800251	24121947	6539000	50970000	8164000	38000	571755	0
1789794038.585591	3136646328	969924518	24121947	6533000	50960000	8157000	37000	1456721	0
1789794039.095388	3137180323	970120624	24121947	6533000	50960000	8157000	37000	615923	0
1789794039.600467	3137446863	970145770	24121947	6533000	50960000	8157000	37000	675852	0
1789794040.108378	3137620568	970154803	24121947	6533000	50960000	8157000	37000	981870	0
1789794040.614231	3137857872	970166095	24121947	6547000	50960000	8174000	37000	919974	0
1789794041.125179	3138094871	970172076	24121947	6547000	50960000	8174000	37000	944088	0
1789794041.631312	3138383811	970198993	24121947	6547000	50960000	8174000	37000	959931	0
1789794042.139202	3138689352	970206805	24121947	6547000	50960000	8174000	37000	842819	0
1789794042.644977	3140854019	971112565	24121947	6537000	50960000	8162000	39000	556073	0
1789794043.162114	3142918589	972028029	24121947	6537000	50960000	8162000	39000	487990	0
1789794043.676123	3144963567	972919872	24121947	6537000	50960000	8162000	38000	446823	0
1789794044.212043	3147083129	973832284	24121947	6537000	50960000	8162000	38000	493980	0
1789794044.730790	3149143854	974760321	24121947	6537000	50960000	8162000	38000	497648	0
1789794045.261998	3151251027	975673466	24121947	6537000	50960000	8162000	38000	487742	0
1789794045.780019	3153306807	976546450	24121947	6516000	50950000	8136000	38000	476731	0
1789794046.315937	3155433389	977465820	24121947	6516000	50950000	8136000	38000	498237	0
1789794046.828204	3157489109	978305662	24121947	6516000	50950000	8136000	39000	500009	0
1789794047.347527	3159547331	979184688	24121947	6516000	50950000	8136000	39000	487494	0
1789794047.859163	3161584130	980001336	24121947	6516000	50950000	8136000	39000	446815	0
1789794048.392121	3163694842	980881583	24121947	6516000	50950000	8136000	39000	448631	0
1789794048.909050	3165748365	981722645	24121947	6516000	50950000	8136000	39000	440999	0
1789794049.444292	3167873176	982602526	24121947	6516000	50950000	8136000	39000	441533	0
1789794049.955312	3169902956	983454391	24121947	6517000	50940000	8137000	39000	453729	0
1789794050.475675	3171967831	984321759	24121947	6517000	50940000	8137000	39000	449578	0
1789794050.986654	3173997184	985156962	24121947	6517000	50940000	8137000	39000	489109	0
1789794051.507540	3176059130	986058693	24121947	6517000	50940000	8137000	39000	580611	0
1789794052.017045	3178076702	986961645	24121947	6516000	50940000	8135000	39000	632271	0
1789794052.532961	3180110999	987876621	24121947	6516000	50940000	8135000	39000	668192	0
1789794053.040272	3181306675	988369295	24121947	6516000	50940000	8135000	38000	786676	0
1789794053.552830	3181848360	988547335	24121947	6516000	50940000	8135000	38000	1262692	0
1789794054.060804	3182144197	988606050	24121947	6531000	50930000	8154000	38000	1354147	0
1789794054.571225	3182578217	988732881	24121947	6531000	50930000	8154000	38000	890205	0
1789794055.079077	3182763458	988746553	24121947	6531000	50930000	8154000	38000	932246	0
1789794055.591485	3182951385	988760286	24121947	6531000	50930000	8154000	38000	899281	0
1789794056.100010	3183272185	988768647	24121947	6540000	50930000	8166000	38000	739724	0
1789794056.613937	3183549040	988793000	24121947	6540000	50930000	8166000	38000	740985	0
1789794057.120950	3185033777	989273529	24121947	6540000	50930000	8166000	40000	1590128	0
1789794057.630110	3187584002	990482022	24121947	6540000	50930000	8166000	40000	494399	0
1789794058.149072	3189646680	991358851	24121947	6540000	50930000	8166000	39000	444731	0
1789794058.676030	3191737617	992268028	24121947	6540000	50930000	8166000	39000	443915	0
1789794059.194018	3193789675	993188375	24121947	6516000	50930000	8136000	39000	450975	0
1789794059.728030	3195908139	994115374	24121947	6516000	50930000	8136000	39000	500006	0
1789794060.239238	3197936637	994960892	24121947	6516000	50930000	8136000	39000	550014	0
1789794060.760120	3200004503	995861220	24121947	6516000	50930000	8136000	39000	493468	0
1789794061.271136	3202035503	996742077	24121947	6516000	50920000	8136000	39000	455642	0
1789794061.805060	3204157935	997636728	24121947	6516000	50920000	8136000	39000	442957	0
1789794062.324025	3206219086	998491706	24121947	6516000	50920000	8136000	39000	441211	0
1789794062.857015	3208334010	999369023	24121947	6516000	50920000	8136000	39000	412223	0
1789794063.376017	3210394552	1000223696	24121947	6515000	50920000	8134000	39000	444712	0
1789794063.904102	3212869277	1001066529	24121947	6515000	50920000	8134000	39000	400008	0
1789794064.414110	3215135812	1001865660	24121947	6515000	50920000	8134000	39000	444538	0
1789794064.947057	3217271426	1002723507	24121947	6515000	50920000	8134000	39000	445336	0
1789794065.465648	3219328001	1003575799	24121947	6501000	50910000	8117000	39000	450006	0
1789794065.991776	3221427177	1004453422	24121947	6501000	50910000	8117000	39000	400001	0
1789794066.501135	3223427661	1005298085	24121947	6501000	50910000	8117000	39000	546972	0
1789794067.018101	3225463605	1006212206	24121947	6501000	50910000	8117000	39000	680766	0
1789794067.525138	3227416664	1007112350	24121947	6512000	50910000	8131000	40000	1364112	0
1789794068.035081	3228466588	1007434310	24122252	6512000	50910000	8131000	40000	1075307	0
1789794068.541801	3228981846	1007598677	24122252	6512000	50910000	8131000	38000	1366021	0
1789794069.054001	3229286960	1007620955	24122252	6512000	50910000	8131000	38000	684350	0
1789794069.562663	3229514193	1007641402	24122252	6532000	50900000	8156000	38000	636291	0
1789794070.073577	3229738130	1007666853	24122252	6532000	50900000	8156000	38000	687501	0
1789794070.581770	3229950044	1007686202	24122252	6532000	50900000	8156000	38000	658814	0
1789794071.093819	3230313141	1007694197	24122252	6532000	50900000	8156000	38000	662522	0
1789794071.601024	3230573089	1007728926	24122252	6532000	50900000	8156000	38000	1397754	0
1789794072.113406	3233506675	1009097697	24122252	6532000	50900000	8156000	38000	448359	0
1789794072.628287	3235544817	1009992043	24122435	6542000	50900000	8168000	39000	479869	0
1789794073.147123	3237606579	1010891821	24122618	6542000	50900000	8168000	39000	448467	0
1789794073.664040	3239652961	1011797580	24122618	6542000	50900000	8168000	39000	488687	0
1789794074.192364	3241745668	1012737031	24122618	6542000	50900000	8168000	39000	567351	0
1789794074.705837	3243791012	1013642302	24122618	6515000	50900000	8134000	39000	451864	0
1789794075.237275	3245916983	1014493374	24122618	6515000	50900000	8134000	39000	444281	0
1789794075.749121	3247952378	1015352503	24122618	6515000	50900000	8134000	39000	437920	0
1789794076.281047	3250062907	1016247337	24122618	6515000	50900000	8134000	39000	446487	0
1789794076.798063	3252115759	1017113057	24122618	6514000	50890000	8133000	39000	444829	0
1789794077.333059	3254238190	1018004229	24122618	6514000	50890000	8133000	39000	443332	0
1789794077.851781	3256298731	1018866349	24122618	6514000	50890000	8133000	40000	448373	0
1789794078.378129	3258386678	1019725416	24122618	6514000	50890000	8133000	40000	442674	0
1789794078.897089	3260440994	1020591991	24122618	6513000	50890000	8132000	40000	497351	0
1789794079.415267	3262496774	1021484506	24122618	6513000	50890000	8132000	40000	498944	0
1789794079.925171	3264521366	1022355476	24122618	6513000	50890000	8132000	40000	497888	0
1789794080.444310	3266581237	1023246770	24122618	6513000	50890000	8132000	40000	499801	0
1789794080.954437	3268606378	1024098818	24122618	6513000	50880000	8132000	40000	589860	0
1789794081.471952	3270641468	1024952026	24122618	6513000	50880000	8132000	40000	686275	0
1789794081.979399	3272537520	1025820005	24122618	6513000	50880000	8132000	42000	722290	0
1789794082.488302	3274692788	1026820430	24122618	6513000	50880000	8132000	42000	492823	0
1789794082.999244	3276724460	1027711968	24122618	6492000	50880000	8105000	40000	500004	0
1789794083.518113	3278786894	1028618277	24122618	6492000	50880000	8105000	40000	442223	0
1789794084.037112	3280862694	1029486073	24122618	6492000	50880000	8105000	40000	442877	0
1789794084.570037	3282970843	1030407213	24122618	6492000	50880000	8105000	40000	497748	0
1789794085.086006	3285016553	1031315475	24122618	6512000	50870000	8131000	40000	500002	0
1789794085.606932	3287088142	1032241131	24122618	6512000	50870000	8131000	40000	447463	0
1789794086.127045	3289151491	1033107218	24122618	6512000	50870000	8131000	40000	447354	0
1789794086.652549	3291241635	1033965004	24122618	6512000	50870000	8131000	40000	440238	0
1789794087.172025	3293298575	1034838110	24122618	6512000	50870000	8131000	40000	452628	0
1789794087.704037	3295414049	1035729160	24122618	6512000	50870000	8131000	40000	446878	0
1789794088.222009	3297469036	1036581452	24122618	6509000	50870000	8127000	40000	443458	0
1789794088.749120	3299597815	1037430632	24122618	6509000	50870000	8127000	40000	400003	0
1789794089.263107	3301625519	1038269680	24122618	6509000	50870000	8127000	40000	444321	0
1789794089.785016	3303698695	1039130945	24122618	6509000	50870000	8127000	40000	448294	0
1789794090.302059	3305745809	1039996116	24122618	6509000	50860000	8127000	40000	461722	0
1789794090.822617	3307811173	1040873433	24122618	6509000	50860000	8127000	40000	498622	0
1789794091.333531	3309840281	1041754657	24122618	6509000	50860000	8127000	41000	516358	0
1789794091.853139	3311879277	1042660050	24122618	6509000	50860000	8127000	41000	644289	0
1789794092.359883	3313861755	1043545973	24122618	6512000	50860000	8130000	42000	797960	0
1789794092.869033	3315589534	1044317150	24122618	6512000	50860000	8130000	42000	1455694	0
1789794093.374933	3317939565	1045420968	24122618	6512000	50860000	8130000	41000	558478	0
1789794093.893098	3319999069	1046335944	24122618	6512000	50860000	8130000	41000	500000	0
1789794094.413944	3322071512	1047224430	24122618	6511000	50850000	8129000	40000	449278	0
1789794094.961160	3324237522	1048149965	24122618	6511000	50850000	8129000	40000	494674	0
1789794095.480013	3326298003	1049054565	24122618	6511000	50850000	8129000	41000	493665	0
1789794096.011961	3328412133	1049986142	24122618	6511000	50850000	8129000	41000	447938	0
1789794096.523113	3330439716	1050861201	24122618	6509000	50850000	8127000	40000	457906	0
1789794097.058079	3332557630	1051781426	24122618	6509000	50850000	8127000	40000	489065	0
1789794097.568098	3334584969	1052678945	24122618	6509000	50850000	8127000	41000	497504	0
1789794098.090226	3336655642	1053553882	24122618	6509000	50850000	8127000	41000	479089	0
1789794098.601123	3338728635	1054354478	24122618	6510000	50840000	8128000	41000	439981	0
1789794099.136037	3340850578	1055211715	24122618	6510000	50840000	8128000	41000	447546	0
1789794099.655041	3342910753	1056058636	24122618	6510000	50840000	8128000	41000	443871	0
1789794100.189039	3345029705	1056937723	24122618	6510000	50840000	8128000	41000	448698	0
1789794100.709908	3347095374	1057798439	24122618	6508000	50840000	8126000	41000	449517	0
1789794101.229645	3349159944	1058673376	24122618	6508000	50840000	8126000	41000	445984	0
1789794101.739648	3351180874	1059543613	24122618	6508000	50840000	8126000	41000	495424	0
1789794102.258384	3353236166	1060403047	24122618	6508000	50840000	8126000	41000	495183	0
1789794102.769477	3355260331	1061280669	24122618	6508000	50840000	8126000	41000	571624	0
1789794103.287902	3357272228	1062221768	24122618	6508000	50840000	8126000	41000	885251	0
1789794103.795296	3359336187	1063169519	24122618	6510000	50830000	8128000	41000	497675	0
1789794104.314100	3361401062	1064071067	24122618	6510000	50830000	8128000	41000	444510	0
1789794104.836671	3363477534	1064976094	24122618	6510000	50830000	8128000	41000	448252	0
1789794105.369013	3365587758	1065888628	24122618	6510000	50830000	8128000	41000	447827	0
1789794105.887031	3367641586	1066817154	24122618	6509000	50830000	8127000	41000	495103	0
1789794106.419003	3369752542	1067757581	24122618	6509000	50830000	8127000	41000	496493	0
1789794106.936014	3371803562	1068689341	24122618	6509000	50830000	8127000	41000	492938	0
1789794107.454301	3373864165	1069576790	24122618	6509000	50830000	8127000	41000	447504	0
1789794107.967124	3375901758	1070421881	24122618	6508000	50820000	8126000	41000	445775	0
1789794108.486111	3377961262	1071294071	24122618	6508000	50820000	8126000	41000	443398	0
1789794109.007061	3380061293	1072142335	24122618	6508000	50820000	8126000	41000	400001	0
1789794109.531063	3382120064	1072993041	24122618	6508000	50820000	8126000	41000	439991	0
1789794110.049030	3384177066	1073839902	24122618	6508000	50820000	8126000	41000	443275	0
1789794110.582033	3386292051	1074718806	24122618	6508000	50820000	8126000	41000	448020	0
1789794111.100022	3388348442	1075572502	24122618	6508000	50820000	8126000	41000	443558	0
1789794111.634304	3390465441	1076460623	24122618	6508000	50820000	8126000	41000	449060	0
1789794112.146445	3392495038	1077341968	24122618	6508000	50810000	8126000	42000	490539	0
1789794112.666336	3394553931	1078232652	24122618	6508000	50810000	8126000	42000	566654	0
1789794113.175999	3396577852	1079119673	24122618	6508000	50810000	8126000	42000	574918	0
1789794113.693435	3398606717	1080036114	24122618	6508000	50810000	8126000	42000	803124	0
1789794114.200987	3400509116	1080961649	24122618	6510000	50810000	8128000	42000	1498383	0
1789794114.719156	3400956808	1081031595	24122618	6510000	50810000	8128000	42000	716978	0
1789794115.225731	3401508442	1081200051	24122618	6510000	50810000	8128000	40000	917133	0
1789794115.737959	3401816913	1081216897	24122618	6510000	50810000	8128000	40000	640089	0
1789794116.245095	3402053668	1081228128	24122618	6510000	50810000	8128000	40000	805581	0
1789794116.758076	3402389422	1081258218	24122618	6510000	50810000	8128000	40000	637507	0
1789794117.265286	3402651018	1081272073	24122679	6534000	50800000	8158000	40000	768285	0
1789794117.777037	3402975785	1081290078	24122679	6534000	50800000	8158000	40000	746534	0
1789794118.283765	3403193192	1081305459	24122679	6534000	50800000	8158000	40000	786136	0
1789794118.796026	3403602797	1081343484	24122679	6534000	50800000	8158000	40000	721791	0
1789794119.302765	3403791640	1081349526	24122679	6536000	50800000	8160000	40000	774968	0
1789794119.814913	3404103468	1081369607	24122679	6536000	50800000	8160000	40000	644704	0
1789794120.322727	3404345166	1081385781	24122679	6536000	50800000	8160000	39000	659893	0
1789794120.834380	3404701672	1081409218	24122679	6536000	50800000	8160000	39000	886294	0
1789794121.342057	3404919506	1081419900	24122679	6535000	50800000	8159000	39000	711906	0
1789794121.853444	3405281199	1081451272	24122679	6535000	50800000	8159000	39000	850713	0
1789794122.361040	3405531748	1081471779	24122740	6535000	50800000	8159000	39000	825236	0
1789794122.873642	3406205696	1081694130	24122802	6535000	50800000	8159000	39000	1076039	0
1789794123.381045	3406448310	1081702797	24122802	6535000	50800000	8159000	39000	923969	0
1789794123.892436	3406762274	1081720741	24122802	6535000	50800000	8159000	39000	659882	0
1789794124.400217	3407255498	1081869300	24122802	6535000	50800000	8159000	39000	799080	0
1789794124.911445	3407516911	1081887733	24122802	6535000	50800000	8159000	39000	1057924	0
1789794125.417048	3407791874	1081905677	24122802	6533000	50790000	8157000	39000	871367	0
1789794125.927052	3408013187	1081919837	24122802	6533000	50790000	8157000	39000	903747	0
1789794126.433126	3408239199	1081928504	24122802	6533000	50790000	8157000	39000	931418	0
1789794126.943045	3408422304	1081939613	24122802	6533000	50790000	8157000	39000	656039	0
1789794127.448831	3408655824	1081946204	24122802	6536000	50790000	8160000	39000	1168366	0
1789794127.959047	3408952759	1081985938	24122802	6536000	50790000	8160000	39000	1394567	0
1789794128.465587	3409500426	1082126807	24123046	6536000	50790000	8160000	39000	652501	0
1789794128.973958	3410008116	1082291418	24123046	6536000	50790000	8160000	39000	769367	0
1789794129.479341	3410199460	1082299109	24123046	6536000	50790000	8160000	40000	677361	0
1789794129.991046	3410542965	1082317358	24123046	6536000	50790000	8160000	40000	705657	0
1789794130.497378	3410782772	1082350378	24123046	6536000	50790000	8160000	39000	578851	0
1789794131.006668	3411131892	1082369787	24123046	6536000	50790000	8160000	39000	584660	0
1789794131.512349	3411325190	1082378820	24123046	6536000	50790000	8160000	39000	643535	0
1789794132.024116	3411610651	1082403051	24123046	6536000	50790000	8160000	39000	762098	0
1789794132.531310	3411800469	1082411901	24123046	6535000	50790000	8159000	39000	891934	0
1789794133.041324	3412011650	1082425756	24123046	6535000	50790000	8159000	39000	555406	0
1789794133.546520	3412205376	1082436804	24123046	6535000	50790000	8159000	38000	755914	0
1789794134.057043	3412592948	1082517004	24123046	6535000	50790000	8159000	38000	1352720	0
1789794134.560972	3412993398	1082625036	24123046	6536000	50780000	8160000	39000	702716	0
1789794135.070333	3413382191	1082647252	24123046	6536000	50780000	8160000	39000	823704	0
1789794135.575926	3413589100	1082661962	24123046	6536000	50780000	8160000	39000	1199115	0
1789794136.086143	3413784107	1082670812	24123046	6536000	50780000	8160000	39000	689853	0
1789794136.592319	3414027881	1082686864	24123046	6532000	50780000	8156000	38000	678874	0
1789794137.102006	3414229296	1082696630	24123046	6532000	50780000	8156000	38000	959899	0
1789794137.607902	3414459337	1082719884	24123046	6532000	50780000	8156000	38000	631375	0
1789794138.119240	3414663560	1082730321	24123046	6532000	50780000	8156000	38000	585086	0
1789794138.625409	3414894639	1082745458	24123046	6536000	50780000	8160000	38000	549390	0
1789794139.136091	3415117905	1082759435	24123046	6536000	50780000	8160000	38000	1041131	0
1789794139.641385	3415304428	1082770360	24123046	6536000	50780000	8160000	38000	754093	0
1789794140.154470	3415463302	1082775670	24123046	6536000	50780000	8160000	38000	428043	0
1789794140.660408	3415649459	1082788915	24123046	6536000	50780000	8160000	38000	778378	0
1789794141.170340	3415845015	1082798375	24123046	6536000	50780000	8160000	38000	699659	0
1789794141.676337	3416045454	1082810521	24123046	6536000	50780000	8160000	38000	814168	0
1789794142.187068	3416282147	1082817052	24123046	6536000	50780000	8160000	38000	549877	0
1789794142.692687	3416538189	1082839818	24123046	6536000	50780000	8160000	38000	887841	0
1789794143.204237	3416718181	1082848546	24123046	6536000	50780000	8160000	38000	528175	0
1789794143.710984	3417451517	1083135105	24123046	6534000	50780000	8158000	40000	584863	0
1789794144.217412	3418697913	1083783968	24123046	6534000	50780000	8158000	40000	696831	0
1789794144.721516	3419672703	1084190705	24123046	6534000	50780000	8158000	40000	732900	0
1789794145.229998	3420607271	1084598907	24123046	6534000	50780000	8158000	40000	597208	0
1789794145.735533	3421496978	1085002837	24123046	6523000	50770000	8144000	40000	756981	0
1789794146.244392	3422465420	1085427763	24123046	6523000	50770000	8144000	40000	576454	0
1789794146.749055	3423378626	1085868619	24123046	6523000	50770000	8144000	40000	781301	0
1789794147.257062	3424270347	1086292568	24123046	6523000	50770000	8144000	40000	587500	0
1789794147.761087	3425165853	1086702296	24123046	6526000	50770000	8148000	40000	634964	0
1789794148.268067	3426070452	1087122033	24123046	6526000	50770000	8148000	40000	956981	0
1789794148.771886	3426953507	1087543480	24123046	6526000	50770000	8148000	40000	703649	0
1789794149.280256	3427960523	1088081076	24123046	6526000	50770000	8148000	40000	593270	0
1789794149.784075	3428870738	1088531881	24123046	6526000	50770000	8148000	41000	596501	0
1789794150.291071	3429746346	1088943257	24123046	6526000	50770000	8148000	41000	576248	0
1789794150.795062	3430654364	1089383563	24123046	6526000	50770000	8148000	40000	749460	0
1789794151.301915	3431516422	1089782305	24123046	6526000	50770000	8148000	40000	600000	0
1789794151.806083	3432500429	1090298417	24123046	6526000	50770000	8148000	40000	750540	0
1789794152.316723	3433395995	1090726455	24123046	6526000	50770000	8148000	40000	1050220	0
1789794152.820720	3434274167	1091146620	24123046	6525000	50760000	8147000	41000	789258	0
1789794153.327873	3435214472	1091567151	24123046	6525000	50760000	8147000	41000	756804	0
1789794153.831835	3436080559	1091975842	24123046	6525000	50760000	8147000	41000	812585	0
1789794154.338820	3437170766	1092490855	24123046	6525000	50760000	8147000	41000	687395	0
1789794154.844048	3438036547	1092893198	24123046	6526000	50760000	8148000	40000	730581	0
1789794155.351901	3438891281	1093281808	24123046	6526000	50760000	8148000	40000	638874	0
1789794155.856092	3439929121	1093707588	24123046	6526000	50760000	8148000	40000	868111	0
1789794156.363029	3440801982	1094116339	24123046	6526000	50760000	8148000	40000	727456	0
1789794156.868102	3441716958	1094563970	24123046	6524000	50760000	8145000	41000	927985	0
1789794157.374996	3442618933	1095002873	24123046	6524000	50760000	8145000	41000	743785	0
1789794157.878781	3443488193	1095409427	24123046	6524000	50760000	8145000	40000	1030106	0
1789794158.386108	3444402498	1095815004	24123046	6524000	50760000	8145000	40000	712314	0
1789794158.889972	3445081878	1096057252	24123046	6525000	50750000	8147000	38000	678258	0
1789794159.400187	3445549101	1096200379	24123046	6525000	50750000	8147000	38000	992857	0
1789794159.905046	3445739530	1096211060	24123046	6525000	50750000	8147000	38000	1011646	0
1789794160.415367	3445907438	1096216676	24123046	6525000	50750000	8147000	38000	812820	0
1789794160.921055	3446090054	1096227784	24123046	6536000	50750000	8160000	38000	1110309	0
1789794161.432661	3446268765	1096235108	24123046	6536000	50750000	8160000	38000	646886	0
1789794161.938996	3446502712	1096257081	24123046	6536000	50750000	8160000	38000	545924	0
1789794162.448192	3446663967	1096261842	24123046	6536000	50750000	8160000	38000	607763	0
1789794162.953048	3447227808	1096458374	24123046	6536000	50750000	8160000	39000	1514459	0
1789794163.460250	3448231528	1096961730	24123046	6536000	50750000	8160000	39000	854613	0
1789794163.964908	3449112325	1097336180	24123046	6529000	50750000	8152000	40000	871282	0
1789794164.471907	3450196489	1097839840	24123046	6529000	50750000	8152000	40000	835157	0
1789794164.977201	3451054214	1098236263	24123046	6529000	50750000	8152000	40000	761027	0
1789794165.484067	3451902295	1098622431	24123046	6529000	50750000	8152000	40000	733459	0
1789794165.987770	3452864207	1099107720	24123046	6524000	50740000	8145000	40000	1097884	0
1789794166.495066	3453765572	1099544975	24123046	6524000	50740000	8145000	40000	728200	0
1789794166.998641	3454680670	1099994315	24123046	6524000	50740000	8145000	40000	1384723	0
1789794167.506115	3455553287	1100402517	24123046	6524000	50740000	8145000	40000	729107	0
1789794168.010831	3456487916	1100865773	24123046	6525000	50740000	8147000	40000	715256	0
1789794168.518096	3457469298	1101385852	24123046	6525000	50740000	8147000	40000	718161	0
1789794169.021817	3458393673	1101849291	24123046	6525000	50740000	8147000	40000	654466	0
1789794169.528458	3459370233	1102311264	24123046	6525000	50740000	8147000	40000	730771	0
1789794170.033007	3460267203	1102737228	24123046	6524000	50740000	8145000	40000	1038867	0
1789794170.541103	3461143666	1103145186	24123046	6524000	50740000	8145000	40000	733430	0
1789794171.044949	3462091295	1103625836	24123046	6524000	50740000	8145000	41000	599501	0
1789794171.552115	3462992782	1104065349	24123046	6524000	50740000	8145000	41000	605591	0
1789794172.055986	3463938336	1104541666	24123046	6524000	50740000	8145000	40000	593901	0
1789794172.563272	3464856303	1104993142	24123046	6524000	50740000	8145000	40000	666116	0
1789794173.066998	3465733803	1105400917	24123046	6522000	50730000	8143000	40000	1339040	0
1789794173.574481	3466614294	1105821387	24123046	6522000	50730000	8143000	40000	895723	0
1789794174.078058	3467685946	1106321996	24123046	6522000	50730000	8143000	40000	1503696	0
1789794174.585761	3468585480	1106707555	24123046	6522000	50730000	8143000	40000	901474	0
1789794175.089502	3469475371	1107112033	24123046	6512000	50730000	8131000	40000	750793	0
1789794175.596775	3470324917	1107500704	24123046	6512000	50730000	8131000	40000	928409	0
1789794176.100563	3471248498	1107955232	24123046	6512000	50730000	8131000	40000	897768	0
1789794176.607768	3472103232	1108353485	24123046	6512000	50730000	8131000	40000	1022912	0
1789794177.111450	3473085347	1108859710	24123046	6523000	50730000	8144000	40000	887151	0
1789794177.620334	3473968035	1109278349	24123046	6523000	50730000	8144000	40000	791549	0
1789794178.124141	3474637467	1109569730	24123046	6523000	50730000	8144000	38000	675793	0
1789794178.633733	3475122634	1109743008	24123046	6523000	50730000	8144000	38000	724998	0
1789794179.138359	3475300063	1109756131	24123046	6535000	50720000	8159000	38000	650140	0
1789794179.647660	3475461500	1109761319	24123046	6535000	50720000	8159000	38000	1076737	0
1789794180.152340	3475673170	1109775723	24123107	6535000	50720000	8159000	38000	1193517	0
1789794180.660923	3475917065	1109781399	24123107	6535000	50720000	8159000	38000	941669	0
1789794181.166690	3476096020	1109788235	24123107	6534000	50720000	8158000	38000	884548	0
1789794181.676205	3476257885	1109793789	24123107	6534000	50720000	8158000	38000	1164495	0
1789794182.181661	3476839060	1109984341	24123107	6534000	50720000	8158000	38000	1603631	0
1789794182.690042	3478042426	1110575037	24123168	6534000	50720000	8158000	38000	1217868	0
1789794183.196392	3479053166	1110997827	24123168	6534000	50720000	8158000	39000	828461	0
1789794183.707233	3480291139	1111588035	24123168	6534000	50720000	8158000	39000	1063952	0
1789794184.213243	3481687742	1112323263	24123168	6524000	50720000	8146000	39000	842879	0
1789794184.723158	3482427364	1112577168	24123168	6524000	50720000	8146000	39000	799961	0
1789794185.228768	3482929438	1112754658	24123168	6524000	50720000	8146000	38000	1106425	0
1789794185.738523	3483114496	1112762837	24123168	6524000	50720000	8146000	38000	577315	0
1789794186.244399	3483356500	1112770893	24123168	6533000	50720000	8157000	38000	579478	0
1789794186.754503	3483572563	1112780781	24123168	6533000	50720000	8157000	38000	531996	0
1789794187.259746	3483769401	1112786763	24123168	6533000	50720000	8157000	38000	671130	0
1789794187.768365	3483975944	1112798725	24123168	6533000	50720000	8157000	38000	604381	0
1789794188.273682	3484518423	1112933125	24123229	6535000	50710000	8159000	38000	1347368	0
1789794188.781643	3485353870	1113261981	24123229	6535000	50710000	8159000	38000	977860	0
1789794189.287102	3486483078	1113717485	24123229	6535000	50710000	8159000	38000	1215874	0
1789794189.797051	3487575361	1114181412	24123534	6535000	50710000	8159000	38000	964099	0
1789794190.301271	3488842936	1114744826	24123534	6522000	50710000	8143000	40000	803957	0
1789794190.808053	3489947303	1115290235	24123534	6522000	50710000	8143000	40000	806943	0
1789794191.312281	3490512914	1115418165	24123534	6522000	50710000	8143000	38000	755483	0
1789794191.822320	3491109837	1115629101	24123534	6522000	50710000	8143000	38000	1200092	0
1789794192.328369	3491299961	1115638196	24123534	6532000	50710000	8155000	38000	744782	0
1789794192.839058	3491488193	1115648999	24123534	6532000	50710000	8155000	38000	670962	0
1789794193.344114	3491685946	1115657056	24123534	6532000	50710000	8155000	38000	652381	0
1789794193.856422	3491854342	1115663708	24123534	6532000	50710000	8155000	38000	650704	0
1789794194.361231	3492361237	1115833752	24123534	6532000	50710000	8155000	38000	761966	0
1789794194.871840	3492536713	1115840771	24123534	6532000	50710000	8155000	38000	731725	0
1789794195.377990	3493568449	1116367198	24123534	6530000	50710000	8153000	40000	678789	0
1789794195.886113	3494993433	1117091744	24123534	6530000	50710000	8153000	40000	903783	0
1789794196.390981	3496447714	1117878913	24123534	6530000	50710000	8153000	41000	702980	0
1789794196.898444	3497481097	1118226995	24123534	6530000	50710000	8153000	41000	485004	0
1789794197.408169	3498632095	1118558415	24123534	6519000	50700000	8139000	39000	618554	0
1789794197.916340	3499304579	1118668278	24123534	6519000	50700000	8139000	39000	1530636	0
1789794198.422990	3499893811	1118867374	24123534	6519000	50700000	8139000	38000	564800	0
1789794198.932301	3500087719	1118876469	24123534	6519000	50700000	8139000	38000	670702	0
1789794199.438358	3500274852	1118884159	24123534	6532000	50700000	8156000	38000	693055	0
1789794199.948370	3500467723	1118892826	24123534	6532000	50700000	8156000	38000	651062	0
1789794200.455013	3500667307	1118901676	24123534	6532000	50700000	8156000	38000	672833	0
1789794200.963385	3500824045	1118907291	24123534	6532000	50700000	8156000	38000	804002	0
1789794201.470145	3501298714	1118921574	24123534	6535000	50700000	8159000	38000	663873	0
1789794201.977954	3502293036	1119232547	24123534	6535000	50700000	8159000	38000	697350	0
1789794202.484912	3504145265	1119964112	24123534	6535000	50700000	8159000	40000	650070	0
1789794202.992666	3505664731	1120612182	24123534	6535000	50700000	8159000	40000	719490	0
1789794203.497161	3506935297	1121176145	24123534	6516000	50690000	8135000	39000	537501	0
1789794204.006047	3507874869	1121447202	24123534	6516000	50690000	8135000	39000	1125910	0
1789794204.510261	3509243518	1121837887	24123534	6516000	50690000	8135000	38000	611346	0
1789794205.019956	3509806871	1121988460	24123534	6516000	50690000	8135000	38000	766418	0
1789794205.525430	3510090135	1122040462	24123534	6516000	50690000	8135000	38000	562082	0
1789794206.036675	3510288743	1122051692	24123534	6516000	50690000	8135000	38000	630350	0
1789794206.542227	3510448166	1122056941	24123534	6532000	50690000	8155000	37000	647170	0
1789794207.051965	3510651229	1122068904	24123534	6532000	50690000	8155000	37000	647990	0
1789794207.557663	3510887496	1122076168	24123534	6532000	50690000	8155000	38000	675124	0
1789794208.066778	3511241133	1122124629	24123534	6532000	50690000	8155000	38000	634682	0
1789794208.573096	3511643231	1122226619	24123534	6532000	50690000	8156000	38000	1502356	0
1789794209.080776	3515184543	1123866263	24123534	6532000	50690000	8156000	38000	698104	0
1789794209.598083	3517760159	1125131458	24123534	6532000	50690000	8156000	39000	695957	0
1789794210.121957	3520358968	1126418625	24123534	6532000	50690000	8156000	39000	700003	0
1789794210.634981	3522905898	1127650128	24123534	6501000	50680000	8117000	39000	690468	0
1789794211.153802	3525488167	1128901834	24123534	6501000	50680000	8117000	39000	691638	0
1789794211.663040	3528020875	1130114477	24123534	6501000	50680000	8117000	40000	696155	0
1789794212.179761	3530585993	1131344882	24123534	6501000	50680000	8117000	40000	697773	0
1789794212.687811	3533109973	1132557647	24123534	6501000	50680000	8117000	40000	690404	0
1789794213.208083	3535684185	1133811062	24123534	6501000	50680000	8117000	40000	832045	0
1789794213.716111	3538225317	1135019005	24123534	6501000	50680000	8117000	40000	691083	0
1789794214.233759	3540792754	1136196676	24123534	6501000	50680000	8117000	40000	696690	0
1789794214.746191	3543330833	1137435564	24123534	6499000	50670000	8114000	40000	709915	0
1789794215.258227	3545876542	1138677321	24123534	6499000	50670000	8114000	40000	841053	0
1789794215.764501	3548361643	1139925182	24123534	6499000	50670000	8114000	41000	1086372	0
1789794216.274836	3550541874	1140881661	24123534	6499000	50670000	8114000	41000	1406587	0
1789794216.781664	3550974063	1140925912	24123534	6521000	50660000	8142000	39000	978760	0
1789794217.294680	3551433169	1141073494	24123534	6521000	50660000	8142000	39000	1138922	0
1789794217.803008	3551616640	1141081307	24123534	6521000	50660000	8142000	38000	1084477	0
1789794218.315222	3551819520	1141092965	24123534	6521000	50660000	8142000	38000	856880	0
1789794218.823924	3552084839	1141112435	24123534	6521000	50660000	8142000	38000	786589	0
1789794219.336501	3552367675	1141125557	24123534	6521000	50660000	8142000	38000	712717	0
1789794219.844964	3552566161	1141134957	24123534	6527000	50660000	8149000	38000	643208	0
1789794220.358801	3552963011	1141198799	24123534	6527000	50660000	8149000	38000	1013603	0
1789794220.866084	3556447255	1142886478	24123534	6527000	50660000	8149000	40000	689587	0
1789794221.389087	3559046797	1144150635	24123534	6527000	50660000	8149000	40000	692393	0
1789794221.903983	3561603858	1145403622	24123534	6498000	50660000	8113000	40000	700006	0
1789794222.425782	3564188263	1146620660	24123534	6498000	50660000	8113000	40000	684436	0
1789794222.936027	3566733544	1147835074	24123534	6498000	50660000	8113000	40000	689276	0
1789794223.458915	3569326800	1149053638	24123534	6498000	50660000	8113000	40000	682002	0
1789794223.970978	3571875377	1150252121	24123534	6498000	50650000	8113000	40000	677049	0
1789794224.493015	3574466130	1151504986	24123534	6498000	50650000	8113000	40000	691955	0
1789794225.004576	3577007383	1152700540	24123534	6498000	50650000	8113000	40000	689685	0
1789794225.528758	3579610770	1153877050	24123534	6498000	50650000	8113000	40000	682873	0
1789794226.035012	3582131454	1155054538	24123534	6495000	50650000	8109000	40000	692250	0
1789794226.558172	3584723183	1156310333	24123534	6495000	50650000	8109000	40000	710791	0
1789794227.064842	3587237825	1157555203	24123534	6495000	50650000	8109000	41000	751588	0
1789794227.575633	3589747035	1158793908	24123534	6495000	50650000	8109000	41000	929813	0
1789794228.082058	3591617331	1159618796	24123534	6497000	50640000	8112000	39000	714290	0
1789794228.595507	3591916341	1159675681	24123534	6497000	50640000	8112000	39000	983610	0
1789794229.100648	3592331623	1159775656	24123534	6497000	50640000	8112000	39000	678543	0
1789794229.612641	3592512165	1159780112	24123534	6497000	50640000	8112000	39000	769769	0
1789794230.120194	3592710101	1159790610	24123534	6529000	50640000	8152000	39000	693175	0
1789794230.631697	3592874957	1159796713	24123534	6529000	50640000	8152000	39000	1019137	0
1789794231.139149	3593261675	1159833578	24123534	6529000	50640000	8152000	38000	668585	0
1789794231.652505	3593431474	1159838339	24123534	6529000	50640000	8152000	38000	896663	0
1789794232.160229	3594249587	1160070516	24123656	6529000	50640000	8152000	40000	1650083	0
1789794232.670093	3597726446	1161756669	24123717	6529000	50640000	8152000	40000	658699	0
1789794233.189072	3600305114	1162945936	24123717	6522000	50640000	8143000	40000	700006	0
1789794233.712988	3602899773	1164231638	24123717	6522000	50640000	8143000	40000	695950	0
1789794234.230000	3605463365	1165536078	24123717	6522000	50640000	8143000	41000	697764	0
1789794234.753962	3608075724	1166803897	24123717	6522000	50640000	8143000	41000	691117	0
1789794235.261973	3610600131	1167997986	24123717	6497000	50630000	8112000	41000	689924	0
1789794235.775941	3613146939	1169223386	24123717	6497000	50630000	8112000	41000	711621	0
1789794236.284109	3615683736	1170388544	24123717	6497000	50630000	8112000	41000	696874	0
1789794236.806002	3618270827	1171581717	24123717	6497000	50630000	8112000	41000	690924	0
1789794237.317980	3620810921	1172758533	24123717	6496000	50620000	8111000	41000	709099	0
1789794237.831997	3623363648	1173987045	24123717	6496000	50620000	8111000	41000	739452	0
1789794238.341042	3625894831	1175218610	24123717	6496000	50620000	8111000	41000	716714	0
1789794238.851669	3628428394	1176436502	24123717	6496000	50620000	8111000	41000	699548	0
1789794239.358607	3630920636	1177681189	24123717	6496000	50620000	8111000	42000	943082	0
1789794239.869003	3632976783	1178610813	24123717	6496000	50620000	8111000	42000	1139905	0
1789794240.374075	3636003753	1180129119	24123778	6496000	50620000	8111000	41000	655020	0
1789794240.898554	3638608971	1181373562	24123778	6496000	50620000	8111000	41000	683810	0
1789794241.411001	3641152788	1182629968	24123778	6495000	50610000	8109000	41000	694455	0
1789794241.931872	3643742197	1183911031	24123778	6495000	50610000	8109000	41000	691964	0
1789794242.441797	3646270938	1185141436	24123778	6495000	50610000	8109000	42000	691803	0
1789794242.955612	3648829709	1186406081	24123778	6495000	50610000	8109000	42000	692733	0
1789794243.467993	3651374502	1187584423	24123778	6495000	50610000	8109000	41000	658311	0
1789794243.991956	3653980025	1188790352	24123778	6495000	50610000	8109000	41000	697561	0
1789794244.504017	3656524635	1189961492	24123778	6495000	50610000	8109000	41000	696184	0
1789794245.027214	3659126069	1191179506	24123778	6495000	50610000	8109000	41000	689431	0
1789794245.535955	3661651636	1192371947	24123778	6495000	50610000	8109000	42000	694188	0
1789794246.050949	3664226825	1193550045	24123778	6495000	50610000	8109000	42000	442124	0
1789794246.562881	3666751538	1194699517	24123778	6495000	50600000	8109000	42000	692381	0
1789794247.078753	3669310308	1195889211	24123778	6495000	50600000	8109000	42000	795369	0
1789794247.584818	3671375794	1196839038	24123778	6495000	50600000	8109000	41000	1732550	0
1789794248.097095	3674378166	1198320601	24123778	6495000	50600000	8109000	41000	695645	0
1789794248.610671	3676931932	1199556011	24123778	6489000	50600000	8102000	42000	693119	0
1789794249.133010	3679524088	1200831886	24123778	6489000	50600000	8102000	42000	695940	0
1789794249.643973	3682059421	1202084569	24123778	6489000	50600000	8102000	42000	739055	0
1789794250.159182	3684627591	1203283357	24123778	6489000	50600000	8102000	42000	699381	0
1789794250.670002	3687163961	1204480253	24123778	6492000	50590000	8106000	42000	695193	0
1789794251.189003	3689743483	1205682704	24123778	6492000	50590000	8106000	42000	689710	0
1789794251.700976	3692286934	1206891197	24123778	6492000	50590000	8106000	42000	698739	0
1789794252.222986	3694880738	1208105854	24123778	6492000	50590000	8106000	42000	685639	0
1789794252.735982	3697429194	1209329362	24123778	6494000	50590000	8108000	42000	697718	0
1789794253.250208	3699985523	1210547316	24123778	6494000	50590000	8108000	42000	703342	0
1789794253.757226	3702496808	1211770640	24123778	6494000	50590000	8108000	42000	802709	0
1789794254.268062	3705034338	1213024665	24123778	6494000	50590000	8108000	42000	767708	0
1789794254.775176	3707524810	1214269779	24123778	6493000	50580000	8107000	43000	900009	0
1789794255.285062	3709670068	1215223268	24123778	6493000	50580000	8107000	43000	1324615	0
1789794255.791110	3712633989	1216619505	24123778	6493000	50580000	8107000	42000	578007	0
1789794256.343024	3715368357	1217651301	24123778	6493000	50580000	8107000	42000	493379	0
1789794256.858280	3717911502	1218827995	24123778	6493000	50580000	8107000	42000	700009	0
1789794257.439114	3720814510	1220122242	24123778	6493000	50580000	8107000	42000	490278	0
1789794257.953058	3723371266	1221121934	24123778	6484000	50580000	8096000	42000	491949	0
1789794258.471513	3725942915	1222123153	24123778	6484000	50580000	8096000	42000	541629	0
1789794258.981014	3728461280	1223141766	24123778	6484000	50580000	8096000	42000	688027	0
1789794259.496800	3731039642	1224281106	24123778	6484000	50580000	8096000	42000	594398	0
1789794260.015050	3733619104	1225420263	24123778	6484000	50570000	8095000	42000	442638	0
1789794260.530033	3736161822	1226454929	24123778	6484000	50570000	8095000	42000	594318	0
1789794261.047020	3738745006	1227594025	24123778	6484000	50570000	8095000	42000	541219	0
1789794261.575752	3741360661	1228754361	24123778	6484000	50570000	8095000	42000	588310	0
1789794262.093100	3743923093	1229916590	24123778	6487000	50560000	8099000	43000	693115	0
1789794262.610928	3746501700	1231115378	24123778	6487000	50560000	8099000	43000	590737	0
1789794263.121232	3749035080	1232306293	24123778	6487000	50560000	8099000	43000	691015	0
1789794263.633204	3751467019	1233516922	24123778	6487000	50560000	8099000	43000	994301	0
1789794264.139146	3753545810	1234435865	24123778	6492000	50560000	8105000	43000	1590839	0
1789794264.649090	3756628444	1235919321	24123778	6492000	50560000	8105000	43000	697555	0
1789794265.167002	3759199360	1237146002	24123778	6492000	50560000	8105000	43000	691719	0
1789794265.686599	3761784620	1238330142	24123778	6492000	50560000	8105000	43000	688539	0
1789794266.195697	3764309272	1239575562	24123778	6489000	50550000	8102000	43000	711061	0
1789794266.709233	3766868042	1240825741	24123778	6489000	50550000	8102000	43000	686632	0
1789794267.216924	3769385736	1242051080	24123778	6489000	50550000	8102000	43000	680266	0
1789794267.732090	3771948229	1243278982	24123778	6489000	50550000	8102000	43000	682951	0
1789794268.248949	3774514934	1244476855	24123778	6491000	50540000	8104000	43000	696155	0
1789794268.766995	3777089817	1245688644	24123778	6491000	50540000	8104000	43000	692526	0
1789794269.282087	3779649320	1246895916	24123778	6491000	50540000	8104000	43000	697155	0
1789794269.794918	3782197348	1248102517	24123778	6491000	50540000	8104000	43000	689914	0
1789794270.303117	3784716934	1249318884	24123778	6491000	50540000	8104000	43000	739027	0
1789794270.815253	3787273751	1250535433	24123778	6491000	50540000	8104000	43000	584614	0
1789794271.325004	3789785097	1251759734	24123778	6491000	50540000	8104000	43000	743441	0
1789794271.836486	3791736020	1252614224	24123778	6491000	50540000	8104000	43000	897915	0
1789794272.342454	3792594050	1252884426	24123778	6491000	50540000	8104000	41000	731184	0
1789794272.855646	3793168878	1253034695	24123839	6491000	50540000	8104000	41000	687519	0
1789794273.362981	3793492424	1253043423	24124022	6515000	50530000	8134000	41000	668967	0
1789794273.876551	3793739006	1253063076	24124022	6515000	50530000	8134000	41000	739495	0
1789794274.384944	3794243399	1253224391	24124022	6515000	50530000	8134000	41000	699542	0
1789794274.897352	3794459280	1253239589	24124022	6515000	50530000	8134000	41000	913514	0
1789794275.405739	3794646962	1253248683	24124022	6520000	50530000	8141000	41000	1026654	0
1789794275.917542	3794903493	1253267970	24124022	6520000	50530000	8141000	41000	873956	0
1789794276.425849	3795124989	1253279262	24124022	6520000	50530000	8141000	41000	706297	0
1789794276.938751	3795643908	1253329188	24124022	6520000	50530000	8141000	41000	658872	0
1789794277.447848	3795827623	1253339076	24124022	6522000	50530000	8143000	41000	1007266	0
1789794277.959946	3796146104	1253375148	24124022	6522000	50530000	8143000	41000	826806	0
1789794278.467923	3796352769	1253386622	24124022	6522000	50530000	8143000	41000	700022	0
1789794278.980506	3796735885	1253429469	24124022	6522000	50530000	8143000	41000	643486	0
1789794279.487656	3796932235	1253436732	24124022	6520000	50530000	8141000	40000	722880	0
1789794279.999963	3797217085	1253474452	24124022	6520000	50530000	8141000	40000	640261	0
1789794280.507006	3797636396	1253562281	24124083	6520000	50530000	8141000	40000	928443	0
1789794281.018900	3798053204	1253648829	24124083	6520000	50530000	8141000	40000	830513	0
1789794281.525964	3798299663	1253666773	24124083	6525000	50520000	8147000	40000	665715	0
1789794282.038671	3798691386	1253701807	24124083	6525000	50520000	8147000	40000	637510	0
1789794282.546981	3798932779	1253710108	24124083	6525000	50520000	8147000	40000	1088722	0
1789794283.056278	3799172891	1253729517	24124083	6525000	50520000	8147000	40000	757978	0
1789794283.561345	3799346657	1253740625	24124083	6525000	50520000	8147000	40000	939632	0
1789794284.071390	3799844093	1253852136	24124083	6525000	50520000	8147000	40000	1364602	0
1789794284.576122	3800233862	1253944848	24124083	6526000	50520000	8148000	40000	884930	0
1789794285.086356	3800591039	1253983056	24124083	6526000	50520000	8148000	40000	886152	0
1789794285.592414	3800752782	1253987756	24124083	6526000	50520000	8148000	40000	862111	0
1789794286.102036	3801120640	1254056237	24124083	6526000	50520000	8148000	40000	1195186	0
1789794286.606735	3801316562	1254070947	24124083	6527000	50520000	8149000	40000	1126768	0
1789794287.116299	3801814119	1254235985	24124083	6527000	50520000	8149000	40000	704954	0
1789794287.622636	3802033601	1254251183	24124083	6527000	50520000	8149000	40000	660257	0
1789794288.130966	3802367829	1254271874	24124083	6527000	50520000	8149000	40000	631774	0
1789794288.636384	3802564301	1254279625	24124083	6525000	50520000	8147000	40000	562978	0
1789794289.146467	3802785308	1254296471	24124083	6525000	50520000	8147000	40000	812280	0
1789794289.652332	3802957488	1254302453	24124083	6525000	50520000	8147000	40000	634505	0
1789794290.162259	3803322660	1254318688	24124083	6525000	50520000	8147000	40000	925932	0
1789794290.668030	3803544034	1254333825	24124083	6523000	50510000	8144000	39000	553596	0
1789794291.178075	3803779813	1254349511	24124083	6523000	50510000	8144000	39000	1040707	0
1789794291.682998	3804132412	1254358361	24124083	6523000	50510000	8144000	39000	849449	0
1789794292.194124	3804417445	1254390343	24124083	6523000	50510000	8144000	39000	904150	0
1789794292.700643	3804572047	1254394249	24124083	6526000	50510000	8148000	39000	1072099	0
1789794293.211292	3804808985	1254419335	24124083	6526000	50510000	8148000	39000	1217237	0
1789794293.717195	3805037561	1254426781	24124083	6526000	50510000	8148000	39000	660727	0
1789794294.226924	3805617515	1254607872	24124083	6526000	50510000	8148000	39000	733191	0
1789794294.732475	3805798667	1254616050	24124083	6526000	50510000	8148000	39000	567897	0
1789794295.242415	3806066184	1254633445	24124083	6526000	50510000	8148000	39000	659951	0
1789794295.749050	3806265829	1254644554	24124083	6524000	50510000	8146000	39000	1146792	0
1789794296.258559	3806733785	1254668418	24124083	6524000	50510000	8146000	39000	656146	0
1789794296.764211	3806957295	1254685386	24124083	6524000	50510000	8146000	39000	918039	0
1789794297.274379	3807251789	1254698326	24124083	6524000	50510000	8146000	39000	592146	0
1789794297.779288	3807423663	1254706443	24124083	6524000	50510000	8145000	39000	634382	0
1789794298.289345	3807591143	1254711021	24124083	6524000	50510000	8145000	39000	643040	0
1789794298.795378	3807789263	1254722312	24124083	6524000	50510000	8145000	39000	743969	0
1789794299.305338	3808035112	1254729637	24124083	6524000	50510000	8145000	39000	837259	0
1789794299.812073	3808202042	1254739402	24124083	6526000	50500000	8148000	39000	683338	0
1789794300.321078	3808433243	1254751487	24124144	6526000	50500000	8148000	39000	800430	0
1789794300.826342	3808594986	1254761192	24124144	6526000	50500000	8148000	39000	798603	0
1789794301.336273	3809114638	1254925437	24124144	6526000	50500000	8148000	39000	665541	0
1789794301.840659	3810160228	1255436300	24124144	6521000	50500000	8142000	40000	675960	0
1789794302.348091	3810975351	1255790913	24124144	6521000	50500000	8142000	40000	593490	0
1789794302.851404	3811833442	1256189777	24124144	6521000	50500000	8142000	41000	759611	0
1789794303.358760	3812739079	1256586626	24124144	6521000	50500000	8142000	41000	862356	0
1789794303.863720	3813603213	1256985185	24124144	6516000	50500000	8136000	41000	725361	0
1789794304.370615	3814665893	1257479874	24124144	6516000	50500000	8136000	41000	702720	0
1789794304.875118	3815599668	1257877639	24124144	6516000	50500000	8136000	41000	981000	0
1789794305.382304	3816483149	1258297804	24124144	6516000	50500000	8136000	41000	598326	0
1789794305.886603	3817353325	1258710278	24124144	6516000	50500000	8136000	41000	792695	0
1789794306.394011	3818244314	1259144664	24124144	6516000	50500000	8136000	41000	738261	0
1789794306.898003	3819251209	1259691294	24124144	6516000	50500000	8135000	41000	776187	0
1789794307.405676	3820188584	1260125253	24124144	6516000	50500000	8135000	41000	689594	0
1789794307.910117	3821107527	1260574470	24124144	6516000	50500000	8135000	41000	853129	0
1789794308.417552	3821981487	1260991400	24124144	6516000	50500000	8135000	41000	700386	0
1789794308.921035	3823001077	1261480596	24124755	6516000	50490000	8136000	41000	1133729	0
1789794309.427908	3823925269	1261938419	24124755	6516000	50490000	8136000	41000	750834	0
1789794309.931778	3824793370	1262351138	24124755	6516000	50490000	8136000	42000	745241	0
1789794310.438761	3825688509	1262744814	24124755	6516000	50490000	8136000	42000	709555	0
1789794310.943149	3826540008	1263142518	24124755	6517000	50490000	8137000	41000	726371	0
1789794311.449823	3827450834	1263591247	24124755	6517000	50490000	8137000	41000	681915	0
1789794311.953276	3828278956	1263969725	24124755	6517000	50490000	8137000	41000	712301	0
1789794312.459557	3829179650	1264362974	24124755	6517000	50490000	8137000	41000	734481	0
1789794312.963881	3830026694	1264752377	24124755	6517000	50490000	8137000	41000	733948	0
1789794313.471381	3830898579	1265159236	24124755	6517000	50490000	8137000	41000	692126	0
1789794313.974918	3831743791	1265552668	24124755	6517000	50490000	8137000	41000	717412	0
1789794314.482264	3832842604	1266075921	24124755	6517000	50490000	8137000	41000	576417	0
1789794314.986192	3833691723	1266467399	24124755	6514000	50480000	8133000	41000	717210	0
1789794315.494073	3834562754	1266883597	24124755	6514000	50480000	8133000	41000	723449	0
1789794315.998256	3835461860	1267281240	24124755	6514000	50480000	8133000	40000	813416	0
1789794316.505109	3836299871	1267662709	24124755	6514000	50480000	8133000	40000	1526918	0
1789794317.010667	3836537114	1267686024	24124755	6514000	50480000	8133000	39000	828268	0
1789794317.519097	3837030948	1267854115	24124755	6514000	50480000	8133000	39000	583977	0
1789794318.025265	3837242068	1267867176	24124755	6527000	50480000	8149000	39000	856593	0
1789794318.534226	3837402773	1267873768	24124755	6527000	50480000	8149000	39000	588843	0
1789794319.040383	3837550112	1267878712	24124755	6527000	50480000	8149000	39000	655643	0
1789794319.549935	3837719545	1267884937	24124755	6527000	50480000	8149000	39000	652744	0
1789794320.055548	3837905763	1267890919	24124755	6528000	50480000	8151000	38000	557809	0
1789794320.564508	3838129883	1267919483	24124755	6528000	50480000	8151000	38000	1386396	0
1789794321.069852	3839123350	1268406664	24124755	6528000	50480000	8151000	40000	1407372	0
1789794321.578305	3840115962	1268829393	24124755	6528000	50480000	8151000	40000	742123	0
1789794322.083888	3840948174	1269208359	24124755	6513000	50470000	8132000	40000	736625	0
1789794322.590359	3841774405	1269581527	24124755	6513000	50470000	8132000	40000	695139	0
1789794323.095079	3842628712	1269974837	24124755	6513000	50470000	8132000	41000	583069	0
1789794323.601954	3843477892	1270365217	24124755	6513000	50470000	8132000	41000	718706	0
1789794324.105875	3844533615	1270861553	24124755	6517000	50470000	8137000	40000	1439916	0
1789794324.614109	3845470197	1271311198	24124755	6517000	50470000	8137000	40000	736251	0
1789794325.117991	3846366862	1271746622	24124755	6517000	50470000	8137000	41000	911876	0
1789794325.624822	3847212319	1272140175	24124755	6517000	50470000	8137000	41000	778224	0
1789794326.129012	3848115331	1272578773	24124755	6516000	50470000	8136000	42000	647625	0
1789794326.637120	3849054233	1273058081	24124755	6516000	50470000	8136000	42000	741236	0
1789794327.140841	3849986909	1273482884	24124755	6516000	50470000	8136000	41000	735526	0
1789794327.649043	3850840239	1273884006	24124755	6516000	50470000	8136000	41000	581661	0
1789794328.153070	3851713894	1274298251	24124755	6516000	50470000	8136000	40000	757643	0
1789794328.659966	3852566736	1274701570	24124755	6516000	50470000	8136000	40000	585519	0
1789794329.163978	3853457237	1275136689	24124755	6516000	50470000	8136000	40000	768849	0
1789794329.670818	3854286946	1275514679	24124755	6516000	50470000	8136000	40000	725167	0
1789794330.175067	3855163592	1275935881	24124755	6516000	50470000	8136000	40000	723232	0
1789794330.683847	3856021622	1276343229	24124755	6516000	50470000	8136000	40000	725120	0
1789794331.189125	3856885878	1276749600	24124755	6517000	50460000	8137000	40000	729269	0
1789794331.696900	3857722912	1277133144	24124755	6517000	50460000	8137000	40000	635023	0
1789794332.201014	3858569956	1277525049	24124755	6517000	50460000	8137000	40000	883177	0
1789794332.707577	3859453742	1277911340	24124755	6517000	50460000	8137000	40000	722844	0
1789794333.213045	3860337224	1278331322	24124755	6516000	50460000	8136000	40000	625608	0
1789794333.720058	3861218264	1278759665	24124755	6516000	50460000	8136000	40000	738278	0
1789794334.224449	3862249817	1279272603	24124755	6516000	50460000	8136000	40000	711384	0
1789794334.731952	3863037229	1279597676	24124755	6516000	50460000	8136000	40000	717985	0
1789794335.235883	3863916499	1280020465	24124755	6517000	50450000	8137000	40000	781759	0
1789794335.742755	3864761895	1280413592	24124755	6517000	50450000	8137000	40000	661236	0
1789794336.247206	3865346855	1280637590	24124755	6517000	50450000	8137000	38000	741875	0
1789794336.757311	3865880728	1280794816	24124755	6517000	50450000	8137000	38000	633021	0
1789794337.264041	3866362294	1280881364	24124755	6523000	50450000	8144000	40000	1316505	0
1789794337.775929	3866661182	1280905046	24124755	6523000	50450000	8144000	40000	1029963	0
1789794338.280195	3866877674	1280910722	24124755	6523000	50450000	8144000	38000	1191263	0
1789794338.790296	3867066821	1280924577	24124755	6523000	50450000	8144000	38000	714999	0
1789794339.295392	3867227465	1280929704	24124755	6523000	50450000	8144000	38000	972926	0
1789794339.805279	3867438341	1280945451	24124755	6523000	50450000	8144000	38000	777261	0
1789794340.311047	3868106857	1281199356	24124755	6525000	50450000	8147000	40000	1417181	0
1789794340.819292	3869330914	1281770705	24124877	6525000	50450000	8147000	40000	922638	0
1789794341.323961	3870359903	1282221082	24124877	6525000	50450000	8147000	39000	852515	0
1789794341.835081	3871535437	1282790417	24124877	6525000	50450000	8147000	39000	642463	0
1789794342.341295	3872708347	1283403513	24124877	6508000	50450000	8126000	39000	867148	0
1789794342.849929	3873419466	1283656809	24124877	6508000	50450000	8126000	39000	949840	0
1789794343.354990	3873795075	1283778573	24124877	6508000	50450000	8126000	38000	773305	0
1789794343.865423	3874252533	1283795846	24124877	6508000	50450000	8126000	38000	597866	0
1789794344.371336	3874787077	1283966927	24124877	6522000	50440000	8143000	38000	646686	0
1789794344.880429	3874978849	1283981149	24124877	6522000	50440000	8143000	38000	773261	0
1789794345.386358	3875168729	1283987679	24124877	6522000	50440000	8143000	38000	835892	0
1789794345.895261	3875418118	1284004098	24124877	6522000	50440000	8143000	38000	699927	0
1789794346.401490	3875598904	1284013680	24124877	6525000	50440000	8147000	38000	946409	0
1789794346.911945	3876644433	1284481025	24124877	6525000	50440000	8147000	38000	771968	0
1789794347.415746	3877751181	1284965094	24124877	6525000	50440000	8147000	39000	1110172	0
1789794347.924722	3878988604	1285522832	24124877	6525000	50440000	8147000	39000	873271	0
1789794348.429846	3880157730	1286120181	24124877	6512000	50440000	8131000	39000	896666	0
1789794348.940090	3881402905	1286714540	24124877	6512000	50440000	8131000	39000	1320721	0
1789794349.446263	3881841747	1286844056	24124877	6512000	50440000	8131000	38000	656777	0
1789794349.956946	3882348459	1286965394	24124877	6512000	50440000	8131000	38000	671804	0
1789794350.463373	3882569894	1286974610	24124877	6512000	50440000	8131000	38000	1044624	0
1789794350.974129	3882774728	1286987550	24124877	6512000	50440000	8131000	38000	990499	0
1789794351.480333	3882963387	1286994324	24124877	6523000	50430000	8144000	38000	629377	0
1789794351.991157	3883310371	1287041810	24124877	6523000	50430000	8144000	38000	577619	0
1789794352.497336	3883519904	1287057862	24124877	6523000	50430000	8144000	38000	766388	0
1789794353.008233	3883906439	1287112122	24124877	6523000	50430000	8144000	38000	1305679	0
1789794353.514261	3885133486	1287747191	24124877	6526000	50430000	8148000	41000	830983	0
1789794354.021061	3886562682	1288486325	24124877	6526000	50430000	8148000	41000	1640291	0
1789794354.526194	3888174433	1289303401	24124938	6526000	50430000	8148000	40000	823103	0
1789794355.036381	3889181144	1289652582	24124938	6526000	50430000	8148000	40000	684260	0
1789794355.543831	3890361988	1289994805	24124938	6510000	50430000	8128000	39000	550142	0
1789794356.053633	3891143236	1290144707	24124938	6510000	50430000	8128000	39000	622776	0
1789794356.558331	3891567674	1290295341	24124938	6510000	50430000	8128000	38000	1108346	0
1789794357.067948	3891798752	1290311577	24124938	6510000	50430000	8128000	38000	1061076	0
1789794357.573000	3892083908	1290322807	24124938	6524000	50430000	8145000	38000	1110091	0
1789794358.082870	3892475020	1290356071	24124938	6524000	50430000	8145000	38000	676299	0
1789794358.589953	3892699324	1290363762	24124938	6524000	50430000	8145000	38000	653380	0
1789794359.100886	3893079877	1290398124	24124938	6524000	50430000	8145000	38000	737967	0
1789794359.606010	3893314740	1290407341	24124938	6524000	50420000	8146000	38000	945736	0
1789794360.117504	3894248453	1290786124	24124938	6524000	50420000	8146000	38000	740976	0
1789794360.622628	3895762976	1291549550	24124999	6524000	50420000	8146000	40000	815376	0
1789794361.131978	3897180941	1292296435	24125060	6524000	50420000	8146000	40000	909956	0
1789794361.637291	3898262054	1292720933	24125121	6524000	50420000	8146000	38000	540307	0
1789794362.152011	3899295437	1293042099	24125121	6524000	50420000	8146000	38000	780662	0
1789794362.659463	3900245874	1293213974	24125121	6514000	50420000	8133000	38000	673830	0
1789794363.168371	3900847435	1293388717	24125121	6514000	50420000	8133000	38000	660261	0
1789794363.673772	3901011314	1293396286	24125121	6514000	50420000	8133000	38000	692416	0
1789794364.182723	3901677450	1293577865	24125121	6514000	50420000	8133000	38000	903505	0
1789794364.689663	3901848104	1293582931	24125121	6521000	50420000	8142000	38000	663645	0
1789794365.197961	3902179524	1293598067	24125121	6521000	50420000	8142000	38000	771862	0
1789794365.704071	3902326069	1293601790	24125121	6521000	50420000	8142000	38000	674871	0
1789794366.213360	3902713580	1293621566	24125121	6521000	50420000	8142000	38000	758605	0
1789794366.717960	3904173415	1294178266	24125121	6522000	50410000	8143000	41000	1577681	0
1789794367.231991	3907829778	1296090187	24125121	6522000	50410000	8143000	41000	931161	0
1789794367.736996	3910850034	1297721226	24125121	6522000	50410000	8143000	40000	948524	0
1789794368.248910	3913898061	1299337494	24125121	6522000	50410000	8143000	40000	1036587	0
1789794368.756007	3916929975	1300892482	24125121	6485000	50410000	8097000	40000	924541	0
1789794369.267998	3919985082	1302484885	24125426	6485000	50410000	8097000	40000	932038	0
1789794369.775917	3923018826	1304042071	24126036	6485000	50410000	8097000	41000	931510	0
1789794370.286201	3926064656	1305601577	24126036	6485000	50410000	8097000	41000	1040711	0
1789794370.792197	3929089245	1307146067	24126036	6479000	50400000	8089000	41000	923716	0
1789794371.304575	3932131718	1308723639	24126036	6479000	50400000	8089000	41000	1119543	0
1789794371.810433	3935092648	1310288759	24126036	6479000	50400000	8089000	42000	1079115	0
1789794372.320841	3937794118	1311515807	24126036	6479000	50400000	8089000	42000	1230068	0
1789794372.826957	3940233016	1312465878	24126036	6479000	50400000	8089000	39000	1640540	0
1789794373.336052	3940509382	1312491146	24126036	6479000	50400000	8089000	39000	1096717	0
1789794373.842100	3941057537	1312640438	24126036	6483000	50390000	8094000	39000	648765	0
1789794374.352053	3941592509	1312824886	24126036	6483000	50390000	8094000	39000	592689	0
1789794374.858041	3941810099	1312835445	24126036	6483000	50390000	8094000	39000	581292	0
1789794375.367742	3942041177	1312843929	24126036	6483000	50390000	8094000	39000	657512	0
1789794375.873013	3942234536	1312854244	24126036	6521000	50390000	8142000	38000	673333	0
1789794376.384084	3942515053	1312866390	24126036	6521000	50390000	8142000	38000	780607	0
1789794376.890522	3942828529	1312919002	24126036	6521000	50390000	8142000	38000	1245634	0
1789794377.403003	3946704557	1314834890	24126036	6521000	50390000	8142000	38000	910505	0
1789794377.911995	3949743489	1316395555	24126036	6473000	50390000	8082000	41000	927254	0
1789794378.421996	3952783459	1318012128	24126036	6473000	50390000	8082000	41000	943907	0
1789794378.930935	3955814335	1319602517	24126036	6473000	50390000	8082000	41000	1049572	0
1789794379.440711	3958872067	1321130895	24126036	6473000	50390000	8082000	41000	818232	0
1789794379.947211	3961886891	1322691071	24126036	6480000	50380000	8091000	41000	932631	0
1789794380.458819	3964955120	1324251370	24126036	6480000	50380000	8091000	41000	820810	0
1789794380.965284	3967950962	1325836510	24126036	6480000	50380000	8091000	42000	1066762	0
1789794381.475702	3970994045	1327441914	24126036	6480000	50380000	8091000	42000	1106639	0
1789794381.982635	3974014301	1329023575	24126036	6482000	50380000	8093000	42000	1184364	0
1789794382.494936	3977004528	1330586132	24126036	6482000	50380000	8093000	42000	1197476	0
1789794382.999975	3979165838	1331529245	24126036	6482000	50380000	8093000	43000	974502	0
1789794383.508403	3979773808	1331702462	24126036	6482000	50380000	8093000	43000	753171	0
1789794384.016194	3980160587	1331803414	24126036	6482000	50380000	8093000	39000	1569409	0
1789794384.524757	3980658327	1331975594	24126036	6482000	50380000	8093000	39000	799934	0
1789794385.033038	3980975831	1331990303	24126036	6513000	50370000	8132000	39000	759264	0
1789794385.544119	3981194458	1332002693	24126036	6513000	50370000	8132000	39000	606686	0
1789794386.052036	3981522949	1332018013	24126036	6513000	50370000	8132000	39000	699425	0
1789794386.563700	3981736327	1332024666	24126036	6513000	50370000	8132000	39000	640026	0
1789794387.072030	3981922667	1332033821	24126036	6518000	50370000	8138000	39000	789354	0
1789794387.583876	3985497792	1333675723	24126036	6518000	50370000	8138000	39000	848192	0
1789794388.091040	3988519635	1335296630	24126036	6518000	50370000	8138000	42000	1032051	0
1789794388.604607	3991580052	1336920954	24126097	6518000	50370000	8138000	42000	1024417	0
1789794389.109977	3994599148	1338499197	24126097	6481000	50370000	8092000	42000	948212	0
1789794389.620983	3997648884	1340092821	24126097	6481000	50370000	8092000	42000	953429	0
1789794390.126795	4000672314	1341653669	24126097	6481000	50370000	8092000	42000	936611	0
1789794390.640985	4003741459	1343209452	24126097	6481000	50370000	8092000	42000	938665	0
1789794391.148072	4006767818	1344757726	24126097	6481000	50360000	8092000	42000	1039493	0
1789794391.660213	4009823597	1346322359	24126158	6481000	50360000	8092000	42000	1000631	0
1789794392.167113	4012846233	1347877225	24126158	6481000	50360000	8092000	42000	1075416	0
1789794392.678145	4015812351	1349403955	24126158	6481000	50360000	8092000	42000	1004082	0
1789794393.183060	4018148588	1350468832	24126158	6480000	50350000	8090000	41000	1442664	0
1789794393.696064	4021977191	1352371415	24126158	6480000	50350000	8090000	41000	939437	0
1789794394.203899	4025003550	1353978528	24126158	6480000	50350000	8090000	43000	1026736	0
1789794394.720639	4028089297	1355646553	24126158	6480000	50350000	8090000	43000	1047483	0
1789794395.225005	4031103632	1357206730	24126158	6480000	50350000	8090000	42000	931744	0
1789794395.737613	4034166735	1358790344	24126158	6480000	50350000	8090000	42000	932329	0
1789794396.245007	4037193583	1360351803	24126158	6480000	50340000	8090000	43000	943394	0
1789794396.754989	4040235933	1361916008	24126158	6480000	50340000	8090000	43000	906373	0
1789794397.262007	4043263452	1363488574	24126158	6480000	50340000	8090000	43000	907768	0
1789794397.774058	4046312639	1365067184	24126158	6480000	50340000	8090000	43000	1076855	0
1789794398.280679	4049321909	1366620769	24126158	6477000	50340000	8087000	43000	1013695	0
1789794398.791457	4052351747	1368303931	24126158	6477000	50340000	8087000	43000	1267044	0
1789794399.297041	4054229733	1369103428	24126158	6477000	50340000	8087000	42000	1167032	0
1789794399.808065	4057816089	1370822479	24126158	6477000	50340000	8087000	42000	950535	0
1789794400.315972	4060847026	1372417385	24126158	6494000	50330000	8108000	43000	1034185	0
1789794400.827989	4063906039	1374041343	24126158	6494000	50330000	8108000	43000	936034	0
1789794401.332826	4066921839	1375630999	24126158	6494000	50330000	8108000	43000	954599	0
1789794401.843986	4069969744	1377235915	24126158	6494000	50330000	8108000	43000	1013518	0
1789794402.350113	4072981272	1378850779	24126158	6478000	50330000	8088000	43000	957082	0
1789794402.861171	4076034914	1380481207	24126158	6478000	50330000	8088000	43000	1139772	0
1789794403.367203	4079066706	1382014894	24126158	6478000	50330000	8088000	43000	1036697	0
1789794403.878068	4082100267	1383566099	24126158	6478000	50330000	8088000	43000	1137841	0
1789794404.383534	4085118692	1385095086	24126158	6476000	50320000	8086000	44000	1109285	0
1789794404.893293	4088157380	1386722951	24126158	6476000	50320000	8086000	44000	1017866	0
1789794405.400113	4090463649	1387793017	24126158	6476000	50320000	8086000	43000	919308	0
1789794405.909090	4093416644	1389113814	24126158	6476000	50320000	8086000	43000	1713659	0
1789794406.413942	4096566111	1390795267	24126158	6476000	50320000	8086000	44000	941594	0
1789794406.927674	4099637454	1392407995	24126158	6476000	50320000	8086000	44000	910943	0
1789794407.436592	4102667536	1394004487	24126158	6472000	50310000	8081000	44000	1043982	0
1789794407.946037	4105705309	1395566678	24126158	6472000	50310000	8081000	44000	1036713	0
1789794408.452070	4108733805	1397150048	24126158	6472000	50310000	8081000	44000	941046	0
1789794408.964981	4111796297	1398701802	24126158	6472000	50310000	8081000	44000	902726	0
1789794409.471155	4114808008	1400258012	24126158	6476000	50310000	8086000	44000	1030463	0
1789794409.983173	4117860429	1401849255	24126158	6476000	50310000	8086000	44000	1020820	0
1789794410.488916	4120875436	1403443611	24126158	6476000	50310000	8086000	44000	1139711	0
1789794410.998142	4123835695	1405016910	24126158	6476000	50310000	8086000	44000	1240588	0
1789794411.505033	4126296565	1406136720	24126158	6476000	50300000	8085000	45000	775123	0
1789794412.014012	4128363576	1406947936	24126158	6476000	50300000	8085000	45000	1912608	0
1789794412.519053	4132068218	1408891534	24126158	6476000	50300000	8085000	44000	1037134	0
1789794413.031974	4135132968	1410506459	24126158	6476000	50300000	8085000	44000	950027	0
1789794413.540559	4138172328	1412093919	24126158	6473000	50300000	8082000	44000	936934	0
1789794414.051975	4141218768	1413652386	24126158	6473000	50300000	8082000	44000	944119	0
1789794414.556896	4144238658	1415223610	24126158	6473000	50300000	8082000	44000	934653	0
1789794415.067966	4147285525	1416757481	24126158	6473000	50300000	8082000	44000	948523	0
1789794415.573988	4150303340	1418276581	24126158	6474000	50290000	8083000	45000	1046350	0
1789794416.084818	4153358446	1419818813	24126158	6474000	50290000	8083000	45000	924361	0
1789794416.592200	4156386942	1421370750	24126158	6474000	50290000	8083000	45000	1040610	0
1789794417.103990	4159426180	1422945087	24126158	6474000	50290000	8083000	45000	1171408	0
1789794417.610031	4162170069	1424319717	24126158	6472000	50290000	8081000	45000	878074	0
1789794418.119992	4164365010	1425214857	24126158	6472000	50290000	8081000	45000	1660935	0
1789794418.627075	4168242136	1427154915	24126158	6472000	50280000	8081000	44000	949681	0
1789794419.138977	4171297671	1428730717	24126158	6472000	50280000	8081000	44000	950021	0
1789794419.645972	4174320002	1430357849	24126158	6472000	50280000	8081000	45000	1040079	0
1789794420.156972	4177375658	1431944515	24126158	6472000	50280000	8081000	45000	932801	0
1789794420.666611	4180419473	1433425346	24126158	6475000	50280000	8084000	45000	943694	0
1789794421.176831	4183467256	1435007373	24126158	6475000	50280000	8084000	45000	840831	0
1789794421.686845	4186506982	1436567672	24126158	6475000	50280000	8084000	45000	941430	0
1789794422.198102	4189551408	1438141215	24126158	6475000	50280000	8084000	45000	1042266	0
1789794422.705110	4192567269	1439712195	24126158	6474000	50270000	8083000	45000	1106652	0
1789794423.215438	4195612672	1441322115	24126158	6474000	50270000	8083000	45000	1070437	0
1789794423.720986	4198485467	1442787993	24126158	6474000	50270000	8083000	45000	1219787	0
1789794424.231466	4200964953	1443944667	24126158	6474000	50270000	8083000	45000	905658	0
1789794424.739071	4204575723	1445739462	24126158	6475000	50260000	8084000	45000	892476	0
1789794425.251973	4207635346	1447338763	24126158	6475000	50260000	8084000	45000	908754	0
1789794425.758953	4210653039	1448960279	24126158	6475000	50260000	8084000	45000	1081877	0
1789794426.271010	4213716873	1450519663	24126158	6475000	50260000	8084000	45000	944049	0
1789794426.776983	4216737618	1452061529	24126158	6473000	50260000	8082000	45000	932988	0
1789794427.286971	4219781921	1453617921	24126158	6473000	50260000	8082000	45000	934253	0
1789794427.794979	4222813042	1455177305	24126158	6473000	50260000	8082000	45000	925406	0
1789794428.306189	4225852707	1456752984	24126158	6473000	50260000	8082000	45000	1048438	0
1789794428.812177	4228868995	1458346120	24126158	6473000	50250000	8082000	45000	1035854	0
1789794429.322978	4231915069	1459921738	24126158	6473000	50250000	8082000	45000	1174739	0
1789794429.829037	4234910362	1461545696	24126281	6473000	50250000	8082000	45000	1208130	0
1789794430.340989	4237177629	1462654885	24126281	6473000	50250000	8082000	45000	920479	0
1789794430.846834	4237729019	1462821572	24126525	6473000	50250000	8082000	43000	731479	0
1789794431.359386	4238242018	1462993691	24126830	6473000	50250000	8082000	43000	692109	0
1789794431.867832	4238485548	1463001686	24127074	6511000	50240000	8129000	43000	750345	0
1789794432.379840	4238691968	1463011513	24127074	6511000	50240000	8129000	43000	689133	0
1789794432.887445	4238892102	1463017616	24127074	6511000	50240000	8129000	42000	1119206	0
1789794433.399184	4239124584	1463032509	24127074	6511000	50240000	8129000	42000	723530	0
1789794433.906948	4239305431	1463038918	24127074	6515000	50240000	8134000	42000	660500	0
1789794434.418480	4239838328	1463232582	24127074	6515000	50240000	8134000	42000	666687	0
1789794434.926841	4240026804	1463240577	24127074	6515000	50240000	8134000	42000	677601	0
1789794435.439658	4240250741	1463251014	24127135	6515000	50240000	8134000	42000	661252	0
1789794435.947971	4240419991	1463257179	24127135	6513000	50240000	8132000	42000	682076	0
1789794436.458836	4240596077	1463264076	24127135	6513000	50240000	8132000	42000	1177471	0
1789794436.966608	4240829353	1463270179	24127135	6513000	50240000	8132000	42000	651948	0
1789794437.479853	4241253424	1463288978	24127135	6513000	50240000	8132000	42000	954566	0
1789794437.987414	4241418890	1463294227	24127135	6513000	50240000	8132000	42000	676272	0
1789794438.501775	4241633245	1463305335	24127135	6513000	50240000	8132000	42000	944620	0
1789794439.007695	4242015934	1463420203	24127135	6513000	50240000	8132000	42000	1078017	0
1789794439.518884	4242410770	1463531958	24127135	6513000	50240000	8132000	42000	1132456	0
1789794440.026995	4242564578	1463535498	24127135	6516000	50230000	8135000	42000	1002753	0
1789794440.539563	4242786379	1463549292	24127135	6516000	50230000	8135000	42000	871925	0
1789794441.046896	4242979433	1463561866	24127135	6516000	50230000	8135000	42000	1141428	0
1789794441.558431	4243212403	1463574134	24127135	6516000	50230000	8135000	42000	645987	0
1789794442.066127	4243393738	1463585303	24127135	6516000	50230000	8135000	41000	838227	0
1789794442.579080	4243633484	1463604651	24127135	6516000	50230000	8135000	41000	757172	0
1789794443.086159	4243883422	1463610144	24127135	6518000	50230000	8138000	41000	799688	0
1789794443.597988	4244092101	1463617224	24127135	6518000	50230000	8138000	41000	700020	0
1789794444.106690	4244467283	1463740393	24127135	6518000	50230000	8138000	42000	1261944	0
1789794444.616193	4244819882	1463814489	24127135	6518000	50230000	8138000	42000	816103	0
1789794445.124763	4245004757	1463820715	24127135	6507000	50230000	8124000	41000	828576	0
1789794445.636841	4245189815	1463827002	24127135	6507000	50230000	8124000	41000	675956	0
1789794446.144989	4245507014	1463831945	24127135	6507000	50230000	8124000	41000	682084	0
1789794446.657592	4245745173	1463842810	24127135	6507000	50230000	8124000	41000	703547	0
1789794447.165762	4245940912	1463847754	24127135	6516000	50230000	8135000	41000	653886	0
1789794447.677821	4246142206	1463855810	24127135	6516000	50230000	8135000	41000	680359	0
1789794448.185698	4246325555	1463862707	24127135	6516000	50230000	8135000	41000	791171	0
1789794448.698780	4246563896	1463873205	24127135	6516000	50230000	8135000	41000	675126	0
1789794449.206755	4246729301	1463877844	24127135	6517000	50220000	8137000	40000	629196	0
1789794449.719842	4246913261	1463885778	24127135	6517000	50220000	8137000	40000	525028	0
1789794450.226934	4247074576	1463890478	24127135	6517000	50220000	8137000	40000	684560	0
1789794450.738536	4247297354	1463916784	24127135	6517000	50220000	8137000	40000	735670	0
1789794451.246336	4247505849	1463930517	24127196	6516000	50220000	8136000	40000	667557	0
1789794451.756732	4247665273	1463935827	24127196	6516000	50220000	8136000	40000	940827	0
1789794452.264923	4247853749	1463942114	24127196	6516000	50220000	8136000	40000	903413	0
1789794452.777019	4248036305	1463950536	24127257	6516000	50220000	8136000	40000	1018617	0
1789794453.284077	4248291553	1463965612	24127257	6516000	50220000	8136000	40000	1001742	0
1789794453.796556	4248475635	1463974218	24127257	6516000	50220000	8136000	40000	980575	0
1789794454.304125	4249144700	1464142369	24127257	6516000	50220000	8135000	40000	773362	0
1789794454.815317	4249338670	1464150975	24127257	6516000	50220000	8135000	40000	699521	0
1789794455.322480	4249513962	1464156163	24127257	6516000	50220000	8135000	40000	831244	0
1789794455.836117	4249710251	1464164647	24127318	6516000	50220000	8135000	40000	1015833	0
1789794456.344007	4249908370	1464173131	24127318	6517000	50220000	8137000	40000	900214	0
1789794456.854771	4250189986	1464218114	24127318	6517000	50220000	8137000	40000	755561	0
1789794457.363014	4250688214	1464375279	24127318	6517000	50220000	8137000	40000	675027	0
1789794457.876852	4250876629	1464385228	24127318	6517000	50220000	8137000	40000	777820	0
1789794458.384176	4251069195	1464396458	24127379	6517000	50220000	8137000	40000	957227	0
1789794458.896050	4251344035	1464430149	24127379	6517000	50220000	8137000	40000	664377	0
1789794459.403352	4251608805	1464438877	24127379	6517000	50220000	8137000	40000	663973	0
1789794459.915802	4251904886	1464455662	24127379	6517000	50220000	8137000	40000	663082	0
1789794460.424317	4252125650	1464466343	24127379	6517000	50210000	8137000	40000	708202	0
1789794460.938633	4252314126	1464475437	24127379	6517000	50210000	8137000	40000	630654	0
1789794461.447009	4252519264	1464484837	24127379	6517000	50210000	8137000	39000	672840	0
1789794461.958601	4252772010	1464491612	24127379	6517000	50210000	8137000	39000	718107	0
1789794462.466926	4252951209	1464496250	24127379	6516000	50210000	8136000	39000	655833	0
1789794462.979508	4253120093	1464501927	24127379	6516000	50210000	8136000	39000	706317	0
1789794463.487642	4253290197	1464508091	24127379	6516000	50210000	8136000	39000	684418	0
1789794464.000789	4253456640	1464513401	24127379	6516000	50210000	8136000	39000	687531	0
1789794464.508469	4253952977	1464687656	24127379	6508000	50210000	8125000	39000	668557	0
1789794465.020676	4254201999	1464697544	24127379	6508000	50210000	8125000	39000	1225246	0
1789794465.529056	4254542819	1464703464	24127379	6508000	50210000	8125000	39000	986407	0
1789794466.042447	4254741793	1464713169	24127379	6508000	50210000	8125000	39000	1124634	0
1789794466.550833	4254926485	1464719333	24127379	6508000	50210000	8125000	39000	662483	0
1789794467.062763	4255076753	1464724582	24127379	6508000	50210000	8125000	39000	693907	0
1789794467.570831	4255272980	1464737094	24127379	6519000	50210000	8139000	39000	707838	0
1789794468.082153	4255457306	1464749912	24127379	6519000	50210000	8139000	39000	886622	0
1789794468.589387	4255685333	1464764072	24127379	6519000	50210000	8139000	39000	856535	0
1789794469.100200	4255894561	1464773654	24127379	6519000	50210000	8139000	39000	668739	0
1789794469.607577	4256061309	1464777927	24127379	6517000	50200000	8137000	39000	795673	0
1789794470.118530	4256281584	1464782932	24127379	6517000	50200000	8137000	39000	1007458	0
1789794470.625243	4256460416	1464789646	24127379	6517000	50200000	8137000	39000	705643	0
1789794471.135333	4256670133	1464796665	24127379	6517000	50200000	8137000	39000	645362	0
1789794471.641019	4256862271	1464807346	24127379	6518000	50200000	8138000	39000	1021074	0
1789794472.151249	4257688685	1465142184	24127379	6518000	50200000	8138000	39000	741375	0
1789794472.656618	4258677452	1465611116	24127379	6518000	50200000	8138000	41000	692433	0
1789794473.163746	4259487508	1465961518	24127379	6518000	50200000	8138000	41000	724445	0
1789794473.668017	4260321979	1466342864	24127379	6510000	50200000	8128000	41000	694891	0
1789794474.176093	4261375321	1466864347	24127379	6510000	50200000	8128000	41000	1027123	0
1789794474.680042	4262222059	1467253934	24127379	6510000	50200000	8128000	41000	581529	0
1789794475.187092	4263068737	1467641445	24127379	6510000	50200000	8128000	41000	1047813	0
1789794475.690901	4263939279	1468054164	24127379	6509000	50190000	8127000	41000	735688	0
1789794476.199017	4264783393	1468436182	24127379	6509000	50190000	8127000	41000	852396	0
1789794476.703028	4265703923	1468844201	24127379	6509000	50190000	8127000	41000	745388	0
1789794477.210745	4266588503	1469255149	24127379	6509000	50190000	8127000	41000	972506	0
1789794477.715924	4267565552	1469773581	24127379	6509000	50190000	8127000	41000	709640	0
1789794478.222409	4268439146	1470189534	24127379	6509000	50190000	8127000	41000	762454	0
1789794478.726271	4269269344	1470567341	24127379	6508000	50190000	8125000	41000	734546	0
1789794479.233476	4270117547	1470958453	24127379	6508000	50190000	8125000	41000	745018	0
1789794479.737587	4270945365	1471328508	24127379	6508000	50190000	8125000	41000	739118	0
1789794480.245964	4271904286	1471812211	24127501	6508000	50190000	8125000	41000	796661	0
1789794480.749866	4272744005	1472198379	24127501	6510000	50190000	8128000	41000	728356	0
1789794481.256782	4273599899	1472594130	24127501	6510000	50190000	8128000	41000	681769	0
1789794481.760673	4274478559	1473013807	24127501	6510000	50190000	8128000	41000	671699	0
1789794482.268044	4275479044	1473401135	24127501	6510000	50190000	8128000	41000	871085	0
1789794482.773006	4276330605	1473794261	24127501	6502000	50190000	8118000	42000	585369	0
1789794483.280366	4277202001	1474196299	24127501	6502000	50190000	8118000	42000	574708	0
1789794483.785019	4278036106	1474574411	24127501	6502000	50190000	8118000	41000	584169	0
1789794484.292368	4279129365	1475093452	24127501	6502000	50190000	8118000	41000	744605	0
1789794484.795865	4279970061	1475475714	24127501	6508000	50180000	8126000	41000	738910	0
1789794485.303112	4280833035	1475866399	24127501	6508000	50180000	8126000	41000	745898	0
1789794485.806594	4281668848	1476248234	24127501	6508000	50180000	8126000	41000	725208	0
1789794486.314010	4282610740	1476701663	24127501	6508000	50180000	8126000	41000	922643	0
1789794486.818594	4283539632	1477121462	24127501	6509000	50180000	8127000	41000	749193	0
1789794487.328018	4284237445	1477404115	24127501	6509000	50180000	8127000	41000	1242704	0
1789794487.834174	4284644854	1477525575	24127501	6509000	50180000	8127000	39000	821169	0
1789794488.344959	4284853898	1477556092	24127501	6509000	50180000	8127000	39000	599344	0
1789794488.850312	4285029435	1477566163	24127501	6509000	50180000	8127000	38000	589991	0
1789794489.359325	4285214432	1477572084	24127501	6509000	50180000	8127000	38000	607330	0
1789794489.864321	4285367447	1477576600	24127501	6518000	50180000	8138000	39000	641217	0
1789794490.374364	4285526260	1477582948	24127501	6518000	50180000	8138000	39000	568656	0
1789794490.880337	4285680190	1477588014	24127501	6518000	50180000	8138000	38000	569133	0
1789794491.390624	4286333143	1477842713	24127867	6518000	50180000	8138000	38000	683322	0
1789794491.895213	4287429209	1478389037	24127867	6520000	50170000	8140000	40000	720516	0
1789794492.402094	4288340523	1478823423	24127867	6520000	50170000	8140000	40000	584146	0
1789794492.906097	4289205267	1479212949	24127867	6520000	50170000	8140000	41000	734583	0
1789794493.413932	4290057926	1479604854	24127867	6520000	50170000	8140000	41000	735122	0
1789794493.918824	4290890077	1479976313	24127867	6508000	50170000	8125000	40000	621539	0
1789794494.427113	4291960081	1480514947	24127867	6508000	50170000	8125000	40000	967785	0
1789794494.930893	4292829464	1480918755	24127867	6508000	50170000	8125000	40000	743369	0
1789794495.438079	4293697626	1481330375	24127867	6508000	50170000	8125000	40000	764850	0
1789794495.942134	4294553825	1481727041	24127867	6508000	50170000	8126000	40000	701882	0
1789794496.450593	4295528432	1482153920	24127867	6508000	50170000	8126000	40000	737400	0
1789794496.954998	4296485277	1482653736	24127867	6508000	50170000	8126000	40000	730899	0
1789794497.461947	4297389145	1483074267	24127867	6508000	50170000	8126000	40000	884206	0
1789794497.967887	4298301679	1483514207	24127867	6507000	50160000	8124000	40000	745145	0
1789794498.478018	4299222148	1483966110	24127867	6507000	50160000	8124000	40000	587034	0
1789794498.982454	4300063881	1484351546	24127867	6507000	50160000	8124000	40000	763496	0
1789794499.489990	4300996435	1484821638	24127867	6507000	50160000	8124000	40000	621067	0
1789794499.994050	4301866550	1485231610	24127867	6507000	50160000	8124000	41000	898159	0
1789794500.500910	4302723054	1485625286	24127867	6507000	50160000	8124000	41000	727309	0
1789794501.004882	4303633330	1486061259	24127867	6508000	50160000	8126000	42000	735738	0
1789794501.511790	4304585965	1486501992	24127867	6508000	50160000	8126000	42000	729466	0
1789794502.015764	4305419764	1486879372	24127867	6508000	50160000	8126000	40000	733372	0
1789794502.522557	4306270286	1487275367	24127867	6508000	50160000	8126000	40000	735213	0
1789794503.027798	4307255208	1487687719	24127867	6508000	50160000	8126000	40000	1277247	0
1789794503.535482	4308214678	1488158665	24127867	6508000	50160000	8126000	40000	723529	0
1789794504.039058	4309099137	1488568454	24127867	6508000	50160000	8126000	40000	1398786	0
1789794504.546410	4310185560	1489068087	24127867	6508000	50160000	8126000	40000	711201	0
1789794505.050628	4311040477	1489460359	24127867	6505000	50150000	8122000	40000	715514	0
1789794505.557062	4311919015	1489881561	24127867	6505000	50150000	8122000	40000	585318	0
1789794506.060601	4312757330	1490265899	24127867	6505000	50150000	8122000	40000	699658	0
1789794506.567537	4313635136	1490638578	24127867	6505000	50150000	8122000	40000	635033	0
1789794507.073320	4313901248	1490674162	24127867	6514000	50150000	8133000	38000	1006011	0
1789794507.581152	4314380190	1490829557	24127867	6514000	50150000	8133000	38000	727210	0
1789794508.087383	4314533083	1490834623	24127867	6514000	50150000	8133000	38000	656359	0
1789794508.596075	4314765504	1490843351	24127867	6514000	50150000	8133000	38000	653861	0
1789794509.102256	4314956055	1490855497	24127867	6514000	50150000	8133000	38000	565576	0
1789794509.613698	4315136414	1490863248	24127867	6514000	50150000	8133000	38000	1085999	0
1789794510.120255	4315286316	1490867094	24127867	6520000	50150000	8140000	38000	905027	0
1789794510.629967	4315638366	1490947416	24127867	6520000	50150000	8140000	38000	1403606	0
1789794511.133917	4316985408	1491624111	24127867	6520000	50150000	8140000	41000	1214730	0
1789794511.642065	4317870354	1491972682	24127867	6520000	50150000	8140000	41000	701926	0
1789794512.148031	4319051138	1492503198	24127867	6499000	50150000	8114000	39000	1001000	0
1789794512.659116	4320188281	1493060325	24127867	6499000	50150000	8114000	39000	853370	0
1789794513.165303	4321179062	1493464011	24127867	6499000	50150000	8114000	38000	1023538	0
1789794513.673936	4321761641	1493571554	24127867	6499000	50150000	8114000	38000	878788	0
1789794514.180285	4322462811	1493828939	24127867	6509000	50140000	8127000	38000	1215271	0
1789794514.691145	4322650799	1493836141	24127867	6509000	50140000	8127000	38000	704389	0
1789794515.197293	4322849468	1493844320	24127867	6509000	50140000	8127000	38000	653195	0
1789794515.705978	4323060710	1493853902	24127867	6509000	50140000	8127000	38000	723762	0
1789794516.211740	4323240031	1493861898	24127867	6518000	50140000	8138000	38000	560677	0
1789794516.719770	4323585123	1493881185	24127867	6518000	50140000	8138000	38000	559965	0
1789794517.225729	4324115883	1494037251	24127867	6518000	50140000	8138000	39000	1233636	0
1789794517.734804	4325341222	1494580646	24127867	6518000	50140000	8138000	39000	840622	0
1789794518.240094	4326432405	1495016009	24127867	6504000	50140000	8120000	39000	857809	0
1789794518.750096	4327635100	1495614335	24127867	6504000	50140000	8120000	39000	1256910	0
1789794519.254950	4328862697	1496263747	24127928	6504000	50140000	8120000	39000	936074	0
1789794519.765035	4329579492	1496517775	24127928	6504000	50140000	8120000	39000	984230	0
1789794520.269361	4330142052	1496727369	24127928	6513000	50140000	8132000	38000	800521	0
1789794520.778267	4330332420	1496736829	24127928	6513000	50140000	8132000	38000	1280668	0
1789794521.282702	4330572531	1496753187	24127928	6513000	50130000	8132000	38000	1002295	0
1789794521.792757	4330791647	1496774122	24127928	6513000	50130000	8132000	38000	1050054	0
1789794522.298373	4331016805	1496784864	24127928	6513000	50130000	8132000	38000	958795	0
1789794522.807935	4331199605	1496796461	24127928	6513000	50130000	8132000	38000	519932	0
1789794523.314513	4331390217	1496803663	24127928	6516000	50130000	8135000	38000	789227	0
1789794523.824146	4332267473	1497174817	24127928	6516000	50130000	8135000	38000	914797	0
1789794524.330267	4333880689	1498038706	24127928	6516000	50130000	8135000	40000	808532	0
1789794524.839219	4335320078	1498796089	24127989	6516000	50130000	8135000	40000	777891	0
1789794525.344304	4336521674	1499322821	24127989	6500000	50130000	8115000	38000	869220	0
1789794525.856711	4337476261	1499614996	24127989	6500000	50130000	8115000	38000	793778	0
1789794526.361999	4338547242	1499821783	24127989	6500000	50130000	8115000	38000	580528	0
1789794526.871364	4339088623	1500029973	24127989	6500000	50130000	8115000	38000	681085	0
1789794527.376916	4339307128	1500039922	24127989	6507000	50120000	8124000	38000	678294	0
1789794527.886093	4339653502	1500067265	24127989	6507000	50120000	8124000	38000	860630	0
1789794528.392462	4339966917	1500082585	24127989	6507000	50120000	8124000	38000	957491	0
1789794528.901987	4340126828	1500092778	24127989	6507000	50120000	8124000	38000	719981	0
1789794529.408323	4340376644	1500103398	24127989	6516000	50120000	8136000	38000	654663	0
1789794529.917925	4340561825	1500114873	24127989	6516000	50120000	8136000	38000	732956	0
1789794530.423292	4341066523	1500304813	24127989	6516000	50120000	8136000	41000	560454	0
1789794530.930510	4342470511	1501087099	24127989	6516000	50120000	8136000	41000	988678	0
1789794531.435763	4343862048	1501787048	24127989	6496000	50120000	8111000	42000	732770	0
1789794531.945232	4345226425	1502427184	24127989	6496000	50120000	8111000	42000	1181913	0
1789794532.449098	4346158551	1502692869	24127989	6496000	50120000	8111000	40000	526349	0
1789794532.957398	4347344156	1502950070	24127989	6496000	50120000	8111000	40000	946750	0
1789794533.462088	4347913368	1503123227	24127989	6496000	50120000	8111000	38000	956183	0
1789794533.972252	4348255592	1503192135	24127989	6496000	50120000	8111000	38000	668899	0
1789794534.477950	4348833349	1503377193	24127989	6511000	50110000	8129000	38000	568838	0
1789794534.987315	4349157201	1503389522	24127989	6511000	50110000	8129000	38000	686896	0
1789794535.492916	4349397007	1503397823	24127989	6511000	50110000	8129000	38000	920906	0
1789794536.003228	4349682651	1503408932	24127989	6511000	50110000	8129000	38000	428184	0
1789794536.509369	4349858981	1503416744	24127989	6516000	50110000	8136000	38000	757781	0
1789794537.019121	4350308809	1503503109	24127989	6516000	50110000	8136000	38000	939975	0
1789794537.522942	4355077290	1505817495	24127989	6516000	50110000	8136000	42000	1430742	0
1789794538.033846	4359172922	1508026229	24127989	6516000	50110000	8136000	42000	1292595	0
1789794538.538095	4363194213	1510145487	24127989	6459000	50110000	8064000	42000	1429987	0
1789794539.046639	4367248219	1512250217	24127989	6459000	50110000	8064000	42000	1564412	0
1789794539.551993	4371270242	1514322478	24127989	6459000	50110000	8064000	42000	1286211	0
1789794540.063992	4375350249	1516407433	24128051	6459000	50110000	8064000	42000	1289734	0
1789794540.568712	4379374653	1518432636	24128051	6456000	50100000	8061000	43000	1568579	0
1789794541.076743	4383422555	1520472120	24128051	6456000	50100000	8061000	43000	1624759	0
1789794541.581105	4386209779	1521780467	24128051	6456000	50100000	8061000	39000	750565	0
1789794542.089058	4386831115	1521960398	24128051	6456000	50100000	8061000	39000	1368436	0
1789794542.595012	4387238280	1522063852	24129393	6504000	50090000	8120000	39000	567735	0
1789794543.105311	4387514707	1522084604	24130187	6504000	50090000	8120000	39000	595837	0
1789794543.610747	4387727720	1522098459	24130797	6504000	50090000	8120000	40000	626459	0
1789794544.122058	4388176815	1522251779	24130797	6504000	50090000	8120000	40000	1203743	0
1789794544.626916	4388425655	1522282907	24130797	6504000	50090000	8120000	39000	667472	0
1789794545.137306	4388662532	1522301217	24130797	6504000	50090000	8120000	39000	626905	0
1789794545.644033	4389162164	1522409554	24130797	6514000	50090000	8133000	39000	1586270	0
1789794546.154970	4394069073	1524842898	24130797	6514000	50090000	8133000	39000	1392518	0
1789794546.660959	4398101533	1527053280	24130797	6514000	50090000	8133000	42000	1334114	0
1789794547.171991	4402174521	1529191825	24131591	6514000	50090000	8133000	42000	1283465	0
1789794547.679978	4406221263	1531305589	24131591	6459000	50090000	8064000	43000	1327439	0
1789794548.190566	4410285645	1533442363	24132384	6459000	50090000	8064000	43000	1280391	0
1789794548.695177	4414308462	1535528600	24132384	6459000	50090000	8064000	43000	1336809	0
1789794549.204073	4418314921	1537545685	24132384	6459000	50090000	8064000	43000	1104079	0
1789794549.710206	4422114716	1539418788	24132384	6456000	50080000	8061000	43000	1087005	0
1789794550.217944	4425549766	1540698204	24132384	6456000	50080000	8061000	43000	897762	0
1789794550.725010	4426320028	1540927268	24132384	6456000	50080000	8061000	41000	866696	0
1789794551.237814	4426702412	1541049887	24132384	6456000	50080000	8061000	41000	677476	0
1789794551.745513	4426859394	1541054953	24132384	6510000	50070000	8128000	39000	684501	0
1789794552.258289	4427064350	1541068442	24132384	6510000	50070000	8128000	39000	772201	0
1789794552.765887	4427260272	1541072409	24132384	6510000	50070000	8128000	39000	995727	0
1789794553.277159	4427736955	1541213705	24133116	6510000	50070000	8128000	39000	1503124	0
1789794553.783398	4428070878	1541250082	24133116	6508000	50070000	8126000	39000	982709	0
1789794554.293157	4428596450	1541424764	24133116	6508000	50070000	8126000	39000	647924	0
1789794554.799129	4432025458	1542955888	24133177	6508000	50070000	8126000	43000	1485191	0
1789794555.310698	4436311152	1545293224	24133177	6508000	50070000	8126000	43000	1360351	0
1789794555.819194	4440370407	1547473821	24133300	6508000	50070000	8126000	43000	1318527	0
1789794556.330071	4444432530	1549579590	24133300	6508000	50070000	8126000	43000	1335091	0
1789794556.837990	4448481592	1551649775	24133300	6456000	50060000	8060000	43000	1289015	0
1789794557.350179	4452569961	1553760975	24133300	6456000	50060000	8060000	43000	1367137	0
1789794557.855939	4456595097	1555825912	24133300	6456000	50060000	8060000	43000	1288624	0
1789794558.364082	4460606439	1557848306	24133300	6456000	50060000	8060000	43000	1255422	0
1789794558.869218	4463411364	1559150549	24133300	6455000	50060000	8059000	44000	958919	0
1789794559.376109	4465133893	1559839268	24133300	6455000	50060000	8059000	44000	1316580	0
1789794559.883072	4469789460	1562169035	24133300	6455000	50060000	8059000	44000	1474016	0
1789794560.393993	4473854879	1564490196	24133300	6455000	50060000	8059000	44000	1385420	0
1789794560.901924	4477901866	1566638201	24133300	6454000	50050000	8058000	44000	1276757	0
1789794561.413547	4481981995	1568763256	24133361	6454000	50050000	8058000	44000	1339426	0
1789794561.918832	4486006765	1570879645	24133361	6454000	50050000	8058000	44000	1345136	0
1789794562.430095	4490078349	1572994996	24133361	6454000	50050000	8058000	44000	1361927	0
1789794562.935354	4494111175	1575102107	24133361	6452000	50040000	8056000	45000	1363145	0
1789794563.443415	4498144002	1577206899	24133361	6452000	50040000	8056000	45000	1204578	0
1789794563.948442	4501217663	1578589586	24133361	6452000	50040000	8056000	42000	896256	0
1789794564.460979	4505581178	1580647992	24133361	6452000	50040000	8056000	42000	1488087	0
1789794564.965966	4509658255	1582913672	24133361	6452000	50030000	8055000	45000	1397574	0
1789794565.476969	4513733256	1585125641	24133361	6452000	50030000	8055000	45000	1342467	0
1789794565.986955	4517795441	1587327906	24133361	6452000	50030000	8055000	45000	1386695	0
1789794566.496175	4521859883	1589433247	24133361	6452000	50030000	8055000	45000	1384136	0
1789794567.003058	4525893320	1591494766	24133361	6452000	50030000	8055000	45000	1378481	0
1789794567.512445	4529957031	1593584055	24133361	6452000	50030000	8055000	45000	1333236	0
1789794568.018828	4533678152	1595442998	24133361	6450000	50030000	8053000	45000	1166542	0
1789794568.529148	4536052474	1596647279	24133361	6450000	50030000	8053000	45000	793933	0
1789794569.035130	4537915262	1597516174	24133361	6450000	50030000	8053000	43000	831652	0
1789794569.546057	4540075474	1598545529	24133361	6450000	50030000	8053000	43000	599019	0
1789794570.058126	4542106170	1599420710	24133361	6493000	50020000	8107000	43000	400007	0
1789794570.595032	4544091516	1600257438	24133361	6493000	50020000	8107000	43000	400005	0
1789794571.112047	4545956318	1601054617	24133361	6493000	50020000	8107000	43000	400011	0
1789794571.637056	4547881606	1601866321	24133361	6493000	50020000	8107000	43000	400009	0
1789794572.155033	4549805979	1602668199	24133361	6483000	50010000	8094000	43000	400002	0
1789794572.688846	4551837041	1603507735	24133361	6483000	50010000	8094000	43000	400011	0
1789794573.206832	4553799987	1604326154	24133361	6483000	50010000	8094000	43000	400011	0
1789794573.727097	4555785151	1605148844	24133361	6483000	50010000	8094000	43000	400002	0
1789794574.248817	4557750233	1605958657	24133361	6483000	50010000	8094000	43000	400006	0
1789794574.784072	4559745101	1606791052	24133361	6483000	50010000	8094000	43000	400013	0
1789794575.304043	4561761271	1607650974	24133361	6483000	50010000	8094000	43000	400007	0
1789794575.838115	4563844700	1608504671	24133361	6483000	50010000	8094000	43000	400012	0
1789794576.354093	4565826446	1609325530	24133361	6483000	50000000	8094000	43000	400018	0
1789794576.881044	4567871484	1610165189	24133361	6483000	50000000	8094000	43000	400006	0
1789794577.400036	4569835957	1610978419	24133361	6483000	50000000	8094000	43000	399999	0
1789794577.935265	4571792861	1611782067	24133361	6483000	50000000	8094000	43000	400010	0
1789794578.445237	4573655039	1612531333	24133361	6481000	50000000	8092000	43000	400014	0
1789794578.965468	4575405523	1613233113	24133361	6481000	50000000	8092000	43000	399164	0
1789794579.477845	4577105164	1613912982	24133361	6481000	50000000	8092000	43000	396512	0
1789794579.996389	4578775509	1614582536	24133361	6481000	50000000	8092000	43000	400001	0
1789794580.506522	4580376824	1615227615	24133361	6481000	50000000	8092000	43000	400008	0
1789794581.025120	4581580678	1615607985	24133361	6481000	50000000	8092000	43000	400003	0
1789794581.535568	4582660814	1615919081	24133361	6488000	49990000	8101000	42000	400010	0
1789794582.052489	4583624557	1616149915	24133361	6488000	49990000	8101000	42000	400002	0
1789794582.561828	4584364362	1616259351	24133361	6488000	49990000	8101000	42000	396191	0
1789794583.082108	4585500590	1616595715	24133361	6488000	49990000	8101000	42000	400011	0
1789794583.604107	4587291235	1617330088	24133361	6501000	49990000	8117000	42000	399902	0
1789794584.123114	4589153595	1618094490	24133361	6501000	49990000	8117000	42000	400005	0
1789794584.635121	4591089015	1618926031	24133361	6501000	49990000	8117000	43000	400011	0
1789794585.170121	4593145040	1619790531	24133361	6501000	49990000	8117000	43000	400005	0
1789794585.690847	4595082596	1620608339	24133361	6481000	49990000	8092000	42000	400002	0
1789794586.226032	4596975170	1621414367	24133361	6481000	49990000	8092000	42000	400006	0
1789794586.744259	4598872931	1622207700	24133361	6481000	49990000	8092000	43000	399999	0
1789794587.260656	4600766847	1622980037	24133361	6481000	49990000	8092000	43000	400003	0
1789794587.770260	4602666683	1623766167	24133361	6485000	49980000	8097000	43000	400014	0
1789794588.288055	4604682242	1624579581	24133361	6485000	49980000	8097000	43000	400003	0
1789794588.809285	4606662523	1625386402	24133361	6485000	49980000	8097000	43000	400010	0
1789794589.328564	4608572979	1626170580	24133361	6485000	49980000	8097000	43000	400005	0
1789794589.841121	4610589332	1626980026	24133361	6485000	49980000	8097000	43000	400008	0
1789794590.378942	4612688508	1627839582	24133361	6485000	49980000	8097000	43000	400010	0
1789794590.899050	4614731594	1628675518	24133361	6485000	49980000	8097000	43000	400002	0
1789794591.435074	4616824667	1629539224	24133361	6485000	49980000	8097000	43000	400011	0
1789794591.950164	4618827775	1630337073	24133361	6484000	49970000	8095000	43000	400008	0
1789794592.468913	4620675121	1631088353	24133361	6484000	49970000	8095000	43000	399999	0
1789794592.980580	4622521430	1631841098	24133361	6484000	49970000	8095000	43000	400007	0
1789794593.498581	4624363344	1632574739	24133361	6484000	49970000	8095000	43000	400006	0
1789794594.009263	4626059019	1633242217	24133361	6485000	49970000	8097000	43000	400004	0
1789794594.530224	4627912468	1634024015	24133361	6485000	49970000	8097000	43000	398890	0
1789794595.040136	4629204396	1634461208	24133361	6485000	49970000	8097000	43000	533827	0
1789794595.555754	4630615648	1634992518	24133361	6485000	49970000	8097000	43000	607964	0
1789794596.063163	4631278182	1635188013	24133483	6485000	49970000	8097000	41000	882658	0
1789794596.574727	4631750776	1635327295	24133483	6485000	49970000	8097000	41000	1074983	0
1789794597.081047	4631938642	1635334741	24133544	6502000	49960000	8118000	41000	1116681	0
1789794597.591015	4632138898	1635343286	24133544	6502000	49960000	8118000	41000	942832	0
1789794598.096527	4632296674	1635348779	24133544	6502000	49960000	8118000	41000	653625	0
1789794598.606215	4632610149	1635358240	24133544	6502000	49960000	8118000	41000	609457	0
1789794599.113470	4632793193	1635365198	24133544	6508000	49960000	8126000	41000	654680	0
1789794599.623309	4632996440	1635373621	24133605	6508000	49960000	8126000	41000	729953	0
1789794600.129214	4633252299	1635385156	24133605	6508000	49960000	8126000	41000	594978	0
1789794600.638635	4633505960	1635399255	24133605	6508000	49960000	8126000	41000	666880	0
1789794601.143555	4633699014	1635404077	24133605	6508000	49960000	8125000	41000	682318	0
1789794601.654993	4633930641	1635422082	24133605	6508000	49960000	8125000	41000	561245	0
1789794602.161371	4634112770	1635429468	24133605	6508000	49960000	8125000	41000	647046	0
1789794602.671169	4634308814	1635438928	24133605	6508000	49960000	8125000	41000	748586	0
1789794603.176699	4634502967	1635447229	24133605	6508000	49960000	8126000	40000	668866	0
1789794603.686302	4634687475	1635455591	24133605	6508000	49960000	8126000	40000	992019	0
1789794604.191265	4635284642	1635685876	24133666	6508000	49960000	8126000	41000	1144021	0
1789794604.701444	4635815280	1635791466	24133666	6508000	49960000	8126000	41000	663603	0
1789794605.208080	4636021273	1635800316	24133666	6509000	49950000	8127000	40000	650082	0
1789794605.720046	4636279207	1635812157	24133666	6509000	49950000	8127000	40000	586258	0
1789794606.226438	4636556978	1635823632	24133666	6509000	49950000	8127000	40000	641894	0
1789794606.738194	4636768037	1635833824	24133666	6509000	49950000	8127000	40000	659295	0
1789794607.243906	4636958405	1635842064	24133666	6509000	49950000	8127000	40000	679808	0
1789794607.751891	4637138824	1635849266	24133666	6509000	49950000	8127000	40000	667011	0
1789794608.257372	4637296478	1635853234	24133666	6511000	49950000	8129000	40000	646521	0
1789794608.768371	4637463042	1635860802	24133666	6511000	49950000	8129000	40000	632635	0
1789794609.273979	4637898283	1635935692	24133666	6511000	49950000	8129000	40000	744866	0
1789794609.785116	4638093717	1635942528	24133666	6511000	49950000	8129000	40000	637939	0
1789794610.291346	4638408474	1635988914	24133666	6506000	49950000	8123000	40000	740105	0
1789794610.802110	4638909511	1636155540	24133666	6506000	49950000	8123000	40000	631046	0
1789794611.307955	4639100916	1636165672	24133666	6506000	49950000	8123000	40000	1088058	0
1789794611.816075	4639353418	1636176414	24133666	6506000	49950000	8123000	40000	982728	0
1789794612.323058	4639558923	1636185569	24133666	6510000	49950000	8128000	40000	765271	0
1789794612.833841	4639731408	1636192405	24133666	6510000	49950000	8128000	40000	1025618	0
1789794613.339400	4639947350	1636202537	24133666	6510000	49950000	8128000	40000	1074055	0
1789794613.850292	4640146812	1636213462	24133666	6510000	49950000	8128000	40000	586803	0
1789794614.356418	4640645224	1636377219	24133727	6512000	49940000	8130000	40000	576138	0
1789794614.867271	4640838827	1636389487	24133727	6512000	49940000	8130000	40000	628678	0
1789794615.373415	4641331990	1636509238	24134093	6512000	49940000	8130000	40000	767545	0
1789794615.882901	4641523640	1636520041	24134215	6512000	49940000	8130000	40000	938274	0
1789794616.388257	4641791461	1636527914	24134215	6512000	49940000	8131000	40000	623410	0
1789794616.899423	4642032366	1636537985	24134215	6512000	49940000	8131000	40000	666419	0
1789794617.404910	4642237017	1636551657	24134215	6512000	49940000	8131000	39000	620708	0
1789794617.915222	4642460771	1636567953	24134215	6512000	49940000	8131000	39000	609522	0
1789794618.422753	4642656571	1636578024	24134215	6512000	49940000	8131000	39000	758748	0
1789794618.935802	4642861039	1636591086	24134215	6512000	49940000	8131000	39000	678492	0
1789794619.442132	4643020218	1636596274	24134215	6511000	49940000	8129000	39000	710281	0
1789794619.952356	4643216018	1636606589	24134215	6511000	49940000	8129000	39000	800325	0
1789794620.458411	4643391494	1636615439	24134215	6511000	49940000	8129000	39000	624360	0
1789794620.967385	4643599745	1636625265	24134215	6511000	49940000	8129000	39000	903547	0
1789794621.472209	4643858839	1636638022	24134215	6512000	49940000	8130000	39000	664079	0
1789794621.982057	4644066663	1636645773	24134215	6512000	49940000	8130000	39000	829819	0
1789794622.487940	4644303662	1636650900	24134215	6512000	49940000	8130000	39000	733795	0
1789794622.997541	4644470593	1636656881	24134215	6512000	49940000	8130000	39000	575416	0
1789794623.503329	4644669689	1636663839	24134215	6512000	49930000	8130000	39000	666301	0
1789794624.013011	4644854442	1636679586	24134215	6512000	49930000	8130000	39000	971450	0
1789794624.518314	4645398080	1636851156	24134215	6512000	49930000	8130000	39000	682325	0
1789794625.027951	4645891304	1636977010	24134215	6512000	49930000	8130000	39000	847779	0
1789794625.534153	4646870977	1637426716	24134215	6510000	49930000	8128000	41000	799771	0
1789794626.042264	4647733524	1637813617	24134215	6510000	49930000	8128000	41000	920240	0
1789794626.548015	4648629517	1638226824	24134215	6510000	49930000	8128000	40000	815129	0
1789794627.056057	4649508116	1638645707	24134215	6510000	49930000	8128000	40000	953355	0
1789794627.560579	4650428402	1639061172	24134215	6496000	49930000	8110000	40000	868010	0
1789794628.069036	4651323541	1639492873	24134215	6496000	49930000	8110000	40000	811496	0
1789794628.575317	4652224967	1639937574	24134215	6496000	49930000	8110000	40000	918539	0
1789794629.083982	4653137440	1640384838	24134215	6496000	49930000	8110000	40000	1223392	0
1789794629.588637	4654031054	1640821361	24134215	6496000	49930000	8110000	40000	799844	0
1789794630.098094	4655005173	1641280283	24134215	6496000	49930000	8110000	40000	887542	0
1789794630.603054	4656013898	1641829598	24134215	6498000	49930000	8113000	40000	1112557	0
1789794631.109896	4656942362	1642296332	24134215	6498000	49930000	8113000	40000	1071362	0
1789794631.616041	4657835365	1642734869	24134215	6498000	49930000	8113000	40000	923727	0
1789794632.124713	4658712255	1643153752	24134215	6498000	49930000	8113000	40000	940107	0
1789794632.630087	4659584384	1643572391	24134215	6502000	49920000	8118000	40000	957683	0
1789794633.139099	4660639924	1644104494	24134215	6502000	49920000	8118000	40000	891970	0
1789794633.643911	4661537932	1644539124	24134215	6502000	49920000	8118000	40000	964677	0
1789794634.152238	4662665309	1645108337	24134215	6502000	49920000	8118000	40000	1551421	0
1789794634.657608	4663532983	1645511351	24134215	6498000	49920000	8113000	40000	1174920	0
1789794635.164982	4664420126	1645936338	24134215	6498000	49920000	8113000	40000	913583	0
1789794635.670194	4665308796	1646370052	24134215	6498000	49920000	8113000	40000	1086723	0
1789794636.179104	4666220903	1646810908	24134215	6498000	49920000	8113000	40000	957895	0
1789794636.683673	4667110305	1647245783	24134215	6496000	49920000	8111000	40000	1120011	0
1789794637.192038	4667997815	1647674187	24134215	6496000	49920000	8111000	40000	1025531	0
1789794637.696712	4668886424	1648112052	24134215	6496000	49920000	8111000	40000	1096099	0
1789794638.206034	4669860420	1648568289	24134215	6496000	49920000	8111000	40000	932349	0
1789794638.711090	4670762151	1649010243	24134215	6500000	49910000	8115000	40000	954351	0
1789794639.220716	4671668521	1649445179	24134215	6500000	49910000	8115000	40000	932867	0
1789794639.725901	4672576539	1649899645	24134215	6500000	49910000	8115000	40000	954534	0
1789794640.233849	4672984863	1650023058	24134215	6500000	49910000	8115000	40000	635165	0
1789794640.739320	4673452147	1650167894	24134215	6500000	49910000	8115000	39000	936131	0
1789794641.249401	4673632627	1650174120	24134215	6500000	49910000	8115000	39000	421485	0
1789794641.755387	4673834043	1650187975	24134215	6503000	49910000	8119000	39000	858817	0
1789794642.265472	4674010251	1650194322	24134215	6503000	49910000	8119000	39000	660800	0
1789794642.771067	4674163815	1650199816	24134215	6503000	49910000	8119000	39000	627820	0
1789794643.280351	4674333736	1650206407	24134215	6503000	49910000	8119000	39000	683075	0
1789794643.786927	4674598567	1650215624	24134215	6512000	49910000	8130000	38000	679051	0
1789794644.296051	4675627922	1650721054	24134215	6512000	49910000	8130000	38000	818328	0
1789794644.800807	4676548269	1651154830	24134215	6512000	49910000	8130000	39000	754219	0
1789794645.309995	4677404590	1651546492	24134215	6512000	49910000	8130000	39000	902260	0
1789794645.816170	4678269151	1651950666	24134215	6502000	49900000	8118000	39000	1080136	0
1789794646.324515	4679144820	1652361370	24134215	6502000	49900000	8118000	39000	858230	0
1789794646.830371	4680026349	1652784831	24134215	6502000	49900000	8118000	39000	943988	0
1789794647.339650	4680898600	1653197183	24134215	6502000	49900000	8118000	39000	982697	0
1789794647.845014	4681819191	1653651284	24134215	6500000	49900000	8115000	40000	1005273	0
1789794648.354132	4682731542	1654098182	24134215	6500000	49900000	8115000	40000	987013	0
1789794648.859831	4683641208	1654549902	24134215	6500000	49900000	8115000	39000	906957	0
1789794649.369109	4684702667	1655095433	24134215	6500000	49900000	8115000	39000	897639	0
1789794649.874002	4685644926	1655570651	24134215	6500000	49900000	8115000	39000	818545	0
1789794650.384650	4686561732	1656016329	24134215	6500000	49900000	8115000	39000	787010	0
1789794650.889075	4687499474	1656497529	24134215	6500000	49900000	8115000	40000	987148	0
1789794651.397996	4688405295	1656931854	24134215	6500000	49900000	8115000	40000	965839	0
1789794651.903109	4689346515	1657416167	24134215	6500000	49900000	8115000	39000	961026	0
1789794652.413007	4690241227	1657849332	24134215	6500000	49900000	8115000	39000	963669	0
1789794652.917412	4691142043	1658294338	24134215	6496000	49900000	8111000	40000	921192	0
1789794653.425061	4692054455	1658745387	24134215	6496000	49900000	8111000	40000	968818	0
1789794653.930070	4692994882	1659229883	24134215	6496000	49900000	8111000	39000	944466	0
1789794654.438977	4694119147	1659764671	24134215	6496000	49900000	8111000	39000	915364	0
1789794654.945120	4695036137	1660179221	24134215	6499000	49890000	8114000	39000	938301	0
1789794655.453103	4695955019	1660614645	24134215	6499000	49890000	8114000	39000	958404	0
1789794655.959052	4696906005	1661083699	24134215	6499000	49890000	8114000	39000	921973	0
1789794656.467465	4697786496	1661511066	24134215	6499000	49890000	8114000	39000	923123	0
1789794656.974090	4698671382	1661943255	24134215	6499000	49890000	8114000	39000	849698	0
1789794657.483016	4699561638	1662375749	24134215	6499000	49890000	8114000	39000	855760	0
1789794657.988132	4700485769	1662814957	24134215	6499000	49890000	8114000	39000	929720	0
1789794658.496356	4701368762	1663241652	24134215	6499000	49890000	8114000	39000	1164201	0
1789794659.002144	4702062364	1663554212	24134215	6499000	49880000	8114000	39000	669631	0
1789794659.512097	4702520981	1663705701	24134215	6499000	49880000	8114000	39000	798372	0
1789794660.017159	4702697922	1663716199	24134215	6499000	49880000	8114000	38000	956728	0
1789794660.526143	4702968551	1663726819	24134215	6499000	49880000	8114000	38000	695116	0
1789794661.032255	4703135176	1663732374	24134215	6509000	49880000	8127000	38000	913390	0
1789794661.541984	4703335981	1663746839	24134215	6509000	49880000	8127000	38000	1329608	0
1789794662.047289	4703482282	1663751417	24134215	6509000	49880000	8127000	38000	1364523	0
1789794662.557284	4703648297	1663757642	24134215	6509000	49880000	8127000	38000	870186	0
1789794663.063046	4704159160	1663917310	24134276	6509000	49880000	8127000	39000	1556230	0
1789794663.573126	4705382424	1664507457	24134276	6509000	49880000	8127000	39000	672587	0
1789794664.078023	4706512426	1665010935	24134276	6508000	49880000	8125000	40000	1380417	0
1789794664.585195	4707722811	1665602364	24134276	6508000	49880000	8125000	40000	1029746	0
1789794665.091279	4708904571	1666215338	24134276	6508000	49880000	8125000	40000	1001675	0
1789794665.600055	4709636380	1666472540	24134276	6508000	49880000	8125000	40000	941510	0
1789794666.109652	4710267421	1666703374	24134276	6496000	49880000	8110000	38000	862307	0
1789794666.620345	4710523585	1666715948	24134276	6496000	49880000	8110000	38000	928589	0
1789794667.126430	4710721827	1666732427	24134276	6496000	49880000	8110000	38000	826991	0
1789794667.636004	4710891077	1666738592	24134276	6496000	49880000	8110000	38000	857315	0
1789794668.142161	4711076623	1666747014	24134276	6510000	49870000	8128000	38000	581315	0
1789794668.652280	4711277856	1666758672	24134276	6510000	49870000	8128000	38000	1307543	0
1789794669.158073	4711548424	1666784307	24134276	6510000	49870000	8128000	38000	567092	0
1789794669.668326	4712261313	1667050114	24134276	6510000	49870000	8128000	38000	1400152	0
1789794670.171955	4713494097	1667554752	24134276	6504000	49870000	8121000	39000	1087648	0
1789794670.680757	4714564285	1668003664	24134276	6504000	49870000	8121000	39000	1204159	0
1789794671.185071	4715789502	1668584473	24134276	6504000	49870000	8121000	41000	660488	0
1789794671.692574	4716973337	1669178649	24134276	6504000	49870000	8121000	41000	711242	0
1789794672.196954	4717517830	1669311034	24134276	6496000	49870000	8111000	38000	775099	0
1789794672.706848	4717986762	1669459288	24134276	6496000	49870000	8111000	38000	874478	0
1789794673.212436	4718250921	1669482542	24134276	6496000	49870000	8111000	38000	569453	0
1789794673.722389	4718430242	1669492186	24134276	6496000	49870000	8111000	38000	686846	0
1789794674.229147	4718977299	1669675779	24134276	6496000	49870000	8111000	38000	638876	0
1789794674.738299	4719190433	1669683774	24134276	6496000	49870000	8111000	38000	538711	0
1789794675.243718	4719591494	1669733701	24134276	6511000	49860000	8129000	38000	726633	0
1789794675.754343	4719746218	1669739927	24134276	6511000	49860000	8129000	38000	1087713	0
1789794676.259978	4720875365	1670260677	24134276	6511000	49860000	8129000	41000	665294	0
1789794676.768141	4722257320	1670951654	24134276	6511000	49860000	8129000	41000	668889	0
1789794677.272016	4723740775	1671761223	24134337	6496000	49860000	8110000	41000	1538292	0
1789794677.780653	4724855458	1672202567	24134398	6496000	49860000	8110000	41000	511779	0
1789794678.287011	4725883897	1672507437	24134398	6496000	49860000	8110000	40000	638815	0
1789794678.794685	4726766952	1672668142	24134398	6496000	49860000	8110000	40000	1566226	0
1789794679.300156	4727303327	1672880544	24134459	6497000	49860000	8112000	38000	554461	0
1789794679.808661	4727525434	1672896840	24134459	6497000	49860000	8112000	38000	1097148	0
1789794680.313732	4727732403	1672905568	24134459	6497000	49860000	8112000	38000	665903	0
1789794680.822801	4727935345	1672920094	24134459	6497000	49860000	8112000	38000	644052	0
1789794681.329368	4728223247	1672931203	24134459	6511000	49860000	8129000	38000	776429	0
1789794681.838300	4728494120	1672962086	24134459	6511000	49860000	8129000	38000	657390	0
1789794682.343440	4728700113	1672976369	24134459	6511000	49860000	8129000	38000	996185	0
1789794682.852473	4729307900	1673206959	24134459	6511000	49860000	8129000	38000	702578	0
1789794683.357829	4730861179	1674055895	24134459	6492000	49850000	8106000	41000	943639	0
1789794683.864837	4732317169	1674836593	24134459	6492000	49850000	8106000	41000	703213	0
1789794684.369098	4733836758	1675553755	24134459	6492000	49850000	8106000	40000	622050	0
1789794684.877288	4734795801	1675831281	24134459	6492000	49850000	8106000	40000	1419055	0
1789794685.381468	4735920676	1676055096	24134459	6492000	49850000	8106000	38000	575296	0
1789794685.891958	4736491170	1676254070	24134459	6492000	49850000	8106000	38000	691411	0
1789794686.397221	4736796589	1676277202	24134459	6488000	49850000	8100000	38000	724899	0
1789794686.907212	4737127521	1676318279	24134459	6488000	49850000	8100000	38000	665152	0
1789794687.413058	4737343341	1676327922	24134459	6488000	49850000	8100000	38000	659617	0
1789794687.922900	4737592730	1676340007	24134459	6488000	49850000	8100000	38000	656396	0
1789794688.428396	4737777910	1676346294	24134459	6510000	49850000	8128000	38000	647168	0
1789794688.938199	4738088456	1676378948	24134459	6510000	49850000	8128000	38000	906517	0
1789794689.444015	4738765883	1676533183	24134459	6510000	49850000	8128000	39000	1630844	0
1789794689.951998	4743721071	1678896092	24134459	6510000	49850000	8128000	39000	1391419	0
1789794690.458930	4747760428	1681067473	24134459	6452000	49840000	8056000	42000	1290054	0
1789794690.968075	4751816387	1683190759	24134459	6452000	49840000	8056000	42000	1326657	0
1789794691.473051	4755842134	1685286396	24134459	6452000	49840000	8056000	42000	1297080	0
1789794691.985937	4759929342	1687374464	24134459	6452000	49840000	8056000	42000	1276334	0
1789794692.492716	4763963878	1689451119	24134459	6453000	49840000	8057000	42000	1370393	0
1789794693.001613	4768017395	1691529788	24134459	6453000	49840000	8057000	42000	1479507	0
1789794693.507059	4771817251	1693420286	24134459	6453000	49840000	8057000	43000	1028900	0
1789794694.016009	4775244367	1694745844	24134459	6453000	49840000	8057000	43000	1958930	0
1789794694.519425	4776005839	1694990716	24134459	6471000	49830000	8079000	39000	653265	0
1789794695.028063	4776631509	1695155938	24134459	6471000	49830000	8079000	39000	787389	0
1789794695.534334	4776834145	1695164666	24134459	6471000	49830000	8079000	39000	562647	0
1789794696.044426	4777130470	1695197320	24134459	6471000	49830000	8079000	39000	1121038	0
1789794696.550299	4777418128	1695212274	24134459	6471000	49830000	8079000	39000	1110284	0
1789794697.058844	4777700781	1695225335	24134459	6471000	49830000	8079000	39000	789595	0
1789794697.564614	4777885778	1695233147	24134459	6503000	49820000	8119000	38000	714394	0
1789794698.073030	4778161229	1695255730	24134459	6503000	49820000	8119000	38000	629540	0
1789794698.580984	4782188258	1697152698	24134459	6503000	49820000	8119000	42000	1484736	0
1789794699.089843	4786290359	1699457807	24134459	6503000	49820000	8119000	42000	1433297	0
1789794699.595958	4790322575	1701640602	24134459	6447000	49820000	8049000	42000	1338861	0
1789794700.105644	4794385309	1703782686	24134459	6447000	49820000	8049000	42000	1337807	0
1789794700.610064	4798403792	1705883084	24134459	6447000	49820000	8049000	43000	1384115	0
1789794701.119919	4802466831	1707993064	24134459	6447000	49820000	8049000	43000	1275997	0
1789794701.629798	4806530297	1710030595	24134459	6451000	49810000	8054000	43000	1429287	0
1789794702.138627	4810369460	1711943310	24134459	6451000	49810000	8054000	43000	974194	0
1789794702.643436	4813914678	1713328011	24134459	6451000	49810000	8054000	43000	908563	0
1789794703.151371	4815585145	1713846320	24134459	6451000	49810000	8054000	43000	828475	0
1789794703.659949	4816165649	1714038519	24134459	6474000	49810000	8083000	40000	657397	0
1789794704.172754	4816658079	1714206976	24134459	6474000	49810000	8083000	40000	1204998	0
1789794704.679679	4816844541	1714212530	24134459	6474000	49810000	8083000	39000	1130141	0
1789794705.191654	4817050656	1714224432	24134459	6474000	49810000	8083000	39000	695780	0
1789794705.699249	4817271786	1714228460	24134459	6504000	49800000	8120000	39000	913174	0
1789794706.210117	4817434139	1714233465	24134459	6504000	49800000	8120000	39000	777936	0
1789794706.718137	4817673762	1714237921	24134459	6504000	49800000	8120000	39000	741174	0
1789794707.231287	4819482413	1714961552	24134520	6504000	49800000	8120000	39000	1570548	0
1789794707.735029	4824013712	1717375486	24134581	6504000	49800000	8120000	43000	1382796	0
1789794708.244940	4828075957	1719632560	24134764	6504000	49800000	8120000	43000	1390984	0
1789794708.753071	4832124775	1721780138	24134764	6440000	49800000	8040000	43000	1377614	0
1789794709.264046	4836199655	1723898662	24134764	6440000	49800000	8040000	43000	1258332	0
1789794709.771866	4840244933	1725978918	24134886	6440000	49800000	8040000	43000	1278040	0
1789794710.281025	4844301746	1728065766	24134886	6440000	49800000	8040000	43000	1328709	0
1789794710.787190	4848259744	1730067775	24134886	6447000	49790000	8049000	43000	1199746	0
1789794711.297850	4851886504	1731600547	24134886	6447000	49790000	8049000	43000	1263839	0
1789794711.802922	4855345480	1732743366	24134886	6447000	49790000	8049000	43000	1749581	0
1789794712.313051	4859652293	1734819655	24134886	6447000	49790000	8049000	43000	1471660	0
1789794712.819583	4863684997	1737118966	24134886	6451000	49790000	8054000	44000	1443408	0
1789794713.330988	4867767079	1739320742	24134886	6451000	49790000	8054000	44000	1298416	0
1789794713.836570	4871789774	1741398007	24134947	6451000	49790000	8054000	44000	1328205	0
1789794714.348770	4875878814	1743546561	24134947	6451000	49790000	8054000	44000	1297762	0
1789794714.853949	4879900959	1745622179	24134947	6446000	49780000	8048000	44000	1278313	0
1789794715.363032	4883956186	1747699383	24134947	6446000	49780000	8048000	44000	1438279	0
1789794715.868016	4887955138	1749714514	24134947	6446000	49780000	8048000	45000	1117764	0
1789794716.375800	4891534657	1751446444	24134947	6446000	49780000	8048000	45000	1018963	0
1789794716.881978	4895223247	1753121122	24135009	6449000	49770000	8052000	45000	1638755	0
1789794717.391591	4899336029	1755457175	24135009	6449000	49770000	8052000	45000	1436297	0
1789794717.898938	4903386495	1757685930	24135009	6449000	49770000	8052000	45000	1330348	0
1789794718.407456	4907432078	1759771190	24135009	6449000	49770000	8052000	45000	1273425	0
1789794718.914981	4911482177	1761876471	24135009	6444000	49760000	8046000	45000	1256517	0
1789794719.425024	4915543690	1763973999	24135009	6444000	49760000	8046000	45000	1195277	0
1789794719.931163	4919578409	1766038996	24135009	6444000	49760000	8046000	45000	1320429	0
1789794720.441445	4923585540	1768063772	24135253	6444000	49760000	8046000	45000	1070419	0
1789794720.946345	4927199361	1769628038	24135253	6444000	49760000	8046000	45000	889708	0
1789794721.455017	4929232559	1770341842	24135253	6444000	49760000	8046000	45000	1243318	0
1789794721.961049	4934057315	1772717873	24135253	6445000	49750000	8047000	45000	1391953	0
1789794722.472456	4938129081	1774970126	24135253	6445000	49750000	8047000	45000	1331407	0
1789794722.977137	4942152387	1777110990	24135253	6445000	49750000	8047000	45000	1389081	0
1789794723.485470	4946200350	1779293052	24135253	6445000	49750000	8047000	45000	1282604	0
1789794723.990992	4950232322	1781364763	24135253	6443000	49750000	8044000	45000	1274744	0
1789794724.501722	4954304638	1783473156	24135253	6443000	49750000	8044000	45000	1281042	0
1789794725.007817	4958334291	1785523810	24135253	6443000	49750000	8044000	46000	1294397	0
1789794725.515928	4962375113	1787536500	24135253	6443000	49750000	8044000	46000	1327747	0
1789794726.021472	4965678816	1788847105	24135253	6441000	49740000	8042000	46000	1221309	0
1789794726.529971	4969647311	1790593926	24135253	6441000	49740000	8042000	46000	1670841	0
1789794727.036968	4973791161	1792932788	24135253	6441000	49740000	8042000	46000	1442793	0
1789794727.546989	4977854932	1795184430	24135253	6441000	49740000	8042000	46000	1386940	0
1789794728.050950	4981873843	1797270667	24135253	6443000	49730000	8044000	46000	1292712	0
1789794728.561977	4985946586	1799371064	24135253	6443000	49730000	8044000	46000	1277002	0
1789794729.068984	4989988019	1801462124	24135253	6443000	49730000	8044000	46000	1314852	0
1789794729.577647	4994031709	1803539633	24135253	6443000	49730000	8044000	46000	1276069	0
1789794730.083139	4997539940	1805359269	24135253	6452000	49720000	8055000	46000	1237963	0
1789794730.593784	5000513504	1806930249	24135253	6452000	49720000	8055000	46000	934786	0
1789794731.099167	5002327465	1807742686	24135253	6452000	49720000	8055000	44000	701039	0
1789794731.612039	5004339788	1808712654	24135253	6452000	49720000	8055000	44000	1092564	0
1789794732.119085	5007035765	1810080632	24135253	6452000	49720000	8055000	45000	589133	0
1789794732.641784	5009191278	1811055239	24135253	6452000	49720000	8055000	45000	445307	0
1789794733.162056	5011216419	1811926757	24135253	6461000	49720000	8067000	44000	411522	0
1789794733.696626	5013246199	1812792722	24135253	6461000	49720000	8067000	44000	440387	0
1789794734.213079	5015277321	1813650813	24135253	6461000	49720000	8067000	44000	400004	0
1789794734.748036	5017368442	1814543084	24135253	6461000	49720000	8067000	44000	446882	0
1789794735.266677	5019447050	1815437063	24135253	6464000	49710000	8071000	44000	445797	0
1789794735.800290	5021588463	1816372791	24135253	6464000	49710000	8071000	44000	447180	0
1789794736.311631	5023627825	1817258775	24135253	6464000	49710000	8071000	44000	443342	0
1789794736.832240	5025776867	1818229171	24135253	6464000	49710000	8071000	44000	496610	0
1789794737.343123	5027972785	1819182659	24135253	6472000	49700000	8081000	44000	443920	0
1789794737.870788	5030217896	1820155923	24135253	6472000	49700000	8081000	44000	459594	0
1789794738.392255	5032435908	1821123633	24135253	6472000	49700000	8081000	44000	494754	0
1789794738.909396	5034595876	1822083836	24135253	6472000	49700000	8081000	44000	530995	0
1789794739.420965	5036839339	1823114168	24135375	6472000	49700000	8080000	45000	585307	0
1789794739.940957	5039108315	1824157683	24135497	6472000	49700000	8080000	45000	576579	0
1789794740.450965	5041301303	1825177578	24135497	6472000	49700000	8080000	45000	636108	0
1789794740.963814	5043253446	1826067346	24135497	6472000	49700000	8080000	45000	694218	0
1789794741.471466	5044542078	1826579430	24135497	6477000	49700000	8087000	44000	841576	0
1789794741.984027	5046983539	1827844319	24135497	6477000	49700000	8087000	44000	1416729	0
1789794742.490066	5050398264	1829726822	24135497	6477000	49700000	8087000	45000	843743	0
1789794743.004620	5053125552	1831096020	24135497	6477000	49700000	8087000	45000	660891	0
1789794743.516006	5055558346	1832269601	24135497	6466000	49690000	8073000	44000	596489	0
1789794744.046957	5058062063	1833456365	24135497	6466000	49690000	8073000	44000	594225	0
1789794744.565021	5060478988	1834627871	24135497	6466000	49690000	8073000	44000	595737	0
1789794745.097011	5062905312	1835787109	24135497	6466000	49690000	8073000	44000	600010	0
1789794745.606224	5065194491	1836879147	24135497	6466000	49690000	8073000	45000	692968	0
1789794746.120082	5067806057	1838075921	24135497	6466000	49690000	8073000	45000	596917	0
1789794746.640109	5070262410	1839192252	24135497	6467000	49690000	8074000	45000	590646	0
1789794747.158558	5072707228	1840308032	24135497	6467000	49690000	8074000	45000	593237	0
1789794747.669199	5075110725	1841411545	24135497	6467000	49690000	8074000	45000	574050	0
1789794748.186206	5077441591	1842507062	24135497	6467000	49690000	8074000	45000	637203	0
1789794748.697331	5079800594	1843640055	24135497	6466000	49680000	8073000	45000	680953	0
1789794749.209775	5081906729	1844625343	24135497	6466000	49680000	8073000	45000	708702	0
1789794749.717109	5083481920	1845295874	24135497	6466000	49680000	8073000	44000	1085670	0
1789794750.226581	5083799302	1845359350	24135985	6466000	49680000	8073000	44000	848437	0
1789794750.734989	5084338119	1845529821	24136168	6485000	49670000	8097000	43000	712530	0
1789794751.247026	5084547835	1845541173	24136351	6485000	49670000	8097000	43000	660631	0
1789794751.754403	5084742048	1845550939	24136351	6485000	49670000	8097000	42000	682647	0
1789794752.266771	5085012311	1845561742	24136351	6485000	49670000	8097000	42000	701835	0
1789794752.775049	5085287152	1845574132	24136351	6494000	49670000	8108000	43000	696107	0
1789794753.287460	5085514019	1845586522	24136412	6494000	49670000	8108000	43000	975365	0
1789794753.796001	5085724590	1845597326	24136473	6494000	49670000	8108000	42000	675039	0
1789794754.306726	5086229655	1845760899	24136473	6494000	49670000	8108000	42000	1081675	0
1789794754.814148	5086440775	1845772923	24136473	6496000	49670000	8110000	42000	662516	0
1789794755.327807	5086631387	1845781590	24136473	6496000	49670000	8110000	42000	649886	0
1789794755.834574	5086800210	1845791112	24136473	6496000	49670000	8110000	42000	668708	0
1789794756.346413	5087062416	1845799412	24136473	6496000	49670000	8110000	42000	767184	0
1789794756.854461	5087264320	1845809544	24136473	6500000	49670000	8116000	42000	692978	0
1789794757.367748	5087473975	1845823277	24136473	6500000	49670000	8116000	42000	742203	0
1789794757.875726	5087737951	1845838719	24136473	6500000	49670000	8116000	42000	669500	0
1789794758.389616	5088290745	1846044346	24136473	6500000	49670000	8116000	42000	810901	0
1789794758.896766	5088491428	1846060459	24136473	6500000	49670000	8116000	42000	707040	0
1789794759.407745	5088704563	1846070652	24136534	6500000	49670000	8116000	42000	1306773	0
1789794759.912793	5088894259	1846081455	24136534	6497000	49660000	8112000	42000	815464	0
1789794760.424754	5089100497	1846093418	24136534	6497000	49660000	8112000	42000	694190	0
1789794760.933744	5089313387	1846108799	24136534	6497000	49660000	8112000	42000	1115814	0
1789794761.446942	5089553987	1846123203	24136534	6497000	49660000	8112000	42000	1386758	0
1789794761.955993	5089843537	1846146580	24136534	6501000	49660000	8117000	42000	776036	0
1789794762.468885	5090217559	1846155979	24136534	6501000	49660000	8117000	42000	737080	0
1789794762.976999	5090419463	1846163913	24136534	6501000	49660000	8117000	41000	872882	0
1789794763.489544	5090655119	1846172214	24136534	6501000	49660000	8117000	41000	1016904	0
1789794763.998708	5090838896	1846179477	24136534	6499000	49660000	8114000	41000	926393	0
1789794764.510328	5091365078	1846350436	24136534	6499000	49660000	8114000	41000	617798	0
1789794765.016012	5091532558	1846356967	24136534	6499000	49660000	8114000	41000	1099006	0
1789794765.526000	5091741969	1846367343	24136534	6499000	49660000	8114000	41000	692345	0
1789794766.032397	5091939784	1846375034	24136534	6501000	49660000	8117000	41000	548146	0
1789794766.540699	5092113001	1846383762	24136534	6501000	49660000	8117000	41000	650560	0
1789794767.047005	5092261499	1846389316	24136534	6501000	49660000	8117000	41000	593599	0
1789794767.557300	5092449487	1846400485	24136534	6501000	49660000	8117000	41000	766035	0
1789794768.063173	5092656274	1846416965	24136534	6500000	49650000	8116000	41000	674186	0
1789794768.574310	5092875573	1846434970	24136534	6500000	49650000	8116000	41000	554737	0
1789794769.080453	5093111229	1846440280	24136534	6500000	49650000	8116000	41000	1115310	0
1789794769.589183	5093283530	1846447238	24136534	6500000	49650000	8116000	41000	593965	0
1789794770.095383	5093461142	1846454196	24136534	6500000	49650000	8116000	41000	567463	0
1789794770.605238	5093656088	1846462802	24136534	6500000	49650000	8116000	41000	855586	0
1789794771.110795	5093814108	1846467135	24136534	6504000	49650000	8120000	41000	890157	0
1789794771.621174	5094018697	1846475680	24136534	6504000	49650000	8120000	41000	1071074	0
1789794772.126851	5094219624	1846488620	24136534	6504000	49650000	8120000	40000	546682	0
1789794772.636722	5094379780	1846494418	24136534	6504000	49650000	8120000	40000	1136838	0
1789794773.143312	5094560871	1846503573	24136534	6504000	49650000	8120000	40000	638396	0
1789794773.652796	5094737262	1846511874	24136534	6504000	49650000	8120000	40000	600463	0
1789794774.158047	5095265398	1846698824	24136595	6504000	49650000	8120000	41000	1042472	0
1789794774.668045	5095559526	1846715182	24136656	6504000	49650000	8120000	41000	532274	0
1789794775.175158	5095824234	1846725558	24136656	6499000	49650000	8114000	40000	755333	0
1789794775.685423	5096054092	1846739168	24136656	6499000	49650000	8114000	40000	916933	0
1789794776.191331	5096220474	1846747469	24136656	6499000	49650000	8114000	40000	548490	0
1789794776.700364	5096430312	1846759188	24136656	6499000	49650000	8114000	40000	590325	0
1789794777.206412	5096621107	1846767855	24136717	6504000	49650000	8120000	40000	682103	0
1789794777.715766	5096892713	1846789461	24136717	6504000	49650000	8120000	40000	735861	0
1789794778.221182	5097065869	1846797884	24136717	6504000	49650000	8120000	40000	817516	0
1789794778.730987	5097355419	1846808748	24136717	6504000	49650000	8120000	40000	989846	0
1789794779.236167	5097502453	1846812288	24136717	6500000	49640000	8115000	40000	728946	0
1789794779.748333	5097702953	1846823641	24136717	6500000	49640000	8115000	40000	1063846	0
1789794780.254672	5098122263	1846883089	24136901	6500000	49640000	8115000	40000	660600	0
1789794780.764392	5098698922	1847041658	24136901	6500000	49640000	8115000	40000	942650	0
1789794781.270628	5098913094	1847057832	24136901	6500000	49640000	8115000	40000	712557	0
1789794781.779345	5099128242	1847069429	24136901	6500000	49640000	8115000	40000	839426	0
1789794782.284262	5099261909	1847073091	24136901	6505000	49640000	8122000	40000	659771	0
1789794782.793984	5099450934	1847084687	24136901	6505000	49640000	8122000	40000	659517	0
1789794783.299837	5099629523	1847094087	24136901	6505000	49640000	8122000	39000	747841	0
1789794783.811185	5099894964	1847105012	24136901	6505000	49640000	8122000	39000	789599	0
1789794784.315762	5100425297	1847277558	24136901	6504000	49640000	8121000	40000	962186	0
1789794784.824024	5100663944	1847288178	24136901	6504000	49640000	8121000	40000	653422	0
1789794785.330130	5100888247	1847294038	24136901	6504000	49640000	8121000	39000	569853	0
1789794785.840273	5101088564	1847301728	24136901	6504000	49640000	8121000	39000	857332	0
1789794786.345215	5101306886	1847337678	24136901	6503000	49640000	8119000	39000	1043620	0
1789794786.856571	5101548890	1847358429	24136901	6503000	49640000	8119000	39000	1003293	0
1789794787.362028	5101733460	1847369843	24136901	6503000	49640000	8119000	39000	637504	0
1789794787.870553	5101899964	1847376984	24136901	6503000	49640000	8119000	39000	601780	0
1789794788.377305	5102063293	1847382233	24136901	6505000	49630000	8122000	39000	1021764	0
1789794788.886396	5102218261	1847389252	24136901	6505000	49630000	8122000	39000	692174	0
1789794789.392274	5102460448	1847394623	24136901	6505000	49630000	8122000	39000	654737	0
1789794789.901917	5102629698	1847402192	24136901	6505000	49630000	8122000	39000	649795	0
1789794790.407368	5102780699	1847406220	24136901	6505000	49630000	8122000	39000	730910	0
1789794790.919041	5102983091	1847413971	24136901	6505000	49630000	8122000	39000	649244	0
1789794791.424903	5103172299	1847425202	24136901	6505000	49630000	8122000	39000	665473	0
1789794791.932986	5103342404	1847437043	24136901	6505000	49630000	8122000	39000	604729	0
1789794792.438405	5103671260	1847491486	24136901	6505000	49630000	8122000	39000	661367	0
1789794792.947463	5103970576	1847536652	24136901	6505000	49630000	8122000	39000	788832	0
1789794793.452172	5104136103	1847542145	24136901	6501000	49630000	8117000	39000	667336	0
1789794793.961292	5104406366	1847560028	24136901	6501000	49630000	8117000	39000	850455	0
1789794794.467247	5104901909	1847722869	24136901	6501000	49630000	8117000	39000	938805	0
1789794794.976936	5105140800	1847753143	24136901	6501000	49630000	8117000	39000	1247043	0
1789794795.481724	5106005788	1848085478	24136901	6504000	49630000	8121000	40000	906576	0
1789794795.991247	5107068285	1848601834	24136901	6504000	49630000	8121000	40000	944899	0
1789794796.496243	5107957687	1849009853	24136901	6504000	49630000	8121000	40000	785849	0
1789794797.005999	5108860334	1849449000	24136901	6504000	49630000	8121000	40000	803474	0
1789794797.511810	5109729961	1849863977	24136901	6493000	49620000	8107000	40000	938630	0
1789794798.021099	5110643288	1850310509	24136901	6493000	49620000	8107000	40000	942729	0
1789794798.525969	5111528723	1850737571	24136901	6493000	49620000	8107000	40000	948966	0
1789794799.035931	5112418064	1851164633	24136901	6493000	49620000	8107000	40000	969777	0
1789794799.540938	5113297884	1851591817	24136901	6494000	49620000	8108000	40000	947229	0
1789794800.052663	5114262114	1852083637	24136901	6494000	49620000	8108000	40000	965148	0
1789794800.559736	5115283413	1852641253	24136901	6494000	49620000	8108000	40000	946508	0
1789794801.069123	5116243189	1853119828	24136901	6494000	49620000	8108000	40000	1245168	0
1789794801.575755	5117367209	1853679885	24137023	6481000	49620000	8092000	41000	939855	0
1789794802.087893	5118420002	1854183607	24137023	6481000	49620000	8092000	41000	931859	0
1789794802.595797	5119298479	1854605725	24137023	6481000	49620000	8092000	40000	961788	0
1789794803.106758	5120318495	1855135692	24137023	6481000	49620000	8092000	40000	925449	0
1789794803.613884	5121271740	1855603037	24137023	6481000	49620000	8092000	40000	945237	0
1789794804.124677	5122374276	1856179025	24137023	6481000	49620000	8092000	40000	1703139	0
1789794804.629944	5123252936	1856586921	24137023	6490000	49610000	8103000	41000	1061650	0
1789794805.139719	5124225895	1857086859	24137023	6490000	49610000	8103000	41000	923114	0
1789794805.645702	5125092287	1857500310	24137023	6490000	49610000	8103000	40000	1127148	0
1789794806.154286	5126006774	1857948734	24137023	6490000	49610000	8103000	40000	1129112	0
1789794806.661768	5126901853	1858380618	24137023	6493000	49610000	8107000	41000	1075970	0
1789794807.171782	5127836054	1858841127	24137023	6493000	49610000	8107000	41000	979028	0
1789794807.678289	5128787407	1859276856	24137023	6493000	49610000	8107000	40000	934557	0
1789794808.189360	5129681387	1859701110	24137023	6493000	49610000	8107000	40000	930809	0
1789794808.696770	5130588977	1860150267	24137023	6492000	49610000	8105000	42000	966834	0
1789794809.208719	5131500901	1860597226	24137023	6492000	49610000	8105000	42000	944592	0
1789794809.714914	5132452253	1861041805	24137023	6492000	49610000	8105000	41000	969034	0
1789794810.225688	5133004254	1861251033	24137023	6492000	49610000	8105000	41000	973522	0
1789794810.734657	5133489604	1861408015	24137023	6499000	49600000	8114000	39000	712542	0
1789794811.247106	5133668925	1861420466	24137023	6499000	49600000	8114000	39000	668914	0
1789794811.754492	5133869791	1861429072	24137023	6499000	49600000	8114000	39000	648695	0
1789794812.268941	5134304544	1861441157	24137023	6499000	49600000	8114000	39000	932673	0
1789794812.776974	5134457436	1861445857	24137023	6499000	49600000	8114000	39000	705465	0
1789794813.289595	5134746925	1861458674	24137023	6499000	49600000	8114000	39000	682304	0
1789794813.797756	5134905555	1861468928	24137023	6499000	49600000	8114000	38000	1554884	0
1789794814.308927	5135830113	1861878412	24137023	6499000	49600000	8114000	38000	1034891	0
1789794814.813045	5136750216	1862312554	24137023	6499000	49600000	8114000	40000	1419977	0
1789794815.319580	5137593109	1862693961	24137023	6499000	49600000	8114000	40000	768318	0
1789794815.824966	5138448881	1863091055	24137023	6491000	49600000	8104000	41000	1164370	0
1789794816.331924	5139342128	1863517812	24137023	6491000	49600000	8104000	41000	737642	0
1789794816.835894	5140194421	1863911854	24137023	6491000	49600000	8104000	41000	912608	0
1789794817.343249	5141185507	1864358020	24137023	6491000	49600000	8104000	41000	584743	0
1789794817.848640	5142031880	1864749986	24137023	6494000	49600000	8108000	41000	947861	0
1789794818.356796	5142904253	1865160630	24137023	6494000	49600000	8108000	41000	726559	0
1789794818.861167	5143780777	1865572677	24137023	6494000	49600000	8108000	41000	763434	0
1789794819.369817	5144661817	1865987959	24137023	6494000	49600000	8108000	41000	682689	0
1789794819.873455	5145662486	1866515119	24137023	6492000	49590000	8105000	41000	902609	0
1789794820.380455	5146544380	1866943645	24137023	6492000	49590000	8105000	41000	573008	0
1789794820.884169	5147435003	1867362162	24137023	6492000	49590000	8105000	41000	621707	0
1789794821.391518	5148366397	1867777994	24137023	6492000	49590000	8105000	41000	725754	0
1789794821.896674	5149244081	1868181618	24137023	6490000	49590000	8103000	41000	778522	0
1789794822.403356	5150186339	1868658363	24137023	6490000	49590000	8103000	41000	702257	0
1789794822.907993	5151081783	1869050696	24137023	6490000	49590000	8103000	41000	600000	0
1789794823.415433	5151926569	1869440587	24137023	6490000	49590000	8103000	41000	584205	0
1789794823.921570	5152804496	1869862949	24137023	6492000	49590000	8106000	41000	742989	0
1789794824.429134	5153897816	1870369845	24137023	6492000	49590000	8106000	41000	730259	0
1789794824.932869	5154727831	1870742647	24137023	6492000	49590000	8106000	40000	745563	0
1789794825.439744	5155563217	1871117890	24137023	6492000	49590000	8106000	40000	848272	0
1789794825.943681	5156471662	1871523285	24137023	6492000	49590000	8106000	42000	891074	0
1789794826.451063	5157336650	1871933989	24137023	6492000	49590000	8106000	42000	872141	0
1789794826.954646	5158194924	1872317838	24137023	6491000	49580000	8104000	41000	739936	0
1789794827.461939	5159029029	1872697293	24137023	6491000	49580000	8104000	41000	732584	0
1789794827.966094	5159886448	1873101344	24137023	6491000	49580000	8104000	41000	750193	0
1789794828.472921	5160839632	1873555018	24137023	6491000	49580000	8104000	41000	772550	0
1789794828.977125	5161671478	1873938195	24137023	6492000	49580000	8106000	41000	850005	0
1789794829.483826	5162425626	1874245446	24137023	6492000	49580000	8106000	41000	661003	0
1789794829.990088	5162837308	1874342186	24137023	6492000	49580000	8106000	39000	814901	0
1789794830.500069	5163121609	1874402489	24137023	6492000	49580000	8106000	39000	953978	0
1789794831.007065	5163287624	1874408226	24137023	6501000	49570000	8117000	38000	953127	0
1789794831.516401	5163463771	1874415550	24137023	6501000	49570000	8117000	38000	1004550	0
1789794832.022014	5163618250	1874420372	24137023	6501000	49570000	8117000	38000	575805	0
1789794832.532357	5163781824	1874427330	24137023	6501000	49570000	8117000	38000	656430	0
1789794833.037917	5163972192	1874437645	24137023	6504000	49570000	8120000	38000	762460	0
1789794833.548841	5164473717	1874577659	24137145	6504000	49570000	8120000	38000	1276394	0
1789794834.054050	5165959370	1875238912	24137145	6504000	49570000	8120000	40000	1714735	0
1789794834.562985	5167142533	1875778828	24137145	6504000	49570000	8120000	40000	688763	0
1789794835.068006	5168331922	1876316363	24137145	6488000	49570000	8100000	41000	982560	0
1789794835.575995	5169495127	1876915727	24137206	6488000	49570000	8100000	41000	850989	0
1789794836.081092	5170230904	1877148697	24137206	6488000	49570000	8100000	38000	851183	0
1789794836.591357	5170752876	1877287918	24137206	6488000	49570000	8100000	38000	553476	0
1789794837.097336	5170952582	1877296646	24137206	6488000	49570000	8100000	38000	790355	0
1789794837.607962	5171158209	1877306900	24137206	6488000	49570000	8100000	38000	1080895	0
1789794838.113606	5171338262	1877313614	24137206	6504000	49570000	8120000	38000	699372	0
1789794838.621797	5171511297	1877321549	24137206	6504000	49570000	8120000	38000	1113143	0
1789794839.127362	5171680669	1877328873	24137206	6504000	49570000	8120000	38000	635513	0
1789794839.639240	5171866459	1877338944	24137206	6504000	49570000	8120000	38000	585272	0
1789794840.145266	5172721315	1877648025	24137267	6504000	49570000	8120000	39000	1204189	0
1789794840.654496	5173945189	1878156202	24137267	6504000	49570000	8120000	39000	982188	0
1789794841.160979	5175000729	1878646252	24137267	6504000	49570000	8120000	39000	1122099	0
1789794841.670789	5176202019	1879246653	24137267	6504000	49570000	8120000	39000	895069	0
1789794842.178955	5177401052	1879842538	24137267	6492000	49560000	8106000	40000	1165099	0
1789794842.687126	5178063465	1880020455	24137267	6492000	49560000	8106000	40000	729162	0
1789794843.194982	5178581530	1880122078	24137267	6492000	49560000	8106000	38000	845497	0
1789794843.707012	5178962449	1880129830	24137267	6492000	49560000	8106000	38000	721534	0
1789794844.215090	5179606613	1880292915	24137267	6499000	49560000	8114000	38000	1100456	0
1789794844.726236	5179981123	1880299812	24137267	6499000	49560000	8114000	38000	560613	0
1789794845.234209	5180356000	1880305489	24137267	6499000	49560000	8114000	38000	575010	0
1789794845.749479	5180837689	1880315193	24137267	6499000	49560000	8114000	38000	545089	0
1789794846.258341	5181262553	1880330696	24137267	6498000	49560000	8113000	38000	497126	0
1789794846.773310	5182330605	1880818244	24137267	6498000	49560000	8113000	38000	661896	0
1789794847.278894	5183693944	1881450688	24137267	6498000	49560000	8113000	42000	762022	0
1789794847.788627	5185209260	1882284487	24139525	6498000	49560000	8113000	42000	661199	0
1789794848.294356	5186274870	1882677736	24140624	6498000	49560000	8113000	39000	650032	0
1789794848.806485	5187388880	1882992738	24141539	6498000	49560000	8113000	39000	687516	0
1789794849.310134	5188256249	1883130372	24141539	6488000	49550000	8101000	38000	1215791	0
1789794849.821960	5188907553	1883272278	24141539	6488000	49550000	8101000	38000	970550	0
1789794850.328986	5189285909	1883280457	24141539	6488000	49550000	8101000	38000	742084	0
1789794850.842346	5189667744	1883288025	24141539	6488000	49550000	8101000	38000	686762	0
1789794851.379083	5190135028	1883302124	24141539	6499000	49550000	8114000	38000	699254	0
1789794851.891946	5190521380	1883310181	24141539	6499000	49550000	8114000	38000	559844	0
1789794852.400058	5190893205	1883317566	24141539	6499000	49550000	8114000	38000	577210	0
1789794852.913172	5191279251	1883329346	24141539	6499000	49550000	8114000	38000	865775	0
1789794853.422280	5192253553	1883759887	24141539	6499000	49550000	8114000	41000	596907	0
1789794853.931725	5193657846	1884451413	24141539	6499000	49550000	8114000	41000	707882	0
1789794854.436849	5195133612	1885193843	24141539	6499000	49550000	8114000	42000	745242	0
1789794854.946276	5196386538	1885777276	24141539	6499000	49550000	8114000	42000	833032	0
1789794855.451032	5197317017	1886010918	24141539	6487000	49540000	8099000	40000	779347	0
1789794855.961117	5198592587	1886305168	24141539	6487000	49540000	8099000	40000	892828	0
1789794856.466633	5198970272	1886415397	24141539	6487000	49540000	8099000	38000	944920	0
1789794856.978797	5199375239	1886535087	24141539	6487000	49540000	8099000	38000	682535	0
1789794857.487566	5199591669	1886544547	24141539	6500000	49540000	8116000	38000	706018	0
1789794858.000703	5199838739	1886572623	24141539	6500000	49540000	8116000	38000	659992	0
1789794858.508724	5200013116	1886576347	24141539	6500000	49540000	8116000	38000	613534	0
1789794859.022729	5200250481	1886587150	24141539	6500000	49540000	8116000	38000	620238	0
1789794859.530890	5200452018	1886599906	24141844	6499000	49540000	8114000	38000	766771	0
1789794860.042780	5200837027	1886678275	24143065	6499000	49540000	8114000	38000	1298432	0
1789794860.548990	5205700418	1889027085	24143065	6499000	49540000	8114000	42000	1332220	0
1789794861.057969	5209759490	1891255595	24143981	6499000	49540000	8114000	42000	1226060	0
1789794861.566662	5213816120	1893347447	24145079	6499000	49540000	8114000	42000	1257907	0
1789794862.077977	5217888192	1895457610	24145079	6499000	49540000	8114000	42000	1285879	0
1789794862.582058	5221902464	1897555017	24145079	6444000	49530000	8045000	42000	1380850	0
1789794863.091068	5225920642	1899547322	24145079	6444000	49530000	8045000	42000	1371052	0
1789794863.596023	5229983315	1901622329	24145140	6444000	49530000	8045000	42000	1444577	0
1789794864.104800	5234029752	1903678232	24145140	6444000	49530000	8045000	42000	1672037	0
1789794864.609881	5236872518	1904975286	24145140	6442000	49520000	8043000	41000	1140737	0
1789794865.119476	5237965533	1905363042	24145140	6442000	49520000	8043000	41000	711949	0
1789794865.627685	5238450945	1905516117	24145140	6442000	49520000	8043000	39000	709609	0
1789794866.140503	5238919083	1905541264	24145140	6442000	49520000	8043000	39000	646360	0
1789794866.649076	5239173660	1905549259	24145140	6494000	49520000	8108000	39000	778296	0
1789794867.162778	5239623610	1905569950	24145140	6494000	49520000	8108000	39000	840248	0
1789794867.669913	5239862135	1905584294	24145140	6494000	49520000	8108000	39000	1083964	0
1789794868.181775	5240149915	1905610050	24145140	6494000	49520000	8108000	39000	743028	0
1789794868.689206	5240361096	1905618046	24145140	6498000	49520000	8113000	39000	656314	0
1789794869.201935	5242230232	1906359194	24145140	6498000	49520000	8113000	39000	1727683	0
1789794869.707034	5246811397	1908797725	24145140	6498000	49520000	8113000	42000	1385358	0
1789794870.218975	5250892319	1911028982	24145140	6498000	49520000	8113000	42000	1386046	0
1789794870.723070	5254906713	1913123459	24145140	6444000	49510000	8045000	42000	1264332	0
1789794871.235936	5258997157	1915217875	24145140	6444000	49510000	8045000	42000	1285574	0
1789794871.744697	5263054641	1917324559	24145140	6444000	49510000	8045000	43000	1270339	0
1789794872.253109	5267099065	1919418548	24145140	6444000	49510000	8045000	43000	1280343	0
1789794872.759996	5271046564	1921385828	24145140	6444000	49510000	8045000	43000	1263569	0
1789794873.269049	5274650437	1923028524	24145140	6444000	49510000	8045000	43000	872538	0
1789794873.773820	5277743996	1924051165	24145140	6444000	49500000	8045000	42000	1435355	0
1789794874.282663	5278666662	1924350664	24145140	6444000	49500000	8045000	42000	1209933	0
1789794874.789762	5279010106	1924447588	24145140	6444000	49500000	8045000	40000	888836	0
1789794875.301772	5279499240	1924474626	24145140	6444000	49500000	8045000	40000	981851	0
1789794875.808269	5279665072	1924479631	24145140	6497000	49500000	8112000	39000	1098558	0
1789794876.317981	5280063692	1924516618	24145140	6497000	49500000	8112000	39000	774990	0
1789794876.825946	5280226106	1924527727	24145140	6497000	49500000	8112000	39000	961426	0
1789794877.336935	5280534272	1924537309	24145140	6497000	49500000	8112000	39000	660887	0
1789794877.844049	5280713410	1924549028	24145140	6491000	49490000	8104000	39000	1038514	0
1789794878.356976	5284885579	1926442944	24145140	6491000	49490000	8104000	39000	1513637	0
1789794878.861835	5289064279	1928711249	24145140	6491000	49490000	8104000	43000	1272668	0
1789794879.369988	5293113097	1930928467	24145140	6491000	49490000	8104000	43000	1364611	0
1789794879.878786	5297168690	1933045527	24145140	6440000	49490000	8041000	43000	1321536	0
1789794880.387019	5301214089	1935124806	24145140	6440000	49490000	8041000	43000	1413418	0
1789794880.891761	5305240507	1937179977	24145140	6440000	49490000	8041000	44000	1272113	0
1789794881.400374	5309297748	1939214640	24145140	6440000	49490000	8041000	44000	1278601	0
1789794881.907090	5313324593	1941249852	24145140	6438000	49480000	8038000	44000	1151428	0
1789794882.416847	5316827270	1942852631	24145140	6438000	49480000	8038000	44000	895810	0
1789794882.921057	5320133902	1944200467	24145140	6438000	49480000	8038000	44000	1709076	0
1789794883.429988	5324495951	1946635519	24145140	6438000	49480000	8038000	44000	1438096	0
1789794883.935962	5328526275	1948898331	24145140	6438000	49480000	8038000	44000	1437656	0
1789794884.445086	5332583455	1951078257	24145140	6438000	49480000	8038000	44000	1331880	0
1789794884.951021	5336615183	1953147038	24145140	6437000	49470000	8037000	44000	1270905	0
1789794885.462937	5340695678	1955239440	24145140	6437000	49470000	8037000	44000	1282123	0
1789794885.967935	5344720326	1957316705	24145140	6437000	49470000	8037000	44000	1279651	0
1789794886.479779	5348800516	1959408375	24145201	6437000	49470000	8037000	44000	1293714	0
1789794886.984523	5352512176	1961203780	24145201	6439000	49460000	8039000	43000	1358470	0
1789794887.494964	5355413597	1962357525	24145201	6439000	49460000	8039000	43000	1926107	0
1789794888.000983	5360090770	1964899816	24145201	6439000	49460000	8039000	45000	1484681	0
1789794888.511948	5364159790	1967178008	24145201	6439000	49460000	8039000	45000	1336457	0
1789794889.018118	5368190969	1969349633	24145201	6437000	49460000	8037000	45000	1365138	0
1789794889.527987	5372255473	1971509113	24145201	6437000	49460000	8037000	45000	1257769	0
1789794890.033938	5376288360	1973584119	24145201	6437000	49460000	8037000	45000	1272409	0
1789794890.544080	5380352132	1975656380	24145201	6437000	49460000	8037000	45000	1262801	0
1789794891.048642	5384375559	1977711978	24145201	6435000	49450000	8034000	45000	1336401	0
1789794891.557408	5388419433	1979764279	24145201	6435000	49450000	8034000	45000	1142655	0
1789794892.062944	5392117299	1981393792	24145201	6435000	49450000	8034000	46000	1728537	0
1789794892.572664	5396524698	1983846972	24145201	6435000	49450000	8034000	46000	1464768	0
1789794893.077938	5400547026	1986112103	24145201	6436000	49440000	8035000	45000	1370898	0
1789794893.588161	5404611957	1988305945	24145201	6436000	49440000	8035000	45000	1364286	0
1789794894.094975	5408649361	1990378998	24145201	6436000	49440000	8035000	45000	1321327	0
1789794894.606066	5412720518	1992514613	24145201	6436000	49440000	8035000	45000	1271463	0
1789794895.113145	5416762317	1994576925	24145201	6436000	49440000	8035000	45000	1316206	0
1789794895.622151	5420796425	1996626846	24145201	6436000	49440000	8035000	45000	1254383	0
1789794896.127020	5424597990	1998493602	24145201	6435000	49430000	8034000	46000	1313678	0
1789794896.636640	5426713036	1999363350	24145201	6435000	49430000	8034000	46000	968692	0
1789794897.143037	5431014661	2001480960	24145201	6435000	49430000	8034000	46000	1420302	0
1789794897.653981	5435086855	2003789670	24145201	6435000	49430000	8034000	46000	1442206	0
1789794898.158996	5439109611	2005973929	24145201	6429000	49430000	8027000	46000	1270230	0
1789794898.671174	5443192181	2008180405	24145201	6429000	49430000	8027000	46000	1397983	0
1789794899.177909	5447229524	2010328349	24145201	6429000	49430000	8027000	46000	1267840	0
1789794899.689904	5451311239	2012405614	24145201	6429000	49430000	8027000	46000	1305816	0
1789794900.196068	5455343578	2014481537	24145201	6432000	49420000	8031000	46000	1336969	0
1789794900.706132	5459403626	2016563380	24145201	6432000	49420000	8031000	46000	1315547	0
1789794901.211162	5462454033	2017939536	24145201	6432000	49420000	8031000	47000	953571	0
1789794901.719939	5465146043	2019019733	24145201	6432000	49420000	8031000	47000	1816973	0
1789794902.224964	5469658299	2021501172	24145201	6420000	49410000	8016000	46000	1469274	0
1789794902.733961	5473709192	2023798163	24145201	6420000	49410000	8016000	46000	1435773	0
1789794903.240063	5477742385	2025949037	24145201	6420000	49410000	8016000	46000	1336273	0
1789794903.751881	5481823185	2028125911	24145201	6420000	49410000	8016000	46000	1493743	0
1789794904.257729	5485857049	2030279470	24145201	6432000	49400000	8031000	47000	1376566	0
1789794904.771053	5489942061	2032373703	24145201	6432000	49400000	8031000	47000	1249668	0
1789794905.275576	5493967563	2034445109	24145201	6432000	49400000	8031000	47000	1668423	0
1789794905.783949	5497888635	2036437901	24145201	6432000	49400000	8031000	47000	1318277	0
1789794906.290045	5500081561	2037358736	24145201	6432000	49400000	8031000	46000	1244306	0
1789794906.800070	5504363045	2039461819	24145201	6432000	49400000	8031000	46000	1500092	0
1789794907.307987	5508410886	2041768637	24145201	6456000	49390000	8061000	47000	1439670	0
1789794907.816972	5512467455	2043976456	24145201	6456000	49390000	8061000	47000	1341988	0
1789794908.323831	5516506568	2046108714	24145201	6456000	49390000	8061000	47000	1342696	0
1789794908.833939	5520570217	2048306218	24145201	6456000	49390000	8061000	47000	1275628	0
1789794909.341186	5524611711	2050387939	24145201	6432000	49390000	8031000	47000	1419226	0
1789794909.851397	5528673102	2052507562	24145201	6432000	49390000	8031000	47000	1457196	0
1789794910.356533	5532705745	2054625843	24145201	6432000	49390000	8031000	48000	1318735	0
1789794910.866025	5536183153	2056136276	24145201	6432000	49390000	8031000	48000	892535	0
1789794911.370971	5539843361	2057680279	24145201	6432000	49380000	8030000	48000	1745283	0
1789794911.880038	5544141690	2060093969	24145201	6432000	49380000	8030000	48000	1416860	0
1789794912.385940	5548176348	2062315765	24145201	6432000	49380000	8030000	48000	1339714	0
1789794912.896928	5552246162	2064443262	24145201	6432000	49380000	8030000	48000	1335983	0
1789794913.401846	5556269589	2066568623	24145201	6431000	49370000	8029000	48000	1459828	0
1789794913.912239	5560333177	2068736464	24145201	6431000	49370000	8029000	48000	1367226	0
1789794914.418160	5564367896	2070833932	24145201	6431000	49370000	8029000	48000	1467469	0
1789794914.927071	5568395656	2072859561	24145201	6431000	49370000	8029000	48000	1104226	0
1789794915.432016	5571913348	2074570433	24145201	6433000	49360000	8032000	48000	979956	0
1789794915.941056	5574287670	2075604854	24145201	6433000	49360000	8032000	48000	1614434	0
1789794916.445982	5578884643	2078038991	24145201	6433000	49360000	8032000	49000	1540563	0
1789794916.956929	5583094593	2080428817	24145201	6433000	49360000	8032000	49000	1397741	0
1789794917.461963	5586691996	2082448465	24145201	6433000	49360000	8032000	48000	1247363	0
1789794917.972923	5590188936	2084353123	24145201	6433000	49360000	8032000	48000	1026334	0
1789794918.479644	5593000696	2085762055	24145201	6436000	49350000	8035000	47000	700418	0
1789794918.992611	5595573443	2086985257	24145201	6436000	49350000	8035000	47000	656510	0
1789794919.499238	5597948681	2088115748	24145201	6436000	49350000	8035000	46000	692131	0
1789794920.016101	5600552129	2089351828	24145201	6436000	49350000	8035000	46000	605543	0
1789794920.524145	5603009826	2090515888	24145201	6453000	49350000	8057000	47000	632508	0
1789794921.039101	5605491692	2091712845	24145201	6453000	49350000	8057000	47000	688887	0
1789794921.545611	5607946825	2092890088	24145201	6453000	49350000	8057000	47000	633132	0
1789794922.057362	5610076336	2093904490	24145201	6453000	49350000	8057000	47000	689452	0
1789794922.563427	5611879066	2094737679	24145201	6458000	49340000	8063000	48000	841170	0
1789794923.072502	5612364965	2094854195	24145568	6458000	49340000	8063000	48000	1133840	0
1789794923.579089	5612857091	2094996040	24145568	6458000	49340000	8063000	45000	790809	0
1789794924.091414	5613258151	2095125862	24145568	6458000	49340000	8063000	45000	1324620	0
1789794924.597640	5613589327	2095195014	24145629	6487000	49340000	8099000	44000	686549	0
1789794925.109696	5613776217	2095205268	24145629	6487000	49340000	8099000	44000	880878	0
1789794925.616827	5614178193	2095292304	24145751	6487000	49340000	8099000	44000	697309	0
1789794926.129341	5614374787	2095301032	24145751	6487000	49340000	8099000	44000	680349	0
1789794926.636332	5614552155	2095310492	24145812	6488000	49340000	8101000	44000	773070	0
1789794927.149707	5614819305	2095318610	24145812	6488000	49340000	8101000	44000	1118574	0
1789794927.657704	5614998931	2095327155	24145873	6488000	49340000	8101000	44000	873116	0
1789794928.169903	5615184721	2095333747	24145934	6488000	49340000	8101000	44000	1000181	0
1789794928.677561	5615351896	2095338813	24145934	6488000	49340000	8101000	43000	1049152	0
1789794929.190765	5615553129	2095347663	24145934	6488000	49340000	8101000	43000	1207626	0
1789794929.699013	5615732205	2095355964	24145934	6489000	49330000	8102000	43000	952318	0
1789794930.210120	5615912930	2095365119	24145934	6489000	49330000	8102000	43000	1170482	0
1789794930.717708	5616120449	2095379889	24145995	6489000	49330000	8102000	43000	873538	0
1789794931.230157	5616545863	2095483283	24145995	6489000	49330000	8102000	43000	1287292	0
1789794931.736021	5616892359	2095544867	24145995	6489000	49330000	8102000	43000	1185137	0
1789794932.248909	5617060388	2095551276	24145995	6489000	49330000	8102000	43000	759361	0
1789794932.786063	5617411034	2095564459	24146056	6489000	49330000	8102000	43000	792973	0
1789794933.295789	5617618065	2095575262	24146117	6489000	49330000	8102000	43000	1173583	0
1789794933.800765	5617794883	2095583868	24146117	6489000	49330000	8102000	43000	885574	0
1789794934.313054	5618322286	2095762579	24146117	6489000	49330000	8102000	43000	1100101	0
1789794934.819356	5618509786	2095773565	24146117	6489000	49330000	8102000	43000	1144175	0
1789794935.328026	5618777974	2095779485	24146117	6489000	49330000	8102000	43000	664363	0
1789794935.834123	5618927815	2095785101	24146117	6489000	49330000	8102000	43000	1286129	0
1789794936.344896	5619134418	2095794683	24146117	6489000	49330000	8102000	43000	657285	0
1789794936.849972	5619307880	2095804021	24146117	6489000	49330000	8102000	43000	567130	0
1789794937.360341	5619471209	2095811346	24146117	6489000	49330000	8102000	43000	658151	0
1789794937.865193	5619743303	2095830083	24146117	6493000	49320000	8107000	43000	656227	0
1789794938.375192	5619926408	2095838811	24146117	6493000	49320000	8107000	43000	728804	0
1789794938.881317	5620108110	2095847417	24146117	6493000	49320000	8107000	42000	579972	0
1789794939.390701	5620279435	2095855108	24146117	6493000	49320000	8107000	42000	749744	0
1789794939.896312	5620441666	2095860418	24146117	6492000	49320000	8106000	42000	637368	0
1789794940.406249	5620617874	2095874883	24146117	6492000	49320000	8106000	42000	590001	0
1789794940.912168	5620808425	2095883245	24146117	6492000	49320000	8106000	42000	728371	0
1789794941.422251	5621078017	2095897649	24146117	6492000	49320000	8106000	42000	813135	0
1789794941.927765	5621256056	2095903447	24146117	6492000	49320000	8106000	42000	918449	0
1789794942.439334	5621438184	2095911443	24146117	6492000	49320000	8106000	42000	988682	0
1789794942.945409	5621612012	2095921148	24146117	6493000	49320000	8107000	42000	565219	0
1789794943.455408	5621862011	2095930974	24146117	6493000	49320000	8107000	42000	1049726	0
1789794943.960620	5622058483	2095936101	24146117	6493000	49320000	8107000	42000	753339	0
1789794944.468845	5622554698	2096094670	24146117	6493000	49320000	8107000	42000	617912	0
1789794944.974748	5622741098	2096104863	24146117	6489000	49320000	8102000	42000	590084	0
1789794945.485392	5623017587	2096114568	24146117	6489000	49320000	8102000	42000	514883	0
1789794945.991675	5623177438	2096119939	24146117	6489000	49320000	8102000	42000	641717	0
1789794946.500154	5623331612	2096126530	24146117	6489000	49320000	8102000	42000	843439	0
1789794947.005357	5623523323	2096135930	24146117	6493000	49310000	8107000	42000	684596	0
1789794947.515137	5623704536	2096143742	24146117	6493000	49310000	8107000	42000	760044	0
1789794948.020973	5623915107	2096161564	24146117	6493000	49310000	8107000	42000	823140	0
1789794948.530076	5624100653	2096172124	24146117	6493000	49310000	8107000	42000	766609	0
1789794949.036301	5624424200	2096181340	24146117	6488000	49310000	8100000	41000	1223895	0
1789794949.545380	5624647649	2096193425	24146117	6488000	49310000	8100000	41000	1097947	0
1789794950.051079	5624830693	2096202397	24146117	6488000	49310000	8100000	41000	1197515	0
1789794950.561777	5625016361	2096210515	24146117	6488000	49310000	8100000	41000	1105343	0
1789794951.068922	5625171451	2096217961	24146117	6493000	49310000	8107000	41000	889355	0
1789794951.578483	5625359805	2096227971	24146117	6493000	49310000	8107000	41000	1286367	0
1789794952.084955	5625572878	2096232975	24146117	6493000	49310000	8107000	41000	643784	0
1789794952.595150	5625738893	2096241398	24146117	6493000	49310000	8107000	41000	566204	0
1789794953.100890	5625989808	2096254643	24146117	6493000	49310000	8107000	41000	653647	0
1789794953.611098	5626181886	2096263432	24146117	6493000	49310000	8107000	41000	640065	0
1789794954.116813	5626625671	2096390690	24146117	6492000	49310000	8106000	41000	1155081	0
1789794954.624319	5627034850	2096444095	24146117	6492000	49310000	8106000	41000	769444	0
1789794955.130404	5627242430	2096452701	24146117	6492000	49310000	8106000	41000	594309	0
1789794955.640333	5627432798	2096462894	24146117	6492000	49310000	8106000	41000	832564	0
1789794956.146052	5627574643	2096466862	24146117	6492000	49310000	8106000	41000	660821	0
1789794956.654177	5627744931	2096473820	24146117	6492000	49310000	8106000	41000	644919	0
1789794957.160324	5627932491	2096483280	24146117	6492000	49310000	8106000	41000	1373477	0
1789794957.670414	5628115657	2096491215	24146117	6492000	49310000	8106000	41000	633561	0
1789794958.176102	5628276363	2096496036	24146117	6495000	49300000	8109000	41000	662235	0
1789794958.685388	5628471491	2096502262	24146117	6495000	49300000	8109000	41000	962001	0
1789794959.191384	5628655268	2096509769	24146117	6495000	49300000	8109000	40000	631255	0
1789794959.700039	5628812860	2096516300	24146117	6495000	49300000	8109000	40000	557604	0
1789794960.205436	5629069085	2096526676	24146361	6495000	49300000	8109000	40000	556149	0
1789794960.715276	5629229546	2096533146	24146361	6495000	49300000	8109000	40000	1030212	0
1789794961.220980	5629451653	2096550785	24146361	6495000	49300000	8109000	40000	665793	0
1789794961.730025	5629637199	2096560367	24146361	6495000	49300000	8109000	40000	591243	0
1789794962.235660	5629815665	2096567447	24146361	6496000	49300000	8110000	40000	596612	0
1789794962.746342	5630052054	2096581913	24146422	6496000	49300000	8110000	40000	644276	0
1789794963.251642	5630313711	2096587528	24146422	6496000	49300000	8110000	40000	630330	0
1789794963.761937	5630509389	2096598087	24146422	6496000	49300000	8110000	40000	657551	0
1789794964.268074	5631063099	2096772220	24146422	6496000	49300000	8110000	40000	821654	0
1789794964.776780	5631269275	2096784305	24146422	6496000	49300000	8110000	40000	978343	0
1789794965.283052	5631458972	2096794131	24146422	6487000	49300000	8099000	40000	639077	0
1789794965.793198	5631694506	2096807132	24146422	6487000	49300000	8099000	40000	1010492	0
1789794966.299040	5632136033	2096905154	24146544	6487000	49300000	8099000	40000	1254245	0
1789794966.807174	5632560287	2096974429	24146544	6487000	49300000	8099000	40000	727859	0
1789794967.313408	5632880050	2097024050	24146544	6489000	49290000	8102000	40000	1019288	0
1789794967.821899	5633901470	2097485047	24146544	6489000	49290000	8102000	40000	1007787	0
1789794968.326058	5634403727	2097646424	24146544	6489000	49290000	8102000	40000	667835	0
1789794968.835278	5634642862	2097673646	24146605	6489000	49290000	8102000	40000	630707	0
1789794969.340091	5634862039	2097684083	24146605	6495000	49290000	8109000	40000	586447	0
1789794969.850357	5635345802	2097844666	24146605	6495000	49290000	8109000	40000	682387	0
1789794970.356560	5635567909	2097867676	24146666	6495000	49290000	8109000	39000	649242	0
1789794970.866149	5636054297	2098008606	24146666	6495000	49290000	8109000	39000	819743	0
1789794971.372041	5636416112	2098108337	24146666	6490000	49290000	8103000	42000	1198246	0
1789794971.881049	5636853733	2098227782	24146666	6490000	49290000	8103000	42000	602727	0
1789794972.387060	5637490206	2098385985	24146666	6490000	49290000	8103000	40000	953458	0
1789794972.897544	5637722261	2098408385	24146666	6490000	49290000	8103000	40000	573916	0
1789794973.403447	5638279267	2098564757	24148741	6492000	49290000	8106000	39000	767249	0
1789794973.915027	5638604461	2098572081	24148741	6492000	49290000	8106000	39000	1053524	0
1789794974.421383	5639091642	2098729795	24148741	6492000	49290000	8106000	39000	903006	0
1789794974.930981	5639255583	2098736387	24148741	6492000	49290000	8106000	39000	535326	0
1789794975.436430	5639534085	2098747617	24148741	6492000	49290000	8106000	39000	651790	0
1789794975.946425	5639712613	2098754820	24148741	6492000	49290000	8106000	39000	601733	0
1789794976.451232	5639873562	2098758604	24148741	6491000	49280000	8104000	39000	651867	0
1789794976.961079	5640084560	2098769407	24148741	6491000	49280000	8104000	39000	609176	0
1789794977.467300	5640330470	2098774351	24148741	6491000	49280000	8104000	39000	651000	0
1789794977.976336	5640537745	2098790586	24148741	6491000	49280000	8104000	39000	620848	0
1789794978.482253	5640829248	2098803037	24148741	6495000	49280000	8109000	39000	780095	0
1789794978.992226	5641013268	2098811765	24148741	6495000	49280000	8109000	39000	985189	0
1789794979.497188	5641164208	2098815732	24148741	6495000	49280000	8109000	39000	1136428	0
1789794980.007289	5641343590	2098822385	24148741	6495000	49280000	8109000	39000	825368	0
1789794980.514601	5641504539	2098827207	24148741	6493000	49280000	8107000	39000	1045969	0
1789794981.023987	5641817588	2098835386	24148741	6493000	49280000	8107000	39000	990236	0
1789794981.529617	5642057272	2098843625	24148741	6493000	49280000	8107000	39000	681073	0
1789794982.039281	5642369588	2098903379	24148741	6493000	49280000	8107000	39000	835439	0
1789794982.544426	5643249469	2099278195	24148741	6488000	49280000	8101000	41000	1415902	0
1789794983.053054	5644156876	2099698299	24148741	6488000	49280000	8101000	41000	770207	0
1789794983.556636	5645007887	2100092157	24148741	6488000	49280000	8101000	41000	645884	0
1789794984.065065	5645964306	2100546075	24148741	6488000	49280000	8101000	41000	1300950	0
1789794984.569539	5646947824	2100982292	24148741	6477000	49270000	8087000	41000	747764	0
1789794985.077814	5647860053	2101377127	24148741	6477000	49270000	8087000	41000	1235270	0
1789794985.581093	5648893070	2101887624	24149108	6477000	49270000	8087000	41000	739074	0
1789794986.088310	5649791505	2102309681	24149108	6477000	49270000	8087000	41000	739750	0
1789794986.592982	5650710021	2102736438	24149108	6477000	49270000	8087000	42000	1138561	0
1789794987.101182	5651573544	2103130114	24149108	6477000	49270000	8087000	42000	736789	0
1789794987.604679	5652552668	2103645432	24149108	6484000	49270000	8096000	44000	962676	0
1789794988.112053	5653501396	2104122421	24149108	6484000	49270000	8096000	44000	612500	0
1789794988.616492	5654385366	2104548323	24149108	6484000	49270000	8096000	41000	856205	0
1789794989.124089	5655298449	2104990277	24149108	6484000	49270000	8096000	41000	592225	0
1789794989.628104	5656167588	2105402386	24149108	6484000	49270000	8096000	41000	763890	0
1789794990.136889	5657063825	2105837748	24149108	6484000	49270000	8096000	41000	746199	0
1789794990.640888	5657926738	2106242960	24149108	6484000	49270000	8096000	41000	719353	0
1789794991.147627	5658775430	2106629982	24149108	6484000	49270000	8096000	41000	649965	0
1789794991.652081	5659672278	2107066017	24149108	6486000	49260000	8098000	41000	748210	0
1789794992.160072	5660616978	2107496191	24149108	6486000	49260000	8098000	41000	771449	0
1789794992.663811	5661462313	2107886205	24149108	6486000	49260000	8098000	41000	763983	0
1789794993.171108	5662338653	2108293369	24149108	6486000	49260000	8098000	41000	973522	0
1789794993.674646	5663184476	2108682895	24149108	6483000	49260000	8094000	41000	734614	0
1789794994.183061	5664251002	2109209505	24149108	6483000	49260000	8094000	41000	1429590	0
1789794994.687503	5665135704	2109588959	24149108	6483000	49260000	8094000	42000	735976	0
1789794995.194402	5665994345	2109978851	24149108	6483000	49260000	8094000	42000	746840	0
1789794995.699333	5666833149	2110357634	24149108	6482000	49260000	8093000	41000	582032	0
1789794996.207098	5667697831	2110766569	24149108	6482000	49260000	8093000	41000	933077	0
1789794996.710671	5668555007	2111165860	24149108	6482000	49260000	8093000	41000	729983	0
1789794997.219022	5669457226	2111605128	24149108	6482000	49260000	8093000	41000	779866	0
1789794997.723040	5669965343	2111710231	24149108	6482000	49260000	8093000	39000	1131979	0
1789794998.232734	5670459787	2111875147	24149108	6482000	49260000	8093000	39000	796176	0
1789794998.738798	5670657968	2111881922	24149108	6492000	49250000	8105000	39000	922282	0
1789794999.248056	5670835397	2111888941	24149108	6492000	49250000	8105000	39000	916195	0
1789794999.754100	5671026131	2111894556	24149108	6492000	49250000	8105000	39000	1143905	0
1789795000.263351	5671193855	2111900416	24149108	6492000	49250000	8105000	39000	753878	0
1789795000.769313	5671335273	2111905054	24149108	6495000	49250000	8109000	39000	665984	0
1789795001.278911	5671511481	2111910731	24149108	6495000	49250000	8109000	39000	603706	0
1789795001.784524	5672375005	2112286401	24149108	6495000	49250000	8109000	41000	596866	0
1789795002.293655	5673304201	2112729820	24149108	6495000	49250000	8109000	41000	738090	0
1789795002.798677	5674203552	2113095176	24149108	6480000	49250000	8091000	41000	746490	0
1789795003.305076	5675042539	2113472738	24149108	6480000	49250000	8091000	41000	944655	0
1789795003.809009	5675869258	2113842549	24149108	6480000	49250000	8091000	41000	752331	0
1789795004.315848	5676950249	2114381366	24149108	6480000	49250000	8091000	41000	765588	0
1789795004.819942	5677847036	2114811541	24149108	6485000	49250000	8097000	41000	927373	0
1789795005.327069	5678734363	2115232805	24149108	6485000	49250000	8097000	41000	896582	0
1789795005.830930	5679568773	2115610794	24149108	6485000	49250000	8097000	41000	722716	0
1789795006.337261	5680427108	2116012832	24149108	6485000	49250000	8097000	41000	635083	0
1789795006.840986	5681285321	2116412428	24149108	6484000	49240000	8095000	41000	793344	0
1789795007.349294	5682258951	2116924817	24149108	6484000	49240000	8095000	41000	578256	0
1789795007.853635	5683170692	2117369579	24149108	6484000	49240000	8095000	43000	1449684	0
1789795008.360740	5684107274	2117788523	24149108	6484000	49240000	8095000	43000	873701	0
1789795008.865125	5684956393	2118177072	24149108	6484000	49240000	8095000	41000	746057	0
1789795009.373098	5685786896	2118551400	24149108	6484000	49240000	8095000	41000	724772	0
1789795009.878945	5686749479	2119022651	24149108	6484000	49240000	8096000	42000	701837	0
1789795010.385293	5687573940	2119391913	24149108	6484000	49240000	8096000	42000	579870	0
1789795010.889960	5688412561	2119771001	24149108	6484000	49240000	8096000	41000	847929	0
1789795011.396770	5689318504	2120206364	24149108	6484000	49240000	8096000	41000	757892	0
1789795011.901371	5690166890	2120597110	24149108	6483000	49230000	8094000	41000	854841	0
1789795012.409708	5691003497	2120974367	24149108	6483000	49230000	8094000	41000	738131	0
1789795012.913288	5691902115	2121358216	24149108	6483000	49230000	8094000	41000	590543	0
1789795013.420463	5692789930	2121777893	24149108	6483000	49230000	8094000	41000	752883	0
1789795013.923928	5693677135	2122179869	24149108	6484000	49230000	8096000	41000	737388	0
1789795014.432128	5694820138	2122709897	24149108	6484000	49230000	8096000	41000	579944	0
1789795014.937134	5695670904	2123102169	24149108	6484000	49230000	8096000	41000	731503	0
1789795015.445795	5696531681	2123501704	24149108	6484000	49230000	8096000	41000	758421	0
1789795015.949822	5697428163	2123933405	24149108	6483000	49230000	8094000	41000	897271	0
1789795016.456644	5698319823	2124362054	24149108	6483000	49230000	8094000	41000	913840	0
1789795016.960642	5699137326	2124663262	24149108	6483000	49230000	8094000	39000	703660	0
1789795017.470415	5699603145	2124781730	24149108	6483000	49230000	8094000	39000	865918	0
1789795017.976285	5699911067	2124841728	24149108	6490000	49220000	8103000	39000	558357	0
1789795018.487399	5700079523	2124847709	24149108	6490000	49220000	8103000	39000	751216	0
1789795018.993009	5700237543	2124852592	24149108	6490000	49220000	8103000	38000	602685	0
1789795019.504240	5700493280	2124860954	24149108	6490000	49220000	8103000	38000	1013530	0
1789795020.010932	5700682061	2124871269	24149413	6490000	49220000	8103000	38000	1237899	0
1789795020.520295	5700888176	2124879447	24149413	6490000	49220000	8103000	38000	540066	0
1789795021.026058	5701441336	2125073356	24149779	6493000	49220000	8107000	39000	1513865	0
1789795021.532999	5702756885	2125698232	24149840	6493000	49220000	8107000	39000	948491	0
1789795022.039039	5703779404	2126130116	24149962	6493000	49220000	8107000	41000	864609	0
1789795022.546541	5704930585	2126675830	24149962	6493000	49220000	8107000	41000	1033468	0
1789795023.051214	5706090739	2127271531	24150023	6481000	49220000	8092000	41000	586445	0
1789795023.559128	5706845314	2127531845	24150023	6481000	49220000	8092000	41000	1179305	0
1789795024.065045	5707462378	2127777084	24150023	6481000	49220000	8092000	39000	1430779	0
1789795024.575402	5707867406	2127895736	24150023	6481000	49220000	8092000	39000	596236	0
1789795025.081432	5708144749	2127905502	24150023	6491000	49220000	8104000	38000	894946	0
1789795025.591363	5708318943	2127912582	24150023	6491000	49220000	8104000	38000	639144	0
1789795026.098463	5708542209	2127920150	24150023	6491000	49220000	8104000	38000	788975	0
1789795026.609145	5708774997	2127931808	24150023	6491000	49220000	8104000	38000	582621	0
1789795027.114546	5708970675	2127940048	24150023	6492000	49210000	8106000	38000	759602	0
1789795027.625163	5709809479	2128310591	24150023	6492000	49210000	8106000	38000	944107	0
1789795028.131073	5710947232	2128799054	24150023	6492000	49210000	8106000	39000	948595	0
1789795028.638797	5712036402	2129303997	24150023	6492000	49210000	8106000	39000	988735	0
1789795029.142738	5713174949	2129842447	24150023	6478000	49210000	8088000	41000	694196	0
1789795029.652225	5714306965	2130384743	24150023	6478000	49210000	8088000	41000	696827	0
1789795030.156349	5714888873	2130517617	24150023	6478000	49210000	8088000	38000	565874	0
1789795030.667463	5715352250	2130672829	24150023	6478000	49210000	8088000	38000	679193	0
1789795031.173158	5715567826	2130686317	24150023	6478000	49210000	8088000	38000	1017539	0
1789795031.681298	5715776444	2130695412	24150023	6478000	49210000	8088000	38000	795945	0
1789795032.187341	5715972000	2130706337	24150023	6492000	49210000	8106000	38000	909224	0
1789795032.699456	5716215835	2130714699	24150023	6492000	49210000	8106000	38000	658230	0
1789795033.205181	5716429030	2130728554	24150023	6492000	49210000	8106000	38000	555885	0
1789795033.713711	5716569777	2130733436	24150023	6492000	49210000	8106000	38000	611292	0
1789795034.219468	5717808421	2131411352	24150023	6493000	49210000	8107000	39000	1026039	0
1789795034.729291	5719340155	2132167271	24150023	6493000	49210000	8107000	39000	1195907	0
1789795035.234887	5720825259	2132931673	24150023	6493000	49210000	8107000	40000	851227	0
1789795035.743941	5721878723	2133292268	24150023	6493000	49210000	8107000	40000	754732	0
1789795036.254604	5723099789	2133655060	24150023	6476000	49200000	8086000	39000	595735	0
1789795036.766669	5723768916	2133787506	24150023	6476000	49200000	8086000	39000	1134487	0
1789795037.271990	5724227167	2133898223	24150023	6476000	49200000	8086000	38000	564186	0
1789795037.781228	5724406915	2133906402	24150023	6476000	49200000	8086000	38000	559983	0
1789795038.287346	5724692925	2133933135	24150023	6493000	49200000	8107000	38000	758808	0
1789795038.797948	5725011039	2133944305	24150023	6493000	49200000	8107000	38000	594687	0
1789795039.304378	5725355399	2133970733	24150023	6493000	49200000	8107000	38000	651878	0
1789795039.814005	5725644705	2133976348	24150023	6493000	49200000	8107000	38000	981792	0
1789795040.319623	5725887929	2133996551	24150023	6492000	49200000	8105000	38000	755629	0
1789795040.828757	5726800158	2134398832	24150023	6492000	49200000	8105000	38000	1735693	0
1789795041.333038	5728354842	2135134670	24150023	6492000	49200000	8105000	42000	651792	0
1789795041.840207	5729785624	2135904444	24150023	6492000	49200000	8105000	42000	733055	0
1789795042.344265	5730794167	2136273034	24150023	6495000	49190000	8109000	39000	611864	0
1789795042.855629	5731759130	2136560265	24150023	6495000	49190000	8109000	39000	662658	0
1789795043.360184	5732705478	2136732994	24150023	6495000	49190000	8109000	38000	821612	0
1789795043.868961	5733212556	2136899741	24150023	6495000	49190000	8109000	38000	1025064	0
1789795044.374980	5733812652	2137079612	24150023	6495000	49190000	8109000	38000	1058400	0
1789795044.886053	5734011443	2137092856	24150023	6495000	49190000	8109000	38000	960640	0
1789795045.391180	5734227996	2137099082	24150023	6480000	49190000	8091000	38000	551199	0
1789795045.900749	5734429655	2137122702	24150023	6480000	49190000	8091000	38000	786713	0
1789795046.407018	5734837064	2137130698	24150023	6480000	49190000	8091000	38000	634787	0
1789795046.917255	5735063260	2137141318	24150023	6480000	49190000	8091000	38000	652040	0
1789795047.422926	5736591637	2137735738	24150023	6492000	49190000	8106000	41000	1600108	0
1789795047.931992	5741344860	2140135878	24150023	6492000	49190000	8106000	41000	1339505	0
1789795048.437930	5745368836	2142284432	24150023	6492000	49190000	8106000	42000	1295231	0
1789795048.949174	5749448965	2144440433	24150023	6492000	49190000	8106000	42000	1384658	0
1789795049.454983	5753471904	2146541135	24150023	6436000	49180000	8035000	42000	1282979	0
1789795049.963945	5757528534	2148673942	24150023	6436000	49180000	8035000	42000	1379465	0
1789795050.468785	5761552083	2150704638	24150023	6436000	49180000	8035000	43000	1300956	0
1789795050.978022	5765609690	2152776654	24150023	6436000	49180000	8035000	43000	1428497	0
1789795051.483120	5769516418	2154742835	24150023	6435000	49170000	8034000	43000	1408311	0
1789795051.991030	5771964899	2155704259	24150023	6435000	49170000	8034000	43000	1628120	0
1789795052.497314	5772392021	2155787205	24150023	6435000	49170000	8034000	39000	1059684	0
1789795053.008101	5772819144	2155875035	24150023	6435000	49170000	8034000	39000	674149	0
1789795053.515950	5773036185	2155884800	24150023	6490000	49170000	8103000	39000	700022	0
1789795054.027034	5773391042	2155938328	24150023	6490000	49170000	8103000	39000	1179765	0
1789795054.533399	5773864674	2156092380	24150023	6490000	49170000	8103000	39000	659520	0
1789795055.046087	5774224658	2156148594	24150023	6490000	49170000	8103000	39000	663039	0
1789795055.552571	5774635729	2156153415	24150023	6490000	49170000	8103000	39000	616808	0
1789795056.066100	5775139573	2156227695	24150023	6490000	49170000	8103000	39000	1239691	0
1789795056.580981	5779879063	2158506498	24150023	6488000	49170000	8101000	42000	1430340	0
1789795057.096278	5783990014	2160734275	24150023	6488000	49170000	8101000	42000	1328770	0
1789795057.602949	5788022658	2162824785	24150023	6488000	49170000	8101000	42000	1224532	0
1789795058.110945	5792071964	2164915417	24150023	6488000	49170000	8101000	42000	1287497	0
1789795058.615930	5796094536	2167030585	24150023	6432000	49160000	8031000	43000	1266920	0
1789795059.127897	5800183088	2169171265	24150023	6432000	49160000	8031000	43000	1376358	0
1789795059.633639	5804205417	2171209468	24150023	6432000	49160000	8031000	43000	1342613	0
1789795060.141776	5808052575	2173124197	24150023	6432000	49160000	8031000	43000	1031409	0
1789795060.647368	5811164871	2174294177	24150023	6431000	49150000	8029000	43000	835000	0
1789795061.156288	5812180128	2174604723	24150023	6431000	49150000	8029000	43000	1166562	0
1789795061.662447	5812662426	2174775987	24150023	6431000	49150000	8029000	40000	954108	0
1789795062.174896	5812861889	2174788438	24150023	6431000	49150000	8029000	40000	936568	0
1789795062.681929	5813026927	2174791551	24150023	6488000	49150000	8100000	39000	990031	0
1789795063.194761	5813553232	2174869676	24150023	6488000	49150000	8100000	39000	671444	0
1789795063.700908	5813796212	2174883104	24150023	6488000	49150000	8100000	39000	639993	0
1789795064.212834	5814371894	2175045213	24150023	6488000	49150000	8100000	39000	740696	0
1789795064.720906	5814523933	2175048509	24150023	6484000	49140000	8095000	39000	675080	0
1789795065.232058	5817436950	2176287214	24150023	6484000	49140000	8095000	39000	1600275	0
1789795065.737056	5821724048	2178639930	24150023	6484000	49140000	8095000	43000	1390352	0
1789795066.248963	5825803567	2180872834	24150023	6484000	49140000	8095000	43000	1294778	0
1789795066.755954	5829845488	2182961025	24150023	6433000	49140000	8032000	43000	1328356	0
1789795067.267650	5833915668	2185083944	24150023	6433000	49140000	8032000	43000	1312298	0
1789795067.773984	5837958504	2187223587	24150023	6433000	49140000	8032000	43000	1328879	0
1789795068.286057	5842034849	2189283946	24150511	6433000	49140000	8032000	43000	1299480	0
1789795068.790088	5845873340	2191159429	24150511	6433000	49140000	8032000	44000	1069039	0
1789795069.300751	5849687722	2192881593	24150633	6433000	49140000	8032000	44000	927887	0
1789795069.805156	5852297151	2193836729	24150633	6434000	49130000	8033000	44000	1774380	0
1789795070.311980	5857228596	2196441459	24150633	6434000	49130000	8033000	44000	1442200	0
1789795070.819963	5861271066	2198711046	24150633	6434000	49130000	8033000	44000	1330526	0
1789795071.330977	5865350951	2200866497	24150633	6434000	49130000	8033000	44000	1279154	0
1789795071.835138	5869367298	2202995703	24150695	6428000	49120000	8026000	44000	1597873	0
1789795072.344056	5873423806	2205134552	24150695	6428000	49120000	8026000	44000	1278708	0
1789795072.851933	5877462858	2207211390	24150695	6428000	49120000	8026000	45000	1350811	0
1789795073.362053	5881533283	2209282979	24150695	6428000	49120000	8026000	45000	1488898	0
1789795073.867041	5885152109	2211044510	24150695	6428000	49110000	8025000	45000	1519724	0
1789795074.374686	5888879943	2212423657	24150695	6428000	49110000	8025000	45000	901432	0
1789795074.880064	5893322620	2214569526	24150695	6428000	49110000	8025000	45000	1430233	0
1789795075.393959	5897411172	2216871216	24150695	6428000	49110000	8025000	45000	1396875	0
1789795075.899942	5901443144	2219043086	24150695	6428000	49110000	8026000	45000	1338776	0
1789795076.409146	5905505755	2221157216	24153075	6428000	49110000	8026000	45000	1325508	0
1789795076.913808	5909522164	2223264205	24157347	6428000	49110000	8026000	45000	1291090	0
1789795077.425117	5913601926	2225402322	24157347	6428000	49110000	8026000	45000	1486976	0
1789795077.930496	5917628466	2227437840	24157347	6425000	49100000	8022000	45000	1328556	0
1789795078.439071	5921665260	2229485930	24157347	6425000	49100000	8022000	45000	1162388	0
1789795078.943648	5925295805	2231256922	24157469	6425000	49100000	8022000	45000	1171649	0
1789795079.453072	5929356402	2233036946	24157714	6425000	49100000	8022000	45000	1796721	0
1789795079.959060	5933534431	2235367568	24157714	6425000	49100000	8022000	45000	1414120	0
1789795080.470714	5937606259	2237607675	24158019	6425000	49100000	8022000	45000	1329069	0
1789795080.977989	5941646898	2239681949	24158019	6424000	49090000	8021000	45000	1296162	0
1789795081.490638	5945734717	2241805967	24158019	6424000	49090000	8021000	45000	1281306	0
1789795081.995977	5949758145	2243885857	24158019	6424000	49090000	8021000	46000	1376974	0
1789795082.504975	5953813432	2245948962	24158019	6424000	49090000	8021000	46000	1294563	0
1789795083.011835	5957853156	2247985639	24158019	6426000	49080000	8023000	46000	1289136	0
1789795083.521334	5961594235	2249780556	24158141	6426000	49080000	8023000	46000	1057890	0
1789795084.026973	5965716722	2251527195	24158141	6426000	49080000	8023000	46000	1483351	0
1789795084.537736	5970002539	2253920804	24158202	6426000	49080000	8023000	46000	1308297	0
1789795085.045979	5974050441	2256172263	24158446	6420000	49070000	8016000	46000	1380332	0
1789795085.555979	5978115921	2258389848	24158446	6420000	49070000	8016000	46000	1335863	0
1789795086.064005	5982163518	2260561229	24158446	6420000	49070000	8016000	46000	1384944	0
1789795086.574050	5986236384	2262658514	24158446	6420000	49070000	8016000	46000	1276808	0
1789795087.083074	5990283309	2264725891	24158446	6422000	49070000	8018000	46000	1350025	0
1789795087.592696	5994349400	2266790217	24158873	6422000	49070000	8018000	46000	1430295	0
1789795088.098991	5997881129	2268459768	24158873	6422000	49070000	8018000	46000	1246838	0
1789795088.608999	6000726947	2269425525	24158873	6422000	49070000	8018000	46000	1681304	0
1789795089.141044	6005585516	2271833417	24158873	6414000	49060000	8008000	47000	1444631	0
1789795089.653985	6009674251	2274151099	24158873	6414000	49060000	8008000	47000	1397988	0
1789795090.158981	6013697251	2276274568	24158873	6414000	49060000	8008000	47000	1266974	0
1789795090.667045	6017745336	2278396144	24158873	6414000	49060000	8008000	47000	1275691	0
1789795091.170980	6021762843	2280524862	24158873	6414000	49060000	8008000	47000	1331734	0
1789795091.679064	6025810806	2282634232	24158873	6414000	49060000	8008000	47000	1374644	0
1789795092.184534	6029844487	2284701548	24158873	6424000	49050000	8021000	47000	1336939	0
1789795092.692954	6033706233	2286656987	24158873	6424000	49050000	8021000	47000	1032017	0
1789795093.198046	6037026354	2288002870	24158873	6424000	49050000	8021000	45000	1182681	0
1789795093.708015	6039590678	2289039367	24158873	6424000	49050000	8021000	45000	1852064	0
1789795094.212979	6044134185	2291451592	24158873	6444000	49040000	8046000	48000	1436663	0
1789795094.723046	6048199726	2293720446	24158873	6444000	49040000	8046000	48000	1345375	0
1789795095.231618	6052256478	2295881634	24158873	6444000	49040000	8046000	48000	1320075	0
1789795095.739961	6056305296	2298050574	24158873	6444000	49040000	8046000	48000	1378596	0
1789795096.249000	6060360278	2300130036	24158873	6424000	49030000	8020000	48000	1272289	0
1789795096.761055	6064443154	2302211818	24159056	6424000	49030000	8020000	48000	1325844	0
1789795097.266063	6068465604	2304272787	24159239	6424000	49030000	8020000	48000	1344175	0
1789795097.774456	6072521929	2306343338	24159239	6424000	49030000	8020000	48000	1408912	0
1789795098.278705	6075083629	2307454053	24159239	6420000	49030000	8016000	45000	1216340	0
1789795098.786984	6079945739	2309805549	24159239	6420000	49030000	8016000	45000	1431782	0
1789795099.292936	6083978077	2312051149	24159239	6420000	49030000	8016000	48000	1275133	0
1789795099.804065	6088049661	2314252132	24159239	6420000	49030000	8016000	48000	1372028	0
1789795100.309059	6092074492	2316465993	24159239	6421000	49020000	8017000	48000	1433833	0
1789795100.819060	6096139606	2318589096	24159300	6421000	49020000	8017000	48000	1279327	0
1789795101.326780	6100187752	2320657145	24159300	6421000	49020000	8017000	48000	1278457	0
1789795101.836504	6104250242	2322736241	24159300	6421000	49020000	8017000	48000	1310789	0
1789795102.341279	6108271289	2324778716	24159300	6421000	49020000	8017000	49000	1098200	0
1789795102.849022	6111572489	2326012111	24159300	6421000	49020000	8017000	49000	1118389	0
1789795103.354954	6115105072	2327419029	24159300	6419000	49010000	8014000	49000	1737168	0
1789795103.864029	6119486775	2329871965	24159300	6419000	49010000	8014000	49000	1496666	0
1789795104.368943	6123510324	2332147899	24159300	6419000	49010000	8014000	49000	1383443	0
1789795104.881639	6127597594	2334308111	24159300	6419000	49010000	8014000	49000	1271316	0
1789795105.386602	6131622425	2336427734	24159300	6421000	49000000	8017000	49000	1334163	0
1789795105.896932	6135688821	2338557306	24159300	6421000	49000000	8017000	49000	1278238	0
1789795106.401825	6139711760	2340672230	24159300	6421000	49000000	8017000	49000	1266981	0
1789795106.911370	6143775226	2342797286	24159300	6421000	49000000	8017000	49000	1499506	0
1789795107.418047	6147758309	2344863931	24159300	6419000	48990000	8014000	48000	1204129	0
1789795107.928992	6150273256	2345824072	24159300	6419000	48990000	8014000	48000	1543224	0
1789795108.434071	6150663514	2345895788	24159545	6419000	48990000	8014000	45000	714156	0
1789795108.946793	6151195617	2346028906	24159545	6419000	48990000	8014000	45000	784128	0
1789795109.453724	6151427062	2346040747	24159545	6473000	48990000	8082000	45000	669112	0
1789795109.966778	6151615172	2346048559	24159545	6473000	48990000	8082000	45000	652122	0
1789795110.475039	6151807066	2346057409	24159545	6473000	48990000	8082000	45000	787216	0
1789795110.987535	6151967954	2346063696	24159545	6473000	48990000	8082000	45000	1070690	0
1789795111.494115	6152174130	2346074865	24159545	6478000	48990000	8088000	44000	802903	0
1789795112.005564	6152355221	2346082006	24159545	6478000	48990000	8088000	44000	669369	0
1789795112.513734	6152714717	2346114416	24159545	6478000	48990000	8088000	45000	1481309	0
1789795113.022974	6153064692	2346189550	24159606	6478000	48990000	8088000	45000	738758	0
1789795113.530342	6153422235	2346239110	24159606	6478000	48990000	8088000	44000	655749	0
1789795114.042791	6153743828	2346313329	24159606	6478000	48990000	8088000	44000	1243688	0
1789795114.547019	6154381034	2346536046	24162108	6476000	48980000	8086000	44000	1317790	0
1789795115.056207	6154884328	2346603855	24162108	6476000	48980000	8086000	44000	1168209	0
1789795115.563237	6155177846	2346616795	24162169	6476000	48980000	8086000	44000	561317	0
1789795116.071556	6155487476	2346656712	24162169	6476000	48980000	8086000	44000	858930	0
1789795116.578164	6155970385	2346781528	24162169	6477000	48980000	8087000	44000	880965	0
1789795117.087783	6156257555	2346810947	24162230	6477000	48980000	8087000	44000	1033959	0
1789795117.594063	6156500291	2346816746	24162230	6477000	48980000	8087000	43000	1003257	0
1789795118.103207	6156932297	2346848606	24162230	6477000	48980000	8087000	43000	859841	0
1789795118.608647	6157141342	2346857212	24162230	6477000	48980000	8087000	43000	740245	0
1789795119.119187	6157375899	2346875461	24162291	6477000	48980000	8087000	43000	622549	0
1789795119.626417	6157544295	2346880954	24162291	6477000	48980000	8087000	43000	572550	0
1789795120.135761	6157968305	2346959445	24162291	6477000	48980000	8087000	43000	614300	0
1789795120.641314	6158206891	2346964572	24162291	6477000	48980000	8087000	43000	622008	0
1789795121.150735	6158556560	2346981479	24162291	6477000	48980000	8087000	43000	422597	0
1789795121.656385	6158732585	2346989536	24162291	6477000	48980000	8087000	43000	576277	0
1789795122.165852	6158994975	2347009738	24162291	6477000	48980000	8087000	43000	614800	0
1789795122.672251	6159171488	2347016513	24162291	6481000	48970000	8092000	43000	624731	0
1789795123.183390	6159374246	2347030429	24162291	6481000	48970000	8092000	43000	915654	0
1789795123.689469	6159677651	2347042392	24162291	6481000	48970000	8092000	43000	866573	0
1789795124.199559	6160349891	2347273776	24162291	6481000	48970000	8092000	43000	609899	0
1789795124.705054	6160579077	2347282198	24162291	6481000	48970000	8092000	43000	908682	0
1789795125.213782	6161015355	2347356478	24162291	6481000	48970000	8092000	43000	1030852	0
1789795125.720120	6161290196	2347362459	24162291	6477000	48970000	8087000	43000	688299	0
1789795126.230383	6161516330	2347386507	24162291	6477000	48970000	8087000	43000	611739	0
1789795126.737117	6161690402	2347393709	24162291	6477000	48970000	8087000	42000	661786	0
1789795127.246688	6162099398	2347415438	24162291	6477000	48970000	8087000	42000	545350	0
1789795127.753525	6162280183	2347422945	24162291	6484000	48970000	8095000	42000	558701	0
1789795128.263348	6162765107	2347461275	24162291	6484000	48970000	8095000	42000	691023	0
1789795128.768234	6162960358	2347466768	24162291	6484000	48970000	8095000	43000	836039	0
1789795129.278145	6163318145	2347509493	24162291	6484000	48970000	8095000	43000	735279	0
1789795129.784424	6163553190	2347517244	24162291	6479000	48970000	8089000	42000	847860	0
1789795130.294147	6163812955	2347545015	24162291	6479000	48970000	8089000	42000	631023	0
1789795130.799538	6163987088	2347551546	24162291	6479000	48970000	8089000	42000	679275	0
1789795131.309052	6164188260	2347565401	24162291	6479000	48970000	8089000	42000	826212	0
1789795131.815385	6164349392	2347570589	24162291	6483000	48960000	8094000	42000	1199198	0
1789795132.325046	6164584011	2347595308	24162291	6483000	48960000	8094000	42000	749919	0
1789795132.830771	6164740138	2347600557	24162291	6483000	48960000	8094000	42000	1058523	0
1789795133.340444	6164981165	2347627351	24162291	6483000	48960000	8094000	42000	604470	0
1789795133.846402	6165154261	2347634554	24162291	6483000	48960000	8094000	42000	1051818	0
1789795134.356123	6165781090	2347827119	24162291	6483000	48960000	8094000	42000	691407	0
1789795134.862311	6166001915	2347837800	24162291	6483000	48960000	8094000	42000	767803	0
1789795135.371931	6166251853	2347845307	24162291	6483000	48960000	8094000	42000	716963	0
1789795135.878239	6166440329	2347856172	24162291	6483000	48960000	8094000	42000	575336	0
1789795136.388250	6166792745	2347873200	24162291	6483000	48960000	8094000	42000	754301	0
1789795136.893103	6166994649	2347884980	24162291	6486000	48960000	8098000	42000	729228	0
1789795137.403023	6167192463	2347893647	24162291	6486000	48960000	8098000	42000	807393	0
1789795137.909031	6167390827	2347913056	24162291	6486000	48960000	8098000	42000	671716	0
1789795138.417450	6167578571	2347924653	24162291	6486000	48960000	8098000	42000	766406	0
1789795138.923926	6167788043	2347934968	24162291	6486000	48960000	8098000	42000	712029	0
1789795139.434290	6168071551	2347944611	24162291	6486000	48960000	8098000	42000	544472	0
1789795139.939696	6168306352	2347961030	24162291	6486000	48960000	8098000	41000	660314	0
1789795140.449182	6168589738	2347986298	24162474	6486000	48960000	8098000	41000	511161	0
1789795140.955538	6168843826	2348002167	24162474	6482000	48950000	8093000	41000	639830	0
1789795141.463801	6169054336	2348011323	24162474	6482000	48950000	8093000	41000	911381	0
1789795141.970188	6169300368	2348021882	24162474	6482000	48950000	8093000	41000	558213	0
1789795142.480489	6169596937	2348036225	24162474	6482000	48950000	8093000	41000	748954	0
1789795142.986077	6169936414	2348060456	24162474	6482000	48950000	8093000	41000	559913	0
1789795143.496412	6170221630	2348078217	24162474	6482000	48950000	8093000	41000	842021	0
1789795144.002159	6170531383	2348130890	24162474	6482000	48950000	8093000	41000	911192	0
1789795144.512329	6171064097	2348315155	24162474	6482000	48950000	8093000	41000	666955	0
1789795145.019173	6171228464	2348319305	24162474	6484000	48950000	8095000	41000	551617	0
1789795145.528657	6171433847	2348329742	24162474	6484000	48950000	8095000	41000	598335	0
1789795146.035774	6171618294	2348334137	24162474	6484000	48950000	8095000	41000	647277	0
1789795146.544213	6171828804	2348345184	24162474	6484000	48950000	8095000	41000	635744	0
1789795147.049585	6171977241	2348349456	24162474	6484000	48950000	8095000	41000	1168266	0
1789795147.559355	6172161079	2348356292	24162474	6484000	48950000	8095000	41000	626918	0
1789795148.065177	6172400214	2348361724	24162474	6487000	48950000	8099000	41000	756817	0
1789795148.574328	6172701910	2348374481	24162474	6487000	48950000	8099000	41000	573945	0
1789795149.080374	6172933232	2348378753	24162474	6487000	48950000	8099000	40000	719374	0
1789795149.592630	6173130559	2348389617	24162474	6487000	48950000	8099000	40000	543548	0
1789795150.098218	6173279057	2348393158	24162474	6484000	48940000	8096000	40000	1070872	0
1789795150.606740	6173489688	2348410980	24162474	6484000	48940000	8096000	40000	654295	0
1789795151.112984	6173694522	2348421661	24162474	6484000	48940000	8096000	40000	571296	0
1789795151.623363	6173917422	2348435516	24162535	6484000	48940000	8096000	40000	683484	0
1789795152.129038	6174105776	2348441986	24162535	6484000	48940000	8095000	40000	737899	0
1789795152.641159	6174317567	2348453887	24162535	6484000	48940000	8095000	40000	653373	0
1789795153.145520	6174496095	2348461212	24162535	6484000	48940000	8095000	40000	682389	0
1789795153.655434	6174891235	2348473174	24162535	6484000	48940000	8095000	40000	647713	0
1789795154.160199	6175528441	2348629302	24162535	6484000	48940000	8096000	41000	917063	0
1789795154.670119	6176010800	2348654143	24162596	6484000	48940000	8096000	41000	863785	0
1789795155.176425	6176373714	2348660003	24162596	6484000	48940000	8096000	40000	802458	0
1789795155.685845	6176762141	2348668914	24162596	6484000	48940000	8096000	40000	868580	0
1789795156.191869	6177152643	2348684783	24162596	6483000	48940000	8094000	40000	844501	0
1789795156.701101	6177602532	2348720244	24162596	6483000	48940000	8094000	40000	605686	0
1789795157.207224	6178266227	2348923735	24162596	6483000	48940000	8094000	40000	913495	0
1789795157.717327	6178674734	2348939726	24162596	6483000	48940000	8094000	40000	588735	0
1789795158.222946	6179069813	2348953276	24162596	6483000	48940000	8094000	40000	629941	0
1789795158.734063	6179561328	2349103178	24163939	6483000	48940000	8094000	40000	642113	0
1789795159.240322	6179779589	2349115141	24166258	6484000	48930000	8095000	40000	598537	0
1789795159.749392	6179985888	2349129911	24166258	6484000	48930000	8095000	40000	593930	0
1789795160.255354	6180264451	2349138334	24166991	6484000	48930000	8095000	40000	549313	0
1789795160.765382	6180493455	2349150358	24167784	6484000	48930000	8095000	40000	751046	0
1789795161.271091	6180711228	2349160001	24167784	6484000	48930000	8096000	40000	658488	0
1789795161.780933	6180912948	2349170072	24167784	6484000	48930000	8096000	40000	728008	0
1789795162.287302	6181063278	2349174711	24167784	6484000	48930000	8096000	39000	637362	0
1789795162.797059	6181248336	2349187589	24167784	6484000	48930000	8096000	39000	1012253	0
1789795163.303934	6181418135	2349193448	24167784	6486000	48930000	8098000	39000	724224	0
1789795163.814365	6181594038	2349202237	24167784	6486000	48930000	8098000	39000	896560	0
1789795164.320109	6182144757	2349388150	24167784	6486000	48930000	8098000	39000	933068	0
1789795164.829308	6182424663	2349395413	24167784	6486000	48930000	8098000	39000	1045731	0
1789795165.335130	6182586406	2349399564	24167784	6484000	48930000	8095000	39000	666069	0
1789795165.844046	6182833415	2349405606	24167784	6484000	48930000	8095000	39000	756790	0
1789795166.349975	6182995585	2349410062	24167784	6484000	48930000	8095000	39000	647731	0
1789795166.857991	6183194498	2349424405	24167784	6484000	48930000	8095000	39000	650157	0
1789795167.364063	6183404397	2349433865	24167784	6485000	48920000	8097000	39000	705093	0
1789795167.874069	6183572121	2349443326	24167784	6485000	48920000	8097000	39000	894263	0
1789795168.379767	6183761696	2349449918	24167784	6485000	48920000	8097000	39000	813133	0
1789795168.889019	6183919654	2349456021	24167784	6485000	48920000	8097000	39000	593545	0
1789795169.396155	6184104896	2349461331	24167784	6486000	48920000	8098000	39000	649365	0
1789795169.906339	6184309912	2349470059	24167784	6486000	48920000	8098000	39000	542062	0
1789795170.411762	6184473791	2349474576	24167784	6486000	48920000	8098000	39000	736330	0
1789795170.921986	6184634863	2349480740	24167784	6486000	48920000	8098000	39000	1140474	0
1789795171.428343	6185124546	2349593289	24167784	6486000	48920000	8098000	41000	726296	0
1789795171.935659	6186759125	2350636804	24167784	6486000	48920000	8098000	41000	962414	0
1789795172.439808	6188088467	2351479392	24167784	6483000	48920000	8094000	44000	862872	0
1789795172.945930	6189436730	2352335042	24167784	6483000	48920000	8094000	44000	1135643	0
1789795173.450958	6190782674	2353203936	24167784	6483000	48920000	8094000	44000	722259	0
1789795173.958278	6192204973	2354118118	24167784	6483000	48920000	8094000	44000	1536940	0
1789795174.461774	6193915540	2355172986	24167784	6471000	48920000	8079000	44000	839035	0
1789795174.968239	6195460641	2356236399	24167784	6471000	48920000	8079000	44000	896692	0
1789795175.471629	6196869572	2357170418	24167784	6471000	48920000	8079000	44000	950195	0
1789795175.977849	6198244386	2358075811	24167784	6471000	48920000	8079000	44000	794805	0
1789795176.482032	6199773618	2359054507	24167906	6469000	48910000	8077000	48000	2061339	0
1789795176.988399	6201380608	2360076355	24167967	6469000	48910000	8077000	48000	737503	0
1789795177.493002	6202756215	2360978147	24167967	6469000	48910000	8077000	45000	952901	0
1789795177.999816	6204135423	2361887019	24167967	6469000	48910000	8077000	45000	1083122	0
1789795178.503707	6205478620	2362751092	24167967	6469000	48910000	8077000	44000	938628	0
1789795179.010037	6206829569	2363629996	24167967	6469000	48910000	8077000	44000	737500	0
1789795179.513922	6208225073	2364510121	24167967	6469000	48910000	8077000	44000	988479	0
1789795180.020419	6209573825	2365366625	24167967	6469000	48910000	8077000	44000	734639	0
1789795180.524382	6210938567	2366259994	24167967	6469000	48910000	8077000	44000	963593	0
1789795181.031835	6212324794	2367168439	24167967	6469000	48910000	8077000	44000	1117720	0
1789795181.536093	6213077966	2367533184	24167967	6468000	48900000	8075000	41000	783990	0
1789795182.045127	6213478417	2367655132	24167967	6468000	48900000	8075000	41000	758921	0
1789795182.551292	6213782005	2367660564	24167967	6468000	48900000	8075000	39000	680372	0
1789795183.060841	6213958518	2367666912	24167967	6468000	48900000	8075000	39000	646713	0
1789795183.567048	6214116355	2367671245	24167967	6483000	48900000	8094000	39000	814915	0
1789795184.078042	6214486776	2367746379	24167967	6483000	48900000	8094000	39000	1430981	0
1789795184.582532	6214872334	2367850322	24167967	6483000	48900000	8094000	39000	675842	0
1789795185.091288	6215050495	2367856670	24167967	6483000	48900000	8094000	39000	610319	0
1789795185.598307	6215975298	2368326822	24167967	6483000	48900000	8094000	43000	928725	0
1789795186.104502	6217597852	2369390479	24167967	6483000	48900000	8094000	43000	962143	0
1789795186.609671	6218926889	2370244237	24167967	6483000	48900000	8094000	44000	947368	0
1789795187.116132	6220266668	2371106478	24167967	6483000	48900000	8094000	44000	1001848	0
1789795187.619950	6221654360	2371985626	24167967	6467000	48890000	8074000	44000	998462	0
1789795188.126647	6223041808	2372880400	24167967	6467000	48890000	8074000	44000	894959	0
1789795188.630910	6224437007	2373798671	24167967	6467000	48890000	8074000	44000	830494	0
1789795189.137411	6225985953	2374875573	24167967	6467000	48890000	8074000	44000	969279	0
1789795189.642664	6227411853	2375801229	24167967	6465000	48890000	8072000	44000	1861728	0
1789795190.149770	6228859908	2376742206	24167967	6465000	48890000	8072000	44000	870828	0
1789795190.653235	6230263957	2377675065	24167967	6465000	48890000	8072000	46000	1418991	0
1789795191.161624	6231629371	2378557509	24167967	6465000	48890000	8072000	46000	917848	0
1789795191.665943	6233059177	2379507458	24167967	6465000	48890000	8072000	44000	1120533	0
1789795192.173370	6234402374	2380384348	24167967	6465000	48890000	8072000	44000	721300	0
1789795192.677354	6235755642	2381260688	24167967	6465000	48890000	8072000	44000	955183	0
1789795193.184118	6237145531	2382147893	24167967	6465000	48890000	8072000	44000	961680	0
1789795193.687966	6238508199	2382996890	24167967	6465000	48890000	8072000	44000	937057	0
1789795194.194865	6240230973	2384108154	24167967	6465000	48890000	8072000	44000	1478961	0
1789795194.698967	6241617749	2385011594	24167967	6467000	48880000	8074000	44000	985153	0
1789795195.205725	6242958566	2385853084	24167967	6467000	48880000	8074000	44000	1084033	0
1789795195.712948	6243479072	2386045100	24167967	6467000	48880000	8074000	40000	838939	0
1789795196.222274	6243723517	2386076838	24167967	6467000	48880000	8074000	40000	1271500	0
1789795196.728402	6243901435	2386084772	24167967	6480000	48880000	8091000	39000	920723	0
1789795197.239228	6244079352	2386091853	24167967	6480000	48880000	8091000	39000	1130472	0
1789795197.745344	6244236028	2386097040	24167967	6480000	48880000	8091000	39000	588843	0
1789795198.254060	6244409551	2386103876	24167967	6480000	48880000	8091000	39000	1166238	0
1789795198.759120	6244574284	2386109003	24167967	6486000	48880000	8098000	39000	713066	0
1789795199.269053	6245060611	2386200312	24168028	6486000	48880000	8098000	39000	1089987	0
1789795199.774292	6246590392	2386939873	24168028	6486000	48880000	8098000	40000	1597876	0
1789795200.283162	6248149165	2387819998	24168395	6486000	48880000	8098000	40000	737500	0
1789795200.788066	6250306081	2389275011	24168456	6460000	48870000	8066000	47000	950069	0
1789795201.295515	6251470385	2389861191	24168456	6460000	48870000	8066000	47000	705118	0
1789795201.801271	6251954637	2390031173	24168517	6460000	48870000	8066000	39000	750210	0
1789795202.311464	6252225693	2390043869	24168517	6460000	48870000	8066000	39000	650400	0
1789795202.817021	6252433395	2390052536	24168517	6460000	48870000	8066000	39000	662283	0
1789795203.326978	6252605758	2390059372	24168517	6460000	48870000	8066000	39000	653414	0
1789795203.833046	6252783553	2390067245	24168517	6484000	48870000	8096000	39000	593961	0
1789795204.342832	6253432294	2390268294	24168517	6484000	48870000	8096000	39000	658231	0
1789795204.848224	6253768658	2390278365	24168517	6484000	48870000	8096000	39000	1274184	0
1789795205.358401	6254713480	2390698225	24168517	6484000	48870000	8096000	39000	1594450	0
1789795205.862314	6256130102	2391378643	24168517	6483000	48870000	8094000	42000	1482705	0
1789795206.370633	6258280548	2392840676	24168517	6483000	48870000	8094000	42000	1778166	0
1789795206.875128	6260110316	2393902807	24168517	6483000	48870000	8094000	40000	794879	0
1789795207.386069	6260662500	2394107030	24168517	6483000	48870000	8094000	40000	1190485	0
1789795207.894968	6260856042	2394120030	24168517	6472000	48860000	8080000	39000	758540	0
1789795208.406096	6261054711	2394128697	24168517	6472000	48860000	8080000	39000	655073	0
1789795208.913562	6261234764	2394139867	24168517	6472000	48860000	8080000	39000	531865	0
1789795209.422931	6261461387	2394152074	24168517	6472000	48860000	8080000	39000	543110	0
1789795209.928449	6261769065	2394161046	24168517	6483000	48860000	8094000	39000	562775	0
1789795210.437737	6262046591	2394177830	24168517	6483000	48860000	8094000	39000	651912	0
1789795210.943420	6262600850	2394399265	24168517	6483000	48860000	8094000	42000	837114	0
1789795211.450039	6265429578	2396291656	24168517	6483000	48860000	8094000	42000	737500	0
1789795211.952944	6268055975	2397677577	24168517	6448000	48860000	8051000	45000	1352209	0
1789795212.460324	6269960328	2398315759	24168517	6448000	48860000	8051000	45000	1236071	0
1789795212.968324	6270580687	2398537560	24168578	6448000	48860000	8051000	39000	1093222	0
1789795213.479918	6270808348	2398549462	24168578	6448000	48860000	8051000	39000	787517	0
1789795213.987505	6271046629	2398563683	24168578	6448000	48860000	8051000	39000	1002518	0
1789795214.499299	6271592343	2398733056	24168578	6448000	48860000	8051000	39000	1040415	0
1789795215.005751	6271823055	2398751061	24168578	6483000	48850000	8094000	39000	1119579	0
1789795215.516962	6271994197	2398757103	24168578	6483000	48850000	8094000	39000	653951	0
1789795216.024355	6272353937	2398772789	24168578	6483000	48850000	8094000	39000	1217772	0
1789795216.536025	6273102410	2399139610	24168578	6483000	48850000	8094000	39000	914832	0
1789795217.040827	6275947129	2401099443	24168578	6479000	48850000	8089000	48000	916112	0
1789795217.549354	6278677957	2402441542	24168578	6479000	48850000	8089000	48000	706118	0
1789795218.053247	6280367223	2402958631	24168578	6479000	48850000	8089000	39000	792583	0
1789795218.565673	6280903049	2403154492	24168578	6479000	48850000	8089000	39000	963356	0
1789795219.072896	6281148654	2403170971	24168578	6470000	48850000	8078000	39000	826907	0
1789795219.584695	6281329195	2403179944	24168578	6470000	48850000	8078000	39000	624838	0
1789795220.092544	6281579805	2403197155	24168578	6470000	48850000	8078000	39000	654210	0
1789795220.605451	6281782136	2403206982	24168578	6470000	48850000	8078000	39000	703732	0
1789795221.113218	6282061310	2403233044	24168578	6480000	48840000	8091000	39000	775377	0
1789795221.624416	6282338592	2403243542	24168578	6480000	48840000	8091000	39000	641510	0
1789795222.132655	6284916039	2404385507	24168578	6480000	48840000	8091000	42000	1677888	0
1789795222.642053	6289233167	2406756961	24168578	6480000	48840000	8091000	42000	1383481	0
1789795223.147970	6293265749	2408986020	24168578	6428000	48840000	8025000	43000	1388332	0
1789795223.658984	6297335868	2411121207	24168578	6428000	48840000	8025000	43000	1389284	0
1789795224.163971	6301361615	2413228990	24168578	6428000	48840000	8025000	43000	1391935	0
1789795224.672076	6305411409	2415341961	24168578	6428000	48840000	8025000	43000	1286131	0
1789795225.180065	6309457663	2417395239	24168578	6425000	48840000	8022000	43000	1302066	0
1789795225.688815	6313513256	2419454438	24168578	6425000	48840000	8022000	43000	1629192	0
1789795226.193896	6317452577	2421399135	24168578	6425000	48830000	8022000	43000	1079205	0
1789795226.703214	6319183407	2422096094	24168578	6425000	48830000	8022000	43000	550073	0
1789795227.210757	6319762813	2422302758	24168578	6425000	48830000	8022000	40000	875005	0
1789795227.723848	6319980952	2422310144	24168578	6425000	48830000	8022000	40000	677289	0
1789795228.230812	6320176569	2422326745	24168578	6480000	48820000	8090000	39000	688034	0
1789795228.741908	6320370782	2422334008	24168578	6480000	48820000	8090000	39000	736377	0
1789795229.249573	6320790154	2422391930	24168578	6480000	48820000	8090000	39000	624708	0
1789795229.761675	6320971306	2422398766	24168578	6480000	48820000	8090000	39000	651239	0
1789795230.270181	6321309073	2422423791	24168578	6481000	48820000	8092000	40000	915012	0
1789795230.780996	6323415635	2423256125	24168578	6481000	48820000	8092000	40000	2077215	0
1789795231.286052	6327829320	2425721024	24168578	6481000	48820000	8092000	43000	1382839	0
1789795231.798973	6331917750	2428045725	24168578	6481000	48820000	8092000	43000	1344483	0
1789795232.303168	6335933914	2430163334	24168578	6424000	48820000	8021000	43000	1396990	0
1789795232.812981	6339995854	2432283751	24168578	6424000	48820000	8021000	43000	1340953	0
1789795233.320948	6344045038	2434363274	24168578	6424000	48820000	8021000	44000	1228625	0
1789795233.829190	6348095015	2436419666	24168578	6424000	48820000	8021000	44000	1339341	0
1789795234.334743	6352116856	2438493269	24168578	6424000	48810000	8021000	44000	1280022	0
1789795234.843625	6355840357	2440333962	24168578	6424000	48810000	8021000	44000	1121410	0
1789795235.348019	6358894243	2441696935	24168578	6424000	48810000	8021000	42000	739029	0
1789795235.859455	6359276749	2441758031	24168578	6424000	48810000	8021000	42000	1605248	0
1789795236.364356	6359703140	2441891453	24168578	6476000	48800000	8085000	40000	700035	0
1789795236.879602	6359906570	2441903294	24168578	6476000	48800000	8085000	40000	808488	0
1789795237.385007	6360173598	2441910313	24168578	6476000	48800000	8085000	40000	635638	0
1789795237.898152	6360378981	2441917698	24168578	6476000	48800000	8085000	40000	814318	0
1789795238.406510	6360556409	2441923619	24168578	6476000	48800000	8085000	40000	854434	0
1789795238.919008	6360721692	2441930272	24168578	6476000	48800000	8085000	40000	850092	0
1789795239.426934	6361224376	2442084690	24168578	6480000	48800000	8091000	41000	1641819	0
1789795239.936050	6366189757	2444747159	24168700	6480000	48800000	8091000	41000	1371333	0
1789795240.444456	6370238758	2447015464	24168700	6480000	48800000	8091000	44000	1350021	0
1789795240.954943	6374309792	2449116655	24169005	6480000	48800000	8091000	44000	1289506	0
1789795241.462513	6378350919	2451244640	24169066	6420000	48800000	8015000	44000	1320983	0
1789795241.972969	6382421405	2453390386	24169127	6420000	48800000	8015000	44000	1330055	0
1789795242.479071	6386455330	2455503052	24169127	6420000	48800000	8015000	44000	1370867	0
1789795242.987702	6390510861	2457552973	24169127	6420000	48800000	8015000	44000	1294714	0
1789795243.492127	6394307299	2459415700	24169127	6421000	48790000	8017000	45000	1039504	0
1789795244.001158	6398011453	2461151902	24169127	6421000	48790000	8017000	45000	1527919	0
1789795244.506985	6402614529	2463611246	24169127	6421000	48790000	8017000	45000	1476666	0
1789795245.015972	6406670427	2465920811	24169188	6421000	48790000	8017000	45000	1497349	0
1789795245.521971	6410703315	2468141203	24169249	6422000	48780000	8018000	45000	1383499	0
1789795246.031489	6414759457	2470277733	24169249	6422000	48780000	8018000	45000	1415033	0
1789795246.542198	6418831956	2472420611	24169249	6422000	48780000	8018000	45000	1349065	0
1789795247.052902	6422905188	2474481641	24169249	6422000	48780000	8018000	45000	1366914	0
1789795247.558740	6426932643	2476538948	24169249	6420000	48770000	8015000	45000	1357326	0
1789795248.067305	6430824784	2478479250	24169249	6420000	48770000	8015000	45000	1314524	0
1789795248.574724	6434601447	2480283811	24169249	6420000	48770000	8015000	46000	1324523	0
1789795249.085053	6439057429	2482447563	24169249	6420000	48770000	8015000	46000	1477636	0
1789795249.592978	6443104904	2484726671	24169249	6420000	48770000	8015000	45000	1428465	0
1789795250.100066	6447144200	2486977703	24169249	6420000	48770000	8015000	45000	1500085	0
1789795250.608499	6451201197	2489106115	24169310	6419000	48760000	8014000	46000	1387912	0
1789795251.119065	6455266189	2491227509	24169310	6419000	48760000	8014000	46000	1281342	0
1789795251.625942	6459304814	2493312098	24169310	6419000	48760000	8014000	45000	1273290	0
1789795252.137975	6463386224	2495406392	24169310	6419000	48760000	8014000	45000	1317426	0
1789795252.644699	6467424788	2497467056	24169310	6420000	48760000	8015000	46000	1304867	0
1789795253.152390	6471034520	2499237925	24169310	6420000	48760000	8015000	46000	1529858	0
1789795253.657745	6475470788	2501480961	24169310	6420000	48760000	8015000	47000	1712720	0
1789795254.176092	6479618543	2503826720	24169310	6420000	48760000	8015000	47000	1379426	0
1789795254.680982	6483640384	2506062676	24169310	6417000	48750000	8012000	46000	1382605	0
1789795255.191062	6487706474	2508273608	24169310	6417000	48750000	8012000	46000	1340079	0
1789795255.696803	6491740888	2510406659	24169310	6417000	48750000	8012000	46000	1582060	0
1789795256.209992	6495826510	2512509070	24169310	6417000	48750000	8012000	46000	1235623	0
1789795256.714765	6499851402	2514574861	24169310	6417000	48740000	8012000	47000	1292111	0
1789795257.225367	6503915173	2516642116	24169310	6417000	48740000	8012000	47000	1341814	0
1789795257.731518	6507519839	2518355491	24169310	6417000	48740000	8012000	48000	1811342	0
1789795258.239917	6511709770	2520281756	24169310	6417000	48740000	8012000	48000	1633320	0
1789795258.747009	6516045208	2522680980	24169310	6401000	48730000	7992000	47000	1442757	0
1789795259.257153	6520105989	2524964361	24169310	6401000	48730000	7992000	47000	1325519	0
1789795259.761980	6524133139	2527058960	24169310	6401000	48730000	7992000	47000	1285099	0
1789795260.269945	6528180492	2529153132	24169310	6401000	48730000	7992000	47000	1333876	0
1789795260.774735	6532204835	2531277089	24169310	6401000	48730000	7992000	47000	1339902	0
1789795261.283164	6536252981	2533432113	24169310	6401000	48730000	7992000	47000	1361092	0
1789795261.788080	6540265727	2535501809	24169310	6416000	48720000	8011000	48000	1158578	0
1789795262.296450	6544108796	2537426731	24169310	6416000	48720000	8011000	48000	1197675	0
1789795262.802935	6547355797	2538842499	24169310	6416000	48720000	8011000	46000	1942252	0
1789795263.313049	6552308604	2541556726	24169310	6416000	48720000	8011000	46000	1485552	0
1789795263.819642	6556342041	2543860125	24169310	6441000	48720000	8042000	48000	1368154	0
1789795264.329893	6560413991	2546037915	24169310	6441000	48720000	8042000	48000	1371824	0
1789795264.835051	6564439310	2548217658	24169310	6441000	48720000	8042000	48000	1334004	0
1789795265.346938	6568517181	2550321168	24169310	6441000	48720000	8042000	48000	1235011	0
1789795265.855051	6572566120	2552368710	24169310	6415000	48710000	8009000	48000	1326969	0
1789795266.366795	6576637582	2554437674	24169310	6415000	48710000	8009000	48000	1259106	0
1789795266.871381	6580662352	2556505113	24169310	6415000	48710000	8009000	48000	1334794	0
1789795267.379929	6583817923	2557984052	24169310	6415000	48710000	8009000	48000	1477694	0
1789795267.886027	6588581277	2560436316	24169310	6418000	48700000	8013000	48000	1538149	0
1789795268.398973	6592667937	2562757416	24169310	6418000	48700000	8013000	48000	1425017	0
1789795268.903943	6596693988	2564889124	24169310	6418000	48700000	8013000	48000	1287095	0
1789795269.413769	6600750436	2567013997	24169310	6418000	48700000	8013000	48000	1328523	0
1789795269.918809	6604784361	2569162368	24169310	6414000	48690000	8008000	48000	1310732	0
1789795270.428038	6608837939	2571287606	24169310	6414000	48690000	8008000	48000	1418798	0
1789795270.932751	6612866066	2573398990	24169310	6414000	48690000	8008000	49000	1332402	0
1789795271.440963	6616906949	2575444761	24169310	6414000	48690000	8008000	49000	1132027	0
1789795271.945337	6620369526	2577083856	24169310	6414000	48690000	8008000	50000	1030761	0
1789795272.456043	6624893806	2579365039	24169310	6414000	48690000	8008000	50000	1543398	0
1789795272.961970	6628923703	2581681440	24169310	6416000	48680000	8011000	49000	1490462	0
1789795273.473939	6633007555	2583963172	24169310	6416000	48680000	8011000	49000	1434688	0
1789795273.980156	6637038734	2586101533	24169310	6416000	48680000	8011000	49000	1433385	0
1789795274.492982	6641126370	2588240566	24169310	6416000	48680000	8011000	49000	1252294	0
1789795275.001869	6645183244	2590324545	24169310	6413000	48680000	8007000	49000	1271597	0
1789795275.509942	6649230231	2592400406	24169310	6413000	48680000	8007000	49000	1331961	0
1789795276.015730	6653253231	2594454295	24169310	6413000	48680000	8007000	49000	1599916	0
1789795276.524817	6656979051	2596323431	24169310	6413000	48680000	8007000	49000	1087501	0
1789795277.033065	6661373693	2598480896	24169310	6416000	48670000	8010000	49000	1435839	0
1789795277.541974	6665425624	2600778254	24169310	6416000	48670000	8010000	49000	1432092	0
1789795278.048074	6669457779	2603006214	24169310	6416000	48670000	8010000	49000	1322902	0
1789795278.558063	6673522283	2605107161	24169310	6416000	48670000	8010000	49000	1290187	0
1789795279.064937	6677559870	2607214700	24169310	6411000	48660000	8004000	49000	1280515	0
1789795279.574778	6681616317	2609296664	24169310	6411000	48660000	8004000	49000	1439867	0
1789795280.079812	6685647557	2611387968	24169310	6411000	48660000	8004000	49000	1313807	0
1789795280.590274	6689712915	2613480736	24169310	6411000	48660000	8004000	49000	1302340	0
1789795281.094957	6693599502	2615420184	24169310	6410000	48650000	8003000	50000	1054203	0
1789795281.604301	6695498789	2616170914	24169615	6410000	48650000	8003000	50000	847575	0
1789795282.112782	6696180428	2616394058	24169676	6410000	48650000	8003000	46000	1069881	0
1789795282.624128	6696412483	2616412430	24169676	6410000	48650000	8003000	46000	1250201	0
1789795283.131404	6696611579	2616423416	24169676	6410000	48650000	8003000	45000	681454	0
1789795283.643824	6696816596	2616435684	24169676	6410000	48650000	8003000	45000	742165	0
1789795284.152130	6697318059	2616597854	24169676	6468000	48650000	8076000	46000	1465910	0
1789795284.660212	6697542912	2616621597	24169676	6468000	48650000	8076000	46000	1058517	0
1789795285.168581	6697747196	2616631301	24169676	6468000	48650000	8076000	45000	765783	0
1789795285.680912	6697935184	2616638809	24169676	6468000	48650000	8076000	45000	789502	0
1789795286.187746	6698109989	2616645156	24169676	6471000	48640000	8079000	45000	688738	0
1789795286.701321	6698307986	2616655105	24169737	6471000	48640000	8079000	45000	1292589	0
1789795287.208916	6698491762	2616662918	24169737	6471000	48640000	8079000	45000	1058289	0
1789795287.720555	6698827699	2616672012	24169798	6471000	48640000	8079000	45000	1142565	0
1789795288.228819	6699018922	2616681350	24169798	6468000	48640000	8075000	45000	1058812	0
1789795288.740521	6699210572	2616690505	24169798	6468000	48640000	8075000	45000	950323	0
1789795289.248759	6699414306	2616699539	24169798	6468000	48640000	8075000	44000	852627	0
1789795289.759954	6699746825	2616791579	24169798	6468000	48640000	8075000	44000	921797	0
1789795290.266367	6700171690	2616924575	24169798	6473000	48640000	8082000	44000	857095	0
1789795290.778652	6700352048	2616932021	24169798	6473000	48640000	8082000	44000	941754	0
1789795291.285939	6700566281	2616947158	24169921	6473000	48640000	8082000	44000	836006	0
1789795291.797919	6700752926	2616958205	24169921	6473000	48640000	8082000	44000	667284	0
1789795292.305596	6701018123	2616975356	24169921	6472000	48640000	8081000	44000	863589	0
1789795292.817090	6701182002	2616981398	24169921	6472000	48640000	8081000	44000	677589	0
1789795293.326037	6701446040	2616988478	24169921	6472000	48640000	8081000	44000	690730	0
1789795293.838298	6701612787	2616997023	24169921	6472000	48640000	8081000	44000	662530	0
1789795294.345530	6702125237	2617171095	24169921	6472000	48640000	8081000	43000	716238	0
1789795294.858997	6702285332	2617176161	24169921	6472000	48640000	8081000	43000	691743	0
1789795295.367279	6702454460	2617181715	24169921	6472000	48640000	8081000	43000	678576	0
1789795295.879351	6702633537	2617190626	24169921	6472000	48640000	8081000	43000	691210	0
1789795296.387666	6702828177	2617199476	24169921	6472000	48640000	8081000	43000	754642	0
1789795296.899398	6703026114	2617220228	24169921	6472000	48640000	8081000	43000	687541	0
1789795297.405731	6703330678	2617227003	24169921	6473000	48630000	8082000	43000	693520	0
1789795297.918550	6703516896	2617235365	24169921	6473000	48630000	8082000	43000	670061	0
1789795298.426047	6703692982	2617242323	24169921	6473000	48630000	8082000	43000	1021032	0
1789795298.937917	6703942066	2617254164	24169921	6473000	48630000	8082000	43000	650028	0
1789795299.444653	6704123706	2617260938	24169921	6463000	48630000	8069000	43000	689436	0
1789795299.957922	6704346057	2617273084	24169921	6463000	48630000	8069000	43000	650840	0
1789795300.465764	6704519152	2617279310	24169921	6463000	48630000	8069000	43000	796942	0
1789795300.978945	6704680040	2617284071	24169921	6463000	48630000	8069000	43000	631486	0
1789795301.487071	6704860704	2617292249	24169921	6476000	48630000	8085000	43000	1037481	0
1789795301.996655	6705032029	2617299940	24169921	6476000	48630000	8085000	43000	872482	0
1789795302.504932	6705528366	2617425916	24169921	6476000	48630000	8085000	43000	1292559	0
1789795303.016436	6705816390	2617447400	24169921	6476000	48630000	8085000	43000	941152	0
1789795303.524727	6706024519	2617456067	24169921	6473000	48630000	8082000	43000	665756	0
1789795304.037752	6706251447	2617488721	24169921	6473000	48630000	8082000	43000	1331139	0
1789795304.542781	6706818035	2617628674	24169921	6473000	48630000	8082000	43000	1218376	0
1789795305.053492	6706978618	2617633862	24169921	6473000	48630000	8082000	43000	669388	0
1789795305.560835	6707234965	2617644543	24169921	6474000	48620000	8083000	43000	699577	0
1789795306.072847	6707397684	2617650952	24169921	6474000	48620000	8083000	43000	867206	0
1789795306.580582	6707568949	2617657361	24169921	6474000	48620000	8083000	42000	694854	0
1789795307.091751	6707749185	2617667126	24169921	6474000	48620000	8083000	42000	798649	0
1789795307.599537	6707944985	2617676831	24169921	6474000	48620000	8083000	42000	897443	0
1789795308.111760	6708138588	2617689770	24169921	6474000	48620000	8083000	42000	1202695	0
1789795308.619556	6708346413	2617697095	24169921	6474000	48620000	8083000	42000	683474	0
1789795309.130308	6708519386	2617703381	24169921	6474000	48620000	8083000	42000	719852	0
1789795309.638884	6708715857	2617712048	24169921	6474000	48620000	8083000	42000	890643	0
1789795310.150431	6708958655	2617719555	24169921	6474000	48620000	8083000	42000	700394	0
1789795310.658906	6709135900	2617729321	24169921	6475000	48620000	8084000	42000	678129	0
1789795311.171312	6709290136	2617734448	24169921	6475000	48620000	8084000	42000	669023	0
1789795311.679709	6709502415	2617747632	24169921	6475000	48620000	8084000	42000	645818	0
1789795312.191810	6709677891	2617753064	24169921	6475000	48620000	8084000	42000	537605	0
1789795312.699846	6709886570	2617758923	24169921	6476000	48620000	8086000	42000	666172	0
1789795313.209937	6710193087	2617768811	24169921	6476000	48620000	8086000	42000	620523	0
1789795313.717456	6710379000	2617777661	24169921	6476000	48620000	8086000	42000	693928	0
1789795314.229837	6710910188	2617954967	24169921	6476000	48620000	8086000	42000	960770	0
1789795314.737412	6711083832	2617960155	24169921	6465000	48610000	8072000	41000	696646	0
1789795315.249442	6711383026	2617978222	24169921	6465000	48610000	8072000	41000	805504	0
1789795315.757717	6711616119	2617988354	24169921	6465000	48610000	8072000	42000	832255	0
1789795316.270979	6711813323	2617997021	24169921	6465000	48610000	8072000	42000	674969	0
1789795316.778837	6712011992	2618006908	24169921	6476000	48610000	8086000	41000	666980	0
1789795317.291118	6712239042	2618018932	24169921	6476000	48610000	8086000	41000	1093262	0
1789795317.797839	6712477383	2618028576	24169921	6476000	48610000	8086000	41000	677054	0
1789795318.309271	6712674893	2618036693	24169921	6476000	48610000	8086000	41000	1052083	0
1789795318.814363	6712859279	2618041271	24169921	6476000	48610000	8086000	41000	689123	0
1789795319.328256	6713035243	2618047435	24169921	6476000	48610000	8086000	41000	845570	0
1789795319.835814	6713227015	2618055553	24169921	6478000	48610000	8088000	41000	654337	0
1789795320.348906	6713442591	2618070995	24170348	6478000	48610000	8088000	41000	983559	0
1789795320.855557	6713673364	2618076366	24170348	6478000	48610000	8088000	41000	1130477	0
1789795321.367626	6713879235	2618086681	24170348	6478000	48610000	8088000	41000	593192	0
1789795321.874817	6714085167	2618094310	24170348	6476000	48610000	8086000	41000	758863	0
1789795322.386532	6714264183	2618100231	24170348	6476000	48610000	8086000	41000	726401	0
1789795322.894761	6714470970	2618110668	24170348	6476000	48610000	8086000	41000	681097	0
1789795323.407499	6714661521	2618118907	24170348	6476000	48610000	8086000	41000	895434	0
1789795323.915414	6714856039	2618129100	24170348	6479000	48600000	8089000	41000	627474	0
1789795324.425502	6715365254	2618302989	24170348	6479000	48600000	8089000	41000	759425	0
1789795324.931380	6715544514	2618309459	24170348	6479000	48600000	8089000	40000	647728	0
1789795325.440051	6715758320	2618317088	24170348	6479000	48600000	8089000	40000	628452	0
1789795325.946233	6715964374	2618335582	24170348	6479000	48600000	8089000	40000	690640	0
1789795326.456348	6716258319	2618347972	24170714	6479000	48600000	8089000	40000	577446	0
1789795326.962288	6716525896	2618376231	24170714	6479000	48600000	8089000	41000	788581	0
1789795327.471155	6716738176	2618388194	24170714	6479000	48600000	8089000	41000	745478	0
1789795327.977329	6716898087	2618397227	24170714	6476000	48600000	8086000	40000	786831	0
1789795328.487388	6717116410	2618407786	24170714	6476000	48600000	8086000	40000	1087009	0
1789795328.992971	6717322220	2618421397	24170714	6476000	48600000	8086000	40000	1286371	0
1789795329.504106	6717591567	2618445628	24170714	6476000	48600000	8086000	40000	846855	0
1789795330.010381	6717795424	2618458079	24170714	6476000	48600000	8086000	40000	905095	0
1789795330.519779	6717992018	2618467478	24170714	6476000	48600000	8086000	40000	676499	0
1789795331.026097	6718152906	2618476634	24170714	6478000	48600000	8088000	41000	1246096	0
1789795331.535575	6718358106	2618488291	24170714	6478000	48600000	8088000	41000	625910	0
1789795332.041056	6718781322	2618548106	24171691	6478000	48600000	8088000	40000	652126	0
1789795332.551981	6719293711	2618713816	24172362	6478000	48600000	8088000	40000	935202	0
1789795333.058470	6719597360	2618740549	24173522	6476000	48600000	8086000	40000	1115375	0
1789795333.568218	6719856332	2618754160	24174071	6476000	48600000	8086000	40000	1088250	0
1789795334.073827	6720293098	2618862558	24174071	6476000	48600000	8086000	41000	1213950	0
1789795334.583281	6720700507	2618981149	24174498	6476000	48600000	8086000	41000	587301	0
1789795335.090453	6720899664	2618992990	24175109	6476000	48590000	8085000	40000	650001	0
1789795335.599985	6721115850	2619003366	24176146	6476000	48590000	8085000	40000	651998	0
1789795336.105969	6721468327	2619039804	24176146	6476000	48590000	8085000	40000	674349	0
1789795336.618125	6721797062	2619051461	24176146	6476000	48590000	8085000	40000	994967	0
1789795337.124370	6722105349	2619060250	24176146	6478000	48590000	8088000	40000	995886	0
1789795337.633413	6722451784	2619070016	24176146	6478000	48590000	8088000	40000	602159	0
1789795338.139485	6722694520	2619099862	24176146	6478000	48590000	8088000	40000	775154	0
1789795338.649145	6722922303	2619109139	24176146	6478000	48590000	8088000	40000	588272	0
1789795339.155327	6723098938	2619119698	24176146	6479000	48590000	8089000	40000	651782	0
1789795339.665231	6723267151	2619126656	24176146	6479000	48590000	8089000	40000	653657	0
1789795340.170091	6723623595	2619150155	24176146	6479000	48590000	8089000	40000	703083	0
1789795340.680224	6723797484	2619157845	24176146	6479000	48590000	8089000	40000	593372	0
1789795341.185762	6724168638	2619194222	24176146	6479000	48590000	8089000	39000	581260	0
1789795341.695408	6724366879	2619203133	24176146	6479000	48590000	8089000	39000	625803	0
1789795342.201002	6724707210	2619246651	24176146	6479000	48590000	8089000	40000	716617	0
1789795342.712132	6724863216	2619252511	24176146	6479000	48590000	8089000	40000	559441	0
1789795343.218422	6725137324	2619268685	24176146	6479000	48590000	8089000	39000	852161	0
1789795343.728371	6725311457	2619275338	24176146	6479000	48590000	8089000	39000	589572	0
1789795344.234046	6725857354	2619451729	24176146	6475000	48580000	8084000	40000	933883	0
1789795344.743999	6726033318	2619458687	24176146	6475000	48580000	8084000	40000	1166782	0
1789795345.249763	6726404472	2619510933	24176146	6475000	48580000	8084000	39000	754845	0
1789795345.759431	6726600211	2619521614	24176146	6475000	48580000	8084000	39000	1037883	0
1789795346.265986	6726866812	2619532661	24176146	6478000	48580000	8088000	39000	968636	0
1789795346.775070	6727209523	2619593696	24176146	6478000	48580000	8088000	39000	899445	0
1789795347.281461	6728131274	2620008002	24176146	6478000	48580000	8088000	41000	1036412	0
1789795347.788836	6729213058	2620492559	24176146	6478000	48580000	8088000	41000	742705	0
1789795348.293738	6730086530	2620892887	24176146	6465000	48580000	8072000	42000	752297	0
1789795348.800478	6730994182	2621285464	24176146	6465000	48580000	8072000	42000	585866	0
1789795349.304102	6731839577	2621668703	24176146	6465000	48580000	8072000	42000	1046017	0
1789795349.811777	6732696936	2622061158	24176146	6465000	48580000	8072000	42000	705084	0
1789795350.316963	6733646519	2622534729	24176146	6468000	48580000	8075000	42000	991404	0
1789795350.825098	6734505708	2622921324	24176146	6468000	48580000	8075000	42000	590208	0
1789795351.329026	6735403045	2623344480	24176146	6468000	48580000	8075000	41000	579185	0
1789795351.836077	6736288174	2623765499	24176146	6468000	48580000	8075000	41000	715073	0
1789795352.339876	6737343592	2624341731	24176146	6468000	48580000	8075000	42000	755574	0
1789795352.846779	6738233177	2624759454	24176146	6468000	48580000	8075000	42000	957460	0
1789795353.350601	6739123006	2625179925	24176146	6468000	48570000	8075000	41000	708814	0
1789795353.857111	6740014850	2625600212	24176146	6468000	48570000	8075000	41000	807366	0
1789795354.360995	6741186966	2626150686	24176146	6468000	48570000	8075000	42000	597985	0
1789795354.869891	6742121961	2626604848	24176146	6468000	48570000	8075000	42000	1360894	0
1789795355.372998	6743025828	2627043262	24176146	6464000	48570000	8070000	42000	903386	0
1789795355.880576	6743892403	2627438647	24176146	6464000	48570000	8070000	42000	1109063	0
1789795356.385463	6744913152	2627984666	24176146	6464000	48570000	8070000	42000	761410	0
1789795356.892484	6745829227	2628424057	24176146	6464000	48570000	8070000	42000	686289	0
1789795357.396057	6746678712	2628811019	24176146	6466000	48570000	8073000	42000	741731	0
1789795357.903159	6747528502	2629196699	24176146	6466000	48570000	8073000	42000	583508	0
1789795358.407338	6748393063	2629594708	24176146	6466000	48570000	8073000	41000	750889	0
1789795358.915840	6749242060	2629980755	24176146	6466000	48570000	8073000	41000	735049	0
1789795359.420266	6750119072	2630393900	24176146	6468000	48560000	8075000	42000	752719	0
1789795359.927066	6751015554	2630781717	24176146	6468000	48560000	8075000	42000	579629	0
1789795360.431626	6751862414	2631162148	24176146	6468000	48560000	8075000	41000	1043983	0
1789795360.938346	6752720750	2631560279	24176146	6468000	48560000	8075000	41000	584385	0
1789795361.441991	6753567732	2631948462	24176146	6468000	48560000	8075000	42000	888656	0
1789795361.948954	6754439007	2632353307	24176146	6468000	48560000	8075000	42000	725956	0
1789795362.453036	6754815410	2632440648	24176146	6468000	48560000	8075000	39000	590466	0
1789795362.961460	6755342935	2632587804	24176146	6468000	48560000	8075000	39000	891582	0
1789795363.468229	6755516458	2632593419	24176146	6468000	48560000	8075000	39000	1121592	0
1789795363.979311	6755718484	2632601048	24176146	6468000	48560000	8075000	39000	962056	0
1789795364.484932	6756433753	2632852512	24176207	6476000	48560000	8086000	39000	1346393	0
1789795364.995062	6756722937	2632893589	24176268	6476000	48560000	8086000	39000	568311	0
1789795365.500785	6756968358	2632898655	24176268	6476000	48560000	8086000	39000	678291	0
1789795366.009933	6757141026	2632904758	24176268	6476000	48560000	8086000	39000	783992	0
1789795366.515695	6758029269	2633299472	24176268	6476000	48550000	8086000	41000	715499	0
1789795367.023523	6758952423	2633731172	24176268	6476000	48550000	8086000	41000	743050	0
1789795367.527825	6759799406	2634115143	24176268	6476000	48550000	8086000	41000	735567	0
1789795368.034993	6760663906	2634507537	24176268	6476000	48550000	8086000	41000	590168	0
1789795368.540536	6761541406	2634912871	24176268	6467000	48550000	8074000	41000	753173	0
1789795369.047085	6762418784	2635320707	24176268	6467000	48550000	8074000	41000	630474	0
1789795369.551009	6763290608	2635725552	24176268	6467000	48550000	8074000	41000	589796	0
1789795370.058005	6764162554	2636128200	24176268	6467000	48550000	8074000	41000	577340	0
1789795370.562031	6765048538	2636531519	24176268	6468000	48550000	8076000	42000	903478	0
1789795371.069063	6765967359	2636937707	24176268	6468000	48550000	8076000	42000	744859	0
1789795371.572838	6766915599	2637416893	24176268	6468000	48550000	8076000	43000	940336	0
1789795372.081733	6767894234	2637928366	24176268	6468000	48550000	8076000	43000	840052	0
1789795372.586446	6768792791	2638367025	24176268	6466000	48540000	8073000	41000	909332	0
1789795373.093988	6769670657	2638777058	24176268	6466000	48540000	8073000	41000	910275	0
1789795373.598253	6770585328	2639223590	24176268	6466000	48540000	8073000	41000	776337	0
1789795374.104853	6771643553	2639765520	24176268	6466000	48540000	8073000	41000	1454154	0
1789795374.609253	6772556148	2640192337	24176268	6466000	48540000	8073000	41000	956511	0
1789795375.118728	6773401605	2640574233	24176268	6466000	48540000	8073000	41000	766798	0
1789795375.623736	6774286246	2640999220	24176268	6463000	48540000	8069000	41000	787189	0
1789795376.133654	6775155934	2641400891	24176268	6463000	48540000	8069000	41000	766595	0
1789795376.639796	6776095690	2641823376	24176268	6463000	48540000	8069000	41000	783097	0
1789795377.148062	6776945846	2642211924	24176268	6463000	48540000	8069000	41000	762327	0
1789795377.653296	6777801984	2642605112	24176268	6465000	48540000	8072000	41000	781253	0
1789795378.161743	6778685588	2642995919	24176268	6465000	48540000	8072000	41000	751520	0
1789795378.668715	6779565591	2643406257	24176268	6465000	48540000	8072000	41000	797325	0
1789795379.177281	6780431067	2643804267	24176268	6465000	48540000	8072000	41000	741516	0
1789795379.682730	6781325596	2644208623	24176268	6467000	48530000	8074000	41000	784449	0
1789795380.190590	6782197725	2644618595	24176329	6467000	48530000	8074000	41000	733528	0
1789795380.695004	6783036468	2644997928	24176329	6467000	48530000	8074000	41000	788562	0
1789795381.204246	6783931546	2645421999	24176329	6467000	48530000	8074000	41000	762524	0
1789795381.710131	6784375026	2645572573	24176329	6465000	48530000	8072000	39000	695738	0
1789795382.222962	6784908594	2645729371	24176329	6465000	48530000	8072000	39000	718284	0
1789795382.731741	6785079981	2645737062	24176329	6465000	48530000	8072000	39000	684775	0
1789795383.245962	6785240930	2645741639	24176329	6465000	48530000	8072000	39000	693333	0
1789795383.753897	6785404748	2645747011	24176329	6476000	48530000	8086000	39000	1117178	0
1789795384.266477	6785921836	2645910218	24176329	6476000	48530000	8086000	39000	919645	0
1789795384.774847	6786105735	2645916016	24176329	6476000	48530000	8086000	39000	849698	0
1789795385.289237	6786283469	2645921632	24176329	6476000	48530000	8086000	39000	667795	0
1789795385.796727	6787319904	2646373657	24176512	6476000	48530000	8086000	41000	828158	0
1789795386.307778	6788354631	2646820982	24177367	6476000	48530000	8086000	41000	1014505	0
1789795386.812792	6789517958	2647373715	24177855	6470000	48520000	8078000	42000	707934	0
1789795387.321845	6790736521	2647998714	24178282	6470000	48520000	8078000	42000	879570	0
1789795387.826066	6791926277	2648546869	24178526	6470000	48520000	8078000	39000	1213205	0
1789795388.337467	6792327765	2648665704	24178526	6470000	48520000	8078000	39000	740059	0
1789795388.843351	6792704778	2648767755	24178710	6462000	48520000	8068000	39000	681238	0
1789795389.352156	6792910710	2648776605	24179503	6462000	48520000	8068000	39000	857996	0
1789795389.858059	6793098454	2648786493	24179503	6462000	48520000	8068000	39000	955780	0
1789795390.368630	6793283878	2648796136	24179503	6462000	48520000	8068000	39000	1167660	0
1789795390.875150	6793465213	2648804620	24179503	6477000	48520000	8087000	39000	665036	0
1789795391.385999	6793690066	2648814141	24179503	6477000	48520000	8087000	39000	652894	0
1789795391.893002	6793951723	2648854058	24179503	6477000	48520000	8087000	39000	1177066	0
1789795392.401057	6795137755	2649359001	24179503	6477000	48520000	8087000	39000	1276176	0
1789795392.907070	6796243832	2649846670	24179503	6460000	48520000	8066000	39000	761653	0
1789795393.416769	6797431267	2650386830	24179503	6460000	48520000	8066000	39000	845282	0
1789795393.922538	6798594534	2650981983	24179503	6460000	48520000	8066000	40000	932160	0
1789795394.431269	6799789416	2651534715	24179503	6460000	48520000	8066000	40000	1195793	0
1789795394.936045	6800405442	2651730638	24179503	6468000	48510000	8076000	39000	1007958	0
1789795395.445205	6800614365	2651742295	24179503	6468000	48510000	8076000	39000	970849	0
1789795395.950737	6800790146	2651749253	24179503	6468000	48510000	8076000	38000	704755	0
1789795396.460566	6800996749	2651762315	24179503	6468000	48510000	8076000	38000	583533	0
1789795396.966476	6801170577	2651770188	24179503	6468000	48510000	8076000	38000	1038349	0
1789795397.477027	6801437544	2651776719	24179503	6468000	48510000	8076000	38000	776116	0
1789795397.982691	6801589338	2651784349	24179503	6477000	48510000	8087000	38000	971150	0
1789795398.498530	6802128521	2651956040	24180419	6477000	48510000	8087000	38000	813310	0
1789795399.005215	6803593788	2652783980	24180968	6477000	48510000	8087000	40000	907156	0
1789795399.515227	6805074314	2653554669	24180968	6477000	48510000	8087000	40000	966454	0
1789795400.020155	6806391267	2654179728	24181700	6463000	48510000	8069000	39000	824339	0
1789795400.529845	6807331022	2654453714	24182677	6463000	48510000	8069000	39000	761155	0
1789795401.034986	6808603541	2654763955	24182860	6463000	48510000	8069000	39000	1050941	0
1789795401.544714	6809062158	2654892312	24183409	6463000	48510000	8069000	39000	933108	0
1789795402.050362	6809424584	2654986428	24183837	6470000	48500000	8078000	38000	677170	0
1789795402.560119	6809629723	2654995705	24183837	6470000	48500000	8078000	38000	1054226	0
1789795403.066118	6809898399	2655020302	24183837	6470000	48500000	8078000	38000	679059	0
1789795403.574991	6810211935	2655047768	24183837	6470000	48500000	8078000	38000	665274	0
1789795404.080057	6810620321	2655127541	24183837	6470000	48500000	8078000	39000	1177160	0
1789795404.589372	6811034504	2655232216	24183837	6470000	48500000	8078000	39000	676835	0
1789795405.094843	6811347247	2655286964	24183837	6470000	48500000	8078000	39000	1363419	0
1789795405.604173	6812606583	2655957922	24183837	6470000	48500000	8078000	39000	1129591	0
1789795406.110168	6814291332	2656808628	24183837	6460000	48500000	8065000	41000	916067	0
1789795406.620282	6815635506	2657474275	24183837	6460000	48500000	8065000	41000	825896	0
1789795407.125235	6816620305	2657783174	24183837	6460000	48500000	8065000	39000	741350	0
1789795407.635337	6817881044	2658082489	24183837	6460000	48500000	8065000	39000	701416	0
1789795408.140971	6818325867	2658184784	24183837	6460000	48500000	8065000	38000	761317	0
1789795408.651125	6818723205	2658273529	24183837	6460000	48500000	8065000	38000	591339	0
1789795409.156421	6819006163	2658281769	24183837	6472000	48490000	8081000	38000	1136740	0
1789795409.664997	6819201231	2658290191	24183837	6472000	48490000	8081000	38000	637573	0
1789795410.170953	6819359251	2658296173	24183837	6472000	48490000	8081000	38000	564949	0
1789795410.681284	6819529111	2658302826	24183837	6472000	48490000	8081000	38000	566364	0
1789795411.187400	6819710263	2658316497	24183837	6477000	48490000	8087000	38000	765279	0
1789795411.696991	6819926632	2658341278	24184935	6477000	48490000	8087000	38000	1365426	0
1789795412.202929	6824936446	2660496240	24184935	6477000	48490000	8087000	43000	1629188	0
1789795412.722840	6831474454	2663216937	24185545	6477000	48490000	8087000	43000	1463444	0
1789795413.229938	6837555738	2665913463	24186339	6038000	48490000	7977000	43000	1572914	0
1789795413.737846	6843624448	2668604618	24187071	6038000	48490000	7977000	43000	1576971	0
1789795414.242915	6849680645	2671229672	24187132	6038000	48490000	7977000	44000	1454518	0
1789795414.752648	6855770168	2673818594	24187682	6038000	48490000	7977000	44000	1634732	0
1789795415.257067	6860204910	2675423509	24187682	6039000	48480000	7978000	42000	1230932	0
1789795415.767410	6862978707	2676318527	24188536	6039000	48480000	7978000	42000	1039332	0
1789795416.274196	6863407966	2676411666	24188536	6039000	48480000	7978000	40000	1140013	0
1789795416.786313	6863834418	2676531172	24188536	6039000	48480000	7978000	40000	798308	0
1789795417.293475	6864196905	2676557112	24188536	6113000	48470000	8076000	39000	717333	0
1789795417.805898	6864388005	2676566084	24188536	6113000	48470000	8076000	39000	671928	0
1789795418.311827	6864795109	2676579756	24188536	6113000	48470000	8076000	39000	818329	0
1789795418.824018	6864992191	2676586775	24188536	6113000	48470000	8076000	39000	637535	0
1789795419.331918	6865220340	2676605635	24188536	6112000	48470000	8075000	39000	676469	0
1789795419.845853	6865726930	2676718794	24188536	6112000	48470000	8075000	39000	1351121	0
1789795420.350942	6871784288	2679292823	24188536	6112000	48470000	8075000	44000	1516802	0
1789795420.862926	6878022919	2682018402	24188536	6112000	48470000	8075000	44000	1518970	0
1789795421.367573	6884098282	2684645715	24188536	6112000	48470000	8075000	45000	1438917	0
1789795421.876918	6890190979	2687208880	24188536	6112000	48470000	8075000	45000	1429100	0
1789795422.382935	6896245101	2689778209	24188536	6037000	48460000	7976000	45000	1474629	0
1789795422.890379	6902290435	2692244267	24188536	6037000	48460000	7976000	45000	1503533	0
1789795423.395225	6906934527	2693957275	24188536	6037000	48460000	7976000	43000	1065238	0
1789795423.905578	6908237808	2694341674	24188536	6037000	48460000	7976000	43000	1411964	0
1789795424.413553	6909002210	2694607298	24188536	6066000	48450000	8014000	41000	681036	0
1789795424.925844	6909276196	2694636595	24188536	6066000	48450000	8014000	41000	839110	0
1789795425.432696	6909577038	2694643919	24188536	6066000	48450000	8014000	40000	815284	0
1789795425.945819	6909814586	2694657652	24188536	6066000	48450000	8014000	40000	907850	0
1789795426.453926	6910310129	2694714842	24188597	6115000	48450000	8079000	40000	1416124	0
1789795426.966141	6910892220	2694824033	24188658	6115000	48450000	8079000	40000	589033	0
1789795427.472352	6911118843	2694834470	24188658	6115000	48450000	8079000	40000	657017	0
1789795427.981024	6914471800	2696207941	24189452	6115000	48450000	8079000	40000	1629273	0
1789795428.485946	6920843549	2698917773	24189574	6049000	48440000	7992000	45000	1536190	0
1789795428.995686	6927029874	2701554302	24190001	6049000	48440000	7992000	45000	1427460	0
1789795429.499942	6933077283	2704157933	24190550	6049000	48440000	7992000	45000	1478115	0
1789795430.011519	6939191464	2706833707	24190550	6049000	48440000	7992000	45000	1495452	0
1789795430.516022	6945234905	2709355063	24190550	6034000	48430000	7972000	46000	1585942	0
1789795431.025084	6950285185	2711270769	24190978	6034000	48430000	7972000	46000	1025883	0
1789795431.530335	6953368857	2712286696	24191283	6034000	48430000	7972000	43000	1168693	0
1789795432.041944	6958088815	2714316110	24191283	6034000	48430000	7972000	43000	1681638	0
1789795432.546923	6964251763	2717129457	24191283	6034000	48430000	7972000	46000	1542511	0
1789795433.057049	6970357338	2719721247	24191283	6034000	48430000	7972000	46000	1468727	0
1789795433.562949	6976410301	2722212086	24191283	6033000	48430000	7970000	46000	1492465	0
1789795434.072941	6982513008	2724843732	24191283	6033000	48430000	7970000	46000	1479545	0
1789795434.579649	6988572868	2727441565	24191283	6033000	48430000	7970000	47000	1541587	0
1789795435.088030	6993835550	2729475739	24191283	6033000	48430000	7970000	47000	1058731	0
1789795435.593074	6995715306	2730130462	24191283	6034000	48420000	7971000	43000	1349178	0
1789795436.100954	7001349935	2732616417	24191283	6034000	48420000	7971000	43000	1672073	0
1789795436.605912	7007390630	2735348649	24191283	6034000	48420000	7971000	47000	1550090	0
1789795437.114924	7013486867	2737997385	24191283	6034000	48420000	7971000	47000	1527634	0
1789795437.619919	7019532933	2740663760	24191283	6030000	48400000	7966000	47000	1569627	0
1789795438.132032	7025659138	2743268428	24191283	6030000	48400000	7966000	47000	1495484	0
1789795438.637263	7031639225	2745717397	24191283	6030000	48400000	7966000	48000	1377684	0
1789795439.146038	7036286979	2747432053	24191283	6030000	48400000	7966000	48000	1217356	0
1789795439.651942	7039394149	2748671063	24191283	6049000	48390000	7992000	47000	1820327	0
1789795440.163755	7045867399	2751431677	24191344	6049000	48390000	7992000	47000	1483823	0
1789795440.668612	7051910169	2754086760	24191344	6049000	48390000	7992000	48000	1511935	0
1789795441.176963	7058004392	2756707298	24191344	6049000	48390000	7992000	48000	1536657	0
1789795441.681924	7064049909	2759360062	24191344	6027000	48390000	7963000	48000	1484029	0
1789795442.192035	7070150540	2761949960	24191344	6027000	48390000	7963000	48000	1405709	0
1789795442.696571	7076132458	2764363955	24191344	6027000	48390000	7963000	49000	1184155	0
1789795443.204320	7079109379	2765405823	24191344	6027000	48390000	7963000	49000	951345	0
1789795443.711011	7083497857	2767265315	24191344	6027000	48390000	7963000	49000	1800098	0
1789795444.220988	7089707985	2770215564	24191344	6027000	48390000	7963000	49000	1588290	0
1789795444.725520	7095740990	2772903423	24191344	6035000	48380000	7973000	49000	1589364	0
1789795445.235893	7101723457	2775416784	24191344	6035000	48380000	7973000	49000	1375925	0
1789795445.740247	7107889396	2778029692	24191344	6035000	48380000	7973000	49000	1528181	0
1789795446.248383	7113966712	2780582481	24191344	6035000	48380000	7973000	49000	1418398	0
1789795446.753035	7119325585	2782633135	24191344	6026000	48370000	7961000	47000	997260	0
1789795447.262928	7122109880	2783595718	24191344	6026000	48370000	7961000	47000	1596701	0
1789795447.767927	7127874086	2786230355	24191344	6026000	48370000	7961000	50000	1681150	0
1789795448.279930	7134001146	2788974366	24191344	6026000	48370000	7961000	50000	1483310	0
1789795448.784670	7140033235	2791576471	24191344	6024000	48350000	7958000	50000	1498388	0
1789795449.294938	7146152970	2794296069	24191344	6024000	48350000	7958000	50000	1626774	0
1789795449.799041	7152184510	2796881633	24191344	6024000	48350000	7958000	50000	1481318	0
1789795450.307192	7157943955	2799160680	24191344	6024000	48350000	7958000	50000	1200989	0
1789795450.811149	7162634800	2800868440	24191344	6036000	48340000	7974000	50000	1087528	0
1789795451.318939	7166812829	2802444058	24191344	6036000	48340000	7974000	50000	1784939	0
1789795451.824854	7173172554	2805397481	24191344	6036000	48340000	7974000	50000	1579566	0
1789795452.334449	7179277031	2808082960	24191344	6036000	48340000	7974000	50000	1521104	0
1789795452.839045	7185317665	2810715277	24191344	6024000	48340000	7959000	51000	1514974	0
1789795453.348046	7191412925	2813325012	24191344	6024000	48340000	7959000	51000	1479391	0
1789795453.852038	7197443305	2815768121	24191344	6024000	48340000	7959000	51000	1470738	0
1789795454.359623	7203410026	2818205492	24191344	6024000	48340000	7959000	51000	1167902	0
1789795454.865027	7206959882	2819371444	24191344	6024000	48340000	7959000	50000	746377	0
1789795455.373020	7211874481	2821491861	24191344	6024000	48340000	7959000	50000	1894940	0
1789795455.877955	7217953140	2824390596	24191344	6049000	48330000	7991000	51000	1575150	0
1789795456.386939	7224045715	2827136866	24191344	6049000	48330000	7991000	51000	1636246	0
1789795456.891694	7230006271	2829621174	24191344	6049000	48330000	7991000	51000	1679421	0
1789795457.400029	7236168365	2832240491	24191344	6049000	48330000	7991000	51000	1540279	0
1789795457.905010	7242213820	2834677252	24191344	6021000	48310000	7954000	52000	1467121	0
1789795458.413681	7247505433	2836850342	24191344	6021000	48310000	7954000	52000	962927	0
1789795458.917985	7249639155	2837631651	24191344	6021000	48310000	7954000	49000	1938110	0
1789795459.425952	7255963724	2840672171	24191344	6021000	48310000	7954000	49000	1673836	0
1789795459.931931	7261221340	2843342025	24191344	6024000	48300000	7959000	51000	1468047	0
1789795460.444549	7266026198	2845767983	24191344	6024000	48300000	7959000	51000	1378220	0
1789795460.948866	7270914552	2848197969	24191344	6024000	48300000	7959000	51000	1369451	0
1789795461.460941	7275947621	2850704005	24191344	6024000	48300000	7959000	51000	1442620	0
1789795461.965943	7280714332	2853104939	24191344	6033000	48300000	7970000	51000	1409789	0
1789795462.475127	7284567838	2854983474	24191344	6033000	48300000	7970000	51000	1395728	0
1789795462.980797	7286529747	2855789381	24191344	6033000	48300000	7970000	48000	1569607	0
1789795463.490972	7291005565	2858220588	24192565	6033000	48300000	7970000	48000	1671130	0
1789795463.996929	7295897093	2860813538	24192565	6035000	48290000	7973000	52000	1416979	0
1789795464.508951	7300686022	2863338311	24192565	6035000	48290000	7973000	52000	1483518	0
1789795465.012882	7304544044	2865468250	24192565	6035000	48290000	7973000	51000	1369394	0
1789795465.522070	7308189359	2867433943	24193724	6035000	48290000	7973000	51000	1228062	0
1789795466.028929	7311860370	2869351602	24193724	6035000	48290000	7973000	51000	1238280	0
1789795466.539708	7315397166	2871282932	24193724	6035000	48290000	7973000	51000	1283525	0
1789795467.045530	7318907472	2873221282	24193724	6056000	48280000	8000000	51000	1251072	0
1789795467.554594	7321725457	2874604274	24193724	6056000	48280000	8000000	51000	897049	0
1789795468.058898	7324039600	2875621361	24193724	6056000	48280000	8000000	49000	1394430	0
1789795468.567557	7324412829	2875683861	24196227	6056000	48280000	8000000	49000	719144	0
1789795469.076107	7324948472	2875829124	24198058	6076000	48270000	8027000	47000	1040807	0
1789795469.588800	7325176437	2875838768	24199767	6076000	48270000	8027000	47000	700690	0
1789795470.096534	7325464034	2875852134	24200499	6076000	48270000	8027000	47000	700034	0
1789795470.610361	7325722396	2875861595	24200987	6076000	48270000	8027000	47000	650000	0
1789795471.118808	7325923079	2875873008	24200987	6100000	48270000	8059000	47000	1016245	0
1789795471.630304	7326211286	2875882408	24201903	6100000	48270000	8059000	47000	537506	0
1789795472.138847	7326676495	2875974143	24202208	6100000	48270000	8059000	47000	665520	0
1789795472.650760	7326970561	2875985435	24202269	6100000	48270000	8059000	47000	626186	0
1789795473.159053	7327338236	2876005882	24202269	6102000	48270000	8061000	47000	670023	0
1789795473.674298	7327546365	2876013572	24202269	6102000	48270000	8061000	47000	729368	0
1789795474.181849	7328227150	2876217612	24202330	6102000	48270000	8061000	47000	800077	0
1789795474.693480	7328460853	2876225730	24202330	6102000	48270000	8061000	47000	653341	0
1789795475.201923	7328845312	2876285300	24202330	6105000	48260000	8066000	46000	644585	0
1789795475.713791	7329059484	2876295554	24202330	6105000	48260000	8066000	46000	656258	0
1789795476.222698	7329341344	2876324606	24202330	6105000	48260000	8066000	45000	626590	0
1789795476.735984	7329922458	2876468222	24202330	6105000	48260000	8066000	45000	824165	0
1789795477.243088	7330413057	2876500570	24202330	6105000	48260000	8066000	46000	655878	0
1789795477.755004	7330696321	2876518453	24202330	6105000	48260000	8066000	46000	929672	0
1789795478.262161	7331068146	2876576864	24202330	6102000	48260000	8061000	45000	897953	0
1789795478.774359	7331313690	2876589010	24202330	6102000	48260000	8061000	45000	650120	0
1789795479.282849	7331591643	2876613790	24202330	6102000	48260000	8061000	45000	665239	0
1789795479.795446	7331838652	2876620870	24202330	6102000	48260000	8061000	45000	1129649	0
1789795480.303996	7332068693	2876639974	24202330	6107000	48260000	8068000	45000	819527	0
1789795480.815292	7332231351	2876646993	24202330	6107000	48260000	8068000	45000	690213	0
1789795481.323837	7332435818	2876662191	24202330	6107000	48260000	8068000	45000	777723	0
1789795481.836646	7332631435	2876670248	24202330	6107000	48260000	8068000	45000	1186622	0
1789795482.344802	7332951747	2876693136	24202330	6107000	48260000	8068000	45000	863899	0
1789795482.858099	7333208949	2876703573	24202330	6107000	48260000	8068000	45000	795879	0
1789795483.365014	7333615747	2876750814	24202330	6107000	48260000	8068000	45000	1026327	0
1789795483.874335	7334091026	2876801900	24202330	6107000	48260000	8068000	45000	734970	0
1789795484.379919	7334908895	2877047017	24202330	6102000	48250000	8062000	45000	808076	0
1789795484.888156	7335425129	2877101643	24202330	6102000	48250000	8062000	45000	1348169	0
1789795485.392818	7336033648	2877191547	24202330	6102000	48250000	8062000	45000	1081507	0
1789795485.901602	7336703630	2877289020	24202330	6102000	48250000	8062000	45000	809750	0
1789795486.407062	7337336929	2877366718	24202330	6101000	48250000	8060000	45000	909896	0
1789795486.917642	7337836439	2877415912	24202330	6101000	48250000	8060000	45000	952053	0
1789795487.424046	7338304517	2877466937	24202330	6101000	48250000	8060000	44000	1012231	0
1789795487.933827	7338854137	2877529010	24202330	6101000	48250000	8060000	44000	687828	0
1789795488.440424	7339276560	2877581805	24202330	6101000	48250000	8060000	44000	518833	0
1789795488.951112	7339743844	2877636187	24202330	6101000	48250000	8060000	44000	860300	0
1789795489.456048	7340317695	2877715533	24202330	6102000	48250000	8062000	44000	1011226	0
1789795489.964947	7340816046	2877785784	24202330	6102000	48250000	8062000	44000	1051041	0
1789795490.470049	7341589909	2877968767	24202574	6102000	48250000	8062000	44000	907800	0
1789795490.980085	7342253115	2878087358	24202574	6102000	48250000	8062000	44000	848106	0
1789795491.485388	7342677491	2878136430	24202574	6101000	48250000	8060000	44000	622855	0
1789795491.993959	7342947632	2878184526	24202574	6101000	48250000	8060000	44000	674899	0
1789795492.502686	7343664366	2878295549	24214598	6101000	48250000	8060000	44000	847802	0
1789795493.011048	7344268063	2878369950	24215636	6101000	48250000	8060000	44000	945795	0
1789795493.516930	7344688656	2878411759	24216002	6105000	48240000	8065000	44000	849043	0
1789795494.026963	7345137202	2878441056	24216002	6105000	48240000	8065000	44000	1041559	0
1789795494.532987	7345652032	2878591934	24216002	6105000	48240000	8065000	43000	642416	0
1789795495.045290	7345928582	2878618912	24216002	6105000	48240000	8065000	43000	596117	0
1789795495.552775	7346129509	2878625748	24216002	6107000	48240000	8068000	43000	765740	0
1789795496.064507	7346304252	2878637406	24216002	6107000	48240000	8068000	43000	664621	0
1789795496.572461	7346523124	2878652481	24216002	6107000	48240000	8068000	43000	625992	0
1789795497.085037	7346823172	2878682327	24216002	6107000	48240000	8068000	43000	850184	0
1789795497.592105	7347050283	2878689652	24216002	6108000	48240000	8070000	43000	625009	0
1789795498.105162	7347413319	2878763565	24216002	6108000	48240000	8070000	43000	895557	0
1789795498.613096	7347695667	2878773636	24216002	6108000	48240000	8070000	43000	960754	0
1789795499.125596	7347955005	2878783584	24216002	6108000	48240000	8070000	43000	657555	0
1789795499.633034	7348171130	2878795730	24216002	6108000	48240000	8070000	43000	626241	0
1789795500.146092	7348386949	2878812332	24216063	6108000	48240000	8070000	43000	644598	0
1789795500.653934	7348587999	2878822342	24216063	6108000	48230000	8069000	43000	639722	0
1789795501.165953	7348832627	2878846145	24216063	6108000	48230000	8069000	43000	678556	0
1789795501.673583	7349033249	2878853103	24216063	6108000	48230000	8069000	43000	652428	0
1789795502.187778	7349399398	2878863418	24216063	6108000	48230000	8069000	43000	1184256	0
1789795502.695747	7349604475	2878874710	24216063	6111000	48230000	8073000	43000	803655	0
1789795503.208182	7349843794	2878894851	24216063	6111000	48230000	8073000	43000	639430	0
1789795503.716919	7350014203	2878900955	24216063	6111000	48230000	8073000	42000	700024	0
1789795504.228014	7350688945	2879114089	24216063	6111000	48230000	8073000	42000	1122082	0
1789795504.736772	7350899943	2879125625	24216063	6110000	48230000	8072000	42000	700017	0
1789795505.248163	7351185465	2879147780	24216063	6110000	48230000	8072000	42000	1072433	0
1789795505.755772	7351360758	2879153518	24216063	6110000	48230000	8072000	42000	682583	0
1789795506.268892	7351912819	2879288405	24216063	6110000	48230000	8072000	42000	908600	0
1789795506.775094	7352114235	2879297438	24216063	6107000	48230000	8068000	42000	957516	0
1789795507.289047	7352659643	2879376845	24216063	6107000	48230000	8068000	42000	764333	0
1789795507.797667	7353158666	2879444044	24225279	6107000	48230000	8068000	42000	1013245	0
1789795508.309205	7353739963	2879521131	24234068	6107000	48230000	8068000	42000	810393	0
1789795508.816385	7354046847	2879546217	24234312	6105000	48220000	8066000	42000	629514	0
1789795509.329065	7354293978	2879554945	24234312	6105000	48220000	8066000	42000	775814	0
1789795509.835822	7354519136	2879563551	24234312	6105000	48220000	8066000	42000	631381	0
1789795510.349005	7354706574	2879574171	24234312	6105000	48220000	8066000	42000	714596	0
1789795510.856839	7354883515	2879578321	24234312	6112000	48220000	8074000	42000	802745	0
1789795511.368593	7355051422	2879584913	24234312	6112000	48220000	8074000	42000	789035	0
1789795511.876793	7355218902	2879590101	24234312	6112000	48220000	8074000	42000	675026	0
1789795512.388298	7355416533	2879601453	24234312	6112000	48220000	8074000	42000	686741	0
1789795512.895695	7355563017	2879605299	24234312	6112000	48220000	8074000	42000	655589	0
1789795513.408179	7355795011	2879615919	24234312	6112000	48220000	8074000	42000	870850	0
1789795513.916572	7355996305	2879620863	24234312	6113000	48220000	8076000	42000	820936	0
1789795514.428765	7356551662	2879774182	24234312	6113000	48220000	8076000	42000	629595	0
1789795514.936774	7356723903	2879779492	24234312	6113000	48220000	8076000	42000	1060400	0
1789795515.447289	7356994288	2879792798	24234312	6113000	48220000	8076000	42000	650025	0
1789795515.954188	7357151392	2879797986	24234312	6112000	48220000	8075000	42000	730370	0
1789795516.466380	7357345850	2879808057	24234312	6112000	48220000	8075000	42000	705869	0
1789795516.974560	7357508447	2879813550	24234312	6112000	48220000	8075000	42000	675028	0
1789795517.488546	7357697045	2879820020	24234312	6112000	48220000	8075000	42000	789547	0
1789795517.995796	7357935082	2879827771	24234312	6113000	48220000	8076000	41000	1000744	0
1789795518.507326	7358172264	2879844800	24234312	6113000	48220000	8076000	41000	1243008	0
1789795519.015939	7358327476	2879849561	24234312	6113000	48220000	8076000	41000	938105	0
1789795519.527241	7358521079	2879860425	24234312	6113000	48220000	8076000	41000	1210264	0
1789795520.033854	7358687887	2879864941	24234312	6113000	48210000	8076000	41000	761789	0
1789795520.547646	7358883871	2879875867	24234312	6113000	48210000	8076000	41000	1061404	0
1789795521.057134	7359132893	2879881726	24234312	6113000	48210000	8076000	41000	1167343	0
1789795521.569794	7359359089	2879892957	24234312	6113000	48210000	8076000	41000	1102450	0
1789795522.078547	7359517719	2879897473	24234312	6114000	48210000	8077000	41000	797590	0
1789795522.591515	7359723773	2879907788	24234312	6114000	48210000	8077000	41000	966675	0
1789795523.097582	7359933978	2879918286	24234312	6114000	48210000	8077000	41000	854862	0
1789795523.608917	7360150713	2879933362	24234312	6114000	48210000	8077000	41000	793038	0
1789795524.116731	7360570207	2880072216	24234312	6114000	48210000	8077000	42000	1330074	0
1789795524.626739	7360868424	2880112866	24234312	6114000	48210000	8077000	42000	796604	0
1789795525.134898	7361054458	2880123791	24234312	6113000	48210000	8076000	41000	706423	0
1789795525.647575	7361287612	2880136425	24234312	6113000	48210000	8076000	41000	713483	0
1789795526.155424	7361452407	2880140881	24234312	6113000	48210000	8076000	41000	855841	0
1789795526.668028	7361732862	2880153637	24234312	6113000	48210000	8076000	41000	636978	0
1789795527.175973	7361903089	2880158581	24234312	6103000	48210000	8063000	40000	788476	0
1789795527.687547	7362133191	2880168957	24234312	6103000	48210000	8063000	40000	824337	0
1789795528.195848	7362344677	2880175854	24234312	6103000	48210000	8063000	40000	732575	0
1789795528.707342	7362570507	2880195812	24235228	6103000	48210000	8063000	40000	698933	0
1789795529.216923	7362790233	2880207348	24235777	6112000	48200000	8075000	41000	754802	0
1789795529.730989	7362979807	2880217785	24236266	6112000	48200000	8075000	41000	689981	0
1789795530.238905	7363181955	2880227917	24236632	6112000	48200000	8075000	40000	768086	0
1789795530.750944	7363361581	2880235546	24236632	6112000	48200000	8075000	40000	657343	0
1789795531.257897	7363585153	2880252331	24237364	6113000	48200000	8076000	40000	661153	0
1789795531.768818	7363772469	2880262707	24237791	6113000	48200000	8076000	40000	753148	0
1789795532.276667	7364068184	2880271374	24238585	6113000	48200000	8076000	40000	656312	0
1789795532.790670	7364263618	2880282299	24238585	6113000	48200000	8076000	40000	655212	0
1789795533.297561	7364483649	2880292980	24238585	6113000	48200000	8076000	40000	978555	0
1789795533.809949	7364660650	2880299938	24238585	6113000	48200000	8076000	40000	895591	0
1789795534.317736	7365195866	2880475719	24238585	6113000	48200000	8076000	40000	713098	0
1789795534.828345	7365515690	2880535594	24239256	6113000	48200000	8076000	40000	1123711	0
1789795535.334477	7366018374	2880676707	24239867	6113000	48200000	8076000	40000	845052	0
1789795535.845148	7366212526	2880688548	24241087	6113000	48200000	8076000	40000	1001655	0
1789795536.351195	7366429811	2880697398	24242003	6105000	48200000	8066000	40000	1136703	0
1789795536.861171	7366624818	2880706553	24242125	6105000	48200000	8066000	40000	540084	0
1789795537.366743	7366796570	2880714244	24242125	6105000	48200000	8066000	40000	774064	0
1789795537.876330	7367118896	2880723216	24242613	6105000	48200000	8066000	40000	658778	0
1789795538.382312	7367428710	2880754527	24242735	6113000	48190000	8076000	40000	752427	0
1789795538.892619	7367645933	2880768443	24242735	6113000	48190000	8076000	40000	644457	0
1789795539.398417	7367841062	2880776926	24242735	6113000	48190000	8076000	40000	696031	0
1789795539.908369	7368139157	2880782236	24242735	6113000	48190000	8076000	40000	630851	0
1789795540.415944	7368394344	2880789439	24242735	6114000	48190000	8077000	40000	604069	0
1789795540.926320	7368566097	2880795603	24242735	6114000	48190000	8077000	40000	641343	0
1789795541.432309	7368743343	2880802866	24242735	6114000	48190000	8077000	40000	730291	0
1789795541.941201	7368901240	2880809519	24242735	6114000	48190000	8077000	40000	789005	0
1789795542.446345	7369087214	2880816538	24242735	6114000	48190000	8077000	40000	780081	0
1789795542.956513	7369254266	2880821055	24242735	6114000	48190000	8077000	40000	675803	0
1789795543.461830	7369519036	2880828257	24242735	6114000	48190000	8077000	39000	1077556	0
1789795543.970589	7369667412	2880831919	24242735	6114000	48190000	8077000	39000	1202662	0
1789795544.476664	7370187003	2880994943	24242735	6104000	48190000	8064000	40000	804262	0
1789795544.984883	7370343436	2881000498	24242735	6104000	48190000	8064000	40000	899585	0
1789795545.490420	7370558096	2881010935	24242735	6104000	48190000	8064000	39000	871036	0
1789795545.999419	7370800161	2881015940	24242735	6104000	48190000	8064000	39000	1163461	0
1789795546.505044	7370994680	2881023142	24242735	6115000	48190000	8078000	39000	1014454	0
1789795547.014988	7371177723	2881029489	24242735	6115000	48190000	8078000	39000	953852	0
1789795547.521354	7371350330	2881035532	24242735	6115000	48190000	8078000	39000	642847	0
1789795548.031074	7371568836	2881047678	24242735	6115000	48190000	8078000	39000	755396	0
1789795548.537113	7371858752	2881062875	24242735	6115000	48190000	8078000	39000	580143	0
1789795549.047422	7372138536	2881069406	24242735	6115000	48190000	8078000	39000	759855	0
1789795549.554985	7372428209	2881119455	24242735	6112000	48180000	8075000	39000	890456	0
1789795550.064040	7373290511	2881489266	24242735	6112000	48180000	8075000	39000	819305	0
1789795550.568163	7374270184	2881954597	24242735	6112000	48180000	8075000	42000	764763	0
1789795551.074830	7375111734	2882339300	24242735	6112000	48180000	8075000	42000	812606	0
1789795551.578844	7375986366	2882745610	24242735	6104000	48180000	8064000	42000	768140	0
1789795552.085417	7376825231	2883126835	24242735	6104000	48180000	8064000	42000	581270	0
1789795552.589134	7377841281	2883615786	24242735	6104000	48180000	8064000	42000	894840	0
1789795553.096987	7378688507	2883999880	24242735	6104000	48180000	8064000	42000	755383	0
1789795553.601514	7379561247	2884408387	24242735	6105000	48180000	8065000	42000	748473	0
1789795554.108839	7380591335	2884925475	24242735	6105000	48180000	8065000	42000	1024139	0
1789795554.613021	7381599633	2885379515	24242735	6105000	48180000	8065000	41000	722537	0
1789795555.119528	7382593100	2885906979	24242735	6105000	48180000	8065000	41000	762577	0
1789795555.623507	7383530048	2886379634	24242735	6102000	48170000	8061000	42000	735650	0
1789795556.130253	7384395341	2886786555	24242735	6102000	48170000	8061000	42000	744045	0
1789795556.634085	7385292617	2887211602	24242735	6102000	48170000	8061000	43000	757971	0
1789795557.142523	7386164013	2887618279	24242735	6102000	48170000	8061000	43000	734146	0
1789795557.646307	7387087534	2888076102	24242735	6102000	48170000	8061000	42000	581906	0
1789795558.153073	7387966682	2888492971	24242735	6102000	48170000	8061000	42000	764195	0
1789795558.656777	7388846074	2888905751	24242735	6104000	48170000	8064000	42000	902927	0
1789795559.164196	7389742495	2889338428	24242735	6104000	48170000	8064000	42000	576021	0
1789795559.668469	7390617249	2889746020	24242735	6104000	48170000	8064000	43000	1228601	0
1789795560.175811	7391554808	2890163255	24242796	6104000	48170000	8064000	43000	913768	0
1789795560.681089	7392431575	2890574387	24242796	6094000	48170000	8051000	41000	735887	0
1789795561.188465	7393285455	2890962508	24242796	6094000	48170000	8051000	41000	627856	0
1789795561.692099	7394162345	2891382734	24242796	6094000	48170000	8051000	42000	762962	0
1789795562.199231	7395038441	2891794659	24242796	6094000	48170000	8051000	42000	1091782	0
1789795562.703812	7395894701	2892181133	24242796	6102000	48160000	8061000	41000	743696	0
1789795563.211665	7396732834	2892559184	24242796	6102000	48160000	8061000	41000	740693	0
1789795563.715383	7397613630	2892980081	24242796	6102000	48160000	8061000	42000	730166	0
1789795564.222617	7398674052	2893505043	24242796	6102000	48160000	8061000	42000	977951	0
1789795564.726312	7399531472	2893900977	24242796	6101000	48160000	8060000	42000	954724	0
1789795565.233626	7399921180	2894016639	24242796	6101000	48160000	8060000	42000	679279	0
1789795565.740160	7400550878	2894171790	24242796	6101000	48160000	8060000	39000	930559	0
1789795566.249437	7400733312	2894178259	24242796	6101000	48160000	8060000	39000	908733	0
1789795566.754902	7400940648	2894188147	24242796	6111000	48160000	8073000	39000	1043147	0
1789795567.265330	7401110508	2894194983	24242796	6111000	48160000	8073000	39000	661204	0
1789795567.771053	7401276157	2894200659	24242796	6111000	48160000	8073000	39000	1026573	0
1789795568.279010	7401540744	2894228613	24242796	6111000	48160000	8073000	39000	655068	0
1789795568.785173	7401782626	2894234961	24242796	6111000	48160000	8073000	39000	860194	0
1789795569.296229	7402604767	2894585241	24242796	6111000	48160000	8073000	39000	840879	0
1789795569.799891	7403540434	2895027378	24242796	6113000	48160000	8076000	41000	725977	0
1789795570.307880	7404405361	2895415988	24242796	6113000	48160000	8076000	41000	1044456	0
1789795570.812021	7405242883	2895787447	24242796	6113000	48160000	8076000	41000	710123	0
1789795571.318645	7406162497	2896186982	24242796	6113000	48160000	8076000	41000	1125422	0
1789795571.822698	7407082417	2896632355	24242796	6102000	48150000	8062000	41000	891308	0
1789795572.330445	7407976457	2897049956	24242796	6102000	48150000	8062000	41000	793771	0
1789795572.833695	7408877761	2897479337	24242796	6102000	48150000	8062000	41000	717410	0
1789795573.340008	7409754407	2897885403	24242796	6102000	48150000	8062000	41000	589770	0
1789795573.844023	7410648997	2898308620	24242796	6102000	48150000	8061000	41000	755369	0
1789795574.351770	7411839424	2898893701	24242796	6102000	48150000	8061000	41000	768174	0
1789795574.856678	7412867436	2899453881	24242796	6102000	48150000	8061000	42000	769047	0
1789795575.364985	7413772219	2899890769	24242796	6102000	48150000	8061000	42000	768237	0
1789795575.868891	7414618408	2900282675	24242796	6102000	48140000	8061000	41000	879508	0
1789795576.375704	7415534055	2900722554	24242796	6102000	48140000	8061000	41000	779161	0
1789795576.879617	7416502742	2901185749	24242796	6102000	48140000	8061000	42000	739240	0
1789795577.386709	7417372857	2901592120	24242796	6102000	48140000	8061000	42000	742761	0
1789795577.890365	7418215506	2901977800	24242796	6102000	48140000	8062000	41000	929719	0
1789795578.397041	7419157886	2902443680	24242796	6102000	48140000	8062000	41000	866625	0
1789795578.902681	7420109849	2902919387	24242796	6102000	48140000	8062000	42000	872348	0
1789795579.409981	7421050032	2903346815	24242796	6102000	48140000	8062000	42000	582192	0
1789795579.915626	7421964520	2903745435	24242796	6102000	48140000	8062000	41000	772237	0
1789795580.425061	7422829691	2904143017	24242796	6102000	48140000	8062000	41000	638835	0
1789795580.929089	7423727760	2904556346	24242796	6102000	48140000	8062000	41000	656588	0
1789795581.435993	7424644261	2905002206	24242796	6102000	48140000	8062000	41000	595267	0
1789795581.940015	7425497897	2905405709	24242796	6102000	48140000	8062000	41000	591968	0
1789795582.446960	7426380890	2905797248	24242796	6102000	48140000	8062000	41000	581368	0
1789795582.950982	7427256498	2906211920	24242796	6102000	48130000	8062000	41000	780944	0
1789795583.457613	7428159816	2906642217	24242796	6102000	48130000	8062000	41000	873636	0
1789795583.961850	7429034204	2907057499	24242796	6102000	48130000	8062000	42000	684007	0
1789795584.470620	7429646019	2907278446	24242796	6102000	48130000	8062000	42000	809225	0
1789795584.977255	7430162863	2907452823	24242796	6103000	48130000	8063000	39000	841403	0
1789795585.487254	7430355245	2907465762	24242796	6103000	48130000	8063000	39000	805939	0
1789795585.992119	7430525472	2907471072	24242796	6103000	48130000	8063000	39000	654949	0
1789795586.502420	7430701619	2907477969	24242796	6103000	48130000	8063000	39000	589495	0
1789795587.008400	7430851460	2907482730	24242796	6113000	48130000	8076000	39000	650814	0
1789795587.518082	7431060749	2907491824	24242796	6113000	48130000	8076000	39000	628300	0
1789795588.024016	7431381732	2907510867	24243590	6113000	48130000	8076000	39000	1401788	0
1789795588.534015	7432632522	2908068910	24244627	6113000	48130000	8076000	39000	1156059	0
1789795589.040072	7433609632	2908500305	24245787	6105000	48130000	8065000	40000	760845	0
1789795589.550336	7434794748	2909036864	24247130	6105000	48130000	8065000	40000	847849	0
1789795590.056126	7435992316	2909654904	24247679	6105000	48130000	8065000	40000	1045075	0
1789795590.565708	7437027530	2910104061	24248534	6105000	48130000	8065000	40000	969426	0
1789795591.070056	7437552676	2910310542	24249388	6105000	48130000	8065000	39000	1207720	0
1789795591.580389	7437731569	2910316585	24249388	6105000	48130000	8065000	39000	567005	0
1789795592.085718	7437904176	2910323421	24249632	6111000	48120000	8073000	38000	1079518	0
1789795592.597106	7438097962	2910332637	24249632	6111000	48120000	8073000	38000	564040	0
1789795593.104776	7438275513	2910339168	24249632	6111000	48120000	8073000	38000	646017	0
1789795593.616051	7438562744	2910349849	24249632	6111000	48120000	8073000	38000	575881	0
1789795594.121957	7438991026	2910501460	24249632	6113000	48120000	8076000	39000	1196311	0
1789795594.630964	7439482724	2910646479	24249632	6113000	48120000	8076000	39000	1460000	0
1789795595.136320	7440754511	2911187066	24249632	6113000	48120000	8076000	39000	794169	0
1789795595.647725	7441739555	2911592155	24249632	6113000	48120000	8076000	39000	694328	0
1789795596.152124	7442892689	2912112845	24249632	6101000	48120000	8060000	41000	983487	0
1789795596.658877	7444019822	2912669606	24249632	6101000	48120000	8060000	41000	970742	0
1789795597.164947	7444919539	2912986805	24249632	6101000	48120000	8060000	39000	1225626	0
1789795597.673381	7445439130	2913147510	24249632	6101000	48120000	8060000	39000	981946	0
1789795598.179380	7445657452	2913161365	24249632	6105000	48110000	8065000	38000	667156	0
1789795598.689885	7445849041	2913172840	24249632	6105000	48110000	8065000	38000	677060	0
1789795599.196391	7446066204	2913190296	24249632	6105000	48110000	8065000	38000	653842	0
1789795599.704929	7446357524	2913200427	24249632	6105000	48110000	8065000	38000	729741	0
1789795600.211438	7446569742	2913211170	24249632	6111000	48110000	8073000	39000	654901	0
1789795600.720930	7446789163	2913217395	24249632	6111000	48110000	8073000	39000	692990	0
1789795601.227049	7447399757	2913449328	24250059	6111000	48110000	8073000	41000	686207	0
1789795601.734854	7448976963	2914260483	24250304	6111000	48110000	8073000	41000	750254	0
1789795602.239709	7450449310	2915057784	24250914	6111000	48110000	8073000	43000	907625	0
1789795602.747611	7451627347	2915555097	24250914	6111000	48110000	8073000	43000	515111	0
1789795603.253491	7452569971	2915836102	24251463	6096000	48110000	8053000	40000	668108	0
1789795603.761270	7453607261	2916028850	24251891	6096000	48110000	8053000	40000	862684	0
1789795604.266337	7454461202	2916347270	24252501	6096000	48110000	8053000	39000	1206375	0
1789795604.775349	7454675007	2916358989	24252562	6096000	48110000	8053000	39000	794495	0
1789795605.281214	7454938984	2916377177	24252562	6108000	48100000	8070000	38000	794067	0
1789795605.791395	7455132220	2916384623	24252562	6108000	48100000	8070000	38000	649351	0
1789795606.298143	7455502520	2916399272	24252562	6108000	48100000	8070000	38000	946584	0
1789795606.808371	7455707658	2916409526	24252562	6108000	48100000	8070000	38000	581896	0
1789795607.314389	7455958146	2916427287	24252562	6112000	48100000	8074000	38000	656142	0
1789795607.823893	7456470474	2916609415	24252562	6112000	48100000	8074000	38000	712689	0
1789795608.328825	7458126231	2917513771	24252623	6112000	48100000	8074000	41000	1054304	0
1789795608.835792	7459497200	2918212377	24252623	6112000	48100000	8074000	41000	1406198	0
1789795609.340883	7460768375	2918808873	24252623	6096000	48100000	8054000	41000	662918	0
1789795609.850373	7461737367	2919059665	24252623	6096000	48100000	8054000	41000	650135	0
1789795610.354014	7462942564	2919323214	24252623	6096000	48100000	8054000	39000	824201	0
1789795610.864361	7463435605	2919486788	24252623	6096000	48100000	8054000	39000	989267	0
1789795611.371169	7463749813	2919554964	24252623	6099000	48100000	8058000	38000	1224721	0
1789795611.882678	7464065669	2919565584	24252623	6099000	48100000	8058000	38000	823188	0
1789795612.388290	7464271846	2919580843	24252623	6099000	48100000	8058000	38000	788239	0
1789795612.899494	7464486261	2919587191	24252623	6099000	48100000	8058000	38000	1410515	0
1789795613.404955	7464676508	2919602205	24252623	6099000	48100000	8058000	38000	1010108	0
1789795613.913952	7464847650	2919614351	24252623	6099000	48100000	8058000	38000	1230882	0
1789795614.418947	7465843253	2920000032	24254027	6112000	48090000	8074000	39000	1276371	0
1789795614.926927	7471977697	2922644739	24254027	6112000	48090000	8074000	39000	1542404	0
1789795615.433928	7478304891	2925335833	24254637	6112000	48090000	8074000	44000	1470189	0
1789795615.942934	7484730045	2927880383	24254942	6112000	48090000	8074000	44000	1472815	0
1789795616.447912	7491328417	2930565434	24255675	6028000	48090000	7964000	44000	1530034	0
1789795616.958028	7497973908	2933236143	24255980	6028000	48090000	7964000	44000	1387600	0
1789795617.462510	7503760697	2935491874	24256041	6028000	48090000	7964000	44000	1159001	0
1789795617.970297	7508651920	2937335742	24256224	6028000	48090000	7964000	44000	1119710	0
1789795618.475485	7509742493	2937672472	24256224	6040000	48080000	7979000	42000	888289	0
1789795618.984478	7510227722	2937833177	24256224	6040000	48080000	7979000	42000	951727	0
1789795619.492783	7510450988	2937844407	24256224	6040000	48080000	7979000	39000	1101515	0
1789795620.005081	7510769407	2937858995	24256224	6040000	48080000	7979000	39000	1367140	0
1789795620.510262	7511002561	2937872117	24256224	6099000	48070000	8057000	39000	647559	0
1789795621.019850	7511252926	2937886888	24256346	6099000	48070000	8057000	39000	856488	0
1789795621.526368	7511460323	2937896043	24256346	6099000	48070000	8057000	39000	642664	0
1789795622.035921	7511661922	2937911058	24256590	6099000	48070000	8057000	39000	624298	0
1789795622.542930	7514852038	2939171735	24256590	6104000	48070000	8064000	43000	1645678	0
1789795623.052923	7521227632	2941858740	24256590	6104000	48070000	8064000	43000	1535043	0
1789795623.557915	7527536149	2944462677	24256590	6104000	48070000	8064000	45000	1490471	0
1789795624.065937	7534135192	2947144005	24256590	6104000	48070000	8064000	45000	1474990	0
1789795624.573478	7540519880	2949731889	24256590	6104000	48070000	8064000	45000	1476452	0
1789795625.082131	7546792386	2952217723	24256590	6104000	48070000	8064000	45000	1608976	0
1789795625.586620	7552125258	2954273198	24256590	6021000	48060000	7955000	45000	1029369	0
1789795626.095880	7556169071	2955688295	24256590	6021000	48060000	7955000	45000	1397912	0
1789795626.600331	7556795962	2955845704	24256590	6021000	48060000	7955000	41000	1391590	0
1789795627.112096	7557307679	2955942139	24256590	6021000	48060000	7955000	41000	1010268	0
1789795627.619308	7557492432	2955946839	24256590	6093000	48050000	8049000	40000	695937	0
1789795628.131950	7557842956	2955962769	24256590	6093000	48050000	8049000	40000	775266	0
1789795628.640026	7558036437	2955969849	24256590	6093000	48050000	8049000	40000	1003192	0
1789795629.152507	7558232298	2955978333	24256590	6093000	48050000	8049000	40000	918198	0
1789795629.661770	7558411070	2955989075	24256590	6105000	48050000	8066000	40000	1105514	0
1789795630.174746	7558659543	2955996094	24256590	6105000	48050000	8066000	40000	682612	0
1789795630.682942	7563600510	2958147883	24257384	6105000	48050000	8066000	45000	1689347	0
1789795631.191928	7570165923	2960978992	24257628	6105000	48050000	8066000	45000	1488189	0
1789795631.696925	7576581067	2963608013	24258177	6023000	48050000	7957000	46000	1507897	0
1789795632.207730	7583262019	2966286351	24258726	6023000	48050000	7957000	46000	1453175	0
1789795632.712048	7589899881	2968918974	24259398	6023000	48050000	7957000	46000	1479569	0
1789795633.218971	7596165307	2971419700	24260252	6023000	48050000	7957000	46000	1714185	0
1789795633.723150	7600823498	2973122881	24260252	6024000	48030000	7959000	44000	1059504	0
1789795634.232713	7604321841	2974459487	24260374	6024000	48030000	7959000	44000	1746570	0
1789795634.737944	7610856919	2977240425	24260374	6024000	48030000	7959000	46000	1642537	0
1789795635.247870	7617295257	2979932373	24260374	6024000	48030000	7959000	46000	1525050	0
1789795635.752626	7623807448	2982565240	24260374	6024000	48030000	7959000	47000	1475263	0
1789795636.261951	7630493405	2985219042	24260374	6024000	48030000	7959000	47000	1492682	0
1789795636.766037	7636861980	2987740398	24260374	6017000	48020000	7949000	47000	1471093	0
1789795637.274082	7642611111	2989985448	24260374	6017000	48020000	7949000	47000	828312	0
1789795637.778359	7645587360	2991037081	24260374	6017000	48020000	7949000	44000	916900	0
1789795638.288943	7650202034	2992992032	24260435	6017000	48020000	7949000	44000	1775650	0
1789795638.794916	7656949209	2995903463	24260435	6077000	48010000	8028000	48000	1539488	0
1789795639.304933	7663603122	2998616163	24260435	6077000	48010000	8028000	48000	1528354	0
1789795639.809015	7670237200	3001345771	24260435	6077000	48010000	8028000	48000	1626388	0
1789795640.318028	7676941284	3004023071	24260435	6077000	48010000	8028000	48000	1589639	0
1789795640.822611	7683022872	3006429254	24260435	6013000	48000000	7944000	48000	1363428	0
1789795641.330797	7687636142	3008117177	24260435	6013000	48000000	7944000	48000	882089	0
1789795641.835939	7690320827	3009064440	24260435	6013000	48000000	7944000	46000	1950144	0
1789795642.343922	7697243417	3012162760	24260435	6013000	48000000	7944000	46000	1690197	0
1789795642.848913	7703577385	3014803256	24260435	6011000	47990000	7941000	49000	1527133	0
1789795643.358936	7710382849	3017586696	24260435	6011000	47990000	7941000	49000	1529159	0
1789795643.862832	7717112751	3020324482	24260435	6011000	47990000	7941000	49000	1466149	0
1789795644.373023	7723618777	3022927808	24260435	6011000	47990000	7941000	49000	1468895	0
1789795644.878018	7729302173	3025128669	24260435	6011000	47980000	7941000	49000	1494248	0
1789795645.386331	7733041421	3026476077	24260435	6011000	47980000	7941000	49000	1057440	0
1789795645.892938	7738182399	3028734494	24260435	6011000	47980000	7941000	49000	1788713	0
1789795646.401919	7745018685	3031687917	24260435	6011000	47980000	7941000	49000	1586150	0
1789795646.906935	7751636955	3034441755	24260435	6011000	47980000	7941000	50000	1592421	0
1789795647.415920	7758469396	3037203223	24260435	6011000	47980000	7941000	50000	1536541	0
1789795647.923032	7765173846	3039898895	24260435	6009000	47970000	7938000	50000	1517910	0
1789795648.431031	7771426027	3042371178	24260435	6009000	47970000	7938000	50000	1352865	0
1789795648.935985	7775416984	3043728658	24260435	6009000	47970000	7938000	47000	1066990	0
1789795649.444937	7778560531	3044919939	24260435	6009000	47970000	7938000	47000	1843291	0
1789795649.949942	7785545559	3047997873	24260435	6049000	47960000	7991000	50000	1700100	0
1789795650.461938	7792174387	3050775271	24260435	6049000	47960000	7991000	50000	1578838	0
1789795650.966947	7798821526	3053485530	24260435	6049000	47960000	7991000	51000	1518983	0
1789795651.479547	7805708899	3056259082	24260435	6049000	47960000	7991000	51000	1450376	0
1789795651.984024	7811936422	3058715375	24260435	6003000	47950000	7931000	51000	1361193	0
1789795652.492228	7817645880	3060917701	24260435	6003000	47950000	7931000	51000	1142028	0
1789795652.996837	7821361935	3062316135	24260435	6003000	47950000	7931000	49000	1950318	0
1789795653.504946	7827845439	3065088283	24260435	6003000	47950000	7931000	49000	1531919	0
1789795654.011920	7834306299	3067751057	24260435	6012000	47940000	7943000	51000	1565734	0
1789795654.522022	7840896309	3070488843	24260435	6012000	47940000	7943000	51000	1627124	0
1789795655.027780	7847328177	3073086249	24260435	6012000	47940000	7943000	52000	1465093	0
1789795655.539025	7853876378	3075667053	24260435	6012000	47940000	7943000	52000	1470266	0
1789795656.042940	7859837300	3077984918	24260435	6010000	47930000	7940000	52000	1152037	0
1789795656.551717	7864443673	3079629079	24260435	6010000	47930000	7940000	52000	932672	0
1789795657.056032	7868428282	3081269028	24260435	6010000	47930000	7940000	51000	1886228	0
1789795657.564959	7874293135	3084141152	24260435	6010000	47930000	7940000	51000	1483522	0
1789795658.069945	7879362153	3086627474	24260435	6010000	47930000	7940000	51000	1442499	0
1789795658.581072	7884289935	3089128749	24260435	6010000	47930000	7940000	51000	1471575	0
1789795659.086999	7888988043	3091504231	24260435	6025000	47920000	7960000	51000	1409370	0
1789795659.595691	7893746759	3093879713	24260435	6025000	47920000	7960000	51000	1375754	0
1789795660.100747	7898151472	3096107674	24260435	6025000	47920000	7960000	51000	1314839	0
1789795660.610032	7901428868	3097638859	24260435	6025000	47920000	7960000	51000	1114634	0
1789795661.115970	7903773101	3098658327	24260435	6031000	47910000	7968000	49000	1640707	0
1789795661.627984	7908941422	3101423212	24260435	6031000	47910000	7968000	49000	1533146	0
1789795662.132862	7913698124	3103925464	24260435	6031000	47910000	7968000	51000	1409781	0
1789795662.643948	7918627555	3106408734	24260435	6031000	47910000	7968000	51000	1434931	0
1789795663.149997	7922639508	3108553077	24260435	6027000	47900000	7963000	50000	1197247	0
1789795663.660184	7926316195	3110565889	24260435	6027000	47900000	7963000	50000	1311771	0
1789795664.168037	7929864587	3112513089	24260435	6027000	47900000	7963000	50000	1265175	0
1789795664.678980	7933309829	3114407737	24260435	6027000	47900000	7963000	50000	1135741	0
1789795665.184901	7936671271	3116237505	24260435	6050000	47890000	7993000	51000	1141985	0
1789795665.693896	7939533141	3117576308	24260435	6050000	47890000	7993000	51000	911180	0
1789795666.200976	7942790518	3119229624	24260435	6050000	47890000	7993000	51000	1630714	0
1789795666.710980	7947810525	3121920535	24260435	6050000	47890000	7993000	51000	1386637	0
1789795667.215991	7951498320	3124008054	24260435	6040000	47880000	7979000	51000	1228547	0
1789795667.726750	7955185750	3125993401	24260435	6040000	47880000	7979000	51000	1292985	0
1789795668.235993	7958935679	3128030139	24260435	6040000	47880000	7979000	51000	1284897	0
1789795668.743940	7962699769	3130054487	24260435	6040000	47880000	7979000	51000	1272839	0
1789795669.252129	7966479544	3132080360	24260435	6043000	47880000	7984000	51000	1350690	0
1789795669.761851	7970287457	3134091708	24260435	6043000	47880000	7984000	51000	1122131	0
1789795670.267182	7974076266	3136047940	24260435	6043000	47880000	7984000	52000	1141436	0
1789795670.775012	7976800990	3137288233	24260435	6043000	47880000	7984000	52000	1624975	0
1789795671.279973	7977267603	3137363672	24261900	6043000	47880000	7984000	48000	1192004	0
1789795671.790702	7977834435	3137548120	24262938	6043000	47880000	7984000	48000	792075	0
1789795672.295951	7978101158	3137558313	24263548	6082000	47870000	8035000	47000	1041075	0
1789795672.805102	7978336386	3137569604	24264159	6082000	47870000	8035000	47000	1039072	0
1789795673.311147	7978580465	3137582299	24264525	6082000	47870000	8035000	47000	656111	0
1789795673.821065	7978774496	3137588952	24264525	6082000	47870000	8035000	47000	427566	0
1789795674.326383	7979353901	3137769433	24264830	6091000	47870000	8047000	47000	676833	0
1789795674.836019	7979559894	3137779809	24265196	6091000	47870000	8047000	47000	643779	0
1789795675.342094	7979850482	3137817833	24265196	6091000	47870000	8047000	46000	1132918	0
1789795675.852155	7980043780	3137826622	24265257	6091000	47870000	8047000	46000	636642	0
1789795676.358381	7980335283	3137838280	24265257	6096000	47870000	8053000	46000	596536	0
1789795676.867333	7980897720	3137982201	24265440	6096000	47870000	8053000	46000	762777	0
1789795677.373045	7981107986	3137989586	24265440	6096000	47870000	8053000	46000	668999	0
1789795677.882120	7981358657	3138002098	24265440	6096000	47870000	8053000	46000	572125	0
1789795678.388058	7981591749	3138011742	24265440	6097000	47860000	8055000	46000	890782	0
1789795678.898348	7981832410	3138025535	24265440	6097000	47860000	8055000	46000	679525	0
1789795679.403887	7982390880	3138210472	24265440	6097000	47860000	8055000	48000	1218344	0
1789795679.911930	7982661204	3138254844	24265440	6097000	47860000	8055000	48000	902427	0
1789795680.418067	7982874156	3138265708	24265440	6098000	47860000	8056000	45000	1007254	0
1789795680.929246	7983160715	3138279014	24265440	6098000	47860000	8056000	45000	847547	0
1789795681.435339	7983395394	3138290305	24265440	6098000	47860000	8056000	45000	908747	0
1789795681.945285	7983577950	3138300315	24265440	6098000	47860000	8056000	45000	1007326	0
1789795682.452034	7983780647	3138311607	24265440	6098000	47860000	8056000	45000	794569	0
1789795682.964501	7983982490	3138320762	24265440	6098000	47860000	8056000	45000	830287	0
1789795683.469363	7984218146	3138326865	24265440	6099000	47860000	8057000	45000	624803	0
1789795683.979365	7984425787	3138332419	24265440	6099000	47860000	8057000	45000	781440	0
1789795684.484773	7984925237	3138500205	24265440	6099000	47860000	8057000	45000	672981	0
1789795684.995781	7985144780	3138517478	24265440	6099000	47860000	8057000	45000	815296	0
1789795685.502121	7985373112	3138543540	24265440	6099000	47860000	8058000	45000	642004	0
1789795686.012277	7985556644	3138555502	24265440	6099000	47860000	8058000	45000	737989	0
1789795686.516916	7985774844	3138565573	24265440	6099000	47860000	8058000	45000	873177	0
1789795687.025315	7986018618	3138603842	24265440	6099000	47860000	8058000	45000	648321	0
1789795687.531434	7986179750	3138609762	24265440	6099000	47850000	8057000	44000	894833	0
1789795688.041428	7986400575	3138642843	24265440	6099000	47850000	8057000	44000	628270	0
1789795688.546249	7986577881	3138649557	24265440	6099000	47850000	8057000	44000	628943	0
1789795689.057054	7986853271	3138660849	24265440	6099000	47850000	8057000	44000	1146484	0
1789795689.563353	7987060668	3138677694	24265440	6100000	47850000	8059000	44000	886351	0
1789795690.072451	7987270201	3138688498	24265440	6100000	47850000	8059000	44000	578175	0
1789795690.578309	7987432005	3138693991	24265440	6100000	47850000	8059000	44000	659412	0
1789795691.087399	7987628538	3138704916	24265440	6100000	47850000	8059000	44000	627168	0
1789795691.593446	7987792661	3138710531	24265440	6101000	47850000	8060000	44000	636709	0
1789795692.104056	7987971249	3138717062	24265440	6101000	47850000	8060000	44000	735250	0
1789795692.610170	7988152584	3138725119	24265440	6101000	47850000	8060000	44000	652928	0
1789795693.120108	7988358517	3138738668	24265440	6101000	47850000	8060000	44000	647315	0
1789795693.626353	7988510677	3138744589	24265440	6101000	47850000	8060000	43000	651416	0
1789795694.135923	7988942927	3138893270	24265440	6101000	47850000	8060000	43000	1151433	0
1789795694.643476	7989219781	3138922811	24265440	6102000	47850000	8062000	44000	603679	0
1789795695.153307	7989518243	3138935201	24265440	6102000	47850000	8062000	44000	762350	0
1789795695.659762	7989761833	3138942342	24265440	6102000	47850000	8062000	43000	649470	0
1789795696.167927	7989939750	3138950094	24265440	6102000	47850000	8062000	43000	1061023	0
1789795696.674076	7990127677	3138956075	24265440	6102000	47840000	8062000	43000	1202435	0
1789795697.184113	7990335867	3138967183	24265440	6102000	47840000	8062000	43000	881325	0
1789795697.690267	7990538443	3138976034	24265440	6102000	47840000	8062000	43000	1016275	0
1789795698.199399	7990748952	3138989278	24265440	6102000	47840000	8062000	43000	1000993	0
1789795698.706012	7990931081	3139001668	24265440	6102000	47840000	8062000	43000	1408174	0
1789795699.216230	7991155873	3139019674	24265440	6102000	47840000	8062000	43000	995505	0
1789795699.722379	7991322986	3139025716	24265440	6102000	47840000	8062000	43000	788201	0
1789795700.232473	7991495716	3139032125	24265440	6102000	47840000	8062000	43000	625181	0
1789795700.738979	7991665027	3139039205	24265440	6103000	47840000	8063000	43000	1018939	0
1789795701.250201	7991968859	3139053365	24265440	6103000	47840000	8063000	43000	629243	0
1789795701.756253	7992163194	3139061116	24265440	6103000	47840000	8063000	43000	570374	0
1789795702.266047	7992404466	3139069417	24265440	6103000	47840000	8063000	43000	647998	0
1789795702.771022	7992557847	3139073506	24265440	6103000	47840000	8063000	43000	882367	0
1789795703.280363	7992856796	3139108541	24265440	6103000	47840000	8063000	43000	960401	0
1789795703.785072	7993025802	3139114705	24265440	6103000	47840000	8063000	42000	641196	0
1789795704.295221	7993543440	3139293843	24265440	6103000	47840000	8063000	42000	1224354	0
1789795704.801709	7993696882	3139298909	24265440	6103000	47840000	8063000	43000	655464	0
1789795705.311171	7993928204	3139317097	24265440	6103000	47840000	8063000	43000	1015312	0
1789795705.816284	7994077984	3139321492	24265440	6102000	47840000	8062000	42000	624366	0
1789795706.326269	7994271954	3139331013	24265440	6102000	47840000	8062000	42000	655007	0
1789795706.831845	7994510845	3139337178	24265440	6102000	47840000	8062000	42000	765881	0
1789795707.340380	7994755290	3139353962	24265440	6102000	47840000	8062000	42000	659766	0
1789795707.845974	7994978006	3139374897	24265440	6102000	47830000	8062000	42000	656504	0
1789795708.357163	7995173563	3139385090	24265440	6102000	47830000	8062000	42000	702965	0
1789795708.863270	7995340860	3139391499	24265440	6102000	47830000	8062000	42000	664681	0
1789795709.373006	7995563942	3139403645	24265440	6102000	47830000	8062000	42000	525783	0
1789795709.879447	7995729286	3139410175	24265440	6104000	47830000	8064000	42000	649891	0
1789795710.389223	7995901588	3139418293	24265440	6104000	47830000	8064000	42000	638510	0
1789795710.895039	7996066260	3139423054	24265440	6104000	47830000	8064000	42000	592245	0
1789795711.404356	7996300635	3139441547	24265440	6104000	47830000	8064000	42000	802080	0
1789795711.910357	7996424658	3139444050	24265440	6102000	47830000	8061000	42000	586187	0
1789795712.419055	7996689733	3139453999	24265440	6102000	47830000	8061000	42000	798665	0
1789795712.925033	7996894994	3139458759	24265440	6102000	47830000	8061000	42000	891676	0
1789795713.434000	7997247105	3139530475	24265440	6102000	47830000	8061000	42000	652311	0
1789795713.939951	7997385593	3139533649	24265440	6104000	47830000	8064000	42000	649548	0
1789795714.450223	7997977266	3139716388	24265440	6104000	47830000	8064000	42000	574188	0
1789795714.956516	7998149019	3139721393	24265440	6104000	47830000	8064000	42000	640524	0
1789795715.466028	7998354402	3139733234	24265440	6104000	47830000	8064000	42000	614850	0
1789795715.971435	7998503998	3139738361	24265440	6104000	47830000	8064000	42000	764845	0
1789795716.481504	7998707001	3139748981	24265440	6104000	47830000	8064000	42000	650482	0
1789795716.987071	7998873199	3139753375	24265440	6105000	47820000	8065000	41000	769334	0
1789795717.496977	7999079009	3139766071	24265440	6105000	47820000	8065000	41000	619495	0
1789795718.003315	7999426115	3139788043	24265440	6105000	47820000	8065000	42000	643071	0
1789795718.513166	7999655546	3139801227	24265440	6105000	47820000	8065000	42000	646509	0
1789795719.018690	7999830594	3139806842	24265440	6098000	47820000	8056000	41000	1302989	0
1789795719.528907	8000030850	3139819354	24265440	6098000	47820000	8056000	41000	839666	0
1789795720.035249	8000201321	3139830035	24265440	6098000	47820000	8056000	41000	653861	0
1789795720.543930	8000383449	3139839190	24265440	6098000	47820000	8056000	41000	740350	0
1789795721.049875	8000527003	3139843951	24265440	6105000	47820000	8066000	41000	1043579	0
1789795721.560048	8000756434	3139857928	24265440	6105000	47820000	8066000	41000	592440	0
1789795722.065352	8000918909	3139861590	24265440	6105000	47820000	8066000	41000	656501	0
1789795722.574404	8001130151	3139873126	24265440	6105000	47820000	8066000	41000	599972	0
1789795723.080449	8001390405	3139887469	24265440	6104000	47820000	8064000	41000	1110146	0
1789795723.589509	8001569176	3139895770	24265440	6104000	47820000	8064000	41000	576612	0
1789795724.094760	8001919395	3140011859	24265440	6104000	47820000	8064000	42000	1066433	0
1789795724.603948	8002262473	3140080340	24265440	6104000	47820000	8064000	42000	537500	0
1789795725.108652	8002485189	3140088641	24265440	6105000	47810000	8066000	41000	682213	0
1789795725.619403	8002656576	3140096209	24265440	6105000	47810000	8066000	41000	572525	0
1789795726.124782	8002824239	3140101397	24265440	6105000	47810000	8066000	41000	659009	0
1789795726.634805	8002994282	3140108843	24265440	6105000	47810000	8066000	41000	628577	0
1789795727.141367	8003173969	3140118548	24265440	6105000	47810000	8066000	41000	931404	0
1789795727.652335	8003360065	3140127215	24265440	6105000	47810000	8066000	41000	648187	0
1789795728.157986	8003602435	3140135882	24265440	6105000	47810000	8066000	41000	595457	0
1789795728.667807	8003813982	3140151690	24265440	6105000	47810000	8066000	41000	936955	0
1789795729.173466	8003993669	3140159563	24265440	6105000	47810000	8066000	40000	677735	0
1789795729.681794	8004156328	3140166216	24265440	6105000	47810000	8066000	40000	585696	0
1789795730.187332	8004309648	3140171587	24265440	6105000	47810000	8065000	40000	804012	0
1789795730.697942	8004498429	3140180742	24265440	6105000	47810000	8065000	40000	677988	0
1789795731.203419	8004700150	3140197954	24265868	6105000	47810000	8065000	40000	563422	0
1789795731.712050	8004970046	3140209307	24266173	6105000	47810000	8065000	40000	939535	0
1789795732.218291	8005143203	3140217241	24266539	6096000	47810000	8054000	40000	571651	0
1789795732.727345	8005324049	3140228655	24266539	6096000	47810000	8054000	40000	845740	0
1789795733.233059	8005550184	3140239641	24267454	6096000	47810000	8054000	40000	1213672	0
1789795733.743380	8005804151	3140252458	24267760	6096000	47810000	8054000	40000	1201714	0
1789795734.248985	8006363292	3140425493	24267821	6101000	47810000	8060000	40000	972254	0
1789795734.759077	8006566783	3140437639	24268553	6101000	47810000	8060000	40000	1031096	0
1789795735.266291	8006736826	3140446123	24268553	6101000	47810000	8060000	40000	679349	0
1789795735.776113	8006923288	3140456560	24268553	6101000	47810000	8060000	40000	984450	0
1789795736.281980	8007127145	3140465898	24268553	6104000	47800000	8064000	40000	767803	0
1789795736.792188	8007343514	3140480974	24268553	6104000	47800000	8064000	40000	587843	0
1789795737.298362	8007659676	3140535905	24269469	6104000	47800000	8064000	40000	818477	0
1789795737.807565	8008052436	3140627824	24269591	6104000	47800000	8064000	40000	837367	0
1789795738.312406	8008346014	3140684220	24269591	6104000	47800000	8064000	40000	941786	0
1789795738.822305	8008839909	3140812210	24271483	6104000	47800000	8064000	40000	589961	0
1789795739.328554	8009107731	3140821549	24272642	6102000	47800000	8062000	40000	619608	0
1789795739.836721	8009301090	3140832718	24273497	6102000	47800000	8062000	40000	650535	0
1789795740.343039	8009527102	3140847550	24274718	6102000	47800000	8062000	40000	647052	0
1789795740.852836	8009727358	3140859146	24274779	6102000	47800000	8062000	40000	573118	0
1789795741.358340	8009935732	3140870682	24274779	6103000	47800000	8063000	40000	663944	0
1789795741.866255	8010098878	3140876785	24274779	6103000	47800000	8063000	40000	616770	0
1789795742.372419	8010289247	3140886612	24274779	6103000	47800000	8063000	39000	840531	0
1789795742.882962	8010455567	3140893570	24274779	6103000	47800000	8063000	39000	527790	0
1789795743.388968	8010655395	3140900528	24274779	6104000	47800000	8064000	40000	1297022	0
1789795743.897471	8010849243	3140906632	24274779	6104000	47800000	8064000	40000	563649	0
1789795744.403292	8011364988	3141080826	24274779	6104000	47800000	8064000	39000	556517	0
1789795744.913067	8011518247	3141086258	24274779	6104000	47800000	8064000	39000	644030	0
1789795745.419164	8011696714	3141093338	24274779	6105000	47790000	8066000	39000	621944	0
1789795745.929389	8011850827	3141099563	24274779	6105000	47790000	8066000	39000	603392	0
1789795746.434791	8012060482	3141114517	24274779	6105000	47790000	8066000	39000	656412	0
1789795746.945070	8012208797	3141121292	24274779	6105000	47790000	8066000	39000	646428	0
1789795747.451181	8012379451	3141127822	24274779	6105000	47790000	8065000	39000	647820	0
1789795747.959909	8012575129	3141144119	24274779	6105000	47790000	8065000	39000	680839	0
1789795748.465914	8012872004	3141156570	24274779	6105000	47790000	8065000	39000	573785	0
1789795748.976175	8013174920	3141174270	24274779	6105000	47790000	8065000	39000	571085	0
1789795749.482407	8013420159	3141186721	24274779	6105000	47790000	8065000	39000	679869	0
1789795749.990927	8013566765	3141197830	24274779	6105000	47790000	8065000	39000	818428	0
1789795750.496743	8013739982	3141203567	24274779	6102000	47790000	8061000	39000	713834	0
1789795751.005962	8013951896	3141219863	24274779	6102000	47790000	8061000	39000	747039	0
1789795751.510245	8014176810	3141227371	24274779	6102000	47790000	8061000	39000	1075049	0
1789795752.019990	8014346365	3141238906	24274779	6102000	47790000	8061000	39000	755989	0
1789795752.524943	8014985951	3141462966	24274779	6105000	47790000	8065000	41000	893655	0
1789795753.032893	8016057909	3141956373	24274779	6105000	47790000	8065000	41000	759960	0
1789795753.537978	8016919051	3142350476	24274779	6105000	47790000	8065000	41000	577094	0
1789795754.045036	8017832684	3142782970	24274779	6105000	47790000	8065000	41000	1602007	0
1789795754.548941	8018845255	3143267954	24274779	6096000	47780000	8054000	41000	917820	0
1789795755.056830	8019837196	3143721505	24274779	6096000	47780000	8054000	41000	718823	0
1789795755.559993	8020740331	3144153572	24274779	6096000	47780000	8054000	41000	653093	0
1789795756.067265	8021613375	3144565192	24274779	6096000	47780000	8054000	41000	603199	0
1789795756.571388	8022513642	3144995366	24274779	6095000	47780000	8052000	41000	720261	0
1789795757.079835	8023402128	3145410893	24274779	6095000	47780000	8052000	41000	1146402	0
1789795757.584957	8024312465	3145846255	24274779	6095000	47780000	8052000	41000	746247	0
1789795758.091563	8025365929	3146406007	24274779	6095000	47780000	8052000	41000	734574	0
1789795758.595127	8026371908	3146870667	24274779	6093000	47780000	8050000	42000	747361	0
1789795759.103134	8027338458	3147351806	24274779	6093000	47780000	8050000	42000	743667	0
1789795759.607954	8028272782	3147810300	24274779	6093000	47780000	8050000	43000	791968	0
1789795760.114596	8029159987	3148222775	24274779	6093000	47780000	8050000	43000	754529	0
1789795760.618574	8030159008	3148742488	24274779	6093000	47780000	8050000	42000	905202	0
1789795761.126253	8031117318	3149219660	24274779	6093000	47780000	8050000	42000	598406	0
1789795761.630452	8032072211	3149685967	24274779	6092000	47770000	8048000	42000	952126	0
1789795762.139626	8033013554	3150131889	24274779	6092000	47770000	8048000	42000	766036	0
1789795762.644246	8033922182	3150553763	24274779	6092000	47770000	8048000	41000	587500	0
1789795763.151016	8034838256	3150974233	24274779	6092000	47770000	8048000	41000	947433	0
1789795763.655999	8035756161	3151398975	24274779	6096000	47770000	8053000	42000	665531	0
1789795764.164034	8036930658	3151964892	24274779	6096000	47770000	8053000	42000	1260405	0
1789795764.667667	8037882438	3152397752	24274779	6096000	47770000	8053000	43000	932218	0
1789795765.174681	8038844837	3152861801	24274779	6096000	47770000	8053000	43000	787682	0
1789795765.678210	8039756639	3153285140	24274779	6092000	47770000	8048000	42000	609934	0
1789795766.185052	8040686874	3153724714	24274779	6092000	47770000	8048000	42000	906208	0
1789795766.688748	8041608380	3154160809	24274779	6092000	47770000	8048000	43000	759805	0
1789795767.195929	8042565653	3154621867	24274779	6092000	47770000	8048000	43000	772562	0
1789795767.699689	8043105142	3154699443	24274779	6093000	47760000	8050000	39000	558004	0
1789795768.207845	8043730018	3154870829	24274779	6093000	47760000	8050000	39000	674234	0
1789795768.714254	8044330236	3155088419	24275633	6093000	47760000	8050000	39000	588271	0
1789795769.224258	8044632603	3155105570	24275633	6093000	47760000	8050000	39000	641971	0
1789795769.729720	8045087192	3155120707	24275633	6100000	47760000	8059000	39000	685066	0
1789795770.242429	8045503207	3155138651	24275633	6100000	47760000	8059000	39000	554813	0
1789795770.748171	8045882417	3155149454	24275633	6100000	47760000	8059000	39000	775437	0
1789795771.258118	8046297028	3155172098	24275633	6100000	47760000	8059000	39000	591642	0
1789795771.764513	8047245695	3155543801	24275633	6100000	47760000	8059000	40000	873154	0
1789795772.274259	8048166835	3155959144	24275633	6100000	47760000	8059000	40000	945428	0
1789795772.779730	8049019372	3156338599	24275633	6086000	47760000	8040000	40000	911197	0
1789795773.288973	8049900107	3156742407	24275633	6086000	47760000	8040000	40000	825422	0
1789795773.795050	8050774128	3157145421	24275633	6086000	47760000	8040000	40000	949106	0
1789795774.302892	8052152360	3157886813	24275633	6086000	47760000	8040000	40000	1768832	0
1789795774.807785	8053753796	3158717194	24276488	6093000	47750000	8049000	41000	1630404	0
1789795775.317049	8055082467	3159400786	24276488	6093000	47750000	8049000	41000	1720411	0
1789795775.821703	8056463689	3160122525	24276488	6093000	47750000	8049000	41000	1733875	0
1789795776.329985	8057785890	3160801356	24276488	6093000	47750000	8049000	41000	1748868	0
1789795776.835125	8058732177	3161269617	24276488	6084000	47750000	8038000	40000	966743	0
1789795777.343698	8059784359	3161821129	24277647	6084000	47750000	8038000	40000	866825	0
1789795777.848101	8060722650	3162290488	24277647	6084000	47750000	8038000	40000	953934	0
1789795778.357123	8061702323	3162785116	24277647	6084000	47750000	8038000	40000	954362	0
1789795778.862137	8062624379	3163238850	24277647	6090000	47750000	8045000	41000	964572	0
1789795779.368996	8063581957	3163669879	24277647	6090000	47750000	8045000	41000	1092820	0
1789795779.874589	8064551071	3164168840	24277647	6090000	47750000	8045000	41000	969896	0
1789795780.382489	8065546918	3164634598	24277647	6090000	47750000	8045000	41000	996845	0
1789795780.887760	8066460978	3165080581	24277647	6087000	47740000	8042000	41000	931889	0
1789795781.398586	8067424415	3165565504	24277647	6087000	47740000	8042000	41000	864024	0
1789795781.903646	8068340917	3166015454	24277647	6087000	47740000	8042000	40000	965718	0
1789795782.412779	8069318209	3166508373	24277647	6087000	47740000	8042000	40000	966590	0
1789795782.917899	8070201874	3166928660	24277647	6087000	47740000	8042000	41000	1071567	0
1789795783.423643	8071119047	3167366830	24277647	6087000	47740000	8042000	41000	972261	0
1789795783.929831	8072051479	3167820564	24277647	6090000	47740000	8045000	40000	1397335	0
1789795784.437668	8073161705	3168381232	24277647	6090000	47740000	8045000	40000	815806	0
1789795784.942529	8074100851	3168834783	24277647	6090000	47740000	8045000	40000	929772	0
1789795785.452877	8075070636	3169284550	24277647	6090000	47740000	8045000	40000	836386	0
1789795785.958109	8076013688	3169724246	24277647	6090000	47730000	8046000	40000	954362	0
1789795786.465896	8076964308	3170197084	24277647	6090000	47730000	8046000	40000	977524	0
1789795786.971873	8077398633	3170338868	24277647	6090000	47730000	8046000	39000	733468	0
1789795787.481372	8077852733	3170481629	24277647	6090000	47730000	8046000	39000	1031275	0
1789795787.989097	8078069530	3170493104	24277647	6094000	47730000	8051000	39000	630616	0
1789795788.499323	8078278086	3170507447	24277647	6094000	47730000	8051000	39000	628995	0
1789795789.005198	8078521494	3170536561	24277647	6094000	47730000	8051000	39000	665007	0
1789795789.515988	8078711068	3170546998	24277647	6094000	47730000	8051000	39000	655589	0
1789795790.022281	8078962472	3170565857	24277647	6103000	47730000	8063000	39000	711057	0
1789795790.532268	8079142403	3170573365	24277647	6103000	47730000	8063000	39000	1013990	0
1789795791.037416	8080232122	3171053161	24279234	6103000	47730000	8063000	41000	1138060	0
1789795791.544709	8081255496	3171500181	24281309	6103000	47730000	8063000	41000	837525	0
1789795792.050165	8082392639	3172019650	24282347	6091000	47730000	8047000	40000	861335	0
1789795792.561197	8083599423	3172638484	24283324	6091000	47730000	8047000	40000	764490	0
1789795793.066916	8084809441	3173225091	24284056	6091000	47730000	8047000	40000	1406864	0
1789795793.575136	8085225090	3173344110	24284056	6091000	47730000	8047000	40000	1053152	0
1789795794.081109	8085825186	3173561516	24284361	6091000	47730000	8047000	40000	1079414	0
1789795794.587763	8086207692	3173667900	24284727	6091000	47730000	8047000	40000	639367	0
1789795795.094234	8086511952	3173709770	24284727	6096000	47720000	8054000	39000	634605	0
1789795795.604366	8086721302	3173719109	24284727	6096000	47720000	8054000	39000	1071524	0
1789795796.109841	8086967700	3173733696	24284727	6096000	47720000	8054000	39000	654915	0
1789795796.621025	8087218981	3173745659	24284727	6096000	47720000	8054000	39000	767943	0
1789795797.126759	8087608690	3173812248	24284727	6099000	47720000	8058000	39000	1256081	0
1789795797.635865	8088862593	3174376944	24284788	6099000	47720000	8058000	39000	1270073	0
1789795798.140221	8089835063	3174802663	24284788	6099000	47720000	8058000	41000	646456	0
1789795798.647514	8091014748	3175360584	24284788	6099000	47720000	8058000	41000	1541008	0
1789795799.152352	8092295445	3176026232	24284910	6091000	47720000	8047000	42000	725399	0
1789795799.660120	8093384310	3176480454	24284910	6091000	47720000	8047000	42000	999110	0
1789795800.167287	8093820466	3176573105	24285277	6091000	47720000	8047000	39000	854651	0
1789795800.678800	8094185394	3176665085	24285277	6091000	47720000	8047000	39000	896976	0
1789795801.186882	8094424529	3176680344	24285277	6101000	47710000	8060000	39000	1206614	0
1789795801.698697	8094673857	3176698471	24285399	6101000	47710000	8060000	39000	661378	0
1789795802.206915	8094972623	3176708908	24285399	6101000	47710000	8060000	39000	1006945	0
1789795802.718028	8095148832	3176715134	24285399	6101000	47710000	8060000	39000	1111614	0
1789795803.225609	8095325406	3176723923	24285399	6100000	47710000	8059000	38000	683412	0
1789795803.736713	8095780117	3176888168	24285460	6100000	47710000	8059000	38000	728655	0
1789795804.243812	8097481528	3177861676	24285765	6100000	47710000	8059000	41000	1152795	0
1789795804.755517	8098917926	3178572246	24285765	6100000	47710000	8059000	41000	944356	0
1789795805.261783	8100258743	3179197366	24286619	6100000	47710000	8059000	40000	862594	0
1789795805.773795	8101220044	3179485085	24287535	6100000	47710000	8059000	40000	822885	0
1789795806.280669	8102486215	3179784462	24288084	6087000	47710000	8041000	39000	1167968	0
1789795806.790719	8103053841	3179912330	24288695	6087000	47710000	8041000	39000	671193	0
1789795807.298938	8103651495	3180028052	24289427	6087000	47710000	8041000	39000	846518	0
1789795807.809907	8104056157	3180035560	24289427	6087000	47710000	8041000	39000	775031	0
1789795808.316204	8104446720	3180049537	24289427	6096000	47700000	8053000	38000	651437	0
1789795808.830053	8104850345	3180058265	24289427	6096000	47700000	8053000	38000	587658	0
1789795809.339148	8105259218	3180071815	24289427	6096000	47700000	8053000	38000	587509	0
1789795809.854285	8105659181	3180084327	24289427	6096000	47700000	8053000	38000	570155	0
1789795810.361973	8106908262	3180604772	24291563	6099000	47700000	8057000	39000	1268490	0
1789795810.872905	8108460748	3181408054	24292479	6099000	47700000	8057000	39000	1472905	0
1789795811.377681	8110331776	3182431122	24292479	6099000	47700000	8057000	41000	1564393	0
1789795811.885009	8112041611	3183371977	24293700	6099000	47700000	8057000	41000	1622741	0
1789795812.389707	8113485821	3183990689	24293700	6080000	47700000	8033000	39000	729479	0
1789795812.899618	8114714028	3184336269	24293761	6080000	47700000	8033000	39000	696810	0
1789795813.405685	8115454505	3184487514	24293761	6080000	47700000	8033000	39000	880067	0
1789795813.915485	8115898107	3184596400	24293761	6080000	47700000	8033000	39000	588072	0
1789795814.421333	8116460850	3184789759	24293761	6097000	47690000	8055000	39000	1088083	0
1789795814.932484	8116682529	3184809351	24293761	6097000	47690000	8055000	39000	881960	0
1789795815.439391	8116892367	3184816248	24293761	6097000	47690000	8055000	38000	695468	0
1789795815.950124	8117077608	3184830591	24293761	6097000	47690000	8055000	38000	584967	0
1789795816.456250	8117352388	3184843043	24293761	6097000	47690000	8055000	38000	603006	0
1789795816.966374	8117569428	3184858851	24293761	6097000	47690000	8055000	38000	654012	0
1789795817.472018	8121069114	3186248068	24294432	6099000	47690000	8058000	42000	1533911	0
1789795817.980964	8126218393	3188810989	24295042	6099000	47690000	8058000	42000	1392709	0
1789795818.484815	8131220089	3191283395	24295103	6099000	47690000	8058000	43000	1534431	0
1789795818.993982	8136350203	3193788881	24296324	6099000	47690000	8058000	43000	1383241	0
1789795819.501937	8141415376	3196128170	24296324	6032000	47690000	7969000	43000	1392873	0
1789795820.010489	8146488849	3198486135	24296568	6032000	47690000	7969000	43000	1387193	0
1789795820.516157	8151440802	3200837142	24296690	6032000	47690000	7969000	44000	1293400	0
1789795821.024989	8155407772	3202327556	24297301	6032000	47690000	7969000	44000	1676315	0
1789795821.530017	8156486016	3202680155	24297301	6038000	47670000	7977000	40000	1117188	0
1789795822.041111	8156996635	3202838968	24297362	6038000	47670000	7977000	40000	700545	0
1789795822.547966	8157250235	3202858560	24297362	6038000	47670000	7977000	39000	803081	0
1789795823.060898	8157528860	3202871561	24297362	6038000	47670000	7977000	39000	668875	0
1789795823.567249	8157737355	3202886575	24297362	6096000	47670000	8053000	39000	643209	0
1789795824.079058	8158119496	3202969949	24297362	6096000	47670000	8053000	39000	1207558	0
1789795824.584341	8158524646	3203078897	24297362	6096000	47670000	8053000	39000	675018	0
1789795825.097020	8158828539	3203099038	24297362	6096000	47670000	8053000	39000	662527	0
1789795825.605955	8161369548	3204088843	24297362	6099000	47670000	8058000	43000	1495146	0
1789795826.114965	8166597989	3206514618	24297362	6099000	47670000	8058000	43000	1390363	0
1789795826.619925	8171718521	3209010644	24297362	6099000	47670000	8058000	44000	1532766	0
1789795827.130939	8176832460	3211587298	24297362	6099000	47670000	8058000	44000	1441844	0
1789795827.637474	8181876210	3214013683	24297362	6099000	47670000	8058000	44000	1455133	0
1789795828.148049	8186967505	3216380743	24297362	6099000	47670000	8058000	44000	1467692	0
1789795828.652745	8191978418	3218815368	24297362	6032000	47660000	7969000	45000	1589828	0
1789795829.160022	8196447034	3220564997	24297362	6032000	47660000	7969000	45000	1380313	0
1789795829.666174	8197484690	3220878046	24297362	6032000	47660000	7969000	41000	986823	0
1789795830.178890	8198143746	3221086114	24297362	6032000	47660000	7969000	41000	772093	0
1789795830.686837	8198310005	3221090264	24297362	6088000	47650000	8043000	40000	934689	0
1789795831.199589	8198568611	3221100030	24297362	6088000	47650000	8043000	40000	833675	0
1789795831.707677	8198772956	3221114129	24297362	6088000	47650000	8043000	40000	906883	0
1789795832.216390	8199042364	3221135735	24297362	6088000	47650000	8043000	40000	816262	0
1789795832.724916	8199201483	3221140435	24297362	6096000	47650000	8054000	40000	918452	0
1789795833.237107	8199577824	3221187554	24297362	6096000	47650000	8054000	40000	657395	0
1789795833.744944	8202052244	3222137747	24298033	6096000	47650000	8054000	44000	1437482	0
1789795834.256975	8207333542	3224524215	24298826	6096000	47650000	8054000	44000	1370782	0
1789795834.761959	8212420321	3227036965	24299376	6034000	47640000	7971000	45000	1423367	0
1789795835.271930	8217551106	3229526034	24299925	6034000	47640000	7971000	45000	1426241	0
1789795835.778484	8222607429	3231903835	24299925	6034000	47640000	7971000	45000	1342650	0
1789795836.286937	8227669794	3234253194	24300108	6034000	47640000	7971000	45000	1378181	0
1789795836.793036	8232692852	3236653640	24300841	6030000	47640000	7966000	45000	1440268	0
1789795837.301023	8237243744	3238466624	24301207	6030000	47640000	7966000	45000	1146018	0
1789795837.806814	8240146690	3239527961	24301207	6030000	47640000	7966000	45000	1927718	0
1789795838.315975	8245735055	3242395019	24301207	6030000	47640000	7966000	45000	1585058	0
1789795838.819920	8250664425	3244928216	24301207	6030000	47640000	7966000	45000	1482043	0
1789795839.329935	8255771955	3247412524	24301207	6030000	47640000	7966000	45000	1365017	0
1789795839.835939	8260817902	3249860027	24301207	6027000	47630000	7963000	46000	1368506	0
1789795840.345079	8265892840	3252307775	24301207	6027000	47630000	7963000	46000	1476736	0
1789795840.850315	8270913823	3254726775	24301207	6027000	47630000	7963000	46000	1435290	0
1789795841.359032	8275599602	3256642724	24301207	6027000	47630000	7963000	46000	1020359	0
1789795841.863006	8280122723	3258678181	24301207	6027000	47620000	7962000	46000	1630010	0
1789795842.374782	8285204192	3261356213	24301207	6027000	47620000	7962000	46000	1500109	0
1789795842.878610	8290231767	3263812750	24301207	6027000	47620000	7962000	46000	1437473	0
1789795843.388937	8295316776	3266350707	24301207	6027000	47620000	7962000	46000	1427832	0
1789795843.893926	8300349356	3268904778	24301207	6026000	47610000	7961000	46000	1471513	0
1789795844.405042	8305437905	3271373094	24301207	6026000	47610000	7961000	46000	1464823	0
1789795844.909932	8310215114	3273349103	24301207	6026000	47610000	7961000	47000	1111619	0
1789795845.418904	8314555252	3274901833	24301207	6026000	47610000	7961000	47000	1036195	0
1789795845.924830	8318781987	3276726902	24301207	6033000	47600000	7970000	47000	1792145	0
1789795846.432974	8323827201	3279459072	24301207	6033000	47600000	7970000	47000	1500087	0
1789795846.941949	8328877664	3281979024	24301207	6033000	47600000	7970000	47000	1497962	0
1789795847.450489	8333952725	3284533949	24301207	6033000	47600000	7970000	47000	1424545	0
1789795847.955981	8338984267	3287110054	24301207	6024000	47590000	7958000	47000	1578568	0
1789795848.465360	8344001039	3289514405	24301207	6024000	47590000	7958000	47000	1550156	0
1789795848.971017	8348997730	3291721614	24301207	6024000	47590000	7958000	48000	1326998	0
1789795849.479319	8352646769	3293098869	24301207	6024000	47590000	7958000	48000	828239	0
1789795849.985946	8356801177	3294969897	24301207	6051000	47590000	7994000	48000	1733705	0
1789795850.496925	8361914933	3297602397	24301207	6051000	47590000	7994000	48000	1427800	0
1789795851.002072	8366967655	3300107884	24301207	6051000	47580000	7994000	49000	1532177	0
1789795851.509981	8372032400	3302535307	24301207	6051000	47580000	7994000	49000	1471320	0
1789795852.014988	8377067055	3305007530	24301207	6051000	47580000	7994000	48000	1366517	0
1789795852.526665	8382155604	3307449479	24301207	6051000	47580000	7994000	48000	1364954	0
1789795853.031352	8387086011	3309696605	24301207	6021000	47570000	7955000	49000	1341562	0
1789795853.539836	8391339907	3311257453	24301207	6021000	47570000	7955000	49000	1233213	0
1789795854.043961	8395944570	3313361512	24301207	6021000	47570000	7955000	49000	1575517	0
1789795854.555627	8401021340	3315977228	24301207	6021000	47570000	7955000	49000	1481891	0
1789795855.059944	8406053858	3318462024	24301207	6021000	47560000	7954000	49000	1444110	0
1789795855.568525	8411127576	3320944501	24301207	6021000	47560000	7954000	49000	1421731	0
1789795856.073074	8416151550	3323378393	24301207	6021000	47560000	7954000	49000	1352339	0
1789795856.581274	8421175341	3325764435	24301207	6021000	47560000	7954000	49000	1676525	0
1789795857.085948	8426148289	3328004175	24301207	6020000	47550000	7953000	49000	1075690	0
1789795857.594043	8430205652	3329478598	24301207	6020000	47550000	7953000	49000	882265	0
1789795858.100955	8433924576	3331050371	24301207	6020000	47550000	7953000	49000	1790131	0
1789795858.611938	8439179384	3333865610	24301207	6020000	47550000	7953000	49000	1632780	0
1789795859.116605	8444095509	3336384281	24301268	6018000	47540000	7951000	50000	1573662	0
1789795859.625988	8449172828	3338874753	24301268	6018000	47540000	7951000	50000	1424237	0
1789795860.131980	8454217431	3341341238	24301268	6018000	47540000	7951000	50000	1423105	0
1789795860.641940	8459303356	3343864181	24301268	6018000	47540000	7951000	50000	1425762	0
1789795861.146048	8464230162	3346218789	24301268	6021000	47540000	7954000	50000	1352143	0
1789795861.655026	8468190723	3347762364	24301268	6021000	47540000	7954000	50000	906296	0
1789795862.161973	8472432961	3349623688	24301268	6021000	47540000	7954000	50000	1792789	0
1789795862.669927	8477426845	3352275353	24301268	6021000	47540000	7954000	50000	1432496	0
1789795863.174941	8482462110	3354741900	24301268	6021000	47540000	7954000	50000	1443830	0
1789795863.685931	8487556457	3357270702	24301268	6021000	47540000	7954000	50000	1429867	0
1789795864.189937	8492579027	3359755253	24301268	6019000	47520000	7952000	50000	1464944	0
1789795864.701038	8497671910	3362206236	24301268	6019000	47520000	7952000	50000	1452891	0
1789795865.206370	8502606162	3364501762	24301268	6019000	47520000	7952000	51000	1541262	0
1789795865.713829	8506976574	3366179187	24301268	6019000	47520000	7952000	51000	902221	0
1789795866.220972	8511163453	3368009810	24301268	6018000	47520000	7951000	51000	1677905	0
1789795866.731591	8516267688	3370718848	24301268	6018000	47520000	7951000	51000	1499544	0
1789795867.235688	8521252355	3373189362	24301268	6018000	47520000	7951000	51000	1440590	0
1789795867.746939	8526353599	3375731592	24301268	6018000	47520000	7951000	51000	1492756	0
1789795868.251783	8531387156	3378292865	24301268	6017000	47510000	7949000	51000	1531559	0
1789795868.761963	8536461728	3380761120	24301268	6017000	47510000	7949000	51000	1471497	0
1789795869.266688	8541392257	3382891608	24301268	6017000	47510000	7949000	51000	1341365	0
1789795869.774176	8545269750	3384318179	24301268	6017000	47510000	7949000	51000	974996	0
1789795870.279955	8548703334	3385752562	24301268	6056000	47500000	8000000	51000	1732327	0
1789795870.790853	8553985792	3388533744	24301268	6056000	47500000	8000000	51000	1478207	0
1789795871.294591	8558875244	3391032273	24301939	6056000	47500000	8000000	51000	1538824	0
1789795871.803047	8563949023	3393547831	24301939	6056000	47500000	8000000	51000	1589252	0
1789795872.309986	8569057469	3395977268	24306700	6015000	47490000	7947000	51000	1441157	0
1789795872.822065	8574105613	3398427762	24306700	6015000	47490000	7947000	51000	1433567	0
1789795873.327505	8579038523	3400762168	24310118	6015000	47490000	7947000	52000	1326809	0
1789795873.835330	8583547423	3402518206	24310118	6015000	47490000	7947000	52000	1079091	0
1789795874.342188	8585279718	3403213028	24312742	6015000	47490000	7947000	48000	853386	0
1789795874.852736	8585686333	3403288772	24314635	6015000	47490000	7947000	48000	1490989	0
1789795875.359485	8586103446	3403371902	24314635	6054000	47480000	7998000	47000	863267	0
1789795875.869062	8586326224	3403382461	24314818	6054000	47480000	7998000	47000	852581	0
1789795876.375226	8586545157	3403392654	24315733	6054000	47480000	7998000	47000	667409	0
1789795876.884003	8586751455	3403402786	24315977	6054000	47480000	7998000	47000	730469	0
1789795877.389917	8587059132	3403413284	24316649	6085000	47480000	8039000	47000	763614	0
1789795877.900221	8587328114	3403425674	24317564	6085000	47480000	8039000	47000	614491	0
1789795878.406221	8587547046	3403438552	24317564	6085000	47480000	8039000	46000	681414	0
1789795878.917661	8587745898	3403446243	24317564	6085000	47480000	8039000	46000	521833	0
1789795879.422543	8587960375	3403456069	24317564	6087000	47470000	8041000	46000	640373	0
1789795879.931362	8588144029	3403465041	24317564	6087000	47470000	8041000	46000	648705	0
1789795880.436952	8588359239	3403475356	24317564	6087000	47470000	8041000	46000	627454	0
1789795880.946366	8588567917	3403486709	24317564	6087000	47470000	8041000	46000	665804	0
1789795881.451811	8588803635	3403498489	24317564	6089000	47470000	8044000	45000	1105431	0
1789795881.961505	8588993881	3403505813	24317564	6089000	47470000	8044000	45000	564725	0
1789795882.467355	8589210311	3403519180	24317625	6089000	47470000	8044000	45000	749117	0
1789795882.979055	8589759382	3403667311	24317625	6089000	47470000	8044000	45000	858517	0
1789795883.484812	8590035992	3403682082	24317625	6090000	47470000	8045000	45000	791875	0
1789795883.992649	8590208599	3403690322	24317625	6090000	47470000	8045000	45000	617617	0
1789795884.498395	8590796305	3403886488	24317625	6090000	47470000	8045000	45000	652570	0
1789795885.009269	8591000528	3403893385	24317625	6090000	47470000	8045000	45000	957515	0
1789795885.515170	8591227335	3403911146	24317625	6090000	47470000	8045000	45000	660417	0
1789795886.024770	8591382852	3403916334	24317625	6090000	47470000	8045000	45000	634418	0
1789795886.529904	8591577920	3403925062	24317625	6090000	47470000	8046000	45000	465466	0
1789795887.039402	8591727699	3403929396	24317625	6090000	47470000	8046000	45000	641674	0
1789795887.544265	8591980384	3403936293	24317625	6090000	47470000	8046000	45000	830017	0
1789795888.054034	8592200965	3403949171	24317625	6090000	47470000	8046000	45000	619324	0
1789795888.561391	8592394812	3403959242	24317625	6087000	47470000	8042000	45000	826127	0
1789795889.071417	8592619177	3403968824	24317625	6087000	47470000	8042000	45000	885341	0
1789795889.577793	8592789037	3403974684	24317625	6087000	47470000	8042000	45000	1106002	0
1789795890.085977	8592991856	3403984022	24317625	6087000	47470000	8042000	45000	1259757	0
1789795890.592110	8593177220	3403994642	24317625	6090000	47460000	8045000	44000	993488	0
1789795891.103362	8593352878	3404000746	24317625	6090000	47460000	8045000	44000	1165782	0
1789795891.609290	8593518039	3404006361	24317625	6090000	47460000	8045000	44000	1029301	0
1789795892.119062	8593701571	3404013563	24317625	6090000	47460000	8045000	44000	774343	0
1789795892.625074	8593897311	3404022718	24317625	6092000	47460000	8048000	44000	665544	0
1789795893.136155	8594084993	3404031507	24317625	6092000	47460000	8048000	44000	575484	0
1789795893.642210	8594254060	3404036207	24317625	6092000	47460000	8048000	44000	670341	0
1789795894.151068	8594759247	3404194959	24317625	6092000	47460000	8048000	44000	1056580	0
1789795894.657626	8595119048	3404214856	24317625	6090000	47460000	8045000	44000	756236	0
1789795895.169015	8595339507	3404228589	24317625	6090000	47460000	8045000	44000	627198	0
1789795895.675290	8595510832	3404233655	24317625	6090000	47460000	8045000	43000	627284	0
1789795896.185363	8595659635	3404240003	24317625	6090000	47460000	8045000	43000	858381	0
1789795896.691419	8595869779	3404249646	24317625	6090000	47460000	8045000	43000	801158	0
1789795897.200058	8596059231	3404258313	24317625	6090000	47460000	8045000	43000	735056	0
1789795897.706165	8596207485	3404262830	24317625	6094000	47460000	8051000	43000	678212	0
1789795898.216303	8596398952	3404273084	24317625	6094000	47460000	8051000	43000	782858	0
1789795898.722204	8596600978	3404282972	24317625	6094000	47460000	8051000	43000	652013	0
1789795899.232110	8596764491	3404291150	24317625	6094000	47460000	8051000	43000	814918	0
1789795899.737844	8596931971	3404296765	24317625	6094000	47450000	8051000	43000	575177	0
1789795900.247261	8597223535	3404309705	24317625	6094000	47450000	8051000	43000	633422	0
1789795900.753223	8597411950	3404317761	24317625	6094000	47450000	8051000	43000	662427	0
1789795901.262942	8597642723	3404326184	24317625	6094000	47450000	8051000	43000	648195	0
1789795901.768996	8597813377	3404332105	24317625	6093000	47450000	8049000	43000	642928	0
1789795902.279225	8597975364	3404338758	24317625	6093000	47450000	8049000	43000	609570	0
1789795902.784884	8598213645	3404348096	24317625	6093000	47450000	8049000	43000	570162	0
1789795903.294281	8598377890	3404355176	24317625	6093000	47450000	8049000	43000	583229	0
1789795903.800366	8598524679	3404359387	24317625	6095000	47450000	8052000	42000	643226	0
1789795904.309072	8599038838	3404531872	24317625	6095000	47450000	8052000	42000	760854	0
1789795904.815295	8599276447	3404541272	24317625	6095000	47450000	8052000	43000	659339	0
1789795905.325319	8599515582	3404547375	24317625	6095000	47450000	8052000	43000	724390	0
1789795905.831325	8599812762	3404554150	24317625	6086000	47450000	8040000	43000	789047	0
1789795906.344146	8600031450	3404561779	24317625	6086000	47450000	8040000	43000	796691	0
1789795906.850280	8600247758	3404570385	24317625	6086000	47450000	8040000	42000	886319	0
1789795907.359990	8600408646	3404576489	24317625	6086000	47450000	8040000	42000	927139	0
1789795907.864781	8600598099	3404580578	24317625	6086000	47450000	8040000	42000	958346	0
1789795908.374931	8600839615	3404593396	24317625	6086000	47450000	8040000	42000	1295066	0
1789795908.881469	8601050124	3404603527	24317625	6090000	47440000	8046000	42000	1010495	0
1789795909.390785	8601221450	3404611706	24317625	6090000	47440000	8046000	42000	882554	0
1789795909.895766	8601374159	3404615429	24317625	6090000	47440000	8046000	42000	640850	0
1789795910.406563	8601637647	3404630932	24317625	6090000	47440000	8046000	42000	839737	0
1789795910.912256	8601822278	3404639660	24317625	6095000	47440000	8052000	42000	650278	0
1789795911.421364	8602074719	3404647473	24317625	6095000	47440000	8052000	42000	595922	0
1789795911.927283	8602243420	3404652905	24317625	6095000	47440000	8052000	42000	658996	0
1789795912.437167	8602442455	3404663403	24317625	6095000	47440000	8052000	42000	649068	0
1789795912.944321	8602631480	3404669811	24317625	6096000	47440000	8054000	42000	670114	0
1789795913.453954	8602807078	3404678112	24317625	6096000	47440000	8054000	42000	1188327	0
1789795913.959907	8602960886	3404683544	24317625	6096000	47440000	8054000	42000	650526	0
1789795914.470060	8603532601	3404859508	24317625	6096000	47440000	8054000	42000	743809	0
1789795914.976342	8603909004	3404862865	24317625	6092000	47440000	8048000	42000	678430	0
1789795915.485135	8604119208	3404878795	24317625	6092000	47440000	8048000	42000	694081	0
1789795915.991251	8604270331	3404882885	24317625	6092000	47440000	8048000	42000	663160	0
1789795916.500775	8604509710	3404900402	24317625	6092000	47440000	8048000	42000	895489	0
1789795917.007177	8604773931	3404913402	24317625	6096000	47430000	8053000	42000	660503	0
1789795917.519211	8604995915	3404924877	24317625	6096000	47430000	8053000	42000	911581	0
1789795918.024356	8605208683	3404931163	24317625	6096000	47430000	8053000	42000	676697	0
1789795918.533246	8605449466	3404946300	24317625	6096000	47430000	8053000	42000	671952	0
1789795919.039193	8605621768	3404951793	24317625	6096000	47430000	8053000	41000	667608	0
1789795919.549399	8605792483	3404959117	24317625	6096000	47430000	8053000	41000	602622	0
1789795920.054326	8605982241	3404967601	24317686	6094000	47430000	8051000	41000	711883	0
1789795920.565526	8606242372	3404984691	24317686	6094000	47430000	8051000	41000	1072400	0
1789795921.071041	8606476319	3405003307	24317686	6094000	47430000	8051000	41000	1139918	0
1789795921.580466	8606648071	3405010204	24317686	6094000	47430000	8051000	41000	1064345	0
1789795922.086452	8606803894	3405015392	24317686	6096000	47430000	8053000	41000	1145040	0
1789795922.597186	8607091186	3405031016	24317686	6096000	47430000	8053000	41000	1098428	0
1789795923.103454	8607253050	3405036143	24317686	6096000	47430000	8053000	41000	823704	0
1789795923.612715	8607432554	3405044444	24317686	6096000	47430000	8053000	41000	873349	0
1789795924.120367	8607895383	3405192881	24317686	6096000	47430000	8054000	42000	1308434	0
1789795924.627960	8608282833	3405266978	24317686	6096000	47430000	8054000	42000	620342	0
1789795925.133344	8608941523	3405422434	24318602	6096000	47430000	8054000	41000	681402	0
1789795925.643008	8609135553	3405431345	24318602	6096000	47430000	8054000	41000	569719	0
1789795926.149192	8609470879	3405480234	24318602	6094000	47430000	8051000	41000	631259	0
1789795926.657903	8609790703	3405494882	24318602	6094000	47430000	8051000	41000	590270	0
1789795927.164008	8610000358	3405505808	24318602	6094000	47430000	8051000	41000	662733	0
1789795927.674159	8610174491	3405512583	24318602	6094000	47430000	8051000	41000	691672	0
1789795928.180293	8610416616	3405523264	24318602	6096000	47420000	8053000	40000	1156323	0
1789795928.691129	8610636587	3405542856	24319212	6096000	47420000	8053000	40000	631501	0
1789795929.197272	8610898366	3405564707	24320616	6096000	47420000	8053000	40000	881579	0
1789795929.707048	8611140369	3405579721	24321287	6096000	47420000	8053000	40000	987271	0
1789795930.212357	8611363758	3405588754	24321287	6096000	47420000	8053000	40000	1077341	0
1789795930.721945	8611568286	3405598886	24321470	6096000	47420000	8053000	40000	671443	0
1789795931.228186	8611948290	3405628610	24321837	6096000	47420000	8053000	41000	1231363	0
1789795931.737374	8612159410	3405639230	24322386	6096000	47420000	8053000	41000	660061	0
1789795932.243284	8612427659	3405664560	24322935	6096000	47420000	8053000	40000	642376	0
1789795932.752982	8612739609	3405684213	24322935	6096000	47420000	8053000	40000	997234	0
1789795933.259274	8612940719	3405695505	24322935	6095000	47420000	8052000	40000	650849	0
1789795933.768247	8613138350	3405705575	24322996	6095000	47420000	8052000	40000	653950	0
1789795934.274332	8613658613	3405884042	24322996	6095000	47420000	8052000	40000	887681	0
1789795934.784177	8613988324	3405946603	24323240	6095000	47420000	8052000	40000	962689	0
1789795935.290450	8614577617	3406150276	24323790	6093000	47420000	8049000	40000	573553	0
1789795935.799392	8614779887	3406160774	24325316	6093000	47420000	8049000	40000	650920	0
1789795936.306056	8615048257	3406175179	24326170	6093000	47420000	8049000	40000	937060	0
1789795936.816197	8615280679	3406190987	24326170	6093000	47420000	8049000	40000	783185	0
1789795937.321772	8615641457	3406242317	24327086	6094000	47410000	8051000	40000	884754	0
1789795937.833405	8615844581	3406253487	24327635	6094000	47410000	8051000	40000	588725	0
1789795938.339463	8616152381	3406268867	24328184	6094000	47410000	8051000	40000	976026	0
1789795938.849044	8616400915	3406290169	24328184	6094000	47410000	8051000	40000	994701	0
1789795939.354990	8616608556	3406304390	24328184	6094000	47410000	8051000	40000	1324866	0
1789795939.865042	8616770238	3406309578	24328184	6094000	47410000	8051000	40000	653693	0
1789795940.371221	8617058872	3406335151	24328184	6094000	47410000	8051000	40000	670282	0
1789795940.881041	8617222080	3406340889	24328184	6094000	47410000	8051000	40000	551939	0
1789795941.387528	8617512485	3406355964	24328184	6094000	47410000	8051000	40000	657940	0
1789795941.898077	8617685153	3406362373	24328184	6094000	47410000	8051000	40000	570633	0
1789795942.404280	8617959749	3406376289	24328184	6096000	47410000	8053000	40000	678973	0
1789795942.913372	8618123628	3406382576	24328184	6096000	47410000	8053000	40000	580199	0
1789795943.419409	8618390046	3406395942	24328184	6096000	47410000	8053000	40000	580458	0
1789795943.928820	8618550202	3406401069	24328184	6096000	47410000	8053000	40000	597502	0
1789795944.434360	8619148589	3406600593	24328184	6096000	47410000	8053000	40000	638267	0
1789795944.944326	8619307890	3406605048	24328184	6096000	47410000	8053000	40000	1122115	0
1789795945.451562	8619575712	3406634223	24328184	6096000	47410000	8053000	39000	674135	0
1789795945.960061	8619755338	3406648200	24328184	6096000	47410000	8053000	39000	1220623	0
1789795946.465961	8620048367	3406657538	24328184	6097000	47400000	8055000	39000	557167	0
1789795946.975615	8620247768	3406678778	24328184	6097000	47400000	8055000	39000	638690	0
1789795947.481474	8620447658	3406687934	24328184	6097000	47400000	8055000	39000	658711	0
1789795947.990065	8620611659	3406698126	24328184	6097000	47400000	8055000	39000	653969	0
1789795948.496155	8620800440	3406704962	24328184	6097000	47400000	8055000	39000	681840	0
1789795949.007120	8621072900	3406717047	24328184	6097000	47400000	8055000	39000	631079	0
1789795949.514432	8621330651	3406723090	24328184	6097000	47400000	8055000	39000	647908	0
1789795950.025802	8622175864	3407062505	24328184	6097000	47400000	8055000	39000	908475	0
1789795950.531981	8623204426	3407560856	24328184	6083000	47400000	8036000	40000	895952	0
1789795951.041154	8624095537	3407981754	24328184	6083000	47400000	8036000	40000	797208	0
1789795951.546165	8624960280	3408381960	24328184	6083000	47400000	8036000	41000	949009	0
1789795952.054895	8625878857	3408834413	24328184	6083000	47400000	8036000	41000	1063988	0
1789795952.559421	8626772104	3409263733	24328184	6083000	47400000	8036000	41000	1010371	0
1789795953.068373	8627660957	3409686644	24328184	6083000	47400000	8036000	41000	1104286	0
1789795953.574842	8628550176	3410110715	24328184	6087000	47400000	8042000	41000	955528	0
1789795954.084111	8629595583	3410641842	24328184	6087000	47400000	8042000	41000	1544571	0
1789795954.589164	8630588684	3411085811	24328184	6087000	47400000	8042000	41000	936691	0
1789795955.101182	8631667722	3411697442	24328184	6087000	47400000	8042000	41000	942281	0
1789795955.608592	8632589716	3412153374	24328184	6087000	47390000	8041000	41000	1283745	0
1789795956.120113	8633520378	3412605765	24328184	6087000	47390000	8041000	41000	683912	0
1789795956.627804	8634455678	3413066824	24328184	6087000	47390000	8041000	41000	920639	0
1789795957.138728	8635337817	3413482350	24328184	6087000	47390000	8041000	41000	1020061	0
1789795957.647829	8636299241	3413981311	24328184	6087000	47390000	8041000	41000	944180	0
1789795958.159222	8637210127	3414428759	24328184	6087000	47390000	8041000	41000	1133525	0
1789795958.666368	8638106914	3414867600	24328184	6087000	47390000	8041000	41000	959397	0
1789795959.177896	8639075662	3415371017	24328184	6087000	47390000	8041000	41000	967147	0
1789795959.684442	8639978919	3415811568	24328184	6087000	47390000	8041000	41000	962430	0
1789795960.195762	8640930515	3416249127	24328184	6087000	47390000	8041000	41000	939652	0
1789795960.703746	8641810884	3416673260	24328184	6087000	47390000	8041000	42000	945943	0
1789795961.214779	8642729827	3417128031	24328184	6087000	47390000	8041000	42000	946191	0
1789795961.721542	8643634000	3417568948	24328184	6086000	47380000	8040000	41000	929208	0
1789795962.233514	8644524317	3417995644	24328184	6086000	47380000	8040000	41000	962013	0
1789795962.739899	8645432152	3418439918	24328184	6086000	47380000	8040000	41000	1321642	0
1789795963.250362	8646351827	3418888098	24328184	6086000	47380000	8040000	41000	929733	0
1789795963.756851	8647243488	3419320653	24328184	6086000	47380000	8040000	41000	938899	0
1789795964.268583	8648350113	3419886264	24328184	6086000	47380000	8040000	41000	911436	0
1789795964.775960	8648876845	3420072848	24328184	6086000	47380000	8040000	39000	1106781	0
1789795965.288752	8649338575	3420225802	24328184	6086000	47380000	8040000	39000	1005763	0
1789795965.796492	8649619763	3420232210	24328184	6086000	47380000	8040000	39000	647993	0
1789795966.309925	8649792797	3420238985	24328184	6086000	47380000	8040000	39000	901077	0
1789795966.817743	8649985668	3420246126	24328184	6093000	47380000	8050000	39000	1146087	0
1789795967.329118	8650140819	3420250643	24328184	6093000	47380000	8050000	39000	900497	0
1789795967.837587	8650301402	3420255587	24328184	6093000	47380000	8050000	39000	890658	0
1789795968.349303	8650488535	3420262484	24328184	6093000	47380000	8050000	39000	928548	0
1789795968.856622	8651243233	3420577241	24328184	6094000	47370000	8051000	41000	943578	0
1789795969.366956	8652189581	3421027680	24328184	6094000	47370000	8051000	41000	912571	0
1789795969.872520	8653087406	3421417083	24328184	6094000	47370000	8051000	41000	737551	0
1789795970.382586	8653917421	3421784575	24328184	6094000	47370000	8051000	41000	932225	0
1789795970.887756	8654748961	3422153958	24328184	6087000	47370000	8041000	41000	721447	0
1789795971.396123	8655657773	3422563747	24328184	6087000	47370000	8041000	41000	763273	0
1789795971.902042	8656528315	3422972560	24328184	6087000	47370000	8041000	41000	741341	0
1789795972.411734	8657389641	3423370996	24328184	6087000	47370000	8041000	41000	750578	0
1789795972.916755	8658235342	3423757043	24328184	6085000	47370000	8039000	41000	751675	0
1789795973.425476	8659119190	3424177269	24328184	6085000	47370000	8039000	41000	743343	0
1789795973.931197	8660046067	3424588034	24328184	6085000	47370000	8039000	41000	735123	0
1789795974.439460	8661208112	3425203145	24328184	6085000	47370000	8039000	41000	721025	0
1789795974.944414	8662115154	3425642658	24328184	6085000	47370000	8039000	43000	740918	0
1789795975.455289	8663002175	3426054949	24328184	6085000	47370000	8039000	43000	748875	0
1789795975.960579	8663906226	3426484148	24328184	6085000	47370000	8039000	41000	736133	0
1789795976.469355	8664789768	3426881669	24328184	6085000	47370000	8039000	41000	708388	0
1789795976.974913	8665805818	3427378860	24328184	6085000	47370000	8039000	42000	745841	0
1789795977.484456	8666681609	3427787062	24328184	6085000	47370000	8039000	42000	740996	0
1789795977.990503	8667610867	3428238599	24328184	6084000	47360000	8038000	42000	778927	0
1789795978.499265	8668537378	3428695385	24328184	6084000	47360000	8038000	42000	702809	0
1789795979.005243	8669396812	3429090281	24328184	6084000	47360000	8038000	41000	720013	0
1789795979.516659	8670257833	3429485483	24328184	6084000	47360000	8038000	41000	740376	0
1789795980.022167	8671193866	3429901986	24328184	6087000	47360000	8041000	41000	1003026	0
1789795980.531664	8672088273	3430302680	24328184	6087000	47360000	8041000	41000	855966	0
1789795981.036453	8672927809	3430683234	24328184	6087000	47360000	8041000	41000	817655	0
1789795981.544454	8673778881	3431072393	24328184	6087000	47360000	8041000	41000	880827	0
1789795982.048663	8674652109	3431483524	24328184	6086000	47350000	8040000	42000	748330	0
1789795982.558034	8675531684	3431879031	24328184	6086000	47350000	8040000	42000	899453	0
1789795983.063396	8676381963	3432265505	24328184	6086000	47350000	8040000	41000	754339	0
1789795983.574403	8677264651	3432675965	24328184	6086000	47350000	8040000	41000	762762	0
1789795984.079689	8678018860	3432973755	24328184	6084000	47350000	8038000	40000	1473581	0
1789795984.589050	8678696593	3433221801	24328184	6084000	47350000	8038000	40000	712550	0
1789795985.097704	8678866209	3433226806	24328184	6084000	47350000	8038000	39000	677726	0
1789795985.610437	8679040098	3433232971	24328184	6084000	47350000	8038000	39000	810409	0
1789795986.119609	8679218808	3433240295	24328184	6095000	47350000	8052000	39000	681728	0
1789795986.632727	8679449338	3433252075	24328184	6095000	47350000	8052000	39000	773496	0
1789795987.140848	8679949886	3433405211	24328673	6095000	47350000	8052000	39000	722435	0
1789795987.652048	8680117671	3433412169	24328673	6095000	47350000	8052000	39000	658865	0
1789795988.157951	8680974907	3433729490	24330259	6095000	47350000	8052000	41000	1121355	0
1789795988.666714	8682108205	3434244748	24330992	6095000	47350000	8052000	41000	1021466	0
1789795989.172584	8683167163	3434720149	24331602	6087000	47350000	8041000	40000	840488	0
1789795989.685771	8684340561	3435278070	24332518	6087000	47350000	8041000	40000	1055424	0
1789795990.193551	8685513836	3435885186	24332518	6087000	47350000	8041000	40000	906284	0
1789795990.705795	8686214274	3436121635	24332579	6087000	47350000	8041000	40000	770335	0
1789795991.214409	8686563882	3436229362	24332762	6082000	47340000	8035000	39000	700024	0
1789795991.726945	8686764138	3436239738	24333006	6082000	47340000	8035000	39000	855678	0
1789795992.233799	8686926308	3436245597	24333006	6082000	47340000	8035000	39000	1064455	0
1789795992.745600	8687129372	3436254814	24333006	6082000	47340000	8035000	39000	793661	0
1789795993.253831	8687370704	3436266532	24333006	6096000	47340000	8053000	39000	1101662	0
1789795993.766030	8687559852	3436276237	24333006	6096000	47340000	8053000	39000	679263	0
1789795994.273704	8688096899	3436459464	24333006	6096000	47340000	8053000	39000	674715	0
1789795994.786201	8689199069	3436932180	24333006	6096000	47340000	8053000	39000	660607	0
1789795995.291661	8690207306	3437352711	24333006	6083000	47340000	8036000	39000	910383	0
1789795995.803717	8691318448	3437853076	24333006	6083000	47340000	8036000	39000	875027	0
1789795996.310455	8692476343	3438431505	24333006	6083000	47340000	8036000	40000	1181052	0
1789795996.820452	8693707968	3439008163	24333006	6083000	47340000	8036000	40000	1066209	0
1789795997.326606	8693962728	3439034103	24333006	6091000	47330000	8047000	39000	1129482	0
1789795997.838758	8694427021	3439181076	24333006	6091000	47330000	8047000	39000	650665	0
1789795998.346824	8694602436	3439188400	24333006	6091000	47330000	8047000	39000	861160	0
1789795998.858703	8694893268	3439211288	24333006	6091000	47330000	8047000	39000	906728	0
1789795999.367583	8695076190	3439223251	24333006	6091000	47330000	8047000	39000	782024	0
1789795999.879796	8695290240	3439229659	24333006	6091000	47330000	8047000	39000	891430	0
1789796000.386514	8695478227	3439235397	24333006	6094000	47330000	8051000	38000	700020	0
1789796000.897948	8695718339	3439266402	24333311	6094000	47330000	8051000	38000	1423007	0
1789796001.404178	8697055311	3439974408	24333311	6094000	47330000	8051000	41000	1050059	0
1789796001.913050	8698484872	3440707805	24333372	6094000	47330000	8051000	41000	765217	0
1789796002.418323	8699827642	3441388467	24333494	6076000	47330000	8027000	40000	700026	0
1789796002.928958	8700789981	3441683816	24333677	6076000	47330000	8027000	40000	844146	0
1789796003.434711	8702052918	3442020119	24334288	6076000	47330000	8027000	39000	669819	0
1789796003.944369	8702635802	3442179359	24334532	6076000	47330000	8027000	39000	697089	0
1789796004.452708	8703345944	3442430640	24334532	6090000	47330000	8045000	39000	915317	0
1789796004.964443	8703540951	3442440955	24335020	6090000	47330000	8045000	39000	640177	0
1789796005.473012	8703755489	3442456885	24335020	6090000	47330000	8045000	38000	697560	0
1789796005.986539	8703952205	3442467200	24335020	6090000	47330000	8045000	38000	613452	0
1789796006.495088	8704174433	3442482886	24335020	6096000	47320000	8053000	38000	864015	0
1789796007.005931	8704378107	3442496863	24335020	6096000	47320000	8053000	38000	1185948	0
1789796007.512579	8704624871	3442505408	24335020	6096000	47320000	8053000	39000	992124	0
1789796008.024757	8705835317	3443127904	24335020	6096000	47320000	8053000	39000	1175049	0
1789796008.531257	8707315416	3443899386	24335020	6076000	47320000	8027000	41000	910815	0
1789796009.043940	8708744246	3444653474	24335020	6076000	47320000	8027000	41000	861679	0
1789796009.550599	8709720073	3444974762	24335020	6076000	47320000	8027000	39000	699061	0
1789796010.062786	8710946083	3445324798	24335020	6076000	47320000	8027000	39000	669791	0
1789796010.569370	8711687658	3445473479	24335020	6076000	47320000	8027000	41000	694180	0
1789796011.079999	8712175267	3445636259	24335020	6076000	47320000	8027000	41000	1017265	0
1789796011.587944	8712375767	3445643767	24335020	6088000	47320000	8043000	38000	621097	0
1789796012.099605	8712554661	3445654326	24335020	6088000	47320000	8043000	38000	728469	0
1789796012.607411	8712737277	3445660307	24335020	6088000	47320000	8043000	38000	905927	0
1789796013.119790	8712926242	3445668119	24335020	6088000	47320000	8043000	38000	838928	0
1789796013.627935	8713079806	3445671904	24335020	6093000	47310000	8049000	38000	664586	0
1789796014.139611	8713586640	3445842008	24335020	6093000	47310000	8049000	38000	1735244	0
1789796014.646019	8717197715	3447399927	24335447	6093000	47310000	8049000	43000	1789560	0
1789796015.152898	8723554449	3450310808	24335875	6093000	47310000	8049000	43000	1478939	0
1789796015.661942	8729648428	3452983591	24336119	6010000	47310000	7940000	43000	1606570	0
1789796016.168922	8735714941	3455592960	24336302	6010000	47310000	7940000	43000	1481816	0
1789796016.674929	8741771566	3458210690	24336302	6010000	47310000	7940000	44000	1426238	0
1789796017.183637	8747803533	3460714956	24336851	6010000	47310000	7940000	44000	1361690	0
1789796017.688613	8752945060	3462689621	24337645	6012000	47300000	7943000	44000	1228831	0
1789796018.197601	8755960555	3463749128	24337706	6012000	47300000	7943000	44000	1592487	0
1789796018.703274	8756365523	3463830793	24337706	6012000	47300000	7943000	40000	770701	0
1789796019.214498	8756795270	3463928815	24337706	6012000	47300000	7943000	40000	660265	0
1789796019.722784	8756964337	3463935773	24337706	6089000	47290000	8044000	40000	1120058	0
1789796020.234700	8757219097	3463947247	24337706	6089000	47290000	8044000	40000	687539	0
1789796020.742401	8757387676	3463954389	24337706	6089000	47290000	8044000	39000	681296	0
1789796021.255592	8757786173	3463994367	24337706	6089000	47290000	8044000	39000	693915	0
1789796021.762346	8758029093	3464003461	24337706	6089000	47290000	8044000	39000	1259967	0
1789796022.274718	8758440102	3464074078	24337706	6089000	47290000	8044000	39000	1272028	0
1789796022.781960	8763787745	3466292823	24337706	6090000	47290000	8046000	43000	1521314	0
1789796023.290965	8770042490	3468900909	24337706	6090000	47290000	8046000	43000	1448338	0
1789796023.795924	8776323968	3471552697	24337706	6090000	47290000	8046000	45000	1485665	0
1789796024.308577	8782461769	3474111284	24337706	6090000	47290000	8046000	45000	1450084	0
1789796024.812926	8788496361	3476694957	24337706	6011000	47280000	7941000	45000	1439666	0
1789796025.320612	8794456856	3479120060	24337706	6011000	47280000	7941000	45000	1543045	0
1789796025.825277	8799236873	3480907714	24337706	6011000	47280000	7941000	45000	1082262	0
1789796026.333444	8801699208	3481757566	24337706	6011000	47280000	7941000	45000	684732	0
1789796026.840692	8802399707	3481909177	24337706	6046000	47270000	7988000	41000	1428972	0
1789796027.352375	8802639696	3481921506	24337706	6046000	47270000	7988000	41000	675027	0
1789796027.860085	8802817918	3481927548	24337706	6046000	47270000	7988000	41000	1001737	0
1789796028.371242	8803001023	3481939084	24337706	6046000	47270000	7988000	41000	848268	0
1789796028.880046	8803206772	3481949948	24337706	6090000	47270000	8045000	40000	666110	0
1789796029.392792	8803410446	3481965329	24337706	6090000	47270000	8045000	40000	756173	0
1789796029.900568	8803599655	3481970334	24337706	6090000	47270000	8045000	40000	692853	0
1789796030.413603	8804274763	3482164120	24337828	6090000	47270000	8045000	40000	1850185	0
1789796030.918897	8810687832	3485032154	24338255	6080000	47270000	8033000	45000	1681263	0
1789796031.425898	8816758312	3487702192	24338255	6080000	47270000	8033000	45000	1428732	0
1789796031.933925	8822838497	3490246069	24338377	6080000	47270000	8033000	45000	1490258	0
1789796032.442934	8828936687	3492951202	24338804	6080000	47270000	8033000	45000	1645753	0
1789796032.947030	8834963161	3495507714	24339293	6080000	47270000	8033000	46000	1471113	0
1789796033.455047	8840556042	3497691607	24339354	6080000	47270000	8033000	46000	1148409	0
1789796033.959979	8845132385	3499372694	24339476	6009000	47260000	7939000	44000	1795908	0
1789796034.469228	8849099172	3500997263	24339476	6009000	47260000	7939000	44000	1734336	0
1789796034.977914	8855473545	3503932619	24339476	6009000	47260000	7939000	46000	1581685	0
1789796035.485927	8861552265	3506519709	24339476	6009000	47260000	7939000	46000	1452077	0
1789796035.992931	8867621646	3509137745	24339476	6006000	47250000	7935000	46000	1483163	0
1789796036.500927	8873698718	3511781659	24339476	6006000	47250000	7935000	46000	1472601	0
1789796037.005753	8879720187	3514249670	24339476	6006000	47250000	7935000	47000	1519934	0
1789796037.514004	8885035664	3516261078	24339476	6006000	47250000	7935000	47000	1069078	0
1789796038.019985	8888870432	3517564054	24339476	6009000	47240000	7939000	46000	974725	0
1789796038.526949	8894278378	3519964682	24339476	6009000	47240000	7939000	46000	1694965	0
1789796039.035844	8900365764	3522737624	24339476	6009000	47240000	7939000	48000	1543373	0
1789796039.543944	8906448390	3525377327	24339476	6009000	47240000	7939000	48000	1541999	0
1789796040.051808	8912532115	3528062379	24339659	6004000	47230000	7932000	48000	1628451	0
1789796040.560037	8918607051	3530582026	24339720	6004000	47230000	7932000	48000	1639134	0
1789796041.064781	8924519206	3532940418	24339720	6004000	47230000	7932000	48000	1671437	0
1789796041.573275	8929380400	3534747359	24339720	6004000	47230000	7932000	48000	1196171	0
1789796042.078503	8932968464	3536053264	24339720	6028000	47220000	7964000	48000	1876486	0
1789796042.585950	8939459353	3538995761	24339720	6028000	47220000	7964000	48000	1600118	0
1789796043.091052	8945501391	3541680203	24339720	6028000	47220000	7964000	49000	1631869	0
1789796043.600675	8951601229	3544264791	24339720	6028000	47220000	7964000	49000	1500102	0
1789796044.105960	8957650408	3546863661	24339720	6028000	47220000	7964000	49000	1471452	0
1789796044.617963	8963778993	3549563056	24339720	6028000	47220000	7964000	49000	1483404	0
1789796045.122136	8969682481	3551983277	24339720	6002000	47210000	7929000	49000	1174170	0
1789796045.630359	8973399147	3553349607	24339720	6002000	47210000	7929000	49000	1908587	0
1789796046.136962	8979866049	3556219289	24339720	6002000	47210000	7929000	49000	1586536	0
1789796046.646618	8985968573	3558902754	24339720	6002000	47210000	7929000	49000	1535649	0
1789796047.151936	8992011831	3561504676	24339720	5995000	47200000	7920000	49000	1515247	0
1789796047.661766	8998114660	3564206146	24339720	5995000	47200000	7920000	49000	1488960	0
1789796048.167019	9004160482	3566800622	24339720	5995000	47200000	7920000	49000	1559533	0
1789796048.674065	9010040960	3569147173	24339720	5995000	47200000	7920000	49000	1162404	0
1789796049.178743	9014679375	3570836073	24339781	5999000	47190000	7926000	48000	1422429	0
1789796049.689927	9018686323	3572504343	24339781	5999000	47190000	7926000	48000	1773538	0
1789796050.195665	9024979581	3575436403	24339781	5999000	47190000	7926000	50000	1575317	0
1789796050.705513	9031085950	3578100520	24339781	5999000	47190000	7926000	50000	1487325	0
1789796051.210916	9037128720	3580645191	24339781	5997000	47170000	7923000	50000	1538110	0
1789796051.720951	9043232403	3583315350	24339781	5997000	47170000	7923000	50000	1482448	0
1789796052.226549	9049286587	3585893591	24339781	5997000	47170000	7923000	51000	1539067	0
1789796052.734949	9054296828	3587774750	24339781	5997000	47170000	7923000	51000	700428	0
1789796053.240066	9057547552	3588827299	24339781	6027000	47160000	7963000	47000	1437521	0
1789796053.748917	9063015433	3591298545	24339781	6027000	47160000	7963000	47000	1673839	0
1789796054.255738	9069084327	3594058548	24339781	6027000	47160000	7963000	51000	1525492	0
1789796054.765880	9075193503	3596708932	24339781	6027000	47160000	7963000	51000	1475334	0
1789796055.269742	9081221686	3599297182	24339781	6027000	47160000	7963000	51000	1489607	0
1789796055.780915	9087336782	3601949214	24340819	6027000	47160000	7963000	51000	1490519	0
1789796056.283996	9093339208	3604503833	24343626	5996000	47160000	7921000	51000	1485919	0
1789796056.792204	9097944726	3606174667	24345762	5996000	47160000	7921000	51000	970621	0
1789796057.297565	9100004535	3606922040	24345823	5996000	47160000	7921000	47000	1468655	0
1789796057.808952	9106022709	3609601294	24345823	5996000	47160000	7921000	47000	1635801	0
1789796058.313920	9112064014	3612358794	24345823	6059000	47150000	8004000	51000	1586482	0
1789796058.823605	9118172885	3614982872	24345823	6059000	47150000	8004000	51000	1522519	0
1789796059.328925	9124217364	3617582352	24345823	6059000	47150000	8004000	52000	1483121	0
1789796059.839033	9130319765	3620218759	24345823	6059000	47150000	8004000	52000	1486670	0
1789796060.343548	9136300158	3622641421	24345823	5996000	47140000	7922000	52000	1588803	0
1789796060.851080	9141380223	3624538450	24345823	5996000	47140000	7922000	52000	827741	0
1789796061.355941	9146194664	3626500115	24345823	5996000	47140000	7922000	52000	1724493	0
1789796061.867561	9152422614	3629409104	24345823	5996000	47140000	7922000	52000	1542212	0
1789796062.371920	9158452567	3632079508	24345823	5994000	47120000	7919000	52000	1524263	0
1789796062.882666	9164567908	3634857210	24345823	5994000	47120000	7919000	52000	1575926	0
1789796063.386945	9170599448	3637525050	24345823	5994000	47120000	7919000	52000	1517915	0
1789796063.896739	9176683599	3640005452	24345823	5994000	47120000	7919000	52000	1584324	0
1789796064.400963	9181662530	3641899123	24345823	5996000	47110000	7922000	50000	1044817	0
1789796064.910002	9184442674	3642830212	24345823	5996000	47110000	7922000	50000	1816639	0
1789796065.413946	9190934051	3645899602	24345823	5996000	47110000	7922000	52000	1685264	0
1789796065.926803	9197072707	3648665097	24345823	5996000	47110000	7922000	52000	1535069	0
1789796066.430933	9203103210	3651280813	24345823	5994000	47110000	7919000	52000	1461535	0
1789796066.941464	9209211531	3653931502	24345823	5994000	47110000	7919000	52000	1488949	0
1789796067.445049	9215245818	3656554543	24345823	5994000	47110000	7919000	53000	1526425	0
1789796067.954046	9221222121	3658977571	24345823	5994000	47110000	7919000	53000	1155153	0
1789796068.458309	9225540652	3660544339	24345823	5994000	47110000	7919000	51000	925876	0
1789796068.967823	9229461174	3662172448	24345823	5994000	47110000	7919000	51000	1840481	0
1789796069.474912	9235818275	3665091813	24345823	6021000	47100000	7954000	53000	1522131	0
1789796069.983926	9241907370	3667761362	24345823	6021000	47100000	7954000	53000	1509490	0
1789796070.489039	9247956610	3670401919	24345823	6021000	47100000	7954000	53000	1622289	0
1789796070.997053	9254035635	3673074642	24345823	6021000	47100000	7954000	53000	1358746	0
1789796071.502733	9260084204	3675604970	24345823	5992000	47080000	7916000	54000	1644771	0
1789796072.010954	9265614280	3677733993	24345823	5992000	47080000	7916000	54000	1159738	0
1789796072.516095	9268210892	3678644818	24345823	5992000	47080000	7916000	50000	1361560	0
1789796073.026594	9268647719	3678718304	24348021	5992000	47080000	7916000	50000	695134	0
1789796073.534291	9269251905	3678881451	24349241	6067000	47070000	8015000	49000	693272	0
1789796074.046739	9269630017	3678955608	24349730	6067000	47070000	8015000	49000	1321557	0
1789796074.552424	9270109203	3679078228	24351194	6067000	47070000	8015000	48000	769960	0
1789796075.064750	9270369029	3679099346	24351256	6067000	47070000	8015000	48000	780672	0
1789796075.572909	9270584726	3679107524	24351256	6073000	47070000	8023000	48000	863268	0
1789796076.084605	9270944528	3679160014	24352232	6073000	47070000	8023000	48000	754554	0
1789796076.590986	9271256477	3679173015	24352354	6073000	47070000	8023000	48000	879446	0
1789796077.103584	9271630683	3679224773	24352354	6073000	47070000	8023000	48000	666453	0
1789796077.611986	9271863532	3679236674	24352415	6075000	47070000	8026000	48000	845717	0
1789796078.123894	9272225896	3679267436	24352476	6075000	47070000	8026000	48000	922131	0
1789796078.630955	9272475041	3679287394	24352476	6075000	47070000	8026000	47000	774989	0
1789796079.144360	9272771549	3679319194	24352476	6075000	47070000	8026000	47000	933982	0
1789796079.652026	9272984500	3679328837	24352476	6075000	47070000	8026000	47000	1016642	0
1789796080.164718	9273263674	3679352275	24352476	6075000	47070000	8026000	47000	1160032	0
1789796080.673111	9273576052	3679366862	24352476	6075000	47070000	8026000	47000	843846	0
1789796081.184984	9274197022	3679586771	24352537	6075000	47070000	8026000	47000	932999	0
1789796081.691565	9274440979	3679598856	24352598	6075000	47070000	8026000	47000	1115522	0
1789796082.203207	9274880797	3679681009	24352598	6075000	47070000	8026000	47000	942122	0
1789796082.709922	9275130613	3679693460	24352598	6076000	47060000	8027000	47000	984910	0
1789796083.221313	9275450681	3679735391	24352598	6076000	47060000	8027000	47000	642767	0
1789796083.729493	9275715511	3679743082	24352598	6076000	47060000	8027000	46000	659641	0
1789796084.242725	9276345210	3679942727	24352598	6076000	47060000	8027000	46000	832685	0
1789796084.751712	9276636163	3679954263	24352598	6074000	47060000	8025000	46000	646768	0
1789796085.264136	9277000970	3679993569	24352598	6074000	47060000	8025000	46000	687531	0
1789796085.772289	9277184197	3679998269	24352598	6074000	47060000	8025000	46000	1012276	0
1789796086.283117	9277395073	3680011880	24352598	6074000	47060000	8025000	46000	800045	0
1789796086.790547	9277610831	3680022439	24352598	6081000	47060000	8034000	45000	1073122	0
1789796087.302832	9278055593	3680038918	24352598	6081000	47060000	8034000	45000	827519	0
1789796087.810549	9278236562	3680043374	24352598	6081000	47060000	8034000	45000	679660	0
1789796088.322586	9278457936	3680056497	24352598	6081000	47060000	8034000	45000	667662	0
1789796088.829897	9278681385	3680075478	24352598	6079000	47060000	8031000	46000	654310	0
1789796089.343001	9278932727	3680094704	24352598	6079000	47060000	8031000	46000	629328	0
1789796089.849939	9279088489	3680098122	24352598	6079000	47060000	8031000	45000	655075	0
1789796090.362725	9279443956	3680117470	24352598	6079000	47060000	8031000	45000	757864	0
1789796090.870764	9279625597	3680126809	24352598	6079000	47060000	8031000	45000	645335	0
1789796091.383981	9279846849	3680141091	24352598	6079000	47060000	8031000	45000	918360	0
1789796091.891844	9280006516	3680146523	24352598	6082000	47060000	8035000	45000	656313	0
1789796092.403942	9280331527	3680163064	24352598	6082000	47060000	8035000	45000	582854	0
1789796092.910995	9280533675	3680171792	24352598	6082000	47060000	8035000	45000	662565	0
1789796093.424696	9280760970	3680186196	24352598	6082000	47060000	8035000	45000	753392	0
1789796093.931741	9280912886	3680190712	24352598	6084000	47050000	8037000	45000	684178	0
1789796094.444711	9281478619	3680374855	24352598	6084000	47050000	8037000	45000	993728	0
1789796094.952589	9281721050	3680383705	24352598	6084000	47050000	8037000	45000	850342	0
1789796095.464978	9281935222	3680404823	24352598	6084000	47050000	8037000	45000	944159	0
1789796095.972724	9282112590	3680413063	24352598	6083000	47050000	8036000	45000	1183195	0
1789796096.484083	9282307475	3680422157	24352598	6083000	47050000	8036000	45000	861581	0
1789796096.993184	9282557901	3680449501	24352598	6083000	47050000	8036000	44000	910442	0
1789796097.505973	9282738565	3680455360	24352598	6083000	47050000	8036000	44000	1263726	0
1789796098.013502	9282926614	3680467994	24352598	6084000	47050000	8038000	44000	1010426	0
1789796098.524372	9283104653	3680475136	24352598	6084000	47050000	8038000	44000	950303	0
1789796099.030953	9283341407	3680500526	24352598	6084000	47050000	8038000	44000	1146610	0
1789796099.542826	9283510047	3680508094	24352598	6084000	47050000	8038000	44000	654934	0
1789796100.050683	9283719946	3680525306	24352781	6083000	47050000	8036000	44000	669800	0
1789796100.563681	9283968054	3680532936	24352781	6083000	47050000	8036000	44000	675039	0
1789796101.071913	9284203649	3680551429	24352781	6083000	47050000	8036000	44000	1030441	0
1789796101.583828	9284373998	3680557838	24352781	6083000	47050000	8036000	44000	667805	0
1789796102.091641	9284578526	3680573219	24352781	6083000	47050000	8036000	43000	678878	0
1789796102.604378	9284775669	3680583717	24352781	6083000	47050000	8036000	43000	821896	0
1789796103.112852	9285015109	3680604286	24352781	6084000	47040000	8037000	44000	962735	0
1789796103.624649	9285270663	3680613441	24352781	6084000	47040000	8037000	44000	1021078	0
1789796104.132418	9285781831	3680771522	24352781	6084000	47040000	8037000	44000	1495862	0
1789796104.642373	9286028656	3680800330	24352781	6084000	47040000	8037000	44000	843349	0
1789796105.149773	9286277679	3680822486	24352781	6076000	47040000	8027000	43000	672541	0
1789796105.662389	9286462615	3680830176	24352781	6076000	47040000	8027000	43000	645411	0
1789796106.170627	9286796721	3680845923	24352781	6076000	47040000	8027000	43000	655597	0
1789796106.681953	9286993559	3680854102	24352781	6076000	47040000	8027000	43000	638699	0
1789796107.188912	9287242337	3680872473	24352781	6083000	47040000	8036000	43000	707243	0
1789796107.700779	9287427823	3680878455	24352781	6083000	47040000	8036000	43000	667402	0
1789796108.208936	9287626431	3680889258	24352781	6083000	47040000	8036000	43000	774182	0
1789796108.720686	9287911525	3680903662	24352781	6083000	47040000	8036000	43000	827373	0
1789796109.227435	9288498621	3681036963	24355467	6084000	47040000	8038000	43000	694667	0
1789796109.740740	9288656396	3681042334	24355467	6084000	47040000	8038000	43000	771639	0
1789796110.248995	9288900475	3681049414	24355467	6084000	47040000	8038000	43000	661308	0
1789796110.761913	9289302024	3681061438	24355467	6084000	47040000	8038000	43000	722752	0
1789796111.269839	9289675681	3681069739	24355467	6082000	47030000	8035000	43000	842133	0
1789796111.782254	9290104207	3681077978	24355467	6082000	47030000	8035000	43000	780912	0
1789796112.290146	9290472493	3681081885	24355467	6082000	47030000	8035000	43000	850056	0
1789796112.803409	9290862995	3681094580	24355467	6082000	47030000	8035000	43000	567452	0
1789796113.312765	9291255022	3681100500	24355467	6084000	47030000	8037000	43000	655224	0
1789796113.825604	9291622026	3681104345	24355467	6084000	47030000	8037000	43000	585453	0
1789796114.333462	9292257889	3681255102	24355467	6084000	47030000	8037000	43000	588606	0
1789796114.846021	9292649062	3681263403	24355467	6084000	47030000	8037000	43000	828484	0
1789796115.354250	9293436596	3681504857	24356382	6084000	47030000	8037000	43000	1119358	0
1789796115.862760	9294446848	3681842564	24356382	6084000	47030000	8037000	43000	948092	0
1789796116.367877	9295289131	3682069858	24356382	6064000	47030000	8011000	43000	1374177	0
1789796116.874961	9296385563	3682487215	24356382	6064000	47030000	8011000	43000	1332884	0
1789796117.380941	9297267336	3682744905	24356382	6064000	47030000	8011000	43000	1265024	0
1789796117.891259	9297632142	3682807466	24356382	6064000	47030000	8011000	43000	652211	0
1789796118.398740	9297811341	3682816133	24356382	6074000	47030000	8025000	42000	873565	0
1789796118.907012	9298019715	3682832918	24356382	6074000	47030000	8025000	42000	590810	0
1789796119.412318	9298278503	3682852266	24357542	6074000	47030000	8025000	43000	642371	0
1789796119.922252	9298452209	3682860811	24357542	6074000	47030000	8025000	43000	558699	0
1789796120.429558	9298632384	3682869233	24357542	6083000	47020000	8036000	42000	680354	0
1789796120.938878	9298847837	3682886079	24357542	6083000	47020000	8036000	42000	640522	0
1789796121.444389	9299047422	3682896699	24357542	6083000	47020000	8036000	42000	1155276	0
1789796121.954006	9299221921	3682903413	24357542	6083000	47020000	8036000	42000	650945	0
1789796122.460238	9299482235	3682912690	24357542	6076000	47020000	8027000	42000	679597	0
1789796122.969781	9299685421	3682925630	24357542	6076000	47020000	8027000	42000	534789	0
1789796123.475312	9299914729	3682939668	24357542	6076000	47020000	8027000	42000	652338	0
1789796123.985908	9300091242	3682947175	24357542	6076000	47020000	8027000	42000	623744	0
1789796124.492337	9300718316	3683127717	24357542	6074000	47020000	8024000	42000	561278	0
1789796125.003366	9300924126	3683138581	24357542	6074000	47020000	8024000	42000	1234600	0
1789796125.508750	9301131462	3683151887	24357542	6074000	47020000	8024000	42000	669493	0
1789796126.017267	9301430228	3683189667	24357542	6074000	47020000	8024000	42000	728949	0
1789796126.523078	9301664664	3683201874	24357542	6074000	47020000	8024000	42000	843067	0
1789796127.033375	9301873770	3683219880	24357542	6074000	47020000	8024000	42000	571427	0
1789796127.539300	9302053335	3683227875	24357542	6084000	47010000	8038000	42000	666916	0
1789796128.048129	9302333119	3683234955	24357542	6084000	47010000	8038000	42000	617265	0
1789796128.554313	9302521534	3683242585	24357542	6084000	47010000	8038000	42000	753093	0
1789796129.064048	9302702686	3683252716	24357542	6084000	47010000	8038000	42000	896736	0
1789796129.570609	9302869189	3683260041	24357542	6077000	47010000	8029000	42000	648871	0
1789796130.080894	9303025134	3683263764	24357542	6077000	47010000	8029000	42000	809694	0
1789796130.586454	9303195727	3683271271	24357542	6077000	47010000	8029000	42000	857786	0
1789796131.096335	9303404588	3683288117	24357542	6077000	47010000	8029000	42000	524268	0
1789796131.603619	9303579393	3683295136	24357542	6085000	47010000	8039000	41000	646971	0
1789796132.112283	9303757249	3683300995	24357542	6085000	47010000	8039000	41000	687155	0
1789796132.617952	9303918259	3683308441	24357542	6085000	47010000	8039000	41000	584947	0
1789796133.127838	9304118027	3683320648	24357542	6085000	47010000	8039000	41000	710596	0
1789796133.634346	9304385665	3683329132	24357542	6086000	47010000	8040000	41000	666352	0
1789796134.142756	9304826094	3683493011	24357542	6086000	47010000	8040000	41000	1307892	0
1789796134.648287	9305073346	3683514862	24357542	6086000	47010000	8040000	41000	1059825	0
1789796135.158364	9305291363	3683531890	24357542	6086000	47010000	8040000	41000	638553	0
1789796135.664479	9305501690	3683544281	24357542	6086000	47000000	8040000	41000	745590	0
1789796136.175351	9305701091	3683553863	24357542	6086000	47000000	8040000	41000	1149642	0
1789796136.680344	9305880717	3683561920	24357542	6086000	47000000	8040000	41000	1171631	0
1789796137.189797	9306072672	3683573272	24357542	6086000	47000000	8040000	41000	1243675	0
1789796137.695392	9306224222	3683578826	24357542	6086000	47000000	8040000	41000	894855	0
1789796138.203187	9306395609	3683585784	24357542	6086000	47000000	8040000	41000	795629	0
1789796138.710158	9306646829	3683593414	24357542	6088000	47000000	8043000	41000	556434	0
1789796139.219407	9306923439	3683624908	24357542	6088000	47000000	8043000	41000	602224	0
1789796139.725255	9307082130	3683631377	24357542	6088000	47000000	8043000	40000	658713	0
1789796140.234962	9307239295	3683637542	24357542	6088000	47000000	8043000	40000	673416	0
1789796140.741049	9307404395	3683644744	24357542	6087000	47000000	8041000	40000	820597	0
1789796141.250276	9307734839	3683670379	24359190	6087000	47000000	8041000	40000	604461	0
1789796141.756300	9307946630	3683682830	24360533	6087000	47000000	8041000	40000	650492	0
1789796142.268051	9308202855	3683692229	24361937	6087000	47000000	8041000	40000	748310	0
1789796142.774179	9308412571	3683701507	24362730	6087000	47000000	8041000	40000	571034	0
1789796143.283771	9308592686	3683709197	24362852	6087000	47000000	8041000	40000	1008631	0
1789796143.789646	9308759372	3683716277	24362852	6087000	47000000	8041000	40000	651989	0
1789796144.299047	9309360811	3683878752	24362974	6087000	47000000	8041000	40000	723330	0
1789796144.805517	9309561372	3683888823	24362974	6084000	46990000	8037000	40000	565081	0
1789796145.315340	9309751374	3683901091	24362974	6084000	46990000	8037000	40000	1110754	0
1789796145.821167	9310084198	3683911101	24362974	6084000	46990000	8037000	40000	633432	0
1789796146.330064	9310528594	3683923430	24362974	6084000	46990000	8037000	40000	885638	0
1789796146.835463	9310901212	3683930144	24362974	6083000	46990000	8036000	40000	979606	0
1789796147.345204	9311376370	3683985564	24364134	6083000	46990000	8036000	40000	523107	0
1789796147.851035	9311994837	3684139433	24364256	6083000	46990000	8036000	40000	637224	0
1789796148.359776	9312386987	3684150480	24364622	6083000	46990000	8036000	40000	597901	0
1789796148.866499	9312782738	3684164701	24365477	6083000	46990000	8036000	40000	680624	0
1789796149.375813	9313190452	3684180815	24365660	6083000	46990000	8036000	40000	626809	0
1789796149.881180	9313616782	3684187223	24366209	6083000	46990000	8036000	40000	706474	0
1789796150.389326	9313992696	3684195707	24366209	6083000	46990000	8036000	40000	643244	0
1789796150.895040	9314611835	3684378690	24366758	6083000	46990000	8036000	41000	1031811	0
1789796151.405358	9315534623	3684666165	24369261	6083000	46990000	8036000	41000	1446501	0
1789796151.911058	9316389663	3684910000	24370115	6079000	46990000	8031000	41000	1086181	0
1789796152.419886	9316674086	3684941311	24370115	6079000	46990000	8031000	41000	928369	0
1789796152.926432	9316870557	3684954860	24370115	6079000	46990000	8031000	40000	882727	0
1789796153.436336	9317062696	3684964382	24370115	6079000	46990000	8031000	40000	1038357	0
1789796153.942398	9317210522	3684967922	24370115	6086000	46980000	8040000	40000	572380	0
1789796154.452409	9317761913	3685151027	24370115	6086000	46980000	8040000	40000	651354	0
1789796154.958259	9317979014	3685154750	24370115	6086000	46980000	8040000	40000	576549	0
1789796155.468416	9318190134	3685176479	24371336	6086000	46980000	8040000	40000	663616	0
1789796155.973840	9318331369	3685180568	24371336	6086000	46980000	8040000	39000	808946	0
1789796156.483055	9318521737	3685189601	24371336	6086000	46980000	8040000	39000	646269	0
1789796156.989061	9318681344	3685196315	24371336	6086000	46980000	8040000	39000	570787	0
1789796157.498283	9318872872	3685205958	24371336	6086000	46980000	8040000	39000	589395	0
1789796158.004266	9319042427	3685212306	24371336	6087000	46980000	8042000	39000	557249	0
1789796158.514400	9319244514	3685225184	24371336	6087000	46980000	8042000	39000	653475	0
1789796159.020977	9319389655	3685228602	24371336	6087000	46980000	8042000	39000	638928	0
1789796159.532141	9319572150	3685236842	24371336	6087000	46980000	8042000	39000	1021504	0
1789796160.037736	9319773077	3685248439	24372740	6087000	46980000	8042000	39000	730323	0
1789796160.547059	9320053350	3685257594	24372740	6087000	46980000	8042000	39000	979341	0
1789796161.052192	9320218388	3685264674	24372740	6085000	46980000	8039000	39000	668538	0
1789796161.561991	9320411808	3685274562	24372740	6085000	46980000	8039000	39000	612198	0
1789796162.068222	9320764590	3685361415	24372740	6085000	46980000	8039000	41000	811810	0
1789796162.575951	9321723816	3685804101	24372740	6085000	46980000	8039000	41000	693243	0
1789796163.081871	9322622801	3686201805	24372740	6081000	46980000	8034000	42000	887882	0
1789796163.590126	9323472896	3686583335	24372740	6081000	46980000	8034000	42000	846071	0
1789796164.094011	9324457818	3687063009	24372740	6081000	46980000	8034000	41000	1405551	0
1789796164.602274	9325357657	3687466878	24372740	6081000	46980000	8034000	41000	748511	0
1789796165.105726	9326201161	3687845722	24372740	6077000	46970000	8028000	41000	749286	0
1789796165.613826	9327124804	3688293536	24372740	6077000	46970000	8028000	41000	772563	0
1789796166.117709	9328023788	3688673113	24372740	6077000	46970000	8028000	42000	624553	0
1789796166.625431	9328926191	3689098221	24372740	6077000	46970000	8028000	42000	581125	0
1789796167.129581	9329782756	3689497085	24372740	6077000	46970000	8029000	43000	957251	0
1789796167.636851	9330784951	3690023817	24372740	6077000	46970000	8029000	43000	911399	0
1789796168.140921	9331662817	3690430676	24372740	6077000	46970000	8029000	42000	679506	0
1789796168.649040	9332591098	3690886364	24372740	6077000	46970000	8029000	42000	791481	0
1789796169.152930	9333670014	3691426401	24373961	6074000	46960000	8025000	41000	1655667	0
1789796169.663032	9334628630	3691849130	24374083	6074000	46960000	8025000	41000	856134	0
1789796170.166279	9335558864	3692314522	24374083	6074000	46960000	8025000	42000	592062	0
1789796170.673400	9336463220	3692750373	24374083	6074000	46960000	8025000	42000	591730	0
1789796171.178048	9337368308	3693162786	24374083	6074000	46960000	8025000	42000	598421	0
1789796171.685014	9338276508	3693601506	24374083	6074000	46960000	8025000	42000	743640	0
1789796172.188567	9339180742	3694037967	24374083	6077000	46960000	8028000	42000	765013	0
1789796172.696636	9340103835	3694476504	24374083	6077000	46960000	8028000	42000	603386	0
1789796173.200123	9341002515	3694896119	24374083	6077000	46960000	8028000	42000	607714	0
1789796173.707431	9341886607	3695307983	24374083	6077000	46960000	8028000	42000	782098	0
1789796174.210742	9342984382	3695857481	24374083	6074000	46960000	8024000	42000	1063482	0
1789796174.719026	9343877629	3696276975	24374083	6074000	46960000	8024000	42000	898347	0
1789796175.222970	9344810183	3696685421	24374083	6074000	46960000	8024000	42000	940822	0
1789796175.730079	9345694580	3697099239	24374083	6074000	46960000	8024000	42000	755515	0
1789796176.235693	9346599424	3697537836	24374083	6073000	46950000	8023000	41000	753418	0
1789796176.743852	9347530208	3697972955	24374083	6073000	46950000	8023000	41000	915743	0
1789796177.248153	9348308282	3698314079	24374083	6073000	46950000	8023000	39000	704844	0
1789796177.756962	9348671501	3698410759	24374083	6073000	46950000	8023000	39000	694000	0
1789796178.262292	9348968559	3698471366	24374083	6076000	46950000	8027000	39000	916372	0
1789796178.771535	9349174857	3698487174	24374083	6076000	46950000	8027000	39000	579831	0
1789796179.277396	9349396658	3698500358	24374083	6076000	46950000	8027000	39000	560284	0
1789796179.787022	9349566336	3698507804	24374083	6076000	46950000	8027000	39000	816985	0
1789796180.292052	9349768911	3698513786	24374083	6085000	46950000	8039000	39000	547730	0
1789796180.802935	9349969106	3698522575	24374083	6085000	46950000	8039000	39000	526279	0
1789796181.307964	9350548328	3698621146	24374083	6085000	46950000	8039000	40000	682780	0
1789796181.815617	9351610215	3699145803	24374083	6085000	46950000	8039000	40000	706364	0
1789796182.319965	9352418989	3699451588	24374083	6085000	46950000	8039000	41000	1086687	0
1789796182.827080	9353294903	3699848926	24374083	6085000	46950000	8039000	41000	729417	0
1789796183.331433	9354165140	3700249316	24374083	6075000	46950000	8026000	42000	624273	0
1789796183.838632	9355040382	3700651170	24374083	6075000	46950000	8026000	42000	778634	0
1789796184.342089	9356110874	3701146530	24374083	6075000	46950000	8026000	41000	707385	0
1789796184.848952	9356935701	3701499862	24374083	6075000	46950000	8026000	41000	577375	0
1789796185.353140	9357804046	3701903731	24374083	6075000	46940000	8026000	41000	734096	0
1789796185.859937	9358802030	3702403241	24375486	6075000	46940000	8026000	41000	717640	0
1789796186.364097	9359665980	3702804363	24375486	6075000	46940000	8026000	41000	769242	0
1789796186.870520	9360674156	3703342692	24375486	6075000	46940000	8026000	41000	783187	0
1789796187.375587	9361594198	3703793313	24375486	6076000	46940000	8027000	42000	729872	0
1789796187.882513	9362530414	3704208473	24375486	6076000	46940000	8027000	42000	809611	0
1789796188.387099	9363412492	3704619727	24375486	6076000	46940000	8027000	42000	746029	0
1789796188.894902	9364274184	3705017675	24375486	6076000	46940000	8027000	42000	891411	0
1789796189.398383	9365189464	3705471654	24375486	6075000	46940000	8026000	42000	590922	0
1789796189.905446	9366074716	3705889377	24375486	6075000	46940000	8026000	42000	636916	0
1789796190.410056	9366911018	3706265231	24375486	6075000	46940000	8026000	41000	754739	0
1789796190.918088	9367827458	3706712678	24375486	6075000	46940000	8026000	41000	788037	0
1789796191.421671	9368735415	3707135956	24376951	6075000	46930000	8026000	42000	641353	0
1789796191.930015	9369622620	3707557647	24376951	6075000	46930000	8026000	42000	599997	0
1789796192.434002	9370479429	3707951933	24376951	6075000	46930000	8026000	41000	847544	0
1789796192.941105	9371415584	3708364957	24376951	6075000	46930000	8026000	41000	600000	0
1789796193.445286	9372290215	3708749538	24376951	6075000	46930000	8026000	41000	703983	0
1789796193.951667	9373167899	3709158778	24376951	6075000	46930000	8026000	41000	748999	0
1789796194.455695	9374226795	3709672510	24376951	6074000	46930000	8024000	41000	768582	0
1789796194.963295	9375101915	3710086815	24376951	6074000	46930000	8024000	41000	586360	0
1789796195.467471	9375969222	3710488364	24376951	6074000	46930000	8024000	42000	715870	0
1789796195.974992	9376825421	3710880087	24376951	6074000	46930000	8024000	42000	592035	0
1789796196.480079	9377764689	3711305379	24376951	6075000	46920000	8026000	42000	627417	0
1789796196.987151	9378174172	3711428853	24376951	6075000	46920000	8026000	42000	658117	0
1789796197.494067	9378675941	3711583149	24376951	6075000	46920000	8026000	39000	581171	0
1789796198.003274	9378853797	3711592121	24376951	6075000	46920000	8026000	39000	639380	0
1789796198.509001	9379033362	3711599751	24376951	6084000	46920000	8038000	39000	1028445	0
1789796199.019004	9379323584	3711613606	24376951	6084000	46920000	8038000	39000	679450	0
1789796199.524313	9379513769	3711621662	24376951	6084000	46920000	8038000	39000	708444	0
1789796200.032911	9379688756	3711632099	24376951	6084000	46920000	8038000	39000	661203	0
1789796200.538053	9379863438	3711639179	24376951	6087000	46920000	8041000	39000	1158724	0
1789796201.048417	9380943452	3712104144	24378294	6087000	46920000	8041000	39000	700392	0
1789796201.552878	9381962005	3712550188	24379271	6087000	46920000	8041000	39000	951345	0
1789796202.061118	9383108120	3713067887	24380980	6087000	46920000	8041000	39000	1150733	0
1789796202.567302	9384243371	3713613967	24381651	6074000	46920000	8024000	40000	866056	0
1789796203.078929	9385438802	3714158399	24381712	6074000	46920000	8024000	40000	841324	0
1789796203.585193	9385904682	3714289502	24381712	6074000	46920000	8024000	39000	611016	0
1789796204.093683	9386471331	3714487683	24382505	6074000	46920000	8024000	39000	966759	0
1789796204.599186	9386921587	3714578625	24382811	6074000	46920000	8024000	39000	809781	0
1789796205.108924	9387129289	3714589062	24382811	6074000	46920000	8024000	39000	641147	0
1789796205.615243	9387361527	3714600475	24382811	6080000	46910000	8033000	39000	870944	0
1789796206.123999	9387536575	3714609875	24382872	6080000	46910000	8033000	39000	777437	0
1789796206.629397	9387756118	3714619213	24382872	6080000	46910000	8033000	39000	939413	0
1789796207.139051	9387943862	3714628918	24382872	6080000	46910000	8033000	39000	972748	0
1789796207.645275	9389237499	3715152659	24382872	6082000	46910000	8035000	41000	650473	0
1789796208.153462	9390262948	3715578256	24382872	6082000	46910000	8035000	41000	779109	0
1789796208.658378	9391483404	3716166328	24382872	6082000	46910000	8035000	40000	891240	0
1789796209.168213	9392683901	3716784857	24382872	6082000	46910000	8035000	40000	1176860	0
1789796209.673648	9393714416	3717232976	24382872	6071000	46910000	8021000	39000	664022	0
1789796210.183471	9394117125	3717328984	24382872	6071000	46910000	8021000	39000	703608	0
1789796210.688989	9394443906	3717405095	24382872	6071000	46910000	8021000	39000	960242	0
1789796211.198466	9394639279	3717412968	24382872	6071000	46910000	8021000	39000	651488	0
1789796211.704321	9394874264	3717426640	24382872	6085000	46900000	8039000	39000	1019142	0
1789796212.212999	9395061519	3717432927	24382872	6085000	46900000	8039000	39000	638516	0
1789796212.719095	9395316646	3717441227	24382872	6085000	46900000	8039000	38000	841745	0
1789796213.229363	9395506342	3717448491	24382872	6085000	46900000	8039000	38000	1206472	0
1789796213.734882	9395923273	3717569950	24383665	6085000	46900000	8039000	41000	941496	0
1789796214.243312	9397593556	3718493044	24383970	6085000	46900000	8039000	41000	590965	0
1789796214.747601	9398974229	3719190246	24383970	6085000	46900000	8039000	43000	699363	0
1789796215.256177	9400355268	3719845152	24384886	6085000	46900000	8039000	43000	790574	0
1789796215.760788	9401308024	3720130491	24385801	6085000	46900000	8039000	40000	635321	0
1789796216.269343	9402579567	3720428769	24386229	6085000	46900000	8039000	40000	528082	0
1789796216.775528	9403177160	3720570370	24386290	6074000	46900000	8024000	39000	624184	0
1789796217.284310	9403720677	3720684994	24387022	6074000	46900000	8024000	39000	788421	0
1789796217.790930	9404092197	3720694210	24387022	6074000	46900000	8024000	39000	660494	0
1789796218.301077	9404480196	3720704464	24387022	6074000	46900000	8024000	39000	763275	0
1789796218.808652	9404859285	3720714351	24387022	6081000	46890000	8034000	39000	721815	0
1789796219.319961	9405233857	3720723263	24387022	6081000	46890000	8034000	39000	570919	0
1789796219.826405	9405605377	3720732540	24387022	6081000	46890000	8034000	39000	542965	0
1789796220.335630	9406184660	3720806087	24388609	6081000	46890000	8034000	39000	762323	0
1789796220.841081	9407270717	3721298090	24389524	6080000	46890000	8032000	40000	892230	0
1789796221.350346	9408768332	3722013848	24390745	6080000	46890000	8032000	40000	795368	0
1789796221.855888	9410142658	3722721243	24391356	6080000	46890000	8032000	40000	792782	0
1789796222.365499	9411162186	3723061696	24392088	6080000	46890000	8032000	40000	514508	0
1789796222.874746	9412361036	3723403065	24393064	6072000	46890000	8022000	39000	726963	0
1789796223.384764	9413065380	3723532276	24393064	6072000	46890000	8022000	39000	868176	0
1789796223.891337	9413539316	3723661671	24393064	6072000	46890000	8022000	39000	879551	0
1789796224.401084	9414096505	3723855213	24393064	6072000	46890000	8022000	39000	602806	0
1789796224.906422	9414286263	3723864795	24393064	6084000	46890000	8038000	38000	568806	0
1789796225.417749	9414495246	3723873218	24393064	6084000	46890000	8038000	38000	572390	0
1789796225.922799	9414743354	3723879993	24393064	6084000	46890000	8038000	38000	646525	0
1789796226.432332	9414956427	3723894275	24393064	6084000	46890000	8038000	38000	652280	0
1789796226.938317	9415118414	3723901111	24393064	6084000	46890000	8038000	38000	537065	0
1789796227.447925	9418403440	3725250106	24393797	6084000	46890000	8038000	38000	1542650	0
1789796227.956931	9424796856	3727909768	24394407	6086000	46880000	8040000	43000	1591294	0
1789796228.464815	9431219691	3730609590	24395140	6086000	46880000	8040000	43000	1540125	0
1789796228.969023	9437594492	3733200403	24395323	6086000	46880000	8040000	44000	1518373	0
1789796229.478927	9444257682	3735858295	24395750	6086000	46880000	8040000	44000	1476630	0
1789796229.983028	9450699683	3738431652	24395933	5994000	46870000	7919000	45000	1574668	0
1789796230.491407	9456413779	3740686407	24395933	5994000	46870000	7919000	45000	998984	0
1789796230.995112	9459091202	3741629398	24395933	5994000	46870000	7919000	41000	1251446	0
1789796231.522159	9459430922	3741661197	24395933	5994000	46870000	7919000	41000	699430	0
1789796232.029767	9459932264	3741820193	24395933	6078000	46860000	8030000	40000	672640	0
1789796232.542820	9460183118	3741829288	24395933	6078000	46860000	8030000	40000	969029	0
1789796233.050010	9460500561	3741848208	24395933	6078000	46860000	8030000	40000	929871	0
1789796233.562452	9460710948	3741856997	24395933	6078000	46860000	8030000	40000	665065	0
1789796234.070684	9461075449	3741945987	24395933	6080000	46860000	8033000	41000	1293883	0
1789796234.580058	9461510080	3742068972	24395933	6080000	46860000	8033000	41000	625105	0
1789796235.087044	9461826058	3742114016	24395933	6080000	46860000	8033000	39000	1148214	0
1789796235.596944	9467302545	3744463802	24395933	6080000	46860000	8033000	39000	1584704	0
1789796236.102930	9473602578	3747128285	24395933	6004000	46860000	7932000	45000	1473454	0
1789796236.612925	9480214133	3749791303	24395933	6004000	46860000	7932000	45000	1519596	0
1789796237.119937	9486980412	3752614660	24395933	6004000	46860000	7932000	45000	1619142	0
1789796237.629034	9493583362	3755252837	24395933	6004000	46860000	7932000	45000	1545413	0
1789796238.134032	9499382053	3757524011	24395933	6004000	46860000	7932000	45000	1310527	0
1789796238.641318	9504404257	3759420795	24395933	6004000	46860000	7932000	45000	1197715	0
1789796239.147978	9505555133	3759767535	24395933	6003000	46840000	7931000	42000	909790	0
1789796239.656960	9506069231	3759903643	24395933	6003000	46840000	7931000	42000	1153065	0
1789796240.162832	9506374406	3759915057	24395933	6003000	46840000	7931000	41000	535184	0
1789796240.673505	9506770645	3759926409	24395933	6003000	46840000	7931000	41000	936886	0
1789796241.179177	9506961379	3759937029	24395933	6075000	46840000	8026000	40000	1198868	0
1789796241.689139	9507182570	3759951189	24395933	6075000	46840000	8026000	40000	714104	0
1789796242.195441	9507483229	3759981463	24395933	6075000	46840000	8026000	40000	722749	0
1789796242.704499	9507718824	3759990496	24395933	6075000	46840000	8026000	40000	636834	0
1789796243.209954	9510310736	3761042434	24396543	6077000	46840000	8029000	44000	1680879	0
1789796243.717946	9516776540	3763845222	24396788	6077000	46840000	8029000	44000	1547122	0
1789796244.222022	9522959813	3766473939	24397947	6077000	46840000	8029000	45000	1548559	0
1789796244.731680	9529447772	3769097711	24399168	6077000	46840000	8029000	45000	1646594	0
1789796245.236945	9536058778	3771708545	24399168	5999000	46830000	7926000	46000	1489915	0
1789796245.747009	9542476913	3774259502	24399229	5999000	46830000	7926000	46000	1371360	0
1789796246.251990	9548304840	3776571569	24399717	5999000	46830000	7926000	46000	1174344	0
1789796246.759615	9551397179	3777725985	24400206	5999000	46830000	7926000	46000	1324249	0
1789796247.265940	9556744638	3780029568	24400206	6012000	46820000	7943000	46000	1680791	0
1789796247.775921	9563465202	3782874410	24400206	6012000	46820000	7943000	46000	1535062	0
1789796248.280926	9570033911	3785571729	24400206	6012000	46820000	7943000	47000	1551810	0
1789796248.789912	9576797932	3788332709	24400206	6012000	46820000	7943000	47000	1503244	0
1789796249.295926	9583313357	3790926757	24400206	6012000	46820000	7943000	47000	1623973	0
1789796249.803698	9589167712	3793228204	24400206	6012000	46820000	7943000	47000	1150462	0
1789796250.306999	9593745642	3794899586	24400206	5987000	46810000	7910000	47000	783992	0
1789796250.814013	9597937343	3796554367	24400206	5987000	46810000	7910000	47000	1850146	0
1789796251.320595	9604701852	3799490334	24400206	5987000	46810000	7910000	48000	1537607	0
1789796251.828919	9611126823	3802134126	24400206	5987000	46810000	7910000	48000	1579955	0
1789796252.335956	9617809606	3804858850	24400206	5990000	46800000	7913000	48000	1610389	0
1789796252.844301	9624535602	3807544879	24400206	5990000	46800000	7913000	48000	1398861	0
1789796253.348578	9630786502	3809992992	24400206	5990000	46800000	7913000	49000	1456764	0
1789796253.856952	9636441944	3812197882	24400206	5990000	46800000	7913000	49000	981677	0
1789796254.361212	9640392007	3813767702	24400206	5995000	46790000	7920000	47000	1800124	0
1789796254.871924	9647333212	3816785761	24400206	5995000	46790000	7920000	47000	1579445	0
1789796255.376924	9653600042	3819422473	24400206	5995000	46790000	7920000	48000	1585512	0
1789796255.888929	9660195057	3822082988	24400206	5995000	46790000	7920000	48000	1503062	0
1789796256.393610	9666783358	3824759434	24400206	5984000	46780000	7905000	49000	1520125	0
1789796256.902952	9673446671	3827434171	24400206	5984000	46780000	7905000	49000	1521795	0
1789796257.408047	9679871764	3829949790	24400206	5984000	46780000	7905000	49000	1566014	0
1789796257.915293	9684555041	3831640642	24400206	5984000	46780000	7905000	49000	1084100	0
1789796258.420942	9689949803	3833896557	24400206	6034000	46760000	7971000	50000	1780748	0
1789796258.930913	9696805010	3836865299	24400206	6034000	46760000	7971000	50000	1589836	0
1789796259.436022	9703211426	3839515927	24400206	6034000	46760000	7971000	50000	1549582	0
1789796259.945534	9709983626	3842218374	24400206	6034000	46760000	7971000	50000	1483971	0
1789796260.451034	9716633023	3844864485	24400206	6034000	46760000	7971000	50000	1503940	0
1789796260.958718	9723159312	3847458717	24400206	6034000	46760000	7971000	50000	1468113	0
1789796261.463670	9727803954	3849147189	24400206	5981000	46750000	7901000	50000	1148008	0
1789796261.972940	9731712147	3850728362	24400206	5981000	46750000	7901000	50000	1829940	0
1789796262.476919	9738660859	3853742514	24400206	5981000	46750000	7901000	51000	1512366	0
1789796262.985924	9745244522	3856421157	24400206	5981000	46750000	7901000	51000	1515021	0
1789796263.494000	9751582701	3858975228	24400206	5977000	46740000	7896000	51000	1328286	0
1789796264.001952	9758292401	3861642213	24400206	5977000	46740000	7896000	51000	1495730	0
1789796264.506947	9764751735	3864219843	24400206	5977000	46740000	7896000	51000	1467277	0
1789796265.015067	9770460888	3866425648	24400206	5977000	46740000	7896000	51000	1353534	0
1789796265.518597	9773483036	3867446459	24400206	5986000	46730000	7908000	48000	1626774	0
1789796266.027939	9779368397	3870018229	24400206	5986000	46730000	7908000	48000	1675941	0
1789796266.532914	9785997225	3872843418	24400206	5986000	46730000	7908000	51000	1569436	0
1789796267.042927	9792759537	3875624172	24400206	5986000	46730000	7908000	51000	1551374	0
1789796267.548920	9799575559	3878403401	24400206	5975000	46720000	7894000	52000	1519016	0
1789796268.057030	9806270183	3881071607	24400206	5975000	46720000	7894000	52000	1521237	0
1789796268.562660	9812092556	3883306037	24400206	5975000	46720000	7894000	52000	1628218	0
1789796269.070022	9816739944	3884982913	24400206	5975000	46720000	7894000	52000	1513133	0
1789796269.575938	9821506839	3886944883	24400206	6017000	46710000	7949000	52000	1750125	0
1789796270.085580	9828320298	3889869314	24400206	6017000	46710000	7949000	52000	1591158	0
1789796270.589706	9834807647	3892530135	24400206	6017000	46710000	7949000	52000	1537803	0
1789796271.099025	9841258802	3895107887	24400206	6017000	46710000	7949000	52000	1580276	0
1789796271.602738	9847923885	3897767609	24400206	6017000	46710000	7949000	52000	1501932	0
1789796272.111088	9854252177	3900269373	24400206	6017000	46710000	7949000	52000	1464942	0
1789796272.616813	9859440580	3902209370	24400206	5976000	46700000	7895000	51000	1070078	0
1789796273.127190	9862099630	3903066057	24400206	5976000	46700000	7895000	51000	962563	0
1789796273.631946	9868664311	3905912364	24400206	5976000	46700000	7895000	53000	1728590	0
1789796274.142922	9875343127	3908774173	24400206	5976000	46700000	7895000	53000	1627510	0
1789796274.646941	9881828401	3911456783	24400206	5972000	46690000	7890000	53000	1635184	0
1789796275.157928	9888721938	3914222218	24400206	5972000	46690000	7890000	53000	1550094	0
1789796275.662750	9895483395	3916930463	24400206	5972000	46690000	7890000	54000	1547030	0
1789796276.172923	9901949809	3919505835	24400206	5972000	46690000	7890000	54000	1135732	0
1789796276.677397	9905410188	3920675998	24400206	5976000	46680000	7895000	52000	901997	0
1789796277.185942	9910232808	3922725370	24400206	5976000	46680000	7895000	52000	1781526	0
1789796277.693922	9917143191	3925707723	24400206	5976000	46680000	7895000	53000	1569696	0
1789796278.201026	9923697739	3928462904	24400206	5976000	46680000	7895000	53000	1639569	0
1789796278.705945	9930254851	3931078193	24400206	5972000	46670000	7890000	54000	1490594	0
1789796279.216893	9937108472	3933799927	24400206	5972000	46670000	7890000	54000	1500092	0
1789796279.720942	9943474178	3936318719	24400206	5972000	46670000	7890000	54000	1472396	0
1789796280.229322	9948468733	3938168934	24400328	5972000	46670000	7890000	54000	1074610	0
1789796280.735602	9952232884	3939612839	24400328	6011000	46660000	7941000	53000	1994862	0
1789796281.244938	9959159868	3942665443	24400328	6011000	46660000	7941000	53000	1539466	0
1789796281.752020	9965463624	3945288056	24400328	6011000	46660000	7941000	54000	1637207	0
1789796282.260928	9972066695	3947991907	24400328	6011000	46660000	7941000	54000	1519018	0
1789796282.765947	9978702603	3950667437	24400328	6011000	46660000	7941000	55000	1487570	0
1789796283.277014	9985089794	3953189037	24400328	6011000	46660000	7941000	55000	1350000	0
1789796283.781172	9990679868	3955360601	24400328	5973000	46650000	7891000	54000	1141673	0
1789796284.288143	9994853807	3956927065	24401243	5973000	46650000	7891000	54000	698207	0
1789796284.795035	9995198167	3956989931	24401243	5973000	46650000	7891000	50000	1681425	0
1789796285.304013	9995808456	3957127565	24402220	5973000	46650000	7891000	50000	725170	0
1789796285.811256	9996037764	3957137147	24402403	6053000	46640000	7997000	49000	663847	0
1789796286.323568	9996290266	3957155213	24403196	6053000	46640000	7997000	49000	639293	0
1789796286.831007	9996564435	3957176881	24403746	6053000	46640000	7997000	49000	744152	0
1789796287.343459	9996813824	3957193726	24404173	6053000	46640000	7997000	49000	907058	0
1789796287.851923	9997028850	3957201417	24404661	6064000	46640000	8011000	49000	807493	0
1789796288.362923	9997220561	3957208741	24404661	6064000	46640000	8011000	49000	1098320	0
1789796288.870329	9997512858	3957217164	24404661	6064000	46640000	8011000	48000	799716	0
1789796289.384542	9997810465	3957234742	24404661	6064000	46640000	8011000	48000	1355067	0
1789796289.890109	9998460670	3957378357	24404905	6065000	46630000	8012000	48000	878696	0
1789796290.400102	9998702491	3957386902	24404905	6065000	46630000	8012000	48000	861899	0
1789796290.906245	9998932593	3957396729	24404905	6065000	46630000	8012000	48000	905282	0
1789796291.416518	9999137610	3957404847	24404905	6065000	46630000	8012000	48000	1117443	0
1789796291.921058	9999355749	3957413758	24404905	6068000	46630000	8016000	48000	863854	0
