t_s,tier,phase,soc_w,core_w,uncore_w,bat_power_now_w,bat_energy_wh,pkg_temp_c,cpu_mhz,fan_rpm
0.00,ref,settle,0.911,0.087,0.000,6.520,51.090,38.0,919,0
0.51,ref,settle,0.972,0.320,0.000,6.526,51.080,38.0,1169,0
1.02,ref,settle,0.532,0.020,0.000,6.526,51.080,38.0,675,0
1.53,ref,settle,0.346,0.014,0.000,6.526,51.080,38.0,858,0
2.04,ref,settle,0.613,0.025,0.000,6.526,51.080,38.0,653,0
2.55,ref,settle,1.049,0.339,0.000,6.526,51.080,38.0,951,0
3.06,ref,settle,0.559,0.043,0.000,6.526,51.080,38.0,886,0
3.57,ref,settle,0.439,0.017,0.000,6.536,51.080,38.0,876,0
4.08,ref,settle,0.515,0.024,0.000,6.536,51.080,38.0,740,0
4.59,ref,settle,0.408,0.023,0.000,6.536,51.080,38.0,645,0
5.10,ref,settle,0.666,0.043,0.000,6.536,51.080,38.0,964,0
5.61,ref,settle,0.350,0.026,0.000,6.550,51.080,38.0,879,0
6.12,ref,settle,0.712,0.047,0.000,6.550,51.080,38.0,755,0
6.64,ref,settle,0.339,0.018,0.000,6.550,51.080,37.0,823,0
7.14,ref,settle,0.403,0.024,0.000,6.550,51.080,37.0,1201,0
7.66,ref,settle,0.608,0.018,0.000,6.551,51.070,38.0,833,0
8.16,ref,settle,0.665,0.047,0.000,6.551,51.070,38.0,1009,0
8.68,ref,settle,0.457,0.027,0.000,6.551,51.070,38.0,723,0
9.19,ref,settle,0.406,0.020,0.000,6.551,51.070,38.0,748,0
9.70,ref,settle,0.399,0.018,0.000,6.548,51.070,38.0,669,0
10.21,ref,settle,0.828,0.060,0.000,6.548,51.070,38.0,716,0
10.72,ref,settle,0.425,0.024,0.000,6.548,51.070,37.0,631,0
11.23,ref,settle,0.477,0.029,0.000,6.548,51.070,37.0,815,0
11.74,ref,settle,0.404,0.024,0.000,6.548,51.070,37.0,658,0
12.25,ref,settle,0.382,0.025,0.000,6.548,51.070,37.0,1165,0
12.76,ref,settle,1.027,0.342,0.000,6.548,51.070,37.0,665,0
13.26,ref,settle,0.517,0.033,0.000,6.548,51.070,37.0,765,0
13.77,ref,settle,0.336,0.017,0.000,6.548,51.070,37.0,857,0
14.28,ref,settle,0.783,0.038,0.000,6.548,51.070,37.0,574,0
14.79,ref,settle,0.580,0.070,0.000,6.549,51.070,38.0,1326,0
15.29,cool,wait,1.009,0.323,0.000,6.549,51.070,38.0,769,0
15.80,cool,wait,0.474,0.047,0.000,6.549,51.070,37.0,1296,0
16.31,cool,wait,0.399,0.022,0.000,6.549,51.070,37.0,1048,0
16.82,cool,wait,0.441,0.043,0.000,6.547,51.060,37.0,758,0
17.32,cool,wait,0.507,0.018,0.000,6.547,51.060,37.0,786,0
17.83,cool,wait,0.409,0.036,0.000,6.547,51.060,37.0,710,0
18.34,cool,wait,0.481,0.023,0.000,6.547,51.060,37.0,870,0
18.85,cool,wait,0.835,0.032,0.000,6.552,51.060,38.0,732,0
19.35,cool,wait,0.380,0.019,0.000,6.552,51.060,38.0,854,0
19.86,cool,wait,0.479,0.033,0.000,6.552,51.060,37.0,669,0
20.37,cool,wait,0.364,0.024,0.000,6.552,51.060,37.0,593,0
20.88,cool,wait,0.916,0.228,0.000,6.552,51.060,39.0,768,0
21.38,4/4(12/4),idle,1.067,0.315,0.000,6.552,51.060,39.0,984,0
21.89,4/4(12/4),idle,0.581,0.093,0.000,6.552,51.060,37.0,762,0
22.40,4/4(12/4),idle,1.011,0.179,0.000,6.552,51.060,37.0,1136,0
22.91,4/4(12/4),idle,1.015,0.299,0.000,6.548,51.060,38.0,930,0
23.41,4/4(12/4),idle,0.636,0.029,0.000,6.548,51.060,38.0,925,0
23.92,4/4(12/4),idle,0.819,0.185,0.000,6.548,51.060,37.0,655,0
24.43,4/4(12/4),idle,1.211,0.117,0.000,6.548,51.060,37.0,733,0
24.94,4/4(12/4),idle,0.767,0.090,0.000,6.548,51.060,37.0,743,0
25.44,4/4(12/4),idle,0.438,0.027,0.000,6.548,51.060,37.0,728,0
25.95,4/4(12/4),idle,0.434,0.051,0.000,6.548,51.060,37.0,704,0
26.46,4/4(12/4),idle,0.325,0.011,0.000,6.548,51.060,37.0,661,0
26.97,4/4(12/4),idle,0.673,0.062,0.000,6.548,51.060,37.0,594,0
27.48,4/4(12/4),idle,0.512,0.015,0.000,6.548,51.060,37.0,577,0
27.99,4/4(12/4),idle,0.579,0.030,0.000,6.545,51.050,37.0,634,0
28.49,4/4(12/4),idle,0.447,0.013,0.000,6.545,51.050,37.0,637,0
29.00,4/4(12/4),idle,0.412,0.021,0.000,6.545,51.050,37.0,832,0
29.51,4/4(12/4),idle,0.404,0.019,0.000,6.545,51.050,37.0,587,0
30.02,4/4(12/4),idle,0.943,0.072,0.000,6.551,51.050,37.0,875,0
30.52,4/4(12/4),idle,0.358,0.025,0.000,6.551,51.050,37.0,813,0
31.03,4/4(12/4),idle,0.310,0.014,0.000,6.551,51.050,37.0,650,0
31.54,4/4(12/4),idle,0.398,0.018,0.000,6.551,51.050,37.0,684,0
32.05,4/4(12/4),idle,0.633,0.024,0.000,6.550,51.050,37.0,641,0
32.55,4/4(12/4),idle,0.919,0.280,0.000,6.550,51.050,37.0,662,0
33.06,4/4(12/4),idle,0.665,0.064,0.000,6.550,51.050,37.0,712,0
33.57,4/4(12/4),idle,0.575,0.016,0.000,6.550,51.050,37.0,616,0
34.08,4/4(12/4),idle,0.822,0.076,0.000,6.550,51.050,37.0,712,0
34.58,4/4(12/4),idle,0.871,0.049,0.000,6.550,51.050,37.0,702,0
35.09,4/4(12/4),idle,0.677,0.070,0.000,6.550,51.050,37.0,606,0
35.60,4/4(12/4),idle,0.633,0.029,0.000,6.550,51.050,37.0,757,0
36.11,4/4(12/4),idle,1.818,0.453,0.000,6.550,51.050,37.0,951,0
36.62,4/4(12/4),pdf_render,1.885,0.821,0.000,6.550,51.050,37.0,957,0
37.12,4/4(12/4),pdf_render,1.764,0.820,0.000,6.536,51.040,38.0,905,0
37.63,4/4(12/4),pdf_render,1.726,0.795,0.000,6.536,51.040,38.0,799,0
38.14,4/4(12/4),pdf_render,1.786,0.857,0.000,6.536,51.040,38.0,967,0
38.65,4/4(12/4),pdf_render,1.729,0.818,0.000,6.536,51.040,38.0,844,0
39.15,4/4(12/4),pdf_render,1.802,0.884,0.000,6.538,51.040,38.0,959,0
39.66,4/4(12/4),pdf_render,1.766,0.848,0.000,6.538,51.040,38.0,922,0
40.17,4/4(12/4),pdf_render,1.902,0.878,0.000,6.538,51.040,38.0,977,0
40.67,4/4(12/4),pdf_render,1.816,0.886,0.000,6.538,51.040,38.0,900,0
41.18,4/4(12/4),pdf_render,1.779,0.867,0.000,6.535,51.040,38.0,975,0
41.68,4/4(12/4),pdf_render,2.103,1.166,0.000,6.535,51.040,38.0,996,0
42.19,4/4(12/4),pdf_render,1.895,0.972,0.000,6.535,51.040,38.0,906,0
42.70,4/4(12/4),pdf_render,2.142,1.083,0.000,6.535,51.040,38.0,767,0
43.20,4/4(12/4),pdf_render,1.947,1.009,0.000,6.534,51.030,38.0,974,0
43.71,4/4(12/4),pdf_render,1.738,0.828,0.000,6.534,51.030,38.0,761,0
44.22,4/4(12/4),pdf_render,2.016,1.011,0.000,6.534,51.030,38.0,830,0
44.72,4/4(12/4),pdf_render,1.727,0.824,0.000,6.534,51.030,38.0,947,0
45.23,4/4(12/4),pdf_render,1.936,1.010,0.000,6.537,51.030,38.0,951,0
45.74,4/4(12/4),pdf_render,1.861,0.878,0.000,6.537,51.030,38.0,931,0
46.25,4/4(12/4),pdf_render,1.949,1.007,0.000,6.537,51.030,38.0,933,0
46.75,4/4(12/4),pdf_render,1.768,0.846,0.000,6.537,51.030,38.0,978,0
47.26,4/4(12/4),pdf_render,1.978,0.927,0.000,6.537,51.030,38.0,979,0
47.77,4/4(12/4),pdf_render,1.745,0.840,0.000,6.537,51.030,38.0,963,0
48.27,4/4(12/4),pdf_render,1.861,0.936,0.000,6.531,51.030,38.0,781,0
48.78,4/4(12/4),pdf_render,1.752,0.839,0.000,6.531,51.030,38.0,809,0
49.29,4/4(12/4),pdf_render,1.886,0.960,0.000,6.531,51.030,38.0,935,0
49.79,4/4(12/4),pdf_render,1.883,0.878,0.000,6.531,51.030,38.0,991,0
50.30,4/4(12/4),pdf_render,1.848,0.939,0.000,6.535,51.020,38.0,930,0
50.80,4/4(12/4),pdf_render,1.775,0.849,0.000,6.535,51.020,38.0,1563,0
51.31,4/4(12/4),pdf_render,0.751,0.037,0.000,6.535,51.020,37.0,797,0
51.82,4/4(12/4),gap,0.914,0.313,0.000,6.535,51.020,37.0,1420,0
52.33,4/4(12/4),gap,0.387,0.010,0.000,6.547,51.020,37.0,591,0
52.83,4/4(12/4),gap,1.080,0.362,0.000,6.547,51.020,37.0,590,0
53.34,4/4(12/4),gap,0.567,0.007,0.000,6.547,51.020,37.0,680,0
53.85,4/4(12/4),gap,0.488,0.044,0.000,6.547,51.020,37.0,581,0
54.36,4/4(12/4),gap,0.505,0.009,0.000,6.544,51.020,37.0,686,0
54.86,4/4(12/4),gap,0.528,0.085,0.000,6.544,51.020,37.0,1028,0
55.37,4/4(12/4),pdf_render,1.849,0.773,0.000,6.544,51.020,38.0,1112,0
55.88,4/4(12/4),pdf_render,1.921,0.883,0.000,6.544,51.020,38.0,594,0
56.39,4/4(12/4),pdf_render,1.755,0.757,0.000,6.536,51.020,38.0,671,0
56.89,4/4(12/4),pdf_render,1.695,0.788,0.000,6.536,51.020,38.0,772,0
57.40,4/4(12/4),pdf_render,1.663,0.770,0.000,6.536,51.020,39.0,770,0
57.90,4/4(12/4),pdf_render,1.698,0.786,0.000,6.536,51.020,39.0,760,0
58.41,4/4(12/4),pdf_render,1.714,0.804,0.000,6.536,51.020,40.0,761,0
58.91,4/4(12/4),pdf_render,1.769,0.851,0.000,6.536,51.020,40.0,700,0
59.42,4/4(12/4),pdf_render,1.708,0.812,0.000,6.536,51.010,39.0,1424,0
59.93,4/4(12/4),pdf_render,1.776,0.855,0.000,6.536,51.010,39.0,803,0
60.43,4/4(12/4),pdf_render,1.962,1.055,0.000,6.536,51.010,41.0,768,0
60.94,4/4(12/4),pdf_render,1.781,0.855,0.000,6.536,51.010,41.0,738,0
61.44,4/4(12/4),pdf_render,1.867,0.855,0.000,6.532,51.010,39.0,753,0
61.95,4/4(12/4),pdf_render,1.860,0.925,0.000,6.532,51.010,39.0,714,0
62.46,4/4(12/4),pdf_render,2.075,1.035,0.000,6.532,51.010,39.0,1512,0
62.96,4/4(12/4),pdf_render,1.943,0.887,0.000,6.532,51.010,39.0,774,0
63.47,4/4(12/4),pdf_render,1.695,0.779,0.000,6.534,51.010,39.0,739,0
63.97,4/4(12/4),pdf_render,1.749,0.830,0.000,6.534,51.010,39.0,743,0
64.48,4/4(12/4),pdf_render,1.859,0.940,0.000,6.534,51.010,39.0,773,0
64.98,4/4(12/4),pdf_render,1.870,0.939,0.000,6.534,51.010,39.0,612,0
65.49,4/4(12/4),pdf_render,1.859,0.859,0.000,6.534,51.000,39.0,756,0
66.00,4/4(12/4),pdf_render,1.944,0.940,0.000,6.534,51.000,39.0,1847,0
66.51,4/4(12/4),pdf_render,1.936,0.931,0.000,6.534,51.000,39.0,770,0
67.01,4/4(12/4),pdf_render,1.818,0.849,0.000,6.534,51.000,39.0,766,0
67.52,4/4(12/4),pdf_render,1.794,0.830,0.000,6.536,51.000,39.0,733,0
68.02,4/4(12/4),pdf_render,1.818,0.842,0.000,6.536,51.000,39.0,593,0
68.53,4/4(12/4),pdf_render,1.659,0.762,0.000,6.536,51.000,39.0,717,0
69.03,4/4(12/4),pdf_render,1.806,0.898,0.000,6.536,51.000,39.0,765,0
69.54,4/4(12/4),pdf_render,1.720,0.824,0.000,6.536,51.000,40.0,734,0
70.04,4/4(12/4),pdf_render,1.825,0.883,0.000,6.536,51.000,40.0,812,0
70.55,4/4(12/4),pdf_render,0.864,0.156,0.000,6.536,51.000,37.0,805,0
71.05,4/4(12/4),gap,1.238,0.343,0.000,6.536,51.000,37.0,558,0
71.56,4/4(12/4),gap,0.342,0.011,0.000,6.536,51.000,37.0,1089,0
72.07,4/4(12/4),gap,0.615,0.025,0.000,6.536,51.000,37.0,594,0
72.58,4/4(12/4),gap,1.126,0.313,0.000,6.547,50.990,37.0,1022,0
73.08,4/4(12/4),gap,0.680,0.043,0.000,6.547,50.990,37.0,887,0
73.59,4/4(12/4),gap,0.333,0.010,0.000,6.547,50.990,37.0,630,0
74.10,4/4(12/4),gap,0.795,0.118,0.000,6.547,50.990,37.0,695,0
74.61,4/4(12/4),gap,2.298,0.949,0.001,6.548,50.990,38.0,812,0
75.11,4/4(12/4),office,2.071,0.859,0.001,6.548,50.990,38.0,605,0
75.62,4/4(12/4),office,2.220,1.024,0.000,6.548,50.990,38.0,982,0
76.13,4/4(12/4),office,2.302,1.149,0.000,6.548,50.990,38.0,868,0
76.64,4/4(12/4),office,2.427,1.089,0.000,6.532,50.990,38.0,1184,0
77.14,4/4(12/4),office,0.874,0.237,0.000,6.532,50.990,38.0,961,0
77.65,4/4(12/4),gap,0.660,0.196,0.000,6.532,50.990,37.0,785,0
78.15,4/4(12/4),gap,0.468,0.028,0.000,6.532,50.990,37.0,935,0
78.66,4/4(12/4),gap,0.469,0.023,0.000,6.545,50.980,37.0,1019,0
79.17,4/4(12/4),gap,0.353,0.024,0.000,6.545,50.980,37.0,1149,0
79.68,4/4(12/4),gap,0.413,0.018,0.000,6.545,50.980,37.0,1026,0
80.18,4/4(12/4),gap,0.860,0.091,0.000,6.545,50.980,37.0,893,0
80.69,4/4(12/4),gap,0.391,0.051,0.000,6.545,50.980,38.0,1187,0
81.20,4/4(12/4),office,2.485,1.131,0.000,6.545,50.980,38.0,1268,0
81.71,4/4(12/4),office,1.890,0.810,0.000,6.548,50.980,38.0,841,0
82.21,4/4(12/4),office,2.488,1.157,0.000,6.548,50.980,38.0,871,0
82.72,4/4(12/4),office,2.659,1.418,0.000,6.548,50.980,39.0,880,0
83.23,4/4(12/4),office,2.182,0.945,0.000,6.548,50.980,39.0,658,0
83.73,4/4(12/4),gap,0.788,0.137,0.000,6.529,50.980,39.0,1126,0
84.24,4/4(12/4),gap,0.684,0.199,0.000,6.529,50.980,39.0,652,0
84.75,4/4(12/4),gap,0.424,0.019,0.000,6.529,50.980,37.0,971,0
85.25,4/4(12/4),gap,0.896,0.074,0.000,6.529,50.980,37.0,764,0
85.76,4/4(12/4),gap,0.382,0.024,0.000,6.540,50.980,37.0,874,0
86.27,4/4(12/4),gap,0.575,0.039,0.000,6.540,50.980,37.0,605,0
86.78,4/4(12/4),gap,0.334,0.012,0.000,6.540,50.980,37.0,1057,0
87.29,4/4(12/4),gap,1.142,0.231,0.000,6.540,50.980,37.0,830,0
87.80,4/4(12/4),python,2.674,1.477,0.000,6.536,50.970,40.0,666,0
88.30,4/4(12/4),python,2.787,1.419,0.000,6.536,50.970,40.0,942,0
88.81,4/4(12/4),python,2.876,1.255,0.000,6.536,50.970,39.0,638,0
89.31,4/4(12/4),python,2.227,0.768,0.000,6.536,50.970,39.0,716,0
89.82,4/4(12/4),python,2.501,0.655,0.000,6.531,50.970,38.0,1159,0
90.32,4/4(12/4),python,0.985,0.288,0.000,6.531,50.970,38.0,834,0
90.83,4/4(12/4),gap,0.822,0.229,0.000,6.531,50.970,37.0,822,0
91.34,4/4(12/4),gap,0.523,0.019,0.000,6.531,50.970,37.0,642,0
91.85,4/4(12/4),gap,0.468,0.038,0.000,6.531,50.970,37.0,827,0
92.35,4/4(12/4),gap,0.426,0.035,0.000,6.531,50.970,37.0,1245,0
92.86,4/4(12/4),gap,1.083,0.363,0.000,6.545,50.970,37.0,796,0
93.37,4/4(12/4),gap,0.419,0.024,0.000,6.545,50.970,37.0,825,0
93.88,4/4(12/4),gap,0.534,0.031,0.000,6.545,50.970,37.0,904,0
94.38,4/4(12/4),gap,2.427,1.193,0.000,6.545,50.970,37.0,1196,0
94.89,4/4(12/4),python,3.047,1.601,0.000,6.539,50.970,41.0,739,0
95.40,4/4(12/4),python,2.667,1.359,0.000,6.539,50.970,41.0,694,0
95.91,4/4(12/4),python,1.934,0.658,0.000,6.539,50.970,38.0,504,0
96.41,4/4(12/4),python,2.200,0.621,0.000,6.539,50.970,38.0,572,0
96.92,4/4(12/4),python,1.372,0.246,0.000,6.533,50.960,37.0,1457,0
97.43,4/4(12/4),gap,1.047,0.385,0.000,6.533,50.960,37.0,616,0
97.94,4/4(12/4),gap,0.528,0.050,0.000,6.533,50.960,37.0,676,0
98.44,4/4(12/4),gap,0.342,0.018,0.000,6.533,50.960,37.0,982,0
98.95,4/4(12/4),gap,0.469,0.022,0.000,6.547,50.960,37.0,920,0
99.46,4/4(12/4),gap,0.464,0.012,0.000,6.547,50.960,37.0,944,0
99.97,4/4(12/4),gap,0.571,0.053,0.000,6.547,50.960,37.0,960,0
100.47,4/4(12/4),gap,0.602,0.015,0.000,6.547,50.960,37.0,843,0
100.98,4/4(12/4),gap,4.280,1.791,0.000,6.537,50.960,39.0,556,0
101.49,4/4(12/4),compress,3.992,1.770,0.000,6.537,50.960,39.0,488,0
102.01,4/4(12/4),compress,3.978,1.735,0.000,6.537,50.960,38.0,447,0
102.52,4/4(12/4),compress,3.955,1.703,0.000,6.537,50.960,38.0,494,0
103.06,4/4(12/4),compress,3.973,1.789,0.000,6.537,50.960,38.0,498,0
103.57,4/4(12/4),compress,3.967,1.719,0.000,6.537,50.960,38.0,488,0
104.11,4/4(12/4),compress,3.969,1.685,0.000,6.516,50.950,38.0,477,0
104.62,4/4(12/4),compress,3.968,1.716,0.000,6.516,50.950,38.0,498,0
105.16,4/4(12/4),compress,4.013,1.639,0.000,6.516,50.950,39.0,500,0
105.67,4/4(12/4),compress,3.963,1.693,0.000,6.516,50.950,39.0,487,0
106.19,4/4(12/4),compress,3.981,1.596,0.000,6.516,50.950,39.0,447,0
106.70,4/4(12/4),compress,3.960,1.652,0.000,6.516,50.950,39.0,449,0
107.24,4/4(12/4),compress,3.973,1.627,0.000,6.516,50.950,39.0,441,0
107.75,4/4(12/4),compress,3.970,1.644,0.000,6.516,50.950,39.0,442,0
108.29,4/4(12/4),compress,3.972,1.667,0.000,6.517,50.940,39.0,454,0
108.80,4/4(12/4),compress,3.968,1.667,0.000,6.517,50.940,39.0,450,0
109.32,4/4(12/4),compress,3.972,1.635,0.000,6.517,50.940,39.0,489,0
109.83,4/4(12/4),compress,3.959,1.731,0.000,6.517,50.940,39.0,581,0
110.35,4/4(12/4),compress,3.960,1.772,0.000,6.516,50.940,39.0,632,0
110.86,4/4(12/4),compress,3.943,1.773,0.000,6.516,50.940,39.0,668,0
111.38,4/4(12/4),compress,2.357,0.971,0.000,6.516,50.940,38.0,787,0
111.88,4/4(12/4),gap,1.057,0.347,0.000,6.516,50.940,38.0,1263,0
112.40,4/4(12/4),gap,0.582,0.116,0.000,6.531,50.930,38.0,1354,0
112.90,4/4(12/4),gap,0.850,0.248,0.000,6.531,50.930,38.0,890,0
113.41,4/4(12/4),gap,0.365,0.027,0.000,6.531,50.930,38.0,932,0
113.92,4/4(12/4),gap,0.367,0.027,0.000,6.531,50.930,38.0,899,0
114.43,4/4(12/4),gap,0.631,0.016,0.000,6.540,50.930,38.0,740,0
114.94,4/4(12/4),gap,0.539,0.047,0.000,6.540,50.930,38.0,741,0
115.46,4/4(12/4),gap,2.928,0.948,0.000,6.540,50.930,40.0,1590,0
115.96,4/4(12/4),compress,5.009,2.374,0.000,6.540,50.930,40.0,494,0
116.47,4/4(12/4),compress,3.975,1.690,0.000,6.540,50.930,39.0,445,0
116.99,4/4(12/4),compress,3.968,1.725,0.000,6.540,50.930,39.0,444,0
117.52,4/4(12/4),compress,3.962,1.777,0.000,6.516,50.930,39.0,451,0
118.04,4/4(12/4),compress,3.967,1.736,0.000,6.516,50.930,39.0,500,0
118.57,4/4(12/4),compress,3.968,1.654,0.000,6.516,50.930,39.0,550,0
119.08,4/4(12/4),compress,3.970,1.728,0.000,6.516,50.930,39.0,493,0
119.60,4/4(12/4),compress,3.974,1.724,0.000,6.516,50.920,39.0,456,0
120.11,4/4(12/4),compress,3.975,1.676,0.000,6.516,50.920,39.0,443,0
120.65,4/4(12/4),compress,3.972,1.647,0.000,6.516,50.920,39.0,441,0
121.17,4/4(12/4),compress,3.968,1.646,0.000,6.516,50.920,39.0,412,0
121.70,4/4(12/4),compress,3.970,1.647,0.000,6.515,50.920,39.0,445,0
122.22,4/4(12/4),compress,4.686,1.596,0.000,6.515,50.920,39.0,400,0
122.75,4/4(12/4),compress,4.444,1.567,0.000,6.515,50.920,39.0,445,0
123.26,4/4(12/4),compress,4.007,1.610,0.000,6.515,50.920,39.0,445,0
123.79,4/4(12/4),compress,3.966,1.643,0.000,6.501,50.910,39.0,450,0
124.31,4/4(12/4),compress,3.990,1.668,0.000,6.501,50.910,39.0,400,0
124.84,4/4(12/4),compress,3.927,1.658,0.000,6.501,50.910,39.0,547,0
125.34,4/4(12/4),compress,3.938,1.768,0.000,6.501,50.910,39.0,681,0
125.86,4/4(12/4),compress,3.852,1.775,0.000,6.512,50.910,40.0,1364,0
126.37,4/4(12/4),compress,2.059,0.631,0.001,6.512,50.910,40.0,1075,0
126.88,4/4(12/4),gap,1.017,0.324,0.000,6.512,50.910,38.0,1366,0
127.39,4/4(12/4),gap,0.596,0.043,0.000,6.512,50.910,38.0,684,0
127.90,4/4(12/4),gap,0.447,0.040,0.000,6.532,50.900,38.0,636,0
128.41,4/4(12/4),gap,0.438,0.050,0.000,6.532,50.900,38.0,688,0
128.92,4/4(12/4),gap,0.417,0.038,0.000,6.532,50.900,38.0,659,0
129.43,4/4(12/4),gap,0.709,0.016,0.000,6.532,50.900,38.0,663,0
129.94,4/4(12/4),gap,0.513,0.068,0.000,6.532,50.900,38.0,1398,0
130.44,4/4(12/4),gap,5.725,2.671,0.000,6.532,50.900,38.0,448,0
130.96,4/4(12/4),sustained40s,3.958,1.737,0.000,6.542,50.900,39.0,480,0
131.47,4/4(12/4),sustained40s,3.974,1.734,0.000,6.542,50.900,39.0,448,0
131.99,4/4(12/4),sustained40s,3.959,1.752,0.000,6.542,50.900,39.0,489,0
132.51,4/4(12/4),sustained40s,3.961,1.778,0.000,6.542,50.900,39.0,567,0
133.04,4/4(12/4),sustained40s,3.983,1.763,0.000,6.515,50.900,39.0,452,0
133.55,4/4(12/4),sustained40s,4.000,1.601,0.000,6.515,50.900,39.0,444,0
134.08,4/4(12/4),sustained40s,3.977,1.678,0.000,6.515,50.900,39.0,438,0
134.59,4/4(12/4),sustained40s,3.968,1.682,0.000,6.515,50.900,39.0,446,0
135.12,4/4(12/4),sustained40s,3.971,1.674,0.000,6.514,50.890,39.0,445,0
135.64,4/4(12/4),sustained40s,3.967,1.666,0.000,6.514,50.890,39.0,443,0
136.18,4/4(12/4),sustained40s,3.972,1.662,0.000,6.514,50.890,40.0,448,0
136.70,4/4(12/4),sustained40s,3.967,1.632,0.000,6.514,50.890,40.0,443,0
137.22,4/4(12/4),sustained40s,3.959,1.670,0.000,6.513,50.890,40.0,497,0
137.74,4/4(12/4),sustained40s,3.967,1.722,0.000,6.513,50.890,40.0,499,0
138.26,4/4(12/4),sustained40s,3.971,1.708,0.000,6.513,50.890,40.0,498,0
138.77,4/4(12/4),sustained40s,3.968,1.717,0.000,6.513,50.890,40.0,500,0
139.29,4/4(12/4),sustained40s,3.970,1.670,0.000,6.513,50.880,40.0,590,0
139.80,4/4(12/4),sustained40s,3.932,1.649,0.000,6.513,50.880,40.0,686,0
140.32,4/4(12/4),sustained40s,3.736,1.710,0.000,6.513,50.880,42.0,722,0
140.82,4/4(12/4),sustained40s,4.235,1.966,0.000,6.513,50.880,42.0,493,0
141.33,4/4(12/4),sustained40s,3.976,1.745,0.000,6.492,50.880,40.0,500,0
141.84,4/4(12/4),sustained40s,3.975,1.747,0.000,6.492,50.880,40.0,442,0
142.36,4/4(12/4),sustained40s,4.000,1.672,0.000,6.492,50.880,40.0,443,0
142.88,4/4(12/4),sustained40s,3.956,1.728,0.000,6.492,50.880,40.0,498,0
143.41,4/4(12/4),sustained40s,3.965,1.760,0.000,6.512,50.870,40.0,500,0
143.93,4/4(12/4),sustained40s,3.977,1.777,0.000,6.512,50.870,40.0,447,0
144.45,4/4(12/4),sustained40s,3.967,1.665,0.000,6.512,50.870,40.0,447,0
144.97,4/4(12/4),sustained40s,3.977,1.632,0.000,6.512,50.870,40.0,440,0
145.50,4/4(12/4),sustained40s,3.960,1.681,0.000,6.512,50.870,40.0,453,0
146.02,4/4(12/4),sustained40s,3.976,1.675,0.000,6.512,50.870,40.0,447,0
146.55,4/4(12/4),sustained40s,3.967,1.645,0.000,6.509,50.870,40.0,443,0
147.07,4/4(12/4),sustained40s,4.039,1.611,0.000,6.509,50.870,40.0,400,0
147.59,4/4(12/4),sustained40s,3.945,1.632,0.000,6.509,50.870,40.0,444,0
148.11,4/4(12/4),sustained40s,3.972,1.650,0.000,6.509,50.870,40.0,448,0
148.63,4/4(12/4),sustained40s,3.959,1.673,0.000,6.509,50.860,40.0,462,0
149.15,4/4(12/4),sustained40s,3.968,1.685,0.000,6.509,50.860,40.0,499,0
149.67,4/4(12/4),sustained40s,3.972,1.725,0.000,6.509,50.860,41.0,516,0
150.18,4/4(12/4),sustained40s,3.924,1.742,0.000,6.509,50.860,41.0,644,0
150.70,4/4(12/4),sustained40s,3.912,1.748,0.000,6.512,50.860,42.0,798,0
151.20,4/4(12/4),sustained40s,3.393,1.515,0.000,6.512,50.860,42.0,1456,0
151.71,4/4(12/4),sustained40s,4.645,2.182,0.000,6.512,50.860,41.0,558,0
152.22,4/4(12/4),sustained40s,3.975,1.766,0.000,6.512,50.860,41.0,500,0
152.74,4/4(12/4),sustained40s,3.979,1.706,0.000,6.511,50.850,40.0,449,0
153.26,4/4(12/4),sustained40s,3.958,1.691,0.000,6.511,50.850,40.0,495,0
153.80,4/4(12/4),sustained40s,3.971,1.743,0.000,6.511,50.850,41.0,494,0
154.32,4/4(12/4),sustained40s,3.974,1.751,0.000,6.511,50.850,41.0,448,0
154.86,4/4(12/4),sustained40s,3.967,1.712,0.000,6.509,50.850,40.0,458,0
155.37,4/4(12/4),sustained40s,3.959,1.720,0.000,6.509,50.850,40.0,489,0
155.90,4/4(12/4),sustained40s,3.975,1.760,0.000,6.509,50.850,41.0,498,0
156.41,4/4(12/4),sustained40s,3.966,1.676,0.000,6.509,50.850,41.0,479,0
156.93,4/4(12/4),sustained40s,4.058,1.567,0.000,6.510,50.840,41.0,440,0
157.44,4/4(12/4),sustained40s,3.967,1.603,0.000,6.510,50.840,41.0,448,0
157.98,4/4(12/4),sustained40s,3.969,1.632,0.000,6.510,50.840,41.0,444,0
158.50,4/4(12/4),sustained40s,3.968,1.646,0.000,6.510,50.840,41.0,449,0
159.03,4/4(12/4),sustained40s,3.966,1.652,0.000,6.508,50.840,41.0,450,0
159.55,4/4(12/4),sustained40s,3.972,1.683,0.000,6.508,50.840,41.0,446,0
160.07,4/4(12/4),sustained40s,3.963,1.706,0.000,6.508,50.840,41.0,495,0
160.58,4/4(12/4),sustained40s,3.962,1.657,0.000,6.508,50.840,41.0,495,0
161.10,4/4(12/4),sustained40s,3.960,1.717,0.000,6.508,50.840,41.0,572,0
161.61,4/4(12/4),sustained40s,3.881,1.815,0.000,6.508,50.840,41.0,885,0
162.13,4/4(12/4),sustained40s,4.068,1.868,0.000,6.510,50.830,41.0,498,0
162.64,4/4(12/4),sustained40s,3.980,1.738,0.000,6.510,50.830,41.0,445,0
163.16,4/4(12/4),sustained40s,3.974,1.732,0.000,6.510,50.830,41.0,448,0
163.68,4/4(12/4),sustained40s,3.964,1.714,0.000,6.510,50.830,41.0,448,0
164.21,4/4(12/4),sustained40s,3.965,1.792,0.000,6.509,50.830,41.0,495,0
164.73,4/4(12/4),sustained40s,3.968,1.768,0.000,6.509,50.830,41.0,496,0
165.26,4/4(12/4),sustained40s,3.967,1.802,0.000,6.509,50.830,41.0,493,0
165.78,4/4(12/4),sustained40s,3.976,1.712,0.000,6.509,50.830,41.0,448,0
166.30,4/4(12/4),sustained40s,3.973,1.648,0.000,6.508,50.820,41.0,446,0
166.81,4/4(12/4),sustained40s,3.968,1.681,0.000,6.508,50.820,41.0,443,0
167.33,4/4(12/4),sustained40s,4.031,1.628,0.000,6.508,50.820,41.0,400,0
167.85,4/4(12/4),sustained40s,3.929,1.623,0.000,6.508,50.820,41.0,440,0
168.37,4/4(12/4),sustained40s,3.971,1.635,0.000,6.508,50.820,41.0,443,0
168.89,4/4(12/4),sustained40s,3.968,1.649,0.000,6.508,50.820,41.0,448,0
169.43,4/4(12/4),sustained40s,3.970,1.648,0.000,6.508,50.820,41.0,444,0
169.94,4/4(12/4),sustained40s,3.962,1.662,0.000,6.508,50.820,41.0,449,0
170.48,4/4(12/4),sustained40s,3.963,1.721,0.000,6.508,50.810,42.0,491,0
170.99,4/4(12/4),sustained40s,3.960,1.713,0.000,6.508,50.810,42.0,567,0
171.51,4/4(12/4),sustained40s,3.971,1.740,0.000,6.508,50.810,42.0,575,0
172.02,4/4(12/4),sustained40s,3.921,1.771,0.000,6.508,50.810,42.0,803,0
172.54,4/4(12/4),sustained40s,3.748,1.824,0.000,6.510,50.810,42.0,1498,0
173.04,4/4(12/4),sustained40s,0.864,0.135,0.000,6.510,50.810,42.0,717,0
173.56,4/4(12/4),end,1.089,0.333,0.000,6.510,50.810,40.0,917,0
174.07,4/4(12/4),end,0.602,0.033,0.000,6.510,50.810,40.0,640,0
174.58,4/4(12/4),end,0.467,0.022,0.000,6.510,50.810,40.0,806,0
175.09,4/4(12/4),end,0.655,0.059,0.000,6.510,50.810,40.0,638,0
175.60,4/4(12/4),end,0.516,0.027,0.000,6.534,50.800,40.0,768,0
176.11,4/4(12/4),end,0.635,0.035,0.000,6.534,50.800,40.0,747,0
176.62,4/4(12/4),end,0.429,0.030,0.000,6.534,50.800,40.0,786,0
177.13,4/4(12/4),end,0.800,0.074,0.000,6.534,50.800,40.0,722,0
177.64,4/4(12/4),end,0.373,0.012,0.000,6.536,50.800,40.0,775,0
178.15,4/4(12/4),end,0.609,0.039,0.000,6.536,50.800,40.0,645,0
178.66,4/4(12/4),end,0.476,0.032,0.000,6.536,50.800,39.0,660,0
179.17,4/4(12/4),end,0.697,0.046,0.000,6.536,50.800,39.0,886,0
179.68,4/4(12/4),end,0.429,0.021,0.000,6.535,50.800,39.0,712,0
180.19,4/4(12/4),end,0.707,0.061,0.000,6.535,50.800,39.0,851,0
180.70,4/4(12/4),end,0.494,0.040,0.000,6.535,50.800,39.0,825,0
181.20,cool,wait,1.315,0.434,0.000,6.535,50.800,39.0,1076,0
181.72,cool,wait,0.478,0.017,0.000,6.535,50.800,39.0,924,0
182.22,cool,wait,0.614,0.035,0.000,6.535,50.800,39.0,660,0
182.74,cool,wait,0.971,0.293,0.000,6.535,50.800,39.0,799,0
183.24,cool,wait,0.511,0.036,0.000,6.535,50.800,39.0,1058,0
183.75,cool,wait,0.544,0.035,0.000,6.533,50.790,39.0,871,0
184.26,cool,wait,0.434,0.028,0.000,6.533,50.790,39.0,904,0
184.77,cool,wait,0.447,0.017,0.000,6.533,50.790,39.0,931,0
185.28,cool,wait,0.359,0.022,0.000,6.533,50.790,39.0,656,0
185.79,cool,wait,0.462,0.013,0.000,6.536,50.790,39.0,1168,0
186.29,cool,wait,0.582,0.078,0.000,6.536,50.790,39.0,1395,0
186.80,cool,wait,1.081,0.278,0.000,6.536,50.790,39.0,653,0
187.31,5/5(12/5),idle,0.999,0.324,0.000,6.536,50.790,39.0,769,0
187.82,5/5(12/5),idle,0.379,0.015,0.000,6.536,50.790,40.0,677,0
188.32,5/5(12/5),idle,0.671,0.036,0.000,6.536,50.790,40.0,706,0
188.83,5/5(12/5),idle,0.474,0.065,0.000,6.536,50.790,39.0,579,0
189.34,5/5(12/5),idle,0.686,0.038,0.000,6.536,50.790,39.0,585,0
189.85,5/5(12/5),idle,0.382,0.018,0.000,6.536,50.790,39.0,644,0
190.36,5/5(12/5),idle,0.558,0.047,0.000,6.536,50.790,39.0,762,0
190.87,5/5(12/5),idle,0.374,0.017,0.000,6.535,50.790,39.0,892,0
191.37,5/5(12/5),idle,0.414,0.027,0.000,6.535,50.790,39.0,555,0
191.88,5/5(12/5),idle,0.383,0.022,0.000,6.535,50.790,38.0,756,0
192.39,5/5(12/5),idle,0.759,0.157,0.000,6.535,50.790,38.0,1353,0
192.90,5/5(12/5),idle,0.795,0.214,0.000,6.536,50.780,39.0,703,0
193.40,5/5(12/5),idle,0.763,0.044,0.000,6.536,50.780,39.0,824,0
193.91,5/5(12/5),idle,0.409,0.029,0.000,6.536,50.780,39.0,1199,0
194.42,5/5(12/5),idle,0.382,0.017,0.000,6.536,50.780,39.0,690,0
194.93,5/5(12/5),idle,0.482,0.032,0.000,6.532,50.780,38.0,679,0
195.44,5/5(12/5),idle,0.395,0.019,0.000,6.532,50.780,38.0,960,0
195.95,5/5(12/5),idle,0.455,0.046,0.000,6.532,50.780,38.0,631,0
196.45,5/5(12/5),idle,0.399,0.020,0.000,6.532,50.780,38.0,585,0
196.96,5/5(12/5),idle,0.457,0.030,0.000,6.536,50.780,38.0,549,0
197.47,5/5(12/5),idle,0.437,0.027,0.000,6.536,50.780,38.0,1041,0
197.98,5/5(12/5),idle,0.369,0.022,0.000,6.536,50.780,38.0,754,0
198.48,5/5(12/5),idle,0.310,0.010,0.000,6.536,50.780,38.0,428,0
199.00,5/5(12/5),idle,0.368,0.026,0.000,6.536,50.780,38.0,778,0
199.50,5/5(12/5),idle,0.383,0.019,0.000,6.536,50.780,38.0,700,0
200.01,5/5(12/5),idle,0.396,0.024,0.000,6.536,50.780,38.0,814,0
200.52,5/5(12/5),idle,0.463,0.013,0.000,6.536,50.780,38.0,550,0
201.03,5/5(12/5),idle,0.506,0.045,0.000,6.536,50.780,38.0,888,0
201.54,5/5(12/5),idle,0.352,0.017,0.000,6.536,50.780,38.0,528,0
202.05,5/5(12/5),idle,1.447,0.565,0.000,6.534,50.780,40.0,585,0
202.55,5/5(12/5),pdf_render,2.461,1.281,0.000,6.534,50.780,40.0,697,0
203.06,5/5(12/5),pdf_render,1.934,0.807,0.000,6.534,50.780,40.0,733,0
203.56,5/5(12/5),pdf_render,1.838,0.803,0.000,6.534,50.780,40.0,597,0
204.07,5/5(12/5),pdf_render,1.760,0.799,0.000,6.523,50.770,40.0,757,0
204.58,5/5(12/5),pdf_render,1.903,0.835,0.000,6.523,50.770,40.0,576,0
205.09,5/5(12/5),pdf_render,1.810,0.874,0.000,6.523,50.770,40.0,781,0
205.59,5/5(12/5),pdf_render,1.755,0.835,0.000,6.523,50.770,40.0,588,0
206.10,5/5(12/5),pdf_render,1.777,0.813,0.000,6.526,50.770,40.0,635,0
206.60,5/5(12/5),pdf_render,1.784,0.828,0.000,6.526,50.770,40.0,957,0
207.11,5/5(12/5),pdf_render,1.753,0.837,0.000,6.526,50.770,40.0,704,0
207.62,5/5(12/5),pdf_render,1.981,1.057,0.000,6.526,50.770,40.0,593,0
208.12,5/5(12/5),pdf_render,1.807,0.895,0.000,6.526,50.770,41.0,597,0
208.63,5/5(12/5),pdf_render,1.727,0.811,0.000,6.526,50.770,41.0,576,0
209.13,5/5(12/5),pdf_render,1.802,0.874,0.000,6.526,50.770,40.0,749,0
209.64,5/5(12/5),pdf_render,1.701,0.787,0.000,6.526,50.770,40.0,600,0
210.15,5/5(12/5),pdf_render,1.952,1.024,0.000,6.526,50.770,40.0,751,0
210.65,5/5(12/5),pdf_render,1.754,0.838,0.000,6.526,50.770,40.0,1050,0
211.16,5/5(12/5),pdf_render,1.742,0.834,0.000,6.525,50.760,41.0,789,0
211.66,5/5(12/5),pdf_render,1.854,0.829,0.000,6.525,50.760,41.0,757,0
212.17,5/5(12/5),pdf_render,1.719,0.811,0.000,6.525,50.760,41.0,813,0
212.68,5/5(12/5),pdf_render,2.150,1.016,0.000,6.525,50.760,41.0,687,0
213.18,5/5(12/5),pdf_render,1.714,0.796,0.000,6.526,50.760,40.0,731,0
213.69,5/5(12/5),pdf_render,1.683,0.765,0.000,6.526,50.760,40.0,639,0
214.20,5/5(12/5),pdf_render,2.058,0.844,0.000,6.526,50.760,40.0,868,0
214.70,5/5(12/5),pdf_render,1.722,0.806,0.000,6.526,50.760,40.0,727,0
215.21,5/5(12/5),pdf_render,1.812,0.886,0.000,6.524,50.760,41.0,928,0
215.71,5/5(12/5),pdf_render,1.779,0.866,0.000,6.524,50.760,41.0,744,0
216.22,5/5(12/5),pdf_render,1.725,0.807,0.000,6.524,50.760,40.0,1030,0
216.72,5/5(12/5),pdf_render,1.802,0.799,0.000,6.524,50.760,40.0,712,0
217.23,5/5(12/5),pdf_render,1.348,0.481,0.000,6.525,50.750,38.0,678,0
217.73,5/5(12/5),gap,0.916,0.281,0.000,6.525,50.750,38.0,993,0
218.24,5/5(12/5),gap,0.377,0.021,0.000,6.525,50.750,38.0,1012,0
218.75,5/5(12/5),gap,0.329,0.011,0.000,6.525,50.750,38.0,813,0
219.26,5/5(12/5),gap,0.361,0.022,0.000,6.536,50.750,38.0,1110,0
219.76,5/5(12/5),gap,0.349,0.014,0.000,6.536,50.750,38.0,647,0
220.28,5/5(12/5),gap,0.462,0.043,0.000,6.536,50.750,38.0,546,0
220.78,5/5(12/5),gap,0.317,0.009,0.000,6.536,50.750,38.0,608,0
221.29,5/5(12/5),gap,1.117,0.389,0.000,6.536,50.750,39.0,1514,0
221.80,5/5(12/5),pdf_render,1.979,0.992,0.000,6.536,50.750,39.0,855,0
222.30,5/5(12/5),pdf_render,1.745,0.742,0.000,6.529,50.750,40.0,871,0
222.81,5/5(12/5),pdf_render,2.138,0.993,0.000,6.529,50.750,40.0,835,0
223.32,5/5(12/5),pdf_render,1.697,0.785,0.000,6.529,50.750,40.0,761,0
223.82,5/5(12/5),pdf_render,1.673,0.762,0.000,6.529,50.750,40.0,733,0
224.33,5/5(12/5),pdf_render,1.910,0.963,0.000,6.524,50.740,40.0,1098,0
224.83,5/5(12/5),pdf_render,1.777,0.862,0.000,6.524,50.740,40.0,728,0
225.34,5/5(12/5),pdf_render,1.817,0.892,0.000,6.524,50.740,40.0,1385,0
225.84,5/5(12/5),pdf_render,1.720,0.804,0.000,6.524,50.740,40.0,729,0
226.35,5/5(12/5),pdf_render,1.852,0.918,0.000,6.525,50.740,40.0,715,0
226.85,5/5(12/5),pdf_render,1.935,1.025,0.000,6.525,50.740,40.0,718,0
227.36,5/5(12/5),pdf_render,1.835,0.920,0.000,6.525,50.740,40.0,654,0
227.87,5/5(12/5),pdf_render,1.928,0.912,0.000,6.525,50.740,40.0,731,0
228.37,5/5(12/5),pdf_render,1.778,0.844,0.000,6.524,50.740,40.0,1039,0
228.88,5/5(12/5),pdf_render,1.725,0.803,0.000,6.524,50.740,40.0,733,0
229.38,5/5(12/5),pdf_render,1.881,0.954,0.000,6.524,50.740,41.0,600,0
229.89,5/5(12/5),pdf_render,1.777,0.867,0.000,6.524,50.740,41.0,606,0
230.40,5/5(12/5),pdf_render,1.877,0.945,0.000,6.524,50.740,40.0,594,0
230.90,5/5(12/5),pdf_render,1.810,0.890,0.000,6.524,50.740,40.0,666,0
231.41,5/5(12/5),pdf_render,1.742,0.810,0.000,6.522,50.730,40.0,1339,0
231.91,5/5(12/5),pdf_render,1.735,0.829,0.000,6.522,50.730,40.0,896,0
232.42,5/5(12/5),pdf_render,2.128,0.994,0.000,6.522,50.730,40.0,1504,0
232.92,5/5(12/5),pdf_render,1.772,0.759,0.000,6.522,50.730,40.0,901,0
233.43,5/5(12/5),pdf_render,1.767,0.803,0.000,6.512,50.730,40.0,751,0
233.93,5/5(12/5),pdf_render,1.675,0.766,0.000,6.512,50.730,40.0,928,0
234.44,5/5(12/5),pdf_render,1.833,0.902,0.000,6.512,50.730,40.0,898,0
234.94,5/5(12/5),pdf_render,1.685,0.785,0.000,6.512,50.730,40.0,1023,0
235.45,5/5(12/5),pdf_render,1.950,1.005,0.000,6.523,50.730,40.0,887,0
235.95,5/5(12/5),pdf_render,1.735,0.823,0.000,6.523,50.730,40.0,792,0
236.46,5/5(12/5),pdf_render,1.329,0.578,0.000,6.523,50.730,38.0,676,0
236.97,5/5(12/5),gap,0.952,0.340,0.000,6.523,50.730,38.0,725,0
237.48,5/5(12/5),gap,0.352,0.026,0.000,6.535,50.720,38.0,650,0
237.98,5/5(12/5),gap,0.317,0.010,0.000,6.535,50.720,38.0,1077,0
238.49,5/5(12/5),gap,0.419,0.029,0.000,6.535,50.720,38.0,1194,0
239.00,5/5(12/5),gap,0.480,0.011,0.000,6.535,50.720,38.0,942,0
239.50,5/5(12/5),gap,0.354,0.014,0.000,6.534,50.720,38.0,885,0
240.01,5/5(12/5),gap,0.318,0.011,0.000,6.534,50.720,38.0,1164,0
240.52,5/5(12/5),gap,1.150,0.377,0.000,6.534,50.720,38.0,1604,0
241.02,5/5(12/5),office,2.367,1.162,0.000,6.534,50.720,38.0,1218,0
241.53,5/5(12/5),office,1.996,0.835,0.000,6.534,50.720,39.0,828,0
242.04,5/5(12/5),office,2.423,1.155,0.000,6.534,50.720,39.0,1064,0
242.55,5/5(12/5),office,2.760,1.453,0.000,6.524,50.720,39.0,843,0
243.06,5/5(12/5),office,1.450,0.498,0.000,6.524,50.720,39.0,800,0
243.57,5/5(12/5),gap,0.993,0.351,0.000,6.524,50.720,38.0,1106,0
244.07,5/5(12/5),gap,0.363,0.016,0.000,6.524,50.720,38.0,577,0
244.58,5/5(12/5),gap,0.478,0.016,0.000,6.533,50.720,38.0,579,0
245.09,5/5(12/5),gap,0.424,0.019,0.000,6.533,50.720,38.0,532,0
245.60,5/5(12/5),gap,0.390,0.012,0.000,6.533,50.720,38.0,671,0
246.10,5/5(12/5),gap,0.406,0.024,0.000,6.533,50.720,38.0,604,0
246.61,5/5(12/5),gap,1.074,0.266,0.000,6.535,50.710,38.0,1347,0
247.12,5/5(12/5),gap,1.645,0.647,0.000,6.535,50.710,38.0,978,0
247.62,5/5(12/5),office,2.234,0.901,0.000,6.535,50.710,38.0,1216,0
248.13,5/5(12/5),office,2.142,0.910,0.001,6.535,50.710,38.0,964,0
248.64,5/5(12/5),office,2.514,1.117,0.000,6.522,50.710,40.0,804,0
249.14,5/5(12/5),office,2.179,1.076,0.000,6.522,50.710,40.0,807,0
249.65,5/5(12/5),office,1.122,0.254,0.000,6.522,50.710,38.0,755,0
250.16,5/5(12/5),gap,1.170,0.414,0.000,6.522,50.710,38.0,1200,0
250.67,5/5(12/5),gap,0.376,0.018,0.000,6.532,50.710,38.0,745,0
251.17,5/5(12/5),gap,0.369,0.021,0.000,6.532,50.710,38.0,671,0
251.68,5/5(12/5),gap,0.392,0.016,0.000,6.532,50.710,38.0,652,0
252.19,5/5(12/5),gap,0.329,0.013,0.000,6.532,50.710,38.0,651,0
252.70,5/5(12/5),gap,1.004,0.337,0.000,6.532,50.710,38.0,762,0
253.20,5/5(12/5),gap,0.344,0.014,0.000,6.532,50.710,38.0,732,0
253.72,5/5(12/5),gap,2.038,1.040,0.000,6.530,50.710,40.0,679,0
254.22,5/5(12/5),python,2.804,1.426,0.000,6.530,50.710,40.0,904,0
254.73,5/5(12/5),python,2.881,1.559,0.000,6.530,50.710,41.0,703,0
255.23,5/5(12/5),python,2.036,0.686,0.000,6.530,50.710,41.0,485,0
255.74,5/5(12/5),python,2.258,0.650,0.000,6.519,50.700,39.0,619,0
256.25,5/5(12/5),python,1.323,0.216,0.000,6.519,50.700,39.0,1531,0
256.76,5/5(12/5),gap,1.163,0.393,0.000,6.519,50.700,38.0,565,0
257.27,5/5(12/5),gap,0.381,0.018,0.000,6.519,50.700,38.0,671,0
257.78,5/5(12/5),gap,0.370,0.015,0.000,6.532,50.700,38.0,693,0
258.28,5/5(12/5),gap,0.378,0.017,0.000,6.532,50.700,38.0,651,0
258.79,5/5(12/5),gap,0.394,0.017,0.000,6.532,50.700,38.0,673,0
259.30,5/5(12/5),gap,0.308,0.011,0.000,6.532,50.700,38.0,804,0
259.81,5/5(12/5),gap,0.937,0.028,0.000,6.535,50.700,38.0,664,0
260.31,5/5(12/5),gap,1.958,0.612,0.000,6.535,50.700,38.0,697,0
260.82,5/5(12/5),python,3.654,1.443,0.000,6.535,50.700,40.0,650,0
261.33,5/5(12/5),python,2.993,1.276,0.000,6.535,50.700,40.0,719,0
261.84,5/5(12/5),python,2.518,1.118,0.000,6.516,50.690,39.0,538,0
262.34,5/5(12/5),python,1.846,0.533,0.000,6.516,50.690,39.0,1126,0
262.85,5/5(12/5),python,2.714,0.775,0.000,6.516,50.690,38.0,611,0
263.35,5/5(12/5),gap,1.105,0.295,0.000,6.516,50.690,38.0,766,0
263.86,5/5(12/5),gap,0.560,0.103,0.000,6.516,50.690,38.0,562,0
264.37,5/5(12/5),gap,0.388,0.022,0.000,6.516,50.690,38.0,630,0
264.88,5/5(12/5),gap,0.315,0.010,0.000,6.532,50.690,37.0,647,0
265.39,5/5(12/5),gap,0.398,0.023,0.000,6.532,50.690,37.0,648,0
265.90,5/5(12/5),gap,0.467,0.014,0.000,6.532,50.690,38.0,675,0
266.40,5/5(12/5),gap,0.695,0.095,0.000,6.532,50.690,38.0,635,0
266.91,5/5(12/5),gap,0.794,0.201,0.000,6.532,50.690,38.0,1502,0
267.42,5/5(12/5),compress,6.975,3.230,0.000,6.532,50.690,38.0,698,0
267.92,5/5(12/5),compress,4.979,2.446,0.000,6.532,50.690,39.0,696,0
268.44,5/5(12/5),compress,4.961,2.457,0.000,6.532,50.690,39.0,700,0
268.97,5/5(12/5),compress,4.965,2.400,0.000,6.501,50.680,39.0,690,0
269.48,5/5(12/5),compress,4.977,2.413,0.000,6.501,50.680,39.0,692,0
270.00,5/5(12/5),compress,4.974,2.381,0.000,6.501,50.680,40.0,696,0
270.51,5/5(12/5),compress,4.964,2.381,0.000,6.501,50.680,40.0,698,0
271.02,5/5(12/5),compress,4.968,2.387,0.000,6.501,50.680,40.0,690,0
271.53,5/5(12/5),compress,4.948,2.409,0.000,6.501,50.680,40.0,832,0
272.05,5/5(12/5),compress,5.002,2.378,0.000,6.501,50.680,40.0,691,0
272.56,5/5(12/5),compress,4.960,2.275,0.000,6.501,50.680,40.0,697,0
273.08,5/5(12/5),compress,4.953,2.418,0.000,6.499,50.670,40.0,710,0
273.59,5/5(12/5),compress,4.972,2.425,0.000,6.499,50.670,40.0,841,0
274.10,5/5(12/5),compress,4.909,2.465,0.000,6.499,50.670,41.0,1086,0
274.61,5/5(12/5),compress,4.272,1.874,0.000,6.499,50.670,41.0,1407,0
275.12,5/5(12/5),gap,0.853,0.087,0.000,6.521,50.660,39.0,979,0
275.62,5/5(12/5),gap,0.895,0.288,0.000,6.521,50.660,39.0,1139,0
276.14,5/5(12/5),gap,0.361,0.015,0.000,6.521,50.660,38.0,1084,0
276.65,5/5(12/5),gap,0.396,0.023,0.000,6.521,50.660,38.0,857,0
277.16,5/5(12/5),gap,0.522,0.038,0.000,6.521,50.660,38.0,787,0
277.67,5/5(12/5),gap,0.552,0.026,0.000,6.521,50.660,38.0,713,0
278.18,5/5(12/5),gap,0.390,0.018,0.000,6.527,50.660,38.0,643,0
278.69,5/5(12/5),gap,0.772,0.124,0.000,6.527,50.660,38.0,1014,0
279.20,5/5(12/5),compress,6.868,3.327,0.000,6.527,50.660,40.0,690,0
279.71,5/5(12/5),compress,4.970,2.417,0.000,6.527,50.660,40.0,692,0
280.23,5/5(12/5),compress,4.966,2.433,0.000,6.498,50.660,40.0,700,0
280.75,5/5(12/5),compress,4.953,2.332,0.000,6.498,50.660,40.0,684,0
281.27,5/5(12/5),compress,4.988,2.380,0.000,6.498,50.660,40.0,689,0
281.78,5/5(12/5),compress,4.959,2.330,0.000,6.498,50.660,40.0,682,0
282.30,5/5(12/5),compress,4.977,2.340,0.000,6.498,50.650,40.0,677,0
282.81,5/5(12/5),compress,4.963,2.400,0.000,6.498,50.650,40.0,692,0
283.34,5/5(12/5),compress,4.968,2.337,0.000,6.498,50.650,40.0,690,0
283.85,5/5(12/5),compress,4.967,2.244,0.000,6.498,50.650,40.0,683,0
284.37,5/5(12/5),compress,4.979,2.326,0.000,6.495,50.650,40.0,692,0
284.88,5/5(12/5),compress,4.954,2.400,0.000,6.495,50.650,40.0,711,0
285.40,5/5(12/5),compress,4.963,2.457,0.000,6.495,50.650,41.0,752,0
285.91,5/5(12/5),compress,4.912,2.425,0.000,6.495,50.650,41.0,930,0
286.42,5/5(12/5),compress,3.693,1.629,0.000,6.497,50.640,39.0,714,0
286.93,5/5(12/5),gap,0.582,0.111,0.000,6.497,50.640,39.0,984,0
287.44,5/5(12/5),gap,0.822,0.198,0.000,6.497,50.640,39.0,679,0
287.94,5/5(12/5),gap,0.353,0.009,0.000,6.497,50.640,39.0,770,0
288.46,5/5(12/5),gap,0.390,0.021,0.000,6.529,50.640,39.0,693,0
288.96,5/5(12/5),gap,0.322,0.012,0.000,6.529,50.640,39.0,1019,0
289.48,5/5(12/5),gap,0.762,0.073,0.000,6.529,50.640,38.0,669,0
289.98,5/5(12/5),gap,0.331,0.009,0.000,6.529,50.640,38.0,897,0
290.50,5/5(12/5),gap,1.611,0.457,0.000,6.529,50.640,40.0,1650,0
291.00,5/5(12/5),sustained40s,6.819,3.307,0.000,6.529,50.640,40.0,659,0
291.51,5/5(12/5),sustained40s,4.969,2.292,0.000,6.522,50.640,40.0,700,0
292.03,5/5(12/5),sustained40s,4.952,2.454,0.000,6.522,50.640,40.0,696,0
292.56,5/5(12/5),sustained40s,4.958,2.523,0.000,6.522,50.640,41.0,698,0
293.07,5/5(12/5),sustained40s,4.986,2.420,0.000,6.522,50.640,41.0,691,0
293.60,5/5(12/5),sustained40s,4.969,2.351,0.000,6.497,50.630,41.0,690,0
294.11,5/5(12/5),sustained40s,4.955,2.384,0.000,6.497,50.630,41.0,712,0
294.62,5/5(12/5),sustained40s,4.992,2.293,0.000,6.497,50.630,41.0,697,0
295.13,5/5(12/5),sustained40s,4.957,2.286,0.000,6.497,50.630,41.0,691,0
295.65,5/5(12/5),sustained40s,4.961,2.299,0.000,6.496,50.620,41.0,709,0
296.16,5/5(12/5),sustained40s,4.966,2.390,0.000,6.496,50.620,41.0,739,0
296.68,5/5(12/5),sustained40s,4.972,2.419,0.000,6.496,50.620,41.0,717,0
297.18,5/5(12/5),sustained40s,4.962,2.385,0.000,6.496,50.620,41.0,700,0
297.70,5/5(12/5),sustained40s,4.916,2.455,0.000,6.496,50.620,42.0,943,0
298.20,5/5(12/5),sustained40s,4.029,1.821,0.000,6.496,50.620,42.0,1140,0
298.71,5/5(12/5),sustained40s,5.993,3.006,0.000,6.496,50.620,41.0,655,0
299.22,5/5(12/5),sustained40s,4.967,2.373,0.000,6.496,50.620,41.0,684,0
299.74,5/5(12/5),sustained40s,4.964,2.452,0.000,6.495,50.610,41.0,694,0
300.25,5/5(12/5),sustained40s,4.971,2.459,0.000,6.495,50.610,41.0,692,0
300.78,5/5(12/5),sustained40s,4.959,2.413,0.000,6.495,50.610,42.0,692,0
301.29,5/5(12/5),sustained40s,4.980,2.461,0.000,6.495,50.610,42.0,693,0
301.80,5/5(12/5),sustained40s,4.967,2.300,0.000,6.495,50.610,41.0,658,0
302.31,5/5(12/5),sustained40s,4.973,2.302,0.000,6.495,50.610,41.0,698,0
302.84,5/5(12/5),sustained40s,4.969,2.287,0.000,6.495,50.610,41.0,696,0
303.35,5/5(12/5),sustained40s,4.972,2.328,0.000,6.495,50.610,41.0,689,0
303.87,5/5(12/5),sustained40s,4.964,2.344,0.000,6.495,50.610,42.0,694,0
304.38,5/5(12/5),sustained40s,5.000,2.288,0.000,6.495,50.610,42.0,442,0
304.89,5/5(12/5),sustained40s,4.932,2.245,0.000,6.495,50.600,42.0,692,0
305.41,5/5(12/5),sustained40s,4.960,2.306,0.000,6.495,50.600,42.0,795,0
305.92,5/5(12/5),sustained40s,4.081,1.877,0.000,6.495,50.600,41.0,1733,0
306.43,5/5(12/5),sustained40s,5.861,2.892,0.000,6.495,50.600,41.0,696,0
306.94,5/5(12/5),sustained40s,4.973,2.406,0.000,6.489,50.600,42.0,693,0
307.45,5/5(12/5),sustained40s,4.963,2.443,0.000,6.489,50.600,42.0,696,0
307.98,5/5(12/5),sustained40s,4.962,2.452,0.000,6.489,50.600,42.0,739,0
308.49,5/5(12/5),sustained40s,4.985,2.327,0.000,6.489,50.600,42.0,699,0
309.00,5/5(12/5),sustained40s,4.965,2.343,0.000,6.492,50.590,42.0,695,0
309.51,5/5(12/5),sustained40s,4.970,2.317,0.000,6.492,50.590,42.0,690,0
310.03,5/5(12/5),sustained40s,4.968,2.360,0.000,6.492,50.590,42.0,699,0
310.54,5/5(12/5),sustained40s,4.969,2.327,0.000,6.492,50.590,42.0,686,0
311.07,5/5(12/5),sustained40s,4.968,2.385,0.000,6.494,50.590,42.0,698,0
311.58,5/5(12/5),sustained40s,4.971,2.369,0.000,6.494,50.590,42.0,703,0
312.09,5/5(12/5),sustained40s,4.953,2.413,0.000,6.494,50.590,42.0,803,0
312.60,5/5(12/5),sustained40s,4.967,2.455,0.000,6.494,50.590,42.0,768,0
313.11,5/5(12/5),sustained40s,4.911,2.455,0.000,6.493,50.580,43.0,900,0
313.62,5/5(12/5),sustained40s,4.207,1.870,0.000,6.493,50.580,43.0,1325,0
314.13,5/5(12/5),sustained40s,5.857,2.759,0.000,6.493,50.580,42.0,578,0
314.63,5/5(12/5),sustained40s,4.954,1.869,0.000,6.493,50.580,42.0,493,0
315.19,5/5(12/5),sustained40s,4.936,2.284,0.000,6.493,50.580,42.0,700,0
315.70,5/5(12/5),sustained40s,4.998,2.228,0.000,6.493,50.580,42.0,490,0
316.28,5/5(12/5),sustained40s,4.975,1.945,0.000,6.484,50.580,42.0,492,0
316.80,5/5(12/5),sustained40s,4.960,1.931,0.000,6.484,50.580,42.0,542,0
317.31,5/5(12/5),sustained40s,4.943,1.999,0.000,6.484,50.580,42.0,688,0
317.82,5/5(12/5),sustained40s,4.999,2.209,0.000,6.484,50.580,42.0,594,0
318.34,5/5(12/5),sustained40s,4.977,2.198,0.000,6.484,50.570,42.0,443,0
318.86,5/5(12/5),sustained40s,4.937,2.009,0.000,6.484,50.570,42.0,594,0
319.37,5/5(12/5),sustained40s,4.997,2.203,0.000,6.484,50.570,42.0,541,0
319.89,5/5(12/5),sustained40s,4.947,2.195,0.000,6.484,50.570,42.0,588,0
320.42,5/5(12/5),sustained40s,4.953,2.247,0.000,6.487,50.560,43.0,693,0
320.94,5/5(12/5),sustained40s,4.980,2.315,0.000,6.487,50.560,43.0,591,0
321.45,5/5(12/5),sustained40s,4.964,2.334,0.000,6.487,50.560,43.0,691,0
321.96,5/5(12/5),sustained40s,4.750,2.365,0.000,6.487,50.560,43.0,994,0
322.48,5/5(12/5),sustained40s,4.109,1.816,0.000,6.492,50.560,43.0,1591,0
322.98,5/5(12/5),sustained40s,6.045,2.909,0.000,6.492,50.560,43.0,698,0
323.49,5/5(12/5),sustained40s,4.964,2.369,0.000,6.492,50.560,43.0,692,0
324.01,5/5(12/5),sustained40s,4.976,2.279,0.000,6.492,50.560,43.0,689,0
324.53,5/5(12/5),sustained40s,4.959,2.446,0.000,6.489,50.550,43.0,711,0
325.04,5/5(12/5),sustained40s,4.983,2.434,0.000,6.489,50.550,43.0,687,0
325.55,5/5(12/5),sustained40s,4.959,2.414,0.000,6.489,50.550,43.0,680,0
326.06,5/5(12/5),sustained40s,4.974,2.384,0.000,6.489,50.550,43.0,683,0
326.58,5/5(12/5),sustained40s,4.966,2.318,0.000,6.491,50.540,43.0,696,0
327.09,5/5(12/5),sustained40s,4.970,2.339,0.000,6.491,50.540,43.0,693,0
327.61,5/5(12/5),sustained40s,4.969,2.344,0.000,6.491,50.540,43.0,697,0
328.13,5/5(12/5),sustained40s,4.969,2.353,0.000,6.491,50.540,43.0,690,0
328.64,5/5(12/5),sustained40s,4.958,2.393,0.000,6.491,50.540,43.0,739,0
329.15,5/5(12/5),sustained40s,4.992,2.375,0.000,6.491,50.540,43.0,585,0
329.66,5/5(12/5),sustained40s,4.927,2.402,0.000,6.491,50.540,43.0,743,0
330.17,5/5(12/5),sustained40s,3.814,1.671,0.000,6.491,50.540,43.0,898,0
330.68,5/5(12/5),sustained40s,1.696,0.534,0.000,6.491,50.540,41.0,731,0
331.19,5/5(12/5),end,1.120,0.293,0.000,6.491,50.540,41.0,688,0
331.70,5/5(12/5),end,0.638,0.017,0.000,6.515,50.530,41.0,669,0
332.21,5/5(12/5),end,0.480,0.038,0.000,6.515,50.530,41.0,739,0
332.72,5/5(12/5),end,0.992,0.317,0.000,6.515,50.530,41.0,700,0
333.23,5/5(12/5),end,0.421,0.030,0.000,6.515,50.530,41.0,914,0
333.74,5/5(12/5),end,0.369,0.018,0.000,6.520,50.530,41.0,1027,0
334.25,5/5(12/5),end,0.501,0.038,0.000,6.520,50.530,41.0,874,0
334.76,5/5(12/5),end,0.436,0.022,0.000,6.520,50.530,41.0,706,0
335.27,5/5(12/5),end,1.012,0.097,0.000,6.520,50.530,41.0,659,0
335.78,5/5(12/5),end,0.361,0.019,0.000,6.522,50.530,41.0,1007,0
336.29,5/5(12/5),end,0.622,0.070,0.000,6.522,50.530,41.0,827,0
336.80,5/5(12/5),end,0.407,0.023,0.000,6.522,50.530,41.0,700,0
337.31,5/5(12/5),end,0.747,0.084,0.000,6.522,50.530,41.0,643,0
337.82,5/5(12/5),end,0.387,0.014,0.000,6.520,50.530,40.0,723,0
338.33,5/5(12/5),end,0.556,0.074,0.000,6.520,50.530,40.0,640,0
338.84,5/5(12/5),end,0.827,0.173,0.000,6.520,50.530,40.0,928,0
339.35,cool,wait,0.814,0.169,0.000,6.520,50.530,40.0,831,0
339.86,cool,wait,0.486,0.035,0.000,6.525,50.520,40.0,666,0
340.37,cool,wait,0.764,0.068,0.000,6.525,50.520,40.0,638,0
340.88,cool,wait,0.475,0.016,0.000,6.525,50.520,40.0,1089,0
341.39,cool,wait,0.471,0.038,0.000,6.525,50.520,40.0,758,0
341.90,cool,wait,0.344,0.022,0.000,6.525,50.520,40.0,940,0
342.40,cool,wait,0.975,0.219,0.000,6.525,50.520,40.0,1365,0
342.91,cool,wait,0.772,0.184,0.000,6.526,50.520,40.0,885,0
343.42,cool,wait,0.700,0.075,0.000,6.526,50.520,40.0,886,0
343.93,cool,wait,0.320,0.009,0.000,6.526,50.520,40.0,862,0
344.44,cool,wait,0.722,0.134,0.000,6.526,50.520,40.0,1195,0
344.95,6/6(12/6),idle,0.388,0.029,0.000,6.527,50.520,40.0,1127,0
345.45,6/6(12/6),idle,0.976,0.324,0.000,6.527,50.520,40.0,705,0
345.96,6/6(12/6),idle,0.433,0.030,0.000,6.527,50.520,40.0,660,0
346.47,6/6(12/6),idle,0.658,0.041,0.000,6.527,50.520,40.0,632,0
346.97,6/6(12/6),idle,0.389,0.015,0.000,6.525,50.520,40.0,563,0
347.48,6/6(12/6),idle,0.433,0.033,0.000,6.525,50.520,40.0,812,0
347.99,6/6(12/6),idle,0.340,0.012,0.000,6.525,50.520,40.0,635,0
348.50,6/6(12/6),idle,0.716,0.032,0.000,6.525,50.520,40.0,926,0
349.01,6/6(12/6),idle,0.438,0.030,0.000,6.523,50.510,39.0,554,0
349.51,6/6(12/6),idle,0.462,0.031,0.000,6.523,50.510,39.0,1041,0
350.02,6/6(12/6),idle,0.698,0.018,0.000,6.523,50.510,39.0,849,0
350.53,6/6(12/6),idle,0.558,0.063,0.000,6.523,50.510,39.0,904,0
351.04,6/6(12/6),idle,0.305,0.008,0.000,6.526,50.510,39.0,1072,0
351.54,6/6(12/6),idle,0.464,0.049,0.000,6.526,50.510,39.0,1217,0
352.05,6/6(12/6),idle,0.452,0.015,0.000,6.526,50.510,39.0,661,0
352.56,6/6(12/6),idle,1.138,0.355,0.000,6.526,50.510,39.0,733,0
353.07,6/6(12/6),idle,0.358,0.016,0.000,6.526,50.510,39.0,568,0
353.58,6/6(12/6),idle,0.525,0.034,0.000,6.526,50.510,39.0,660,0
354.09,6/6(12/6),idle,0.394,0.022,0.000,6.524,50.510,39.0,1147,0
354.59,6/6(12/6),idle,0.918,0.047,0.000,6.524,50.510,39.0,656,0
355.10,6/6(12/6),idle,0.442,0.034,0.000,6.524,50.510,39.0,918,0
355.61,6/6(12/6),idle,0.577,0.025,0.000,6.524,50.510,39.0,592,0
356.12,6/6(12/6),idle,0.340,0.016,0.000,6.524,50.510,39.0,634,0
356.62,6/6(12/6),idle,0.328,0.009,0.000,6.524,50.510,39.0,643,0
357.13,6/6(12/6),idle,0.392,0.022,0.000,6.524,50.510,39.0,744,0
357.64,6/6(12/6),idle,0.482,0.014,0.000,6.524,50.510,39.0,837,0
358.15,6/6(12/6),idle,0.329,0.019,0.000,6.526,50.500,39.0,683,0
358.66,6/6(12/6),idle,0.454,0.024,0.000,6.526,50.500,39.0,800,0
359.16,6/6(12/6),idle,0.320,0.019,0.000,6.526,50.500,39.0,799,0
359.67,6/6(12/6),idle,1.019,0.322,0.000,6.526,50.500,39.0,666,0
360.18,6/6(12/6),pdf_render,2.073,1.013,0.000,6.521,50.500,40.0,676,0
360.68,6/6(12/6),pdf_render,1.606,0.699,0.000,6.521,50.500,40.0,593,0
361.19,6/6(12/6),pdf_render,1.705,0.792,0.000,6.521,50.500,41.0,760,0
361.69,6/6(12/6),pdf_render,1.785,0.782,0.000,6.521,50.500,41.0,862,0
362.20,6/6(12/6),pdf_render,1.711,0.789,0.000,6.516,50.500,41.0,725,0
362.71,6/6(12/6),pdf_render,2.096,0.976,0.000,6.516,50.500,41.0,703,0
363.21,6/6(12/6),pdf_render,1.851,0.788,0.000,6.516,50.500,41.0,981,0
363.72,6/6(12/6),pdf_render,1.742,0.828,0.000,6.516,50.500,41.0,598,0
364.23,6/6(12/6),pdf_render,1.726,0.818,0.000,6.516,50.500,41.0,793,0
364.73,6/6(12/6),pdf_render,1.756,0.856,0.000,6.516,50.500,41.0,738,0
365.24,6/6(12/6),pdf_render,1.998,1.085,0.000,6.516,50.500,41.0,776,0
365.74,6/6(12/6),pdf_render,1.846,0.855,0.000,6.516,50.500,41.0,690,0
366.25,6/6(12/6),pdf_render,1.822,0.891,0.000,6.516,50.500,41.0,853,0
366.75,6/6(12/6),pdf_render,1.722,0.822,0.000,6.516,50.500,41.0,700,0
367.26,6/6(12/6),pdf_render,2.025,0.972,0.001,6.516,50.490,41.0,1134,0
367.76,6/6(12/6),pdf_render,1.823,0.903,0.000,6.516,50.490,41.0,751,0
368.27,6/6(12/6),pdf_render,1.723,0.819,0.000,6.516,50.490,42.0,745,0
368.78,6/6(12/6),pdf_render,1.766,0.777,0.000,6.516,50.490,42.0,710,0
369.28,6/6(12/6),pdf_render,1.688,0.788,0.000,6.517,50.490,41.0,726,0
369.79,6/6(12/6),pdf_render,1.798,0.886,0.000,6.517,50.490,41.0,682,0
370.29,6/6(12/6),pdf_render,1.645,0.752,0.000,6.517,50.490,41.0,712,0
370.80,6/6(12/6),pdf_render,1.779,0.777,0.000,6.517,50.490,41.0,734,0
371.30,6/6(12/6),pdf_render,1.680,0.772,0.000,6.517,50.490,41.0,734,0
371.81,6/6(12/6),pdf_render,1.718,0.802,0.000,6.517,50.490,41.0,692,0
372.31,6/6(12/6),pdf_render,1.679,0.781,0.000,6.517,50.490,41.0,717,0
372.82,6/6(12/6),pdf_render,2.166,1.031,0.000,6.517,50.490,41.0,576,0
373.33,6/6(12/6),pdf_render,1.685,0.777,0.000,6.514,50.480,41.0,717,0
373.83,6/6(12/6),pdf_render,1.715,0.819,0.000,6.514,50.480,41.0,723,0
374.34,6/6(12/6),pdf_render,1.783,0.789,0.000,6.514,50.480,40.0,813,0
374.84,6/6(12/6),pdf_render,1.653,0.753,0.000,6.514,50.480,40.0,1527,0
375.35,6/6(12/6),pdf_render,0.469,0.046,0.000,6.514,50.480,39.0,828,0
375.85,6/6(12/6),gap,0.971,0.331,0.000,6.514,50.480,39.0,584,0
376.36,6/6(12/6),gap,0.417,0.026,0.000,6.527,50.480,39.0,857,0
376.87,6/6(12/6),gap,0.316,0.013,0.000,6.527,50.480,39.0,589,0
377.38,6/6(12/6),gap,0.291,0.010,0.000,6.527,50.480,39.0,656,0
377.88,6/6(12/6),gap,0.333,0.012,0.000,6.527,50.480,39.0,653,0
378.39,6/6(12/6),gap,0.368,0.012,0.000,6.528,50.480,38.0,558,0
378.90,6/6(12/6),gap,0.440,0.056,0.000,6.528,50.480,38.0,1386,0
379.41,6/6(12/6),pdf_render,1.966,0.964,0.000,6.528,50.480,40.0,1407,0
379.91,6/6(12/6),pdf_render,1.952,0.831,0.000,6.528,50.480,40.0,742,0
380.42,6/6(12/6),pdf_render,1.646,0.750,0.000,6.513,50.470,40.0,737,0
380.93,6/6(12/6),pdf_render,1.631,0.737,0.000,6.513,50.470,40.0,695,0
381.43,6/6(12/6),pdf_render,1.693,0.779,0.000,6.513,50.470,41.0,583,0
381.94,6/6(12/6),pdf_render,1.675,0.770,0.000,6.513,50.470,41.0,719,0
382.45,6/6(12/6),pdf_render,2.095,0.985,0.000,6.517,50.470,40.0,1440,0
382.95,6/6(12/6),pdf_render,1.843,0.885,0.000,6.517,50.470,40.0,736,0
383.46,6/6(12/6),pdf_render,1.780,0.864,0.000,6.517,50.470,41.0,912,0
383.96,6/6(12/6),pdf_render,1.668,0.776,0.000,6.517,50.470,41.0,778,0
384.47,6/6(12/6),pdf_render,1.791,0.870,0.000,6.516,50.470,42.0,648,0
384.97,6/6(12/6),pdf_render,1.848,0.943,0.000,6.516,50.470,42.0,741,0
385.48,6/6(12/6),pdf_render,1.852,0.843,0.000,6.516,50.470,41.0,736,0
385.98,6/6(12/6),pdf_render,1.679,0.789,0.000,6.516,50.470,41.0,582,0
386.49,6/6(12/6),pdf_render,1.733,0.822,0.000,6.516,50.470,40.0,758,0
387.00,6/6(12/6),pdf_render,1.682,0.796,0.000,6.516,50.470,40.0,586,0
387.50,6/6(12/6),pdf_render,1.767,0.863,0.000,6.516,50.470,40.0,769,0
388.01,6/6(12/6),pdf_render,1.637,0.746,0.000,6.516,50.470,40.0,725,0
388.51,6/6(12/6),pdf_render,1.739,0.835,0.000,6.516,50.470,40.0,723,0
389.02,6/6(12/6),pdf_render,1.686,0.801,0.000,6.516,50.470,40.0,725,0
389.53,6/6(12/6),pdf_render,1.710,0.804,0.000,6.517,50.460,40.0,729,0
390.03,6/6(12/6),pdf_render,1.648,0.755,0.000,6.517,50.460,40.0,635,0
390.54,6/6(12/6),pdf_render,1.680,0.777,0.000,6.517,50.460,40.0,883,0
391.04,6/6(12/6),pdf_render,1.745,0.763,0.000,6.517,50.460,40.0,723,0
391.55,6/6(12/6),pdf_render,1.748,0.831,0.000,6.516,50.460,40.0,626,0
392.06,6/6(12/6),pdf_render,1.738,0.845,0.000,6.516,50.460,40.0,738,0
392.56,6/6(12/6),pdf_render,2.045,1.017,0.000,6.516,50.460,40.0,711,0
393.07,6/6(12/6),pdf_render,1.552,0.641,0.000,6.516,50.460,40.0,718,0
393.58,6/6(12/6),pdf_render,1.745,0.839,0.000,6.517,50.450,40.0,782,0
394.08,6/6(12/6),pdf_render,1.668,0.776,0.000,6.517,50.450,40.0,661,0
394.59,6/6(12/6),pdf_render,1.160,0.444,0.000,6.517,50.450,38.0,742,0
395.09,6/6(12/6),gap,1.047,0.308,0.000,6.517,50.450,38.0,633,0
395.60,6/6(12/6),gap,0.950,0.171,0.000,6.523,50.450,40.0,1317,0
396.11,6/6(12/6),gap,0.584,0.046,0.000,6.523,50.450,40.0,1030,0
396.62,6/6(12/6),gap,0.429,0.011,0.000,6.523,50.450,38.0,1191,0
397.12,6/6(12/6),gap,0.371,0.027,0.000,6.523,50.450,38.0,715,0
397.63,6/6(12/6),gap,0.318,0.010,0.000,6.523,50.450,38.0,973,0
398.14,6/6(12/6),gap,0.414,0.031,0.000,6.523,50.450,38.0,777,0
398.65,6/6(12/6),gap,1.322,0.502,0.000,6.525,50.450,40.0,1417,0
399.15,6/6(12/6),office,2.408,1.124,0.000,6.525,50.450,40.0,923,0
399.66,6/6(12/6),office,2.039,0.892,0.000,6.525,50.450,39.0,853,0
400.17,6/6(12/6),office,2.300,1.114,0.000,6.525,50.450,39.0,642,0
400.68,6/6(12/6),office,2.317,1.211,0.000,6.508,50.450,39.0,867,0
401.18,6/6(12/6),office,1.398,0.498,0.000,6.508,50.450,39.0,950,0
401.69,6/6(12/6),gap,0.744,0.241,0.000,6.508,50.450,38.0,773,0
402.20,6/6(12/6),gap,0.896,0.034,0.000,6.508,50.450,38.0,598,0
402.71,6/6(12/6),gap,1.057,0.338,0.000,6.522,50.440,38.0,647,0
403.21,6/6(12/6),gap,0.377,0.028,0.000,6.522,50.440,38.0,773,0
403.72,6/6(12/6),gap,0.375,0.013,0.000,6.522,50.440,38.0,836,0
404.23,6/6(12/6),gap,0.490,0.032,0.000,6.522,50.440,38.0,700,0
404.74,6/6(12/6),gap,0.357,0.019,0.000,6.525,50.440,38.0,946,0
405.24,6/6(12/6),gap,2.048,0.916,0.000,6.525,50.440,38.0,772,0
405.76,6/6(12/6),office,2.197,0.961,0.000,6.525,50.440,39.0,1110,0
406.26,6/6(12/6),office,2.431,1.096,0.000,6.525,50.440,39.0,873,0
406.77,6/6(12/6),office,2.315,1.183,0.000,6.512,50.440,39.0,897,0
407.27,6/6(12/6),office,2.440,1.165,0.000,6.512,50.440,39.0,1321,0
407.78,6/6(12/6),office,0.867,0.256,0.000,6.512,50.440,38.0,657,0
408.29,6/6(12/6),gap,0.992,0.238,0.000,6.512,50.440,38.0,672,0
408.80,6/6(12/6),gap,0.437,0.018,0.000,6.512,50.440,38.0,1045,0
409.31,6/6(12/6),gap,0.401,0.025,0.000,6.512,50.440,38.0,990,0
409.82,6/6(12/6),gap,0.373,0.013,0.000,6.523,50.430,38.0,629,0
410.32,6/6(12/6),gap,0.679,0.093,0.000,6.523,50.430,38.0,578,0
410.83,6/6(12/6),gap,0.414,0.032,0.000,6.523,50.430,38.0,766,0
411.34,6/6(12/6),gap,0.757,0.106,0.000,6.523,50.430,38.0,1306,0
411.85,6/6(12/6),python,2.425,1.255,0.000,6.526,50.430,41.0,831,0
412.36,6/6(12/6),python,2.820,1.458,0.000,6.526,50.430,41.0,1640,0
412.86,6/6(12/6),python,3.191,1.618,0.000,6.526,50.430,40.0,823,0
413.37,6/6(12/6),python,1.973,0.684,0.000,6.526,50.430,40.0,684,0
413.88,6/6(12/6),python,2.327,0.674,0.000,6.510,50.430,39.0,550,0
414.39,6/6(12/6),python,1.532,0.294,0.000,6.510,50.430,39.0,623,0
414.90,6/6(12/6),gap,0.841,0.298,0.000,6.510,50.430,38.0,1108,0
415.40,6/6(12/6),gap,0.453,0.032,0.000,6.510,50.430,38.0,1061,0
415.91,6/6(12/6),gap,0.565,0.022,0.000,6.524,50.430,38.0,1110,0
416.42,6/6(12/6),gap,0.767,0.065,0.000,6.524,50.430,38.0,676,0
416.93,6/6(12/6),gap,0.442,0.015,0.000,6.524,50.430,38.0,653,0
417.43,6/6(12/6),gap,0.745,0.067,0.000,6.524,50.430,38.0,738,0
417.94,6/6(12/6),gap,0.465,0.018,0.000,6.524,50.420,38.0,946,0
418.45,6/6(12/6),gap,1.825,0.741,0.000,6.524,50.420,38.0,741,0
418.96,6/6(12/6),python,2.998,1.511,0.000,6.524,50.420,40.0,815,0
419.47,6/6(12/6),python,2.784,1.466,0.000,6.524,50.420,40.0,910,0
419.98,6/6(12/6),python,2.139,0.840,0.000,6.524,50.420,38.0,540,0
420.48,6/6(12/6),python,2.008,0.624,0.000,6.524,50.420,38.0,781,0
421.00,6/6(12/6),python,1.873,0.339,0.000,6.514,50.420,38.0,674,0
421.50,6/6(12/6),gap,1.182,0.343,0.000,6.514,50.420,38.0,660,0
422.01,6/6(12/6),gap,0.324,0.015,0.000,6.514,50.420,38.0,692,0
422.52,6/6(12/6),gap,1.309,0.357,0.000,6.514,50.420,38.0,904,0
423.03,6/6(12/6),gap,0.337,0.010,0.000,6.521,50.420,38.0,664,0
423.53,6/6(12/6),gap,0.652,0.030,0.000,6.521,50.420,38.0,772,0
424.04,6/6(12/6),gap,0.290,0.007,0.000,6.521,50.420,38.0,675,0
424.55,6/6(12/6),gap,0.761,0.039,0.000,6.521,50.420,38.0,759,0
425.06,6/6(12/6),gap,2.893,1.103,0.000,6.522,50.410,41.0,1578,0
425.56,6/6(12/6),compress,7.113,3.719,0.000,6.522,50.410,41.0,931,0
426.08,6/6(12/6),compress,5.981,3.230,0.000,6.522,50.410,40.0,949,0
426.58,6/6(12/6),compress,5.954,3.157,0.000,6.522,50.410,40.0,1037,0
427.09,6/6(12/6),compress,5.979,3.066,0.000,6.485,50.410,40.0,925,0
427.60,6/6(12/6),compress,5.967,3.110,0.001,6.485,50.410,40.0,932,0
428.11,6/6(12/6),compress,5.973,3.066,0.001,6.485,50.410,41.0,932,0
428.62,6/6(12/6),compress,5.969,3.056,0.000,6.485,50.410,41.0,1041,0
429.13,6/6(12/6),compress,5.977,3.052,0.000,6.479,50.400,41.0,924,0
429.64,6/6(12/6),compress,5.938,3.079,0.000,6.479,50.400,41.0,1120,0
430.15,6/6(12/6),compress,5.853,3.094,0.000,6.479,50.400,42.0,1079,0
430.65,6/6(12/6),compress,5.293,2.404,0.000,6.479,50.400,42.0,1230,0
431.16,6/6(12/6),compress,4.819,1.877,0.000,6.479,50.400,39.0,1641,0
431.67,6/6(12/6),compress,0.543,0.050,0.000,6.479,50.400,39.0,1097,0
432.18,6/6(12/6),gap,1.083,0.295,0.000,6.483,50.390,39.0,649,0
432.69,6/6(12/6),gap,1.049,0.362,0.000,6.483,50.390,39.0,593,0
433.20,6/6(12/6),gap,0.430,0.021,0.000,6.483,50.390,39.0,581,0
433.70,6/6(12/6),gap,0.453,0.017,0.000,6.483,50.390,39.0,658,0
434.21,6/6(12/6),gap,0.383,0.020,0.000,6.521,50.390,38.0,673,0
434.72,6/6(12/6),gap,0.549,0.024,0.000,6.521,50.390,38.0,781,0
435.23,6/6(12/6),gap,0.619,0.104,0.000,6.521,50.390,38.0,1246,0
435.73,6/6(12/6),compress,7.563,3.738,0.000,6.521,50.390,38.0,911,0
436.25,6/6(12/6),compress,5.970,3.066,0.000,6.473,50.390,41.0,927,0
436.76,6/6(12/6),compress,5.961,3.170,0.000,6.473,50.390,41.0,944,0
437.27,6/6(12/6),compress,5.955,3.125,0.000,6.473,50.390,41.0,1050,0
437.77,6/6(12/6),compress,5.998,2.998,0.000,6.473,50.390,41.0,818,0
438.28,6/6(12/6),compress,5.952,3.080,0.000,6.480,50.380,41.0,933,0
438.79,6/6(12/6),compress,5.997,3.050,0.000,6.480,50.380,41.0,821,0
439.30,6/6(12/6),compress,5.915,3.130,0.000,6.480,50.380,42.0,1067,0
439.81,6/6(12/6),compress,5.962,3.145,0.000,6.480,50.380,42.0,1107,0
440.32,6/6(12/6),compress,5.958,3.120,0.000,6.482,50.380,42.0,1184,0
440.83,6/6(12/6),compress,5.837,3.050,0.000,6.482,50.380,42.0,1197,0
441.34,6/6(12/6),compress,4.279,1.867,0.000,6.482,50.380,43.0,975,0
441.84,6/6(12/6),compress,1.196,0.341,0.000,6.482,50.380,43.0,753,0
442.35,6/6(12/6),gap,0.762,0.199,0.000,6.482,50.380,39.0,1569,0
442.86,6/6(12/6),gap,0.979,0.339,0.000,6.482,50.380,39.0,800,0
443.37,6/6(12/6),gap,0.625,0.029,0.000,6.513,50.370,39.0,759,0
443.88,6/6(12/6),gap,0.428,0.024,0.000,6.513,50.370,39.0,607,0
444.39,6/6(12/6),gap,0.647,0.030,0.000,6.513,50.370,39.0,699,0
444.90,6/6(12/6),gap,0.417,0.013,0.000,6.513,50.370,39.0,640,0
445.41,6/6(12/6),gap,0.367,0.018,0.000,6.518,50.370,39.0,789,0
445.92,6/6(12/6),gap,6.985,3.208,0.000,6.518,50.370,39.0,848,0
446.43,6/6(12/6),sustained40s,5.958,3.196,0.000,6.518,50.370,42.0,1032,0
446.93,6/6(12/6),sustained40s,5.959,3.163,0.000,6.518,50.370,42.0,1024,0
447.45,6/6(12/6),sustained40s,5.974,3.123,0.000,6.481,50.370,42.0,948,0
447.95,6/6(12/6),sustained40s,5.968,3.119,0.000,6.481,50.370,42.0,953,0
448.46,6/6(12/6),sustained40s,5.977,3.086,0.000,6.481,50.370,42.0,937,0
448.97,6/6(12/6),sustained40s,5.969,3.026,0.000,6.481,50.370,42.0,939,0
449.48,6/6(12/6),sustained40s,5.968,3.053,0.000,6.481,50.360,42.0,1039,0
449.99,6/6(12/6),sustained40s,5.967,3.055,0.000,6.481,50.360,42.0,1001,0
450.50,6/6(12/6),sustained40s,5.963,3.067,0.000,6.481,50.360,42.0,1075,0
451.01,6/6(12/6),sustained40s,5.804,2.988,0.000,6.481,50.360,42.0,1004,0
451.52,6/6(12/6),sustained40s,4.627,2.109,0.000,6.480,50.350,41.0,1443,0
452.03,6/6(12/6),sustained40s,7.463,3.709,0.000,6.480,50.350,41.0,939,0
452.54,6/6(12/6),sustained40s,5.959,3.165,0.000,6.480,50.350,43.0,1027,0
453.05,6/6(12/6),sustained40s,5.972,3.228,0.000,6.480,50.350,43.0,1047,0
453.56,6/6(12/6),sustained40s,5.976,3.093,0.000,6.480,50.350,42.0,932,0
454.07,6/6(12/6),sustained40s,5.976,3.089,0.000,6.480,50.350,42.0,932,0
454.58,6/6(12/6),sustained40s,5.965,3.077,0.000,6.480,50.340,43.0,943,0
455.09,6/6(12/6),sustained40s,5.966,3.067,0.000,6.480,50.340,43.0,906,0
455.60,6/6(12/6),sustained40s,5.971,3.102,0.000,6.480,50.340,43.0,908,0
456.11,6/6(12/6),sustained40s,5.955,3.083,0.000,6.480,50.340,43.0,1077,0
456.62,6/6(12/6),sustained40s,5.940,3.067,0.000,6.477,50.340,43.0,1014,0
457.12,6/6(12/6),sustained40s,5.932,3.295,0.000,6.477,50.340,43.0,1267,0
457.63,6/6(12/6),sustained40s,3.714,1.581,0.000,6.477,50.340,42.0,1167,0
458.14,6/6(12/6),sustained40s,7.018,3.364,0.000,6.477,50.340,42.0,951,0
458.65,6/6(12/6),sustained40s,5.968,3.140,0.000,6.494,50.330,43.0,1034,0
459.16,6/6(12/6),sustained40s,5.974,3.172,0.000,6.494,50.330,43.0,936,0
459.67,6/6(12/6),sustained40s,5.974,3.149,0.000,6.494,50.330,43.0,955,0
460.18,6/6(12/6),sustained40s,5.963,3.140,0.000,6.494,50.330,43.0,1014,0
460.69,6/6(12/6),sustained40s,5.950,3.191,0.000,6.478,50.330,43.0,957,0
461.19,6/6(12/6),sustained40s,5.975,3.190,0.000,6.478,50.330,43.0,1140,0
461.70,6/6(12/6),sustained40s,5.991,3.031,0.000,6.478,50.330,43.0,1037,0
462.21,6/6(12/6),sustained40s,5.938,3.036,0.000,6.478,50.330,43.0,1138,0
462.72,6/6(12/6),sustained40s,5.972,3.025,0.000,6.476,50.320,44.0,1109,0
463.23,6/6(12/6),sustained40s,5.961,3.193,0.000,6.476,50.320,44.0,1018,0
463.74,6/6(12/6),sustained40s,4.550,2.111,0.000,6.476,50.320,43.0,919,0
464.24,6/6(12/6),sustained40s,5.802,2.595,0.000,6.476,50.320,43.0,1714,0
464.75,6/6(12/6),sustained40s,6.238,3.331,0.000,6.476,50.320,44.0,942,0
465.26,6/6(12/6),sustained40s,5.978,3.139,0.000,6.476,50.320,44.0,911,0
465.77,6/6(12/6),sustained40s,5.954,3.137,0.000,6.472,50.310,44.0,1044,0
466.28,6/6(12/6),sustained40s,5.963,3.066,0.000,6.472,50.310,44.0,1037,0
466.79,6/6(12/6),sustained40s,5.985,3.129,0.000,6.472,50.310,44.0,941,0
467.30,6/6(12/6),sustained40s,5.971,3.025,0.000,6.472,50.310,44.0,903,0
467.81,6/6(12/6),sustained40s,5.950,3.074,0.000,6.476,50.310,44.0,1030,0
468.31,6/6(12/6),sustained40s,5.962,3.108,0.000,6.476,50.310,44.0,1021,0
468.83,6/6(12/6),sustained40s,5.962,3.153,0.000,6.476,50.310,44.0,1140,0
469.33,6/6(12/6),sustained40s,5.813,3.090,0.000,6.476,50.310,44.0,1241,0
469.84,6/6(12/6),sustained40s,4.855,2.209,0.000,6.476,50.300,45.0,775,0
470.35,6/6(12/6),sustained40s,4.061,1.594,0.000,6.476,50.300,45.0,1913,0
470.86,6/6(12/6),sustained40s,7.335,3.848,0.000,6.476,50.300,44.0,1037,0
471.36,6/6(12/6),sustained40s,5.975,3.148,0.000,6.476,50.300,44.0,950,0
471.88,6/6(12/6),sustained40s,5.976,3.121,0.000,6.473,50.300,44.0,937,0
472.38,6/6(12/6),sustained40s,5.957,3.047,0.000,6.473,50.300,44.0,944,0
472.90,6/6(12/6),sustained40s,5.981,3.112,0.000,6.473,50.300,44.0,935,0
473.40,6/6(12/6),sustained40s,5.962,3.001,0.000,6.473,50.300,44.0,949,0
473.91,6/6(12/6),sustained40s,5.964,3.002,0.000,6.474,50.290,45.0,1046,0
474.42,6/6(12/6),sustained40s,5.981,3.019,0.000,6.474,50.290,45.0,924,0
474.93,6/6(12/6),sustained40s,5.969,3.059,0.000,6.474,50.290,45.0,1041,0
475.44,6/6(12/6),sustained40s,5.938,3.076,0.000,6.474,50.290,45.0,1171,0
475.95,6/6(12/6),sustained40s,5.422,2.716,0.000,6.472,50.290,45.0,878,0
476.45,6/6(12/6),sustained40s,4.304,1.755,0.000,6.472,50.290,45.0,1661,0
476.96,6/6(12/6),sustained40s,7.646,3.826,0.000,6.472,50.280,44.0,950,0
477.47,6/6(12/6),sustained40s,5.969,3.078,0.000,6.472,50.280,44.0,950,0
477.98,6/6(12/6),sustained40s,5.961,3.209,0.000,6.472,50.280,45.0,1040,0
478.49,6/6(12/6),sustained40s,5.980,3.105,0.000,6.472,50.280,45.0,933,0
479.00,6/6(12/6),sustained40s,5.972,2.906,0.000,6.475,50.280,45.0,944,0
479.51,6/6(12/6),sustained40s,5.973,3.101,0.000,6.475,50.280,45.0,841,0
480.02,6/6(12/6),sustained40s,5.960,3.059,0.000,6.475,50.280,45.0,941,0
480.53,6/6(12/6),sustained40s,5.955,3.078,0.000,6.475,50.280,45.0,1042,0
481.04,6/6(12/6),sustained40s,5.948,3.099,0.000,6.474,50.270,45.0,1107,0
481.55,6/6(12/6),sustained40s,5.968,3.155,0.000,6.474,50.270,45.0,1070,0
482.06,6/6(12/6),sustained40s,5.683,2.900,0.000,6.474,50.270,45.0,1220,0
482.56,6/6(12/6),sustained40s,4.857,2.266,0.000,6.474,50.270,45.0,906,0
483.07,6/6(12/6),sustained40s,7.113,3.536,0.000,6.475,50.260,45.0,892,0
483.58,6/6(12/6),sustained40s,5.965,3.118,0.000,6.475,50.260,45.0,909,0
484.10,6/6(12/6),sustained40s,5.952,3.198,0.000,6.475,50.260,45.0,1082,0
484.60,6/6(12/6),sustained40s,5.983,3.045,0.000,6.475,50.260,45.0,944,0
485.11,6/6(12/6),sustained40s,5.970,3.047,0.000,6.473,50.260,45.0,933,0
485.62,6/6(12/6),sustained40s,5.969,3.052,0.000,6.473,50.260,45.0,934,0
486.13,6/6(12/6),sustained40s,5.967,3.070,0.000,6.473,50.260,45.0,925,0
486.64,6/6(12/6),sustained40s,5.946,3.082,0.000,6.473,50.260,45.0,1048,0
487.15,6/6(12/6),sustained40s,5.961,3.149,0.000,6.473,50.250,45.0,1036,0
487.66,6/6(12/6),sustained40s,5.963,3.085,0.000,6.473,50.250,45.0,1175,0
488.17,6/6(12/6),sustained40s,5.919,3.209,0.000,6.473,50.250,45.0,1208,0
488.67,6/6(12/6),sustained40s,4.429,2.167,0.000,6.473,50.250,45.0,920,0
489.18,6/6(12/6),sustained40s,1.090,0.330,0.000,6.473,50.250,43.0,731,0
489.69,6/6(12/6),end,1.001,0.336,0.001,6.473,50.250,43.0,692,0
490.20,6/6(12/6),end,0.479,0.016,0.000,6.511,50.240,43.0,750,0
490.71,6/6(12/6),end,0.403,0.019,0.000,6.511,50.240,43.0,689,0
491.22,6/6(12/6),end,0.394,0.012,0.000,6.511,50.240,42.0,1119,0
491.73,6/6(12/6),end,0.454,0.029,0.000,6.511,50.240,42.0,724,0
492.24,6/6(12/6),end,0.356,0.013,0.000,6.515,50.240,42.0,660,0
492.75,6/6(12/6),end,1.042,0.379,0.000,6.515,50.240,42.0,667,0
493.26,6/6(12/6),end,0.371,0.016,0.000,6.515,50.240,42.0,678,0
493.77,6/6(12/6),end,0.437,0.020,0.000,6.515,50.240,42.0,661,0
494.28,6/6(12/6),end,0.333,0.012,0.000,6.513,50.240,42.0,682,0
494.79,6/6(12/6),end,0.345,0.014,0.000,6.513,50.240,42.0,1177,0
495.30,6/6(12/6),end,0.459,0.012,0.000,6.513,50.240,42.0,652,0
495.81,6/6(12/6),end,0.826,0.037,0.000,6.513,50.240,42.0,955,0
496.32,6/6(12/6),end,0.326,0.010,0.000,6.513,50.240,42.0,676,0
496.83,6/6(12/6),end,0.417,0.022,0.000,6.513,50.240,42.0,945,0
497.35,cool,wait,0.756,0.227,0.000,6.513,50.240,42.0,1078,0
497.85,cool,wait,0.772,0.219,0.000,6.513,50.240,42.0,1132,0
498.36,cool,wait,0.303,0.007,0.000,6.516,50.230,42.0,1003,0
498.87,cool,wait,0.433,0.027,0.000,6.516,50.230,42.0,872,0
499.38,cool,wait,0.381,0.025,0.000,6.516,50.230,42.0,1141,0
499.89,cool,wait,0.455,0.024,0.000,6.516,50.230,42.0,646,0
500.40,cool,wait,0.357,0.022,0.000,6.516,50.230,41.0,838,0
500.91,cool,wait,0.467,0.038,0.000,6.516,50.230,41.0,757,0
501.42,cool,wait,0.493,0.011,0.000,6.518,50.230,41.0,800,0
501.93,cool,wait,0.408,0.014,0.000,6.518,50.230,41.0,700,0
502.44,cool,wait,0.738,0.242,0.000,6.518,50.230,42.0,1262,0
502.95,cool,wait,0.692,0.145,0.000,6.518,50.230,42.0,816,0
503.46,cool,wait,0.364,0.012,0.000,6.507,50.230,41.0,829,0
503.97,cool,wait,0.361,0.012,0.000,6.507,50.230,41.0,676,0
504.48,cool,wait,0.624,0.010,0.000,6.507,50.230,41.0,682,0
504.99,cool,wait,0.465,0.021,0.000,6.507,50.230,41.0,704,0
505.50,cool,wait,0.385,0.010,0.000,6.516,50.230,41.0,654,0
506.01,cool,wait,0.393,0.016,0.000,6.516,50.230,41.0,680,0
506.52,cool,wait,0.361,0.014,0.000,6.516,50.230,41.0,791,0
507.03,cool,wait,0.465,0.020,0.000,6.516,50.230,41.0,675,0
507.54,cool,wait,0.326,0.009,0.000,6.517,50.220,40.0,629,0
508.05,cool,wait,0.359,0.015,0.000,6.517,50.220,40.0,525,0
508.56,cool,wait,0.318,0.009,0.000,6.517,50.220,40.0,685,0
509.07,cool,wait,0.435,0.051,0.000,6.517,50.220,40.0,736,0
509.58,cool,wait,0.411,0.027,0.000,6.516,50.220,40.0,668,0
510.09,cool,wait,0.312,0.010,0.000,6.516,50.220,40.0,941,0
510.60,cool,wait,0.371,0.012,0.000,6.516,50.220,40.0,903,0
511.11,cool,wait,0.356,0.016,0.000,6.516,50.220,40.0,1019,0
511.62,cool,wait,0.503,0.030,0.000,6.516,50.220,40.0,1002,0
512.13,cool,wait,0.359,0.017,0.000,6.516,50.220,40.0,981,0
512.64,cool,wait,1.318,0.331,0.000,6.516,50.220,40.0,773,0
513.15,cool,wait,0.379,0.017,0.000,6.516,50.220,40.0,700,0
513.66,cool,wait,0.346,0.010,0.000,6.516,50.220,40.0,831,0
514.17,cool,wait,0.382,0.017,0.000,6.516,50.220,40.0,1016,0
514.68,cool,wait,0.390,0.017,0.000,6.517,50.220,40.0,900,0
515.19,cool,wait,0.551,0.088,0.000,6.517,50.220,40.0,756,0
515.70,4/8(12/8),idle,0.980,0.309,0.000,6.517,50.220,40.0,675,0
516.21,4/8(12/8),idle,0.367,0.019,0.000,6.517,50.220,40.0,778,0
516.72,4/8(12/8),idle,0.380,0.022,0.000,6.517,50.220,40.0,957,0
517.23,4/8(12/8),idle,0.537,0.066,0.000,6.517,50.220,40.0,664,0
517.74,4/8(12/8),idle,0.522,0.017,0.000,6.517,50.220,40.0,664,0
518.25,4/8(12/8),idle,0.578,0.033,0.000,6.517,50.220,40.0,663,0
518.76,4/8(12/8),idle,0.434,0.021,0.000,6.517,50.210,40.0,708,0
519.27,4/8(12/8),idle,0.366,0.018,0.000,6.517,50.210,40.0,631,0
519.78,4/8(12/8),idle,0.404,0.018,0.000,6.517,50.210,39.0,673,0
520.29,4/8(12/8),idle,0.494,0.013,0.000,6.517,50.210,39.0,718,0
520.80,4/8(12/8),idle,0.353,0.009,0.000,6.516,50.210,39.0,656,0
521.31,4/8(12/8),idle,0.329,0.011,0.000,6.516,50.210,39.0,706,0
521.82,4/8(12/8),idle,0.335,0.012,0.000,6.516,50.210,39.0,684,0
522.33,4/8(12/8),idle,0.324,0.010,0.000,6.516,50.210,39.0,688,0
522.84,4/8(12/8),idle,0.978,0.343,0.000,6.508,50.210,39.0,669,0
523.35,4/8(12/8),idle,0.486,0.019,0.000,6.508,50.210,39.0,1225,0
523.86,4/8(12/8),idle,0.670,0.012,0.000,6.508,50.210,39.0,986,0
524.37,4/8(12/8),idle,0.388,0.019,0.000,6.508,50.210,39.0,1125,0
524.89,4/8(12/8),idle,0.363,0.012,0.000,6.508,50.210,39.0,662,0
525.39,4/8(12/8),idle,0.294,0.010,0.000,6.508,50.210,39.0,694,0
525.91,4/8(12/8),idle,0.386,0.025,0.000,6.519,50.210,39.0,708,0
526.41,4/8(12/8),idle,0.360,0.025,0.000,6.519,50.210,39.0,887,0
526.93,4/8(12/8),idle,0.450,0.028,0.000,6.519,50.210,39.0,857,0
527.43,4/8(12/8),idle,0.410,0.019,0.000,6.519,50.210,39.0,669,0
527.94,4/8(12/8),idle,0.329,0.008,0.000,6.517,50.200,39.0,796,0
528.45,4/8(12/8),idle,0.431,0.010,0.000,6.517,50.200,39.0,1007,0
528.96,4/8(12/8),idle,0.353,0.013,0.000,6.517,50.200,39.0,706,0
529.47,4/8(12/8),idle,0.411,0.014,0.000,6.517,50.200,39.0,645,0
529.98,4/8(12/8),idle,0.380,0.021,0.000,6.518,50.200,39.0,1021,0
530.48,4/8(12/8),idle,1.620,0.656,0.000,6.518,50.200,39.0,741,0
530.99,4/8(12/8),pdf_render,1.957,0.928,0.000,6.518,50.200,41.0,692,0
531.50,4/8(12/8),pdf_render,1.597,0.691,0.000,6.518,50.200,41.0,724,0
532.01,4/8(12/8),pdf_render,1.655,0.756,0.000,6.510,50.200,41.0,695,0
532.51,4/8(12/8),pdf_render,2.073,1.026,0.000,6.510,50.200,41.0,1027,0
533.02,4/8(12/8),pdf_render,1.680,0.773,0.000,6.510,50.200,41.0,582,0
533.52,4/8(12/8),pdf_render,1.670,0.764,0.000,6.510,50.200,41.0,1048,0
534.03,4/8(12/8),pdf_render,1.728,0.819,0.000,6.509,50.190,41.0,736,0
534.53,4/8(12/8),pdf_render,1.661,0.752,0.000,6.509,50.190,41.0,852,0
535.04,4/8(12/8),pdf_render,1.826,0.810,0.000,6.509,50.190,41.0,745,0
535.55,4/8(12/8),pdf_render,1.742,0.809,0.000,6.509,50.190,41.0,973,0
536.05,4/8(12/8),pdf_render,1.934,1.026,0.000,6.509,50.190,41.0,710,0
536.56,4/8(12/8),pdf_render,1.725,0.821,0.000,6.509,50.190,41.0,762,0
537.07,4/8(12/8),pdf_render,1.648,0.750,0.000,6.508,50.190,41.0,735,0
537.57,4/8(12/8),pdf_render,1.672,0.771,0.000,6.508,50.190,41.0,745,0
538.08,4/8(12/8),pdf_render,1.642,0.734,0.000,6.508,50.190,41.0,739,0
538.58,4/8(12/8),pdf_render,1.886,0.951,0.000,6.508,50.190,41.0,797,0
539.09,4/8(12/8),pdf_render,1.666,0.766,0.000,6.510,50.190,41.0,728,0
539.59,4/8(12/8),pdf_render,1.688,0.781,0.000,6.510,50.190,41.0,682,0
540.10,4/8(12/8),pdf_render,1.744,0.833,0.000,6.510,50.190,41.0,672,0
540.60,4/8(12/8),pdf_render,1.972,0.763,0.000,6.510,50.190,41.0,871,0
541.11,4/8(12/8),pdf_render,1.686,0.779,0.000,6.502,50.190,42.0,585,0
541.62,4/8(12/8),pdf_render,1.718,0.792,0.000,6.502,50.190,42.0,575,0
542.12,4/8(12/8),pdf_render,1.653,0.749,0.000,6.502,50.190,41.0,584,0
542.63,4/8(12/8),pdf_render,2.155,1.023,0.000,6.502,50.190,41.0,745,0
543.14,4/8(12/8),pdf_render,1.670,0.759,0.000,6.508,50.180,41.0,739,0
543.64,4/8(12/8),pdf_render,1.701,0.770,0.000,6.508,50.180,41.0,746,0
544.15,4/8(12/8),pdf_render,1.660,0.758,0.000,6.508,50.180,41.0,725,0
544.65,4/8(12/8),pdf_render,1.856,0.894,0.000,6.508,50.180,41.0,923,0
545.16,4/8(12/8),pdf_render,1.841,0.832,0.000,6.509,50.180,41.0,749,0
545.66,4/8(12/8),pdf_render,1.370,0.555,0.000,6.509,50.180,41.0,1243,0
546.17,4/8(12/8),gap,0.805,0.240,0.000,6.509,50.180,39.0,821,0
546.68,4/8(12/8),gap,0.409,0.060,0.000,6.509,50.180,39.0,599,0
547.19,4/8(12/8),gap,0.347,0.020,0.000,6.509,50.180,38.0,590,0
547.69,4/8(12/8),gap,0.363,0.012,0.000,6.509,50.180,38.0,607,0
548.20,4/8(12/8),gap,0.303,0.009,0.000,6.518,50.180,39.0,641,0
548.71,4/8(12/8),gap,0.311,0.012,0.000,6.518,50.180,39.0,569,0
549.22,4/8(12/8),gap,0.304,0.010,0.000,6.518,50.180,38.0,569,0
549.72,4/8(12/8),gap,1.280,0.499,0.001,6.518,50.180,38.0,683,0
550.23,4/8(12/8),pdf_render,2.172,1.083,0.000,6.520,50.170,40.0,721,0
550.74,4/8(12/8),pdf_render,1.798,0.857,0.000,6.520,50.170,40.0,584,0
551.25,4/8(12/8),pdf_render,1.716,0.773,0.000,6.520,50.170,41.0,735,0
551.75,4/8(12/8),pdf_render,1.679,0.772,0.000,6.520,50.170,41.0,735,0
552.26,4/8(12/8),pdf_render,1.648,0.736,0.000,6.508,50.170,40.0,622,0
552.76,4/8(12/8),pdf_render,2.105,1.060,0.000,6.508,50.170,40.0,968,0
553.27,4/8(12/8),pdf_render,1.726,0.802,0.000,6.508,50.170,40.0,743,0
553.77,4/8(12/8),pdf_render,1.712,0.812,0.000,6.508,50.170,40.0,765,0
554.28,4/8(12/8),pdf_render,1.699,0.787,0.000,6.508,50.170,40.0,702,0
554.79,4/8(12/8),pdf_render,1.917,0.840,0.000,6.508,50.170,40.0,737,0
555.29,4/8(12/8),pdf_render,1.897,0.991,0.000,6.508,50.170,40.0,731,0
555.80,4/8(12/8),pdf_render,1.783,0.830,0.000,6.508,50.170,40.0,884,0
556.31,4/8(12/8),pdf_render,1.804,0.870,0.000,6.507,50.160,40.0,745,0
556.81,4/8(12/8),pdf_render,1.804,0.886,0.000,6.507,50.160,40.0,587,0
557.32,4/8(12/8),pdf_render,1.669,0.764,0.000,6.507,50.160,40.0,763,0
557.83,4/8(12/8),pdf_render,1.837,0.926,0.000,6.507,50.160,40.0,621,0
558.33,4/8(12/8),pdf_render,1.726,0.813,0.000,6.507,50.160,41.0,898,0
558.84,4/8(12/8),pdf_render,1.690,0.777,0.000,6.507,50.160,41.0,727,0
559.34,4/8(12/8),pdf_render,1.806,0.865,0.000,6.508,50.160,42.0,736,0
559.85,4/8(12/8),pdf_render,1.879,0.869,0.000,6.508,50.160,42.0,729,0
560.36,4/8(12/8),pdf_render,1.654,0.749,0.000,6.508,50.160,40.0,733,0
560.86,4/8(12/8),pdf_render,1.678,0.781,0.000,6.508,50.160,40.0,735,0
561.37,4/8(12/8),pdf_render,1.949,0.816,0.000,6.508,50.160,40.0,1277,0
561.87,4/8(12/8),pdf_render,1.890,0.928,0.000,6.508,50.160,40.0,724,0
562.38,4/8(12/8),pdf_render,1.756,0.814,0.000,6.508,50.160,40.0,1399,0
562.88,4/8(12/8),pdf_render,2.141,0.985,0.000,6.508,50.160,40.0,711,0
563.39,4/8(12/8),pdf_render,1.696,0.778,0.000,6.505,50.150,40.0,716,0
563.89,4/8(12/8),pdf_render,1.735,0.832,0.000,6.505,50.150,40.0,585,0
564.40,4/8(12/8),pdf_render,1.665,0.763,0.000,6.505,50.150,40.0,700,0
564.90,4/8(12/8),pdf_render,1.732,0.735,0.000,6.505,50.150,40.0,635,0
565.41,4/8(12/8),gap,0.526,0.070,0.000,6.514,50.150,38.0,1006,0
565.92,4/8(12/8),gap,0.943,0.306,0.000,6.514,50.150,38.0,727,0
566.42,4/8(12/8),gap,0.302,0.010,0.000,6.514,50.150,38.0,656,0
566.93,4/8(12/8),gap,0.457,0.017,0.000,6.514,50.150,38.0,654,0
567.44,4/8(12/8),gap,0.376,0.024,0.000,6.514,50.150,38.0,566,0
567.95,4/8(12/8),gap,0.353,0.015,0.000,6.514,50.150,38.0,1086,0
568.46,4/8(12/8),gap,0.296,0.008,0.000,6.520,50.150,38.0,905,0
568.96,4/8(12/8),gap,0.691,0.158,0.000,6.520,50.150,38.0,1404,0
569.47,4/8(12/8),office,2.673,1.343,0.000,6.520,50.150,41.0,1215,0
569.98,4/8(12/8),office,1.742,0.686,0.000,6.520,50.150,41.0,702,0
570.49,4/8(12/8),office,2.334,1.049,0.000,6.499,50.150,39.0,1001,0
570.99,4/8(12/8),office,2.225,1.090,0.000,6.499,50.150,39.0,853,0
571.50,4/8(12/8),office,1.957,0.798,0.000,6.499,50.150,38.0,1024,0
572.01,4/8(12/8),gap,1.145,0.211,0.000,6.499,50.150,38.0,879,0
572.52,4/8(12/8),gap,1.385,0.508,0.000,6.509,50.140,38.0,1215,0
573.02,4/8(12/8),gap,0.368,0.014,0.000,6.509,50.140,38.0,704,0
573.53,4/8(12/8),gap,0.393,0.016,0.000,6.509,50.140,38.0,653,0
574.04,4/8(12/8),gap,0.415,0.019,0.000,6.509,50.140,38.0,724,0
574.55,4/8(12/8),gap,0.355,0.016,0.000,6.518,50.140,38.0,561,0
575.06,4/8(12/8),gap,0.679,0.038,0.000,6.518,50.140,38.0,560,0
575.56,4/8(12/8),gap,1.049,0.308,0.000,6.518,50.140,39.0,1234,0
576.07,4/8(12/8),office,2.407,1.067,0.000,6.518,50.140,39.0,841,0
576.58,4/8(12/8),office,2.160,0.862,0.000,6.504,50.140,39.0,858,0
577.08,4/8(12/8),office,2.358,1.173,0.000,6.504,50.140,39.0,1257,0
577.59,4/8(12/8),office,2.432,1.286,0.000,6.504,50.140,39.0,936,0
578.10,4/8(12/8),office,1.405,0.498,0.000,6.504,50.140,39.0,984,0
578.61,4/8(12/8),gap,1.115,0.416,0.000,6.513,50.140,38.0,801,0
579.11,4/8(12/8),gap,0.374,0.019,0.000,6.513,50.140,38.0,1281,0
579.62,4/8(12/8),gap,0.476,0.032,0.000,6.513,50.130,38.0,1002,0
580.13,4/8(12/8),gap,0.430,0.041,0.000,6.513,50.130,38.0,1050,0
580.64,4/8(12/8),gap,0.445,0.021,0.000,6.513,50.130,38.0,959,0
581.14,4/8(12/8),gap,0.359,0.023,0.000,6.513,50.130,38.0,520,0
581.65,4/8(12/8),gap,0.376,0.014,0.000,6.516,50.130,38.0,789,0
582.16,4/8(12/8),gap,1.721,0.728,0.000,6.516,50.130,38.0,915,0
582.67,4/8(12/8),python,3.187,1.707,0.000,6.516,50.130,40.0,809,0
583.17,4/8(12/8),python,2.828,1.488,0.000,6.516,50.130,40.0,778,0
583.68,4/8(12/8),python,2.379,1.043,0.000,6.500,50.130,38.0,869,0
584.19,4/8(12/8),python,1.863,0.570,0.000,6.500,50.130,38.0,794,0
584.70,4/8(12/8),python,2.120,0.409,0.000,6.500,50.130,38.0,581,0
585.21,4/8(12/8),gap,1.063,0.409,0.000,6.500,50.130,38.0,681,0
585.71,4/8(12/8),gap,0.432,0.020,0.000,6.507,50.120,38.0,678,0
586.22,4/8(12/8),gap,0.680,0.054,0.000,6.507,50.120,38.0,861,0
586.73,4/8(12/8),gap,0.619,0.030,0.000,6.507,50.120,38.0,957,0
587.24,4/8(12/8),gap,0.314,0.020,0.000,6.507,50.120,38.0,720,0
587.75,4/8(12/8),gap,0.493,0.021,0.000,6.516,50.120,38.0,655,0
588.25,4/8(12/8),gap,0.363,0.023,0.000,6.516,50.120,38.0,733,0
588.76,4/8(12/8),gap,0.999,0.376,0.000,6.516,50.120,41.0,560,0
589.27,4/8(12/8),python,2.768,1.542,0.000,6.516,50.120,41.0,989,0
589.77,4/8(12/8),python,2.754,1.385,0.000,6.496,50.120,42.0,733,0
590.28,4/8(12/8),python,2.678,1.256,0.000,6.496,50.120,42.0,1182,0
590.79,4/8(12/8),python,1.850,0.527,0.000,6.496,50.120,40.0,526,0
591.29,4/8(12/8),python,2.332,0.506,0.000,6.496,50.120,40.0,947,0
591.80,4/8(12/8),gap,1.128,0.343,0.000,6.496,50.120,38.0,956,0
592.31,4/8(12/8),gap,0.671,0.135,0.000,6.496,50.120,38.0,669,0
592.82,4/8(12/8),gap,1.142,0.366,0.000,6.511,50.110,38.0,569,0
593.32,4/8(12/8),gap,0.636,0.024,0.000,6.511,50.110,38.0,687,0
593.83,4/8(12/8),gap,0.474,0.016,0.000,6.511,50.110,38.0,921,0
594.34,4/8(12/8),gap,0.560,0.022,0.000,6.511,50.110,38.0,428,0
594.85,4/8(12/8),gap,0.348,0.015,0.000,6.516,50.110,38.0,758,0
595.35,4/8(12/8),gap,0.882,0.169,0.000,6.516,50.110,38.0,940,0
595.86,4/8(12/8),compress,9.465,4.594,0.000,6.516,50.110,42.0,1431,0
596.37,4/8(12/8),compress,8.016,4.323,0.000,6.516,50.110,42.0,1293,0
596.88,4/8(12/8),compress,7.975,4.203,0.000,6.459,50.110,42.0,1430,0
597.38,4/8(12/8),compress,7.972,4.139,0.000,6.459,50.110,42.0,1564,0
597.89,4/8(12/8),compress,7.959,4.101,0.000,6.459,50.110,42.0,1286,0
598.40,4/8(12/8),compress,7.969,4.072,0.000,6.459,50.110,42.0,1290,0
598.91,4/8(12/8),compress,7.974,4.013,0.000,6.456,50.100,43.0,1569,0
599.41,4/8(12/8),compress,7.968,4.014,0.000,6.456,50.100,43.0,1625,0
599.92,4/8(12/8),compress,5.526,2.594,0.000,6.456,50.100,39.0,751,0
600.42,4/8(12/8),gap,1.223,0.354,0.000,6.456,50.100,39.0,1368,0
600.93,4/8(12/8),gap,0.805,0.204,0.003,6.504,50.090,39.0,568,0
601.44,4/8(12/8),gap,0.542,0.041,0.002,6.504,50.090,39.0,596,0
601.95,4/8(12/8),gap,0.421,0.027,0.001,6.504,50.090,40.0,626,0
602.45,4/8(12/8),gap,0.878,0.300,0.000,6.504,50.090,40.0,1204,0
602.97,4/8(12/8),gap,0.493,0.062,0.000,6.504,50.090,39.0,667,0
603.47,4/8(12/8),gap,0.464,0.036,0.000,6.504,50.090,39.0,627,0
603.98,4/8(12/8),gap,0.986,0.214,0.000,6.514,50.090,39.0,1586,0
604.49,4/8(12/8),compress,9.604,4.763,0.000,6.514,50.090,39.0,1393,0
605.00,4/8(12/8),compress,7.969,4.368,0.000,6.514,50.090,42.0,1334,0
605.50,4/8(12/8),compress,7.970,4.185,0.002,6.514,50.090,42.0,1283,0
606.02,4/8(12/8),compress,7.966,4.161,0.000,6.459,50.090,43.0,1327,0
606.52,4/8(12/8),compress,7.960,4.185,0.002,6.459,50.090,43.0,1280,0
607.03,4/8(12/8),compress,7.972,4.134,0.000,6.459,50.090,43.0,1337,0
607.54,4/8(12/8),compress,7.873,3.964,0.000,6.459,50.090,43.0,1104,0
608.05,4/8(12/8),compress,7.508,3.701,0.000,6.456,50.080,43.0,1087,0
608.55,4/8(12/8),compress,6.765,2.520,0.000,6.456,50.080,43.0,898,0
609.06,4/8(12/8),compress,1.519,0.452,0.000,6.456,50.080,41.0,867,0
609.57,4/8(12/8),gap,0.746,0.239,0.000,6.456,50.080,41.0,677,0
610.08,4/8(12/8),gap,0.309,0.010,0.000,6.510,50.070,39.0,685,0
610.59,4/8(12/8),gap,0.400,0.026,0.000,6.510,50.070,39.0,772,0
611.10,4/8(12/8),gap,0.386,0.008,0.000,6.510,50.070,39.0,996,0
611.61,4/8(12/8),gap,0.932,0.276,0.001,6.510,50.070,39.0,1503,0
612.12,4/8(12/8),gap,0.660,0.072,0.000,6.508,50.070,39.0,983,0
612.63,4/8(12/8),gap,1.031,0.343,0.000,6.508,50.070,39.0,648,0
613.14,4/8(12/8),gap,6.777,3.026,0.000,6.508,50.070,43.0,1485,0
613.64,4/8(12/8),sustained40s,8.378,4.569,0.000,6.508,50.070,43.0,1360,0
614.15,4/8(12/8),sustained40s,7.983,4.288,0.000,6.508,50.070,43.0,1319,0
614.66,4/8(12/8),sustained40s,7.951,4.122,0.000,6.508,50.070,43.0,1335,0
615.17,4/8(12/8),sustained40s,7.972,4.076,0.000,6.456,50.060,43.0,1289,0
615.68,4/8(12/8),sustained40s,7.982,4.122,0.000,6.456,50.060,43.0,1367,0
616.19,4/8(12/8),sustained40s,7.959,4.083,0.000,6.456,50.060,43.0,1289,0
616.70,4/8(12/8),sustained40s,7.894,3.980,0.000,6.456,50.060,43.0,1255,0
617.21,4/8(12/8),sustained40s,5.553,2.578,0.000,6.455,50.060,44.0,959,0
617.71,4/8(12/8),sustained40s,3.398,1.359,0.000,6.455,50.060,44.0,1317,0
618.22,4/8(12/8),sustained40s,9.183,4.596,0.000,6.455,50.060,44.0,1474,0
618.73,4/8(12/8),sustained40s,7.957,4.543,0.000,6.455,50.060,44.0,1385,0
619.24,4/8(12/8),sustained40s,7.968,4.229,0.000,6.454,50.050,44.0,1277,0
619.75,4/8(12/8),sustained40s,7.975,4.154,0.000,6.454,50.050,44.0,1339,0
620.26,4/8(12/8),sustained40s,7.965,4.189,0.000,6.454,50.050,44.0,1345,0
620.76,4/8(12/8),sustained40s,7.964,4.138,0.000,6.454,50.050,44.0,1362,0
621.27,4/8(12/8),sustained40s,7.982,4.170,0.000,6.452,50.040,45.0,1363,0
621.78,4/8(12/8),sustained40s,7.938,4.143,0.000,6.452,50.040,45.0,1205,0
622.29,4/8(12/8),sustained40s,6.086,2.738,0.000,6.452,50.040,42.0,896,0
622.79,4/8(12/8),sustained40s,8.514,4.016,0.000,6.452,50.040,42.0,1488,0
623.30,4/8(12/8),sustained40s,8.074,4.487,0.000,6.452,50.030,45.0,1398,0
623.81,4/8(12/8),sustained40s,7.975,4.329,0.000,6.452,50.030,45.0,1342,0
624.32,4/8(12/8),sustained40s,7.965,4.318,0.000,6.452,50.030,45.0,1387,0
624.83,4/8(12/8),sustained40s,7.982,4.134,0.000,6.452,50.030,45.0,1384,0
625.34,4/8(12/8),sustained40s,7.957,4.067,0.000,6.452,50.030,45.0,1378,0
625.85,4/8(12/8),sustained40s,7.978,4.102,0.000,6.452,50.030,45.0,1333,0
626.36,4/8(12/8),sustained40s,7.348,3.671,0.000,6.450,50.030,45.0,1167,0
626.86,4/8(12/8),sustained40s,4.653,2.360,0.000,6.450,50.030,45.0,794,0
627.37,4/8(12/8),sustained40s,3.682,1.717,0.000,6.450,50.030,43.0,832,0
627.88,4/8(12/8),sustained40s,4.228,2.015,0.000,6.450,50.030,43.0,599,0
628.39,4/8(12/8),sustained40s,3.966,1.709,0.000,6.493,50.020,43.0,400,0
628.90,4/8(12/8),sustained40s,3.698,1.558,0.000,6.493,50.020,43.0,400,0
629.44,4/8(12/8),sustained40s,3.607,1.542,0.000,6.493,50.020,43.0,400,0
629.96,4/8(12/8),sustained40s,3.667,1.546,0.000,6.493,50.020,43.0,400,0
630.48,4/8(12/8),sustained40s,3.715,1.548,0.000,6.483,50.010,43.0,400,0
631.00,4/8(12/8),sustained40s,3.805,1.573,0.000,6.483,50.010,43.0,400,0
631.53,4/8(12/8),sustained40s,3.790,1.580,0.000,6.483,50.010,43.0,400,0
632.05,4/8(12/8),sustained40s,3.816,1.581,0.000,6.483,50.010,43.0,400,0
632.57,4/8(12/8),sustained40s,3.767,1.552,0.000,6.483,50.010,43.0,400,0
633.09,4/8(12/8),sustained40s,3.727,1.555,0.000,6.483,50.010,43.0,400,0
633.63,4/8(12/8),sustained40s,3.877,1.654,0.000,6.483,50.010,43.0,400,0
634.15,4/8(12/8),sustained40s,3.901,1.598,0.000,6.483,50.010,43.0,400,0
634.68,4/8(12/8),sustained40s,3.841,1.591,0.000,6.483,50.000,43.0,400,0
635.20,4/8(12/8),sustained40s,3.881,1.593,0.000,6.483,50.000,43.0,400,0
635.72,4/8(12/8),sustained40s,3.785,1.567,0.000,6.483,50.000,43.0,400,0
636.24,4/8(12/8),sustained40s,3.656,1.502,0.000,6.483,50.000,43.0,400,0
636.78,4/8(12/8),sustained40s,3.652,1.469,0.000,6.481,50.000,43.0,400,0
637.29,4/8(12/8),sustained40s,3.365,1.349,0.000,6.481,50.000,43.0,399,0
637.81,4/8(12/8),sustained40s,3.317,1.327,0.000,6.481,50.000,43.0,397,0
638.32,4/8(12/8),sustained40s,3.221,1.291,0.000,6.481,50.000,43.0,400,0
638.84,4/8(12/8),sustained40s,3.139,1.265,0.000,6.481,50.000,43.0,400,0
639.35,4/8(12/8),sustained40s,2.321,0.733,0.000,6.481,50.000,43.0,400,0
639.87,4/8(12/8),sustained40s,2.116,0.609,0.000,6.488,49.990,42.0,400,0
640.38,4/8(12/8),sustained40s,1.864,0.447,0.000,6.488,49.990,42.0,400,0
640.90,4/8(12/8),sustained40s,1.452,0.215,0.000,6.488,49.990,42.0,396,0
641.41,4/8(12/8),sustained40s,2.184,0.647,0.000,6.488,49.990,42.0,400,0
641.93,4/8(12/8),sustained40s,3.430,1.407,0.000,6.501,49.990,42.0,400,0
642.45,4/8(12/8),sustained40s,3.588,1.473,0.000,6.501,49.990,42.0,400,0
642.97,4/8(12/8),sustained40s,3.780,1.624,0.000,6.501,49.990,43.0,400,0
643.48,4/8(12/8),sustained40s,3.843,1.616,0.000,6.501,49.990,43.0,400,0
644.01,4/8(12/8),sustained40s,3.721,1.571,0.000,6.481,49.990,42.0,400,0
644.53,4/8(12/8),sustained40s,3.536,1.506,0.000,6.481,49.990,42.0,400,0
645.07,4/8(12/8),sustained40s,3.662,1.531,0.000,6.481,49.990,43.0,400,0
645.59,4/8(12/8),sustained40s,3.668,1.496,0.000,6.481,49.990,43.0,400,0
646.10,4/8(12/8),sustained40s,3.728,1.543,0.000,6.485,49.980,43.0,400,0
646.61,4/8(12/8),sustained40s,3.893,1.571,0.000,6.485,49.980,43.0,400,0
647.13,4/8(12/8),sustained40s,3.799,1.548,0.000,6.485,49.980,43.0,400,0
647.65,4/8(12/8),sustained40s,3.679,1.510,0.000,6.485,49.980,43.0,400,0
648.17,4/8(12/8),sustained40s,3.934,1.579,0.000,6.485,49.980,43.0,400,0
648.68,4/8(12/8),sustained40s,3.903,1.598,0.000,6.485,49.980,43.0,400,0
649.22,4/8(12/8),sustained40s,3.928,1.607,0.000,6.485,49.980,43.0,400,0
649.74,4/8(12/8),sustained40s,3.905,1.611,0.000,6.485,49.980,43.0,400,0
650.28,4/8(12/8),sustained40s,3.889,1.549,0.000,6.484,49.970,43.0,400,0
650.79,4/8(12/8),sustained40s,3.561,1.448,0.000,6.484,49.970,43.0,400,0
651.31,4/8(12/8),sustained40s,3.608,1.471,0.000,6.484,49.970,43.0,400,0
651.82,4/8(12/8),sustained40s,3.556,1.416,0.000,6.484,49.970,43.0,400,0
652.34,4/8(12/8),sustained40s,3.320,1.307,0.000,6.485,49.970,43.0,400,0
652.85,4/8(12/8),sustained40s,3.558,1.501,0.000,6.485,49.970,43.0,399,0
653.37,4/8(12/8),sustained40s,2.534,0.857,0.000,6.485,49.970,43.0,534,0
653.88,4/8(12/8),sustained40s,2.737,1.030,0.000,6.485,49.970,43.0,608,0
654.40,4/8(12/8),sustained40s,1.306,0.385,0.000,6.485,49.970,41.0,883,0
654.91,4/8(12/8),end,0.924,0.272,0.000,6.485,49.970,41.0,1075,0
655.42,4/8(12/8),end,0.371,0.015,0.000,6.502,49.960,41.0,1117,0
655.92,4/8(12/8),end,0.393,0.017,0.000,6.502,49.960,41.0,943,0
656.43,4/8(12/8),end,0.312,0.011,0.000,6.502,49.960,41.0,654,0
656.94,4/8(12/8),end,0.615,0.019,0.000,6.502,49.960,41.0,609,0
657.45,4/8(12/8),end,0.361,0.014,0.000,6.508,49.960,41.0,655,0
657.96,4/8(12/8),end,0.399,0.017,0.000,6.508,49.960,41.0,730,0
658.47,4/8(12/8),end,0.506,0.023,0.000,6.508,49.960,41.0,595,0
658.97,4/8(12/8),end,0.498,0.028,0.000,6.508,49.960,41.0,667,0
659.48,4/8(12/8),end,0.382,0.010,0.000,6.508,49.960,41.0,682,0
659.99,4/8(12/8),end,0.453,0.035,0.000,6.508,49.960,41.0,561,0
660.50,4/8(12/8),end,0.360,0.015,0.000,6.508,49.960,41.0,647,0
661.00,4/8(12/8),end,0.385,0.019,0.000,6.508,49.960,41.0,749,0
661.51,4/8(12/8),end,0.384,0.016,0.000,6.508,49.960,40.0,669,0
662.02,4/8(12/8),end,0.362,0.016,0.000,6.508,49.960,40.0,992,0
662.53,4/8(12/8),end,1.183,0.456,0.000,6.508,49.960,41.0,1144,0
663.03,cool,wait,1.040,0.207,0.000,6.508,49.960,41.0,664,0
663.54,cool,wait,0.407,0.017,0.000,6.509,49.950,40.0,650,0
664.05,cool,wait,0.504,0.023,0.000,6.509,49.950,40.0,586,0
664.56,cool,wait,0.549,0.023,0.000,6.509,49.950,40.0,642,0
665.07,cool,wait,0.412,0.020,0.000,6.509,49.950,40.0,659,0
665.58,cool,wait,0.376,0.016,0.000,6.509,49.950,40.0,680,0
666.09,cool,wait,0.355,0.014,0.000,6.509,49.950,40.0,667,0
666.60,cool,wait,0.312,0.008,0.000,6.511,49.950,40.0,647,0
667.10,cool,wait,0.326,0.015,0.000,6.511,49.950,40.0,633,0
667.61,cool,wait,0.861,0.148,0.000,6.511,49.950,40.0,745,0
668.12,cool,wait,0.382,0.013,0.000,6.511,49.950,40.0,638,0
668.63,cool,wait,0.622,0.092,0.000,6.506,49.950,40.0,740,0
669.13,5/8(12/8),idle,0.981,0.326,0.000,6.506,49.950,40.0,631,0
669.65,5/8(12/8),idle,0.378,0.020,0.000,6.506,49.950,40.0,1088,0
670.15,5/8(12/8),idle,0.497,0.021,0.000,6.506,49.950,40.0,983,0
670.66,5/8(12/8),idle,0.405,0.018,0.000,6.510,49.950,40.0,765,0
671.17,5/8(12/8),idle,0.338,0.013,0.000,6.510,49.950,40.0,1026,0
671.68,5/8(12/8),idle,0.427,0.020,0.000,6.510,49.950,40.0,1074,0
672.18,5/8(12/8),idle,0.390,0.021,0.000,6.510,49.950,40.0,587,0
672.69,5/8(12/8),idle,0.985,0.324,0.000,6.512,49.940,40.0,576,0
673.20,5/8(12/8),idle,0.379,0.024,0.000,6.512,49.940,40.0,629,0
673.71,5/8(12/8),idle,0.974,0.237,0.001,6.512,49.940,40.0,768,0
674.22,5/8(12/8),idle,0.376,0.021,0.000,6.512,49.940,40.0,938,0
674.73,5/8(12/8),idle,0.530,0.016,0.000,6.512,49.940,40.0,623,0
675.23,5/8(12/8),idle,0.471,0.020,0.000,6.512,49.940,40.0,666,0
675.74,5/8(12/8),idle,0.405,0.027,0.000,6.512,49.940,39.0,621,0
676.25,5/8(12/8),idle,0.438,0.032,0.000,6.512,49.940,39.0,610,0
676.76,5/8(12/8),idle,0.386,0.020,0.000,6.512,49.940,39.0,759,0
677.27,5/8(12/8),idle,0.399,0.025,0.000,6.512,49.940,39.0,678,0
677.78,5/8(12/8),idle,0.314,0.010,0.000,6.511,49.940,39.0,710,0
678.29,5/8(12/8),idle,0.384,0.020,0.000,6.511,49.940,39.0,800,0
678.80,5/8(12/8),idle,0.347,0.017,0.000,6.511,49.940,39.0,624,0
679.30,5/8(12/8),idle,0.409,0.019,0.000,6.511,49.940,39.0,904,0
679.81,5/8(12/8),idle,0.513,0.025,0.000,6.512,49.940,39.0,664,0
680.32,5/8(12/8),idle,0.408,0.015,0.000,6.512,49.940,39.0,830,0
680.83,5/8(12/8),idle,0.468,0.010,0.000,6.512,49.940,39.0,734,0
681.33,5/8(12/8),idle,0.328,0.012,0.000,6.512,49.940,39.0,575,0
681.84,5/8(12/8),idle,0.394,0.014,0.000,6.512,49.930,39.0,666,0
682.35,5/8(12/8),idle,0.362,0.031,0.000,6.512,49.930,39.0,971,0
682.86,5/8(12/8),idle,1.076,0.340,0.000,6.512,49.930,39.0,682,0
683.36,5/8(12/8),idle,0.968,0.247,0.000,6.512,49.930,39.0,848,0
683.87,5/8(12/8),pdf_render,1.935,0.888,0.000,6.510,49.930,41.0,800,0
684.38,5/8(12/8),pdf_render,1.698,0.761,0.000,6.510,49.930,41.0,920,0
684.89,5/8(12/8),pdf_render,1.772,0.817,0.000,6.510,49.930,40.0,815,0
685.39,5/8(12/8),pdf_render,1.729,0.825,0.000,6.510,49.930,40.0,953,0
685.90,5/8(12/8),pdf_render,1.824,0.823,0.000,6.496,49.930,40.0,868,0
686.40,5/8(12/8),pdf_render,1.761,0.849,0.000,6.496,49.930,40.0,811,0
686.91,5/8(12/8),pdf_render,1.780,0.878,0.000,6.496,49.930,40.0,919,0
687.42,5/8(12/8),pdf_render,1.794,0.879,0.000,6.496,49.930,40.0,1223,0
687.93,5/8(12/8),pdf_render,1.771,0.865,0.000,6.496,49.930,40.0,800,0
688.43,5/8(12/8),pdf_render,1.912,0.901,0.000,6.496,49.930,40.0,888,0
688.94,5/8(12/8),pdf_render,1.998,1.088,0.000,6.498,49.930,40.0,1113,0
689.45,5/8(12/8),pdf_render,1.832,0.921,0.000,6.498,49.930,40.0,1071,0
689.95,5/8(12/8),pdf_render,1.764,0.866,0.000,6.498,49.930,40.0,924,0
690.46,5/8(12/8),pdf_render,1.724,0.823,0.000,6.498,49.930,40.0,940,0
690.97,5/8(12/8),pdf_render,1.726,0.828,0.000,6.502,49.920,40.0,958,0
691.47,5/8(12/8),pdf_render,2.074,1.045,0.000,6.502,49.920,40.0,892,0
691.98,5/8(12/8),pdf_render,1.779,0.861,0.000,6.502,49.920,40.0,965,0
692.49,5/8(12/8),pdf_render,2.218,1.120,0.000,6.502,49.920,40.0,1551,0
693.00,5/8(12/8),pdf_render,1.717,0.797,0.000,6.498,49.920,40.0,1175,0
693.50,5/8(12/8),pdf_render,1.748,0.838,0.000,6.498,49.920,40.0,914,0
694.01,5/8(12/8),pdf_render,1.759,0.858,0.000,6.498,49.920,40.0,1087,0
694.51,5/8(12/8),pdf_render,1.792,0.866,0.000,6.498,49.920,40.0,958,0
695.02,5/8(12/8),pdf_render,1.763,0.862,0.000,6.496,49.920,40.0,1120,0
695.53,5/8(12/8),pdf_render,1.746,0.843,0.000,6.496,49.920,40.0,1026,0
696.04,5/8(12/8),pdf_render,1.761,0.868,0.000,6.496,49.920,40.0,1096,0
696.54,5/8(12/8),pdf_render,1.912,0.896,0.000,6.496,49.920,40.0,932,0
697.05,5/8(12/8),pdf_render,1.785,0.875,0.000,6.500,49.910,40.0,954,0
697.55,5/8(12/8),pdf_render,1.779,0.853,0.000,6.500,49.910,40.0,933,0
698.06,5/8(12/8),pdf_render,1.797,0.900,0.000,6.500,49.910,40.0,955,0
698.57,5/8(12/8),pdf_render,0.804,0.243,0.000,6.500,49.910,40.0,635,0
699.08,5/8(12/8),gap,0.924,0.287,0.000,6.500,49.910,39.0,936,0
699.58,5/8(12/8),gap,0.354,0.012,0.000,6.500,49.910,39.0,421,0
700.09,5/8(12/8),gap,0.398,0.027,0.000,6.503,49.910,39.0,859,0
700.60,5/8(12/8),gap,0.345,0.012,0.000,6.503,49.910,39.0,661,0
701.11,5/8(12/8),gap,0.304,0.011,0.000,6.503,49.910,39.0,628,0
701.61,5/8(12/8),gap,0.334,0.013,0.000,6.503,49.910,39.0,683,0
702.12,5/8(12/8),gap,0.523,0.018,0.000,6.512,49.910,38.0,679,0
702.63,5/8(12/8),gap,2.022,0.993,0.000,6.512,49.910,38.0,818,0
703.14,5/8(12/8),pdf_render,1.823,0.859,0.000,6.512,49.910,39.0,754,0
703.64,5/8(12/8),pdf_render,1.682,0.769,0.000,6.512,49.910,39.0,902,0
704.15,5/8(12/8),pdf_render,1.708,0.798,0.000,6.502,49.900,39.0,1080,0
704.66,5/8(12/8),pdf_render,1.723,0.808,0.000,6.502,49.900,39.0,858,0
705.17,5/8(12/8),pdf_render,1.743,0.837,0.000,6.502,49.900,39.0,944,0
705.67,5/8(12/8),pdf_render,1.713,0.810,0.000,6.502,49.900,39.0,983,0
706.18,5/8(12/8),pdf_render,1.822,0.899,0.000,6.500,49.900,40.0,1005,0
706.69,5/8(12/8),pdf_render,1.792,0.878,0.000,6.500,49.900,40.0,987,0
707.20,5/8(12/8),pdf_render,1.799,0.893,0.000,6.500,49.900,39.0,907,0
707.70,5/8(12/8),pdf_render,2.084,1.071,0.000,6.500,49.900,39.0,898,0
708.21,5/8(12/8),pdf_render,1.866,0.941,0.000,6.500,49.900,39.0,819,0
708.72,5/8(12/8),pdf_render,1.795,0.873,0.000,6.500,49.900,39.0,787,0
709.23,5/8(12/8),pdf_render,1.859,0.954,0.000,6.500,49.900,40.0,987,0
709.73,5/8(12/8),pdf_render,1.780,0.853,0.000,6.500,49.900,40.0,966,0
710.24,5/8(12/8),pdf_render,1.863,0.959,0.000,6.500,49.900,39.0,961,0
710.75,5/8(12/8),pdf_render,1.755,0.850,0.000,6.500,49.900,39.0,964,0
711.26,5/8(12/8),pdf_render,1.786,0.882,0.000,6.496,49.900,40.0,921,0
711.76,5/8(12/8),pdf_render,1.797,0.889,0.000,6.496,49.900,40.0,969,0
712.27,5/8(12/8),pdf_render,1.862,0.959,0.000,6.496,49.900,39.0,944,0
712.77,5/8(12/8),pdf_render,2.209,1.051,0.000,6.496,49.900,39.0,915,0
713.28,5/8(12/8),pdf_render,1.812,0.819,0.000,6.499,49.890,39.0,938,0
713.79,5/8(12/8),pdf_render,1.809,0.857,0.000,6.499,49.890,39.0,958,0
714.30,5/8(12/8),pdf_render,1.880,0.927,0.000,6.499,49.890,39.0,922,0
714.80,5/8(12/8),pdf_render,1.732,0.841,0.000,6.499,49.890,39.0,923,0
715.31,5/8(12/8),pdf_render,1.747,0.853,0.000,6.499,49.890,39.0,850,0
715.82,5/8(12/8),pdf_render,1.749,0.850,0.000,6.499,49.890,39.0,856,0
716.33,5/8(12/8),pdf_render,1.830,0.870,0.000,6.499,49.890,39.0,930,0
716.83,5/8(12/8),pdf_render,1.737,0.840,0.000,6.499,49.890,39.0,1164,0
717.34,5/8(12/8),pdf_render,1.371,0.618,0.000,6.499,49.880,39.0,670,0
717.85,5/8(12/8),gap,0.899,0.297,0.000,6.499,49.880,39.0,798,0
718.36,5/8(12/8),gap,0.350,0.021,0.000,6.499,49.880,38.0,957,0
718.86,5/8(12/8),gap,0.532,0.021,0.000,6.499,49.880,38.0,695,0
719.37,5/8(12/8),gap,0.329,0.011,0.000,6.509,49.880,38.0,913,0
719.88,5/8(12/8),gap,0.394,0.028,0.000,6.509,49.880,38.0,1330,0
720.39,5/8(12/8),gap,0.290,0.009,0.000,6.509,49.880,38.0,1365,0
720.89,5/8(12/8),gap,0.326,0.012,0.000,6.509,49.880,38.0,870,0
721.40,5/8(12/8),gap,1.010,0.316,0.000,6.509,49.880,39.0,1556,0
721.91,5/8(12/8),office,2.398,1.157,0.000,6.509,49.880,39.0,673,0
722.42,5/8(12/8),office,2.238,0.997,0.000,6.508,49.880,40.0,1380,0
722.92,5/8(12/8),office,2.387,1.166,0.000,6.508,49.880,40.0,1030,0
723.43,5/8(12/8),office,2.335,1.211,0.000,6.508,49.880,40.0,1002,0
723.93,5/8(12/8),office,1.438,0.506,0.000,6.508,49.880,40.0,942,0
724.44,5/8(12/8),gap,1.238,0.453,0.000,6.496,49.880,38.0,862,0
724.95,5/8(12/8),gap,0.502,0.025,0.000,6.496,49.880,38.0,929,0
725.46,5/8(12/8),gap,0.392,0.033,0.000,6.496,49.880,38.0,827,0
725.97,5/8(12/8),gap,0.332,0.012,0.000,6.496,49.880,38.0,857,0
726.48,5/8(12/8),gap,0.367,0.017,0.000,6.510,49.870,38.0,581,0
726.99,5/8(12/8),gap,0.394,0.023,0.000,6.510,49.870,38.0,1308,0
727.50,5/8(12/8),gap,0.535,0.051,0.000,6.510,49.870,38.0,567,0
728.00,5/8(12/8),gap,1.397,0.521,0.000,6.510,49.870,38.0,1400,0
728.51,5/8(12/8),office,2.448,1.002,0.000,6.504,49.870,39.0,1088,0
729.02,5/8(12/8),office,2.103,0.882,0.000,6.504,49.870,39.0,1204,0
729.52,5/8(12/8),office,2.429,1.152,0.000,6.504,49.870,41.0,660,0
730.03,5/8(12/8),office,2.333,1.171,0.000,6.504,49.870,41.0,711,0
730.54,5/8(12/8),office,1.080,0.262,0.000,6.496,49.870,38.0,775,0
731.04,5/8(12/8),gap,0.920,0.291,0.000,6.496,49.870,38.0,874,0
731.55,5/8(12/8),gap,0.522,0.046,0.000,6.496,49.870,38.0,569,0
732.06,5/8(12/8),gap,0.352,0.019,0.000,6.496,49.870,38.0,687,0
732.57,5/8(12/8),gap,1.080,0.362,0.000,6.496,49.870,38.0,639,0
733.07,5/8(12/8),gap,0.419,0.016,0.000,6.496,49.870,38.0,539,0
733.58,5/8(12/8),gap,0.794,0.099,0.000,6.511,49.860,38.0,727,0
734.09,5/8(12/8),gap,0.303,0.012,0.000,6.511,49.860,38.0,1088,0
734.60,5/8(12/8),gap,2.233,1.030,0.000,6.511,49.860,41.0,665,0
735.10,5/8(12/8),python,2.720,1.360,0.000,6.511,49.860,41.0,669,0
735.61,5/8(12/8),python,2.944,1.607,0.000,6.496,49.860,41.0,1538,0
736.12,5/8(12/8),python,2.192,0.868,0.000,6.496,49.860,41.0,512,0
736.62,5/8(12/8),python,2.031,0.602,0.000,6.496,49.860,40.0,639,0
737.13,5/8(12/8),python,1.739,0.317,0.000,6.496,49.860,40.0,1566,0
737.64,5/8(12/8),gap,1.061,0.420,0.000,6.497,49.860,38.0,554,0
738.14,5/8(12/8),gap,0.437,0.032,0.000,6.497,49.860,38.0,1097,0
738.65,5/8(12/8),gap,0.410,0.017,0.000,6.497,49.860,38.0,666,0
739.16,5/8(12/8),gap,0.399,0.029,0.000,6.497,49.860,38.0,644,0
739.67,5/8(12/8),gap,0.568,0.022,0.000,6.511,49.860,38.0,776,0
740.17,5/8(12/8),gap,0.532,0.061,0.000,6.511,49.860,38.0,657,0
740.68,5/8(12/8),gap,0.408,0.028,0.000,6.511,49.860,38.0,996,0
741.19,5/8(12/8),gap,1.194,0.453,0.000,6.511,49.860,38.0,703,0
741.70,5/8(12/8),python,3.074,1.680,0.000,6.492,49.850,41.0,944,0
742.20,5/8(12/8),python,2.872,1.540,0.000,6.492,49.850,41.0,703,0
742.71,5/8(12/8),python,3.013,1.422,0.000,6.492,49.850,40.0,622,0
743.21,5/8(12/8),python,1.887,0.546,0.000,6.492,49.850,40.0,1419,0
743.72,5/8(12/8),python,2.231,0.444,0.000,6.492,49.850,38.0,575,0
744.22,5/8(12/8),gap,1.118,0.390,0.000,6.492,49.850,38.0,691,0
744.74,5/8(12/8),gap,0.604,0.046,0.000,6.488,49.850,38.0,725,0
745.24,5/8(12/8),gap,0.649,0.081,0.000,6.488,49.850,38.0,665,0
745.75,5/8(12/8),gap,0.427,0.019,0.000,6.488,49.850,38.0,660,0
746.26,5/8(12/8),gap,0.489,0.024,0.000,6.488,49.850,38.0,656,0
746.77,5/8(12/8),gap,0.366,0.012,0.000,6.510,49.850,38.0,647,0
747.27,5/8(12/8),gap,0.609,0.064,0.000,6.510,49.850,38.0,907,0
747.78,5/8(12/8),gap,1.339,0.305,0.000,6.510,49.850,39.0,1631,0
748.29,5/8(12/8),compress,9.755,4.652,0.000,6.510,49.850,39.0,1391,0
748.80,5/8(12/8),compress,7.968,4.283,0.000,6.452,49.840,42.0,1290,0
749.30,5/8(12/8),compress,7.966,4.170,0.000,6.452,49.840,42.0,1327,0
749.81,5/8(12/8),compress,7.972,4.150,0.000,6.452,49.840,42.0,1297,0
750.32,5/8(12/8),compress,7.969,4.071,0.000,6.452,49.840,42.0,1276,0
750.83,5/8(12/8),compress,7.961,4.098,0.000,6.453,49.840,42.0,1370,0
751.34,5/8(12/8),compress,7.965,4.085,0.000,6.453,49.840,42.0,1480,0
751.84,5/8(12/8),compress,7.518,3.740,0.000,6.453,49.840,43.0,1029,0
752.35,5/8(12/8),compress,6.734,2.604,0.000,6.453,49.840,43.0,1959,0
752.86,5/8(12/8),compress,1.513,0.486,0.000,6.471,49.830,39.0,653,0
753.36,5/8(12/8),gap,1.230,0.325,0.000,6.471,49.830,39.0,787,0
753.87,5/8(12/8),gap,0.400,0.017,0.000,6.471,49.830,39.0,563,0
754.38,5/8(12/8),gap,0.581,0.064,0.000,6.471,49.830,39.0,1121,0
754.89,5/8(12/8),gap,0.569,0.030,0.000,6.471,49.830,39.0,1110,0
755.39,5/8(12/8),gap,0.556,0.026,0.000,6.471,49.830,39.0,790,0
755.90,5/8(12/8),gap,0.366,0.015,0.000,6.503,49.820,38.0,714,0
756.41,5/8(12/8),gap,0.542,0.044,0.000,6.503,49.820,38.0,630,0
756.92,5/8(12/8),gap,7.928,3.735,0.000,6.503,49.820,42.0,1485,0
757.42,5/8(12/8),compress,8.061,4.530,0.000,6.503,49.820,42.0,1433,0
757.93,5/8(12/8),compress,7.967,4.313,0.000,6.447,49.820,42.0,1339,0
758.44,5/8(12/8),compress,7.971,4.203,0.000,6.447,49.820,42.0,1338,0
758.95,5/8(12/8),compress,7.967,4.164,0.000,6.447,49.820,43.0,1384,0
759.45,5/8(12/8),compress,7.969,4.138,0.000,6.447,49.820,43.0,1276,0
759.96,5/8(12/8),compress,7.969,3.996,0.000,6.451,49.810,43.0,1429,0
760.47,5/8(12/8),compress,7.545,3.759,0.000,6.451,49.810,43.0,974,0
760.98,5/8(12/8),compress,7.023,2.743,0.000,6.451,49.810,43.0,909,0
761.49,5/8(12/8),compress,3.289,1.020,0.000,6.451,49.810,43.0,828,0
761.99,5/8(12/8),gap,1.141,0.378,0.000,6.474,49.810,40.0,657,0
762.50,5/8(12/8),gap,0.960,0.329,0.000,6.474,49.810,40.0,1205,0
763.02,5/8(12/8),gap,0.368,0.011,0.000,6.474,49.810,39.0,1130,0
763.52,5/8(12/8),gap,0.403,0.023,0.000,6.474,49.810,39.0,696,0
764.03,5/8(12/8),gap,0.436,0.008,0.000,6.504,49.800,39.0,913,0
764.54,5/8(12/8),gap,0.318,0.010,0.000,6.504,49.800,39.0,778,0
765.05,5/8(12/8),gap,0.472,0.009,0.000,6.504,49.800,39.0,741,0
765.56,5/8(12/8),gap,3.525,1.410,0.000,6.504,49.800,39.0,1571,0
766.07,5/8(12/8),sustained40s,8.995,4.792,0.000,6.504,49.800,43.0,1383,0
766.58,5/8(12/8),sustained40s,7.967,4.426,0.000,6.504,49.800,43.0,1391,0
767.09,5/8(12/8),sustained40s,7.968,4.226,0.000,6.440,49.800,43.0,1378,0
767.60,5/8(12/8),sustained40s,7.975,4.146,0.000,6.440,49.800,43.0,1258,0
768.11,5/8(12/8),sustained40s,7.966,4.096,0.000,6.440,49.800,43.0,1278,0
768.62,5/8(12/8),sustained40s,7.968,4.099,0.000,6.440,49.800,43.0,1329,0
769.12,5/8(12/8),sustained40s,7.820,3.955,0.000,6.447,49.790,43.0,1200,0
769.63,5/8(12/8),sustained40s,7.102,3.002,0.000,6.447,49.790,43.0,1264,0
770.14,5/8(12/8),sustained40s,6.848,2.263,0.000,6.447,49.790,43.0,1750,0
770.65,5/8(12/8),sustained40s,8.443,4.070,0.000,6.447,49.790,43.0,1472,0
771.16,5/8(12/8),sustained40s,7.961,4.539,0.000,6.451,49.790,44.0,1443,0
771.66,5/8(12/8),sustained40s,7.982,4.305,0.000,6.451,49.790,44.0,1298,0
772.17,5/8(12/8),sustained40s,7.957,4.109,0.000,6.451,49.790,44.0,1328,0
772.68,5/8(12/8),sustained40s,7.983,4.195,0.000,6.451,49.790,44.0,1298,0
773.19,5/8(12/8),sustained40s,7.962,4.109,0.000,6.446,49.780,44.0,1278,0
773.70,5/8(12/8),sustained40s,7.966,4.080,0.000,6.446,49.780,44.0,1438,0
774.21,5/8(12/8),sustained40s,7.919,3.990,0.000,6.446,49.780,45.0,1118,0
774.71,5/8(12/8),sustained40s,7.049,3.411,0.000,6.446,49.780,45.0,1019,0
775.22,5/8(12/8),sustained40s,7.287,3.308,0.000,6.449,49.770,45.0,1639,0
775.73,5/8(12/8),sustained40s,8.070,4.584,0.000,6.449,49.770,45.0,1436,0
776.23,5/8(12/8),sustained40s,7.984,4.393,0.000,6.449,49.770,45.0,1330,0
776.74,5/8(12/8),sustained40s,7.956,4.101,0.000,6.449,49.770,45.0,1273,0
777.25,5/8(12/8),sustained40s,7.980,4.148,0.000,6.444,49.760,45.0,1257,0
777.76,5/8(12/8),sustained40s,7.963,4.112,0.000,6.444,49.760,45.0,1195,0
778.27,5/8(12/8),sustained40s,7.972,4.080,0.000,6.444,49.760,45.0,1320,0
778.77,5/8(12/8),sustained40s,7.853,3.968,0.000,6.444,49.760,45.0,1070,0
779.28,5/8(12/8),sustained40s,7.157,3.098,0.000,6.444,49.760,45.0,890,0
779.79,5/8(12/8),sustained40s,3.997,1.403,0.000,6.444,49.760,45.0,1243,0
780.30,5/8(12/8),sustained40s,9.534,4.695,0.000,6.445,49.750,45.0,1392,0
780.80,5/8(12/8),sustained40s,7.962,4.404,0.000,6.445,49.750,45.0,1331,0
781.32,5/8(12/8),sustained40s,7.972,4.242,0.000,6.445,49.750,45.0,1389,0
781.82,5/8(12/8),sustained40s,7.963,4.293,0.000,6.445,49.750,45.0,1283,0
782.33,5/8(12/8),sustained40s,7.976,4.098,0.000,6.443,49.750,45.0,1275,0
782.83,5/8(12/8),sustained40s,7.974,4.128,0.000,6.443,49.750,45.0,1281,0
783.35,5/8(12/8),sustained40s,7.962,4.052,0.000,6.443,49.750,46.0,1294,0
783.85,5/8(12/8),sustained40s,7.953,3.961,0.000,6.443,49.750,46.0,1328,0
784.36,5/8(12/8),sustained40s,6.535,2.592,0.000,6.441,49.740,46.0,1221,0
784.86,5/8(12/8),sustained40s,7.804,3.435,0.000,6.441,49.740,46.0,1671,0
785.37,5/8(12/8),sustained40s,8.173,4.613,0.000,6.441,49.740,46.0,1443,0
785.88,5/8(12/8),sustained40s,7.968,4.415,0.000,6.441,49.740,46.0,1387,0
786.39,5/8(12/8),sustained40s,7.975,4.140,0.000,6.443,49.730,46.0,1293,0
786.89,5/8(12/8),sustained40s,7.970,4.110,0.000,6.443,49.730,46.0,1277,0
787.41,5/8(12/8),sustained40s,7.971,4.124,0.000,6.443,49.730,46.0,1315,0
787.91,5/8(12/8),sustained40s,7.950,4.084,0.000,6.443,49.730,46.0,1276,0
788.42,5/8(12/8),sustained40s,6.940,3.600,0.000,6.452,49.720,46.0,1238,0
788.93,5/8(12/8),sustained40s,5.823,3.076,0.000,6.452,49.720,46.0,935,0
789.44,5/8(12/8),sustained40s,3.589,1.608,0.000,6.452,49.720,44.0,701,0
789.94,5/8(12/8),sustained40s,3.924,1.891,0.000,6.452,49.720,44.0,1093,0
790.46,5/8(12/8),sustained40s,5.317,2.698,0.000,6.452,49.720,45.0,589,0
790.96,5/8(12/8),sustained40s,4.124,1.865,0.000,6.452,49.720,45.0,445,0
791.49,5/8(12/8),sustained40s,3.892,1.675,0.000,6.461,49.720,44.0,412,0
792.01,5/8(12/8),sustained40s,3.797,1.620,0.000,6.461,49.720,44.0,440,0
792.54,5/8(12/8),sustained40s,3.933,1.662,0.000,6.461,49.720,44.0,400,0
793.06,5/8(12/8),sustained40s,3.909,1.668,0.000,6.461,49.720,44.0,447,0
793.59,5/8(12/8),sustained40s,4.008,1.724,0.000,6.464,49.710,44.0,446,0
794.11,5/8(12/8),sustained40s,4.013,1.754,0.000,6.464,49.710,44.0,447,0
794.64,5/8(12/8),sustained40s,3.988,1.733,0.000,6.464,49.710,44.0,443,0
795.15,5/8(12/8),sustained40s,4.128,1.864,0.000,6.464,49.710,44.0,497,0
795.68,5/8(12/8),sustained40s,4.298,1.866,0.000,6.472,49.700,44.0,444,0
796.19,5/8(12/8),sustained40s,4.255,1.844,0.000,6.472,49.700,44.0,460,0
796.71,5/8(12/8),sustained40s,4.253,1.856,0.000,6.472,49.700,44.0,495,0
797.24,5/8(12/8),sustained40s,4.177,1.857,0.000,6.472,49.700,44.0,531,0
797.75,5/8(12/8),sustained40s,4.385,2.014,0.000,6.472,49.700,45.0,585,0
798.26,5/8(12/8),sustained40s,4.363,2.007,0.000,6.472,49.700,45.0,577,0
798.78,5/8(12/8),sustained40s,4.300,2.000,0.000,6.472,49.700,45.0,636,0
799.29,5/8(12/8),sustained40s,3.806,1.735,0.000,6.472,49.700,45.0,694,0
799.81,5/8(12/8),sustained40s,2.538,1.009,0.000,6.477,49.700,44.0,842,0
800.31,5/8(12/8),sustained40s,4.763,2.468,0.000,6.477,49.700,44.0,1417,0
800.83,5/8(12/8),sustained40s,6.748,3.720,0.000,6.477,49.700,45.0,844,0
801.33,5/8(12/8),sustained40s,5.300,2.661,0.000,6.477,49.700,45.0,661,0
801.85,5/8(12/8),sustained40s,4.757,2.295,0.000,6.466,49.690,44.0,596,0
802.36,5/8(12/8),sustained40s,4.716,2.235,0.000,6.466,49.690,44.0,594,0
802.89,5/8(12/8),sustained40s,4.665,2.261,0.000,6.466,49.690,44.0,596,0
803.41,5/8(12/8),sustained40s,4.561,2.179,0.000,6.466,49.690,44.0,600,0
803.94,5/8(12/8),sustained40s,4.496,2.145,0.000,6.466,49.690,45.0,693,0
804.45,5/8(12/8),sustained40s,5.082,2.329,0.000,6.466,49.690,45.0,597,0
804.96,5/8(12/8),sustained40s,4.724,2.147,0.000,6.467,49.690,45.0,591,0
805.48,5/8(12/8),sustained40s,4.716,2.152,0.000,6.467,49.690,45.0,593,0
806.00,5/8(12/8),sustained40s,4.707,2.161,0.000,6.467,49.690,45.0,574,0
806.51,5/8(12/8),sustained40s,4.508,2.119,0.000,6.467,49.690,45.0,637,0
807.03,5/8(12/8),sustained40s,4.615,2.217,0.000,6.466,49.680,45.0,681,0
807.54,5/8(12/8),sustained40s,4.110,1.923,0.000,6.466,49.680,45.0,709,0
808.05,5/8(12/8),sustained40s,3.105,1.322,0.000,6.466,49.680,44.0,1086,0
808.56,5/8(12/8),sustained40s,0.623,0.125,0.001,6.466,49.680,44.0,848,0
809.07,5/8(12/8),end,1.060,0.335,0.000,6.485,49.670,43.0,713,0
809.58,5/8(12/8),end,0.410,0.022,0.000,6.485,49.670,43.0,661,0
810.09,5/8(12/8),end,0.383,0.019,0.000,6.485,49.670,42.0,683,0
810.60,5/8(12/8),end,0.527,0.021,0.000,6.485,49.670,42.0,702,0
811.11,5/8(12/8),end,0.541,0.024,0.000,6.494,49.670,43.0,696,0
811.62,5/8(12/8),end,0.443,0.024,0.000,6.494,49.670,43.0,975,0
812.13,5/8(12/8),end,0.414,0.021,0.000,6.494,49.670,42.0,675,0
812.64,5/8(12/8),end,0.989,0.320,0.000,6.494,49.670,42.0,1082,0
813.15,5/8(12/8),end,0.416,0.024,0.000,6.496,49.670,42.0,663,0
813.66,5/8(12/8),end,0.371,0.017,0.000,6.496,49.670,42.0,650,0
814.17,5/8(12/8),end,0.333,0.019,0.000,6.496,49.670,42.0,669,0
814.68,5/8(12/8),end,0.512,0.016,0.000,6.496,49.670,42.0,767,0
815.19,5/8(12/8),end,0.397,0.020,0.000,6.500,49.670,42.0,693,0
815.70,5/8(12/8),end,0.408,0.027,0.000,6.500,49.670,42.0,742,0
816.21,5/8(12/8),end,0.520,0.030,0.000,6.500,49.670,42.0,670,0
816.72,cool,wait,1.076,0.400,0.000,6.500,49.670,42.0,811,0
817.23,cool,wait,0.396,0.032,0.000,6.500,49.670,42.0,707,0
817.74,cool,wait,0.417,0.020,0.000,6.500,49.670,42.0,1307,0
818.25,cool,wait,0.376,0.021,0.000,6.497,49.660,42.0,815,0
818.76,cool,wait,0.403,0.023,0.000,6.497,49.660,42.0,694,0
819.27,cool,wait,0.418,0.030,0.000,6.497,49.660,42.0,1116,0
819.78,cool,wait,0.469,0.028,0.000,6.497,49.660,42.0,1387,0
820.29,cool,wait,0.569,0.046,0.000,6.501,49.660,42.0,776,0
820.80,cool,wait,0.729,0.018,0.000,6.501,49.660,42.0,737,0
821.31,cool,wait,0.397,0.016,0.000,6.501,49.660,41.0,873,0
821.82,cool,wait,0.460,0.016,0.000,6.501,49.660,41.0,1017,0
822.33,cool,wait,0.361,0.014,0.000,6.499,49.660,41.0,926,0
822.84,cool,wait,1.028,0.334,0.000,6.499,49.660,41.0,618,0
823.35,cool,wait,0.331,0.013,0.000,6.499,49.660,41.0,1099,0
823.86,cool,wait,0.411,0.020,0.000,6.499,49.660,41.0,692,0
824.37,cool,wait,0.391,0.015,0.000,6.501,49.660,41.0,548,0
824.88,cool,wait,0.341,0.017,0.000,6.501,49.660,41.0,651,0
825.38,cool,wait,0.293,0.011,0.000,6.501,49.660,41.0,594,0
825.89,cool,wait,0.368,0.022,0.000,6.501,49.660,41.0,766,0
826.40,cool,wait,0.409,0.033,0.000,6.500,49.650,41.0,674,0
826.91,cool,wait,0.429,0.035,0.000,6.500,49.650,41.0,555,0
827.42,cool,wait,0.466,0.010,0.000,6.500,49.650,41.0,1115,0
827.92,cool,wait,0.339,0.014,0.000,6.500,49.650,41.0,594,0
828.43,cool,wait,0.351,0.014,0.000,6.500,49.650,41.0,567,0
828.94,cool,wait,0.382,0.017,0.000,6.500,49.650,41.0,856,0
829.45,cool,wait,0.313,0.009,0.000,6.504,49.650,41.0,890,0
829.95,cool,wait,0.401,0.017,0.000,6.504,49.650,41.0,1071,0
830.46,cool,wait,0.397,0.026,0.000,6.504,49.650,40.0,547,0
830.97,cool,wait,0.314,0.011,0.000,6.504,49.650,40.0,1137,0
831.48,cool,wait,0.357,0.018,0.000,6.504,49.650,40.0,638,0
831.99,cool,wait,0.346,0.016,0.000,6.504,49.650,40.0,600,0
832.50,cool,wait,1.045,0.370,0.000,6.504,49.650,41.0,1042,0
833.00,cool,wait,0.577,0.032,0.000,6.504,49.650,41.0,532,0
833.51,cool,wait,0.522,0.020,0.000,6.499,49.650,40.0,755,0
834.02,cool,wait,0.450,0.027,0.000,6.499,49.650,40.0,917,0
834.53,cool,wait,0.329,0.016,0.000,6.499,49.650,40.0,548,0
835.03,cool,wait,0.412,0.023,0.000,6.499,49.650,40.0,590,0
835.54,cool,wait,0.377,0.017,0.000,6.504,49.650,40.0,682,0
836.05,cool,wait,0.533,0.042,0.000,6.504,49.650,40.0,736,0
836.56,cool,wait,0.343,0.017,0.000,6.504,49.650,40.0,818,0
837.06,cool,wait,0.568,0.021,0.000,6.504,49.650,40.0,990,0
837.57,cool,wait,0.291,0.007,0.000,6.500,49.640,40.0,729,0
838.08,cool,wait,0.391,0.022,0.000,6.500,49.640,40.0,1064,0
838.59,cool,wait,0.828,0.117,0.000,6.500,49.640,40.0,661,0
839.10,6/8(12/8),idle,1.131,0.311,0.000,6.500,49.640,40.0,943,0
839.61,6/8(12/8),idle,0.423,0.032,0.000,6.500,49.640,40.0,713,0
840.11,6/8(12/8),idle,0.423,0.023,0.000,6.500,49.640,40.0,839,0
840.62,6/8(12/8),idle,0.265,0.007,0.000,6.505,49.640,40.0,660,0
841.13,6/8(12/8),idle,0.371,0.023,0.000,6.505,49.640,40.0,660,0
841.64,6/8(12/8),idle,0.353,0.019,0.000,6.505,49.640,39.0,748,0
842.14,6/8(12/8),idle,0.519,0.021,0.000,6.505,49.640,39.0,790,0
842.65,6/8(12/8),idle,1.051,0.342,0.000,6.504,49.640,40.0,962,0
843.16,6/8(12/8),idle,0.470,0.021,0.000,6.504,49.640,40.0,653,0
843.67,6/8(12/8),idle,0.443,0.012,0.000,6.504,49.640,39.0,570,0
844.17,6/8(12/8),idle,0.393,0.015,0.000,6.504,49.640,39.0,857,0
844.68,6/8(12/8),idle,0.432,0.071,0.000,6.503,49.640,39.0,1044,0
845.19,6/8(12/8),idle,0.473,0.041,0.000,6.503,49.640,39.0,1003,0
845.70,6/8(12/8),idle,0.365,0.023,0.000,6.503,49.640,39.0,638,0
846.21,6/8(12/8),idle,0.327,0.014,0.000,6.503,49.640,39.0,602,0
846.71,6/8(12/8),idle,0.322,0.010,0.000,6.505,49.630,39.0,1022,0
847.22,6/8(12/8),idle,0.304,0.014,0.000,6.505,49.630,39.0,692,0
847.73,6/8(12/8),idle,0.479,0.011,0.000,6.505,49.630,39.0,655,0
848.24,6/8(12/8),idle,0.332,0.015,0.000,6.505,49.630,39.0,650,0
848.75,6/8(12/8),idle,0.299,0.008,0.000,6.505,49.630,39.0,731,0
849.25,6/8(12/8),idle,0.396,0.015,0.000,6.505,49.630,39.0,649,0
849.76,6/8(12/8),idle,0.374,0.022,0.000,6.505,49.630,39.0,665,0
850.27,6/8(12/8),idle,0.335,0.023,0.000,6.505,49.630,39.0,605,0
850.78,6/8(12/8),idle,0.651,0.108,0.000,6.505,49.630,39.0,661,0
851.28,6/8(12/8),idle,0.588,0.089,0.000,6.505,49.630,39.0,789,0
851.79,6/8(12/8),idle,0.328,0.011,0.000,6.501,49.630,39.0,667,0
852.30,6/8(12/8),idle,0.531,0.035,0.000,6.501,49.630,39.0,850,0
852.80,6/8(12/8),idle,0.979,0.322,0.000,6.501,49.630,39.0,939,0
853.31,6/8(12/8),idle,0.469,0.059,0.000,6.501,49.630,39.0,1247,0
853.82,6/8(12/8),idle,1.714,0.658,0.000,6.504,49.630,40.0,907,0
854.33,6/8(12/8),pdf_render,2.085,1.013,0.000,6.504,49.630,40.0,945,0
854.83,6/8(12/8),pdf_render,1.761,0.808,0.000,6.504,49.630,40.0,786,0
855.34,6/8(12/8),pdf_render,1.771,0.861,0.000,6.504,49.630,40.0,803,0
855.85,6/8(12/8),pdf_render,1.719,0.820,0.000,6.493,49.620,40.0,939,0
856.36,6/8(12/8),pdf_render,1.793,0.877,0.000,6.493,49.620,40.0,943,0
856.86,6/8(12/8),pdf_render,1.754,0.846,0.000,6.493,49.620,40.0,949,0
857.37,6/8(12/8),pdf_render,1.744,0.837,0.000,6.493,49.620,40.0,970,0
857.88,6/8(12/8),pdf_render,1.742,0.846,0.000,6.494,49.620,40.0,947,0
858.38,6/8(12/8),pdf_render,1.884,0.961,0.000,6.494,49.620,40.0,965,0
858.90,6/8(12/8),pdf_render,2.014,1.100,0.000,6.494,49.620,40.0,947,0
859.40,6/8(12/8),pdf_render,1.884,0.940,0.000,6.494,49.620,40.0,1245,0
859.91,6/8(12/8),pdf_render,2.219,1.105,0.000,6.481,49.620,41.0,940,0
860.42,6/8(12/8),pdf_render,2.056,0.984,0.000,6.481,49.620,41.0,932,0
860.93,6/8(12/8),pdf_render,1.730,0.831,0.000,6.481,49.620,40.0,962,0
861.44,6/8(12/8),pdf_render,1.996,1.037,0.000,6.481,49.620,40.0,925,0
861.95,6/8(12/8),pdf_render,1.880,0.922,0.000,6.481,49.620,40.0,945,0
862.46,6/8(12/8),pdf_render,2.158,1.128,0.000,6.481,49.620,40.0,1703,0
862.97,6/8(12/8),pdf_render,1.739,0.807,0.000,6.490,49.610,41.0,1062,0
863.47,6/8(12/8),pdf_render,1.909,0.981,0.000,6.490,49.610,41.0,923,0
863.98,6/8(12/8),pdf_render,1.712,0.817,0.000,6.490,49.610,40.0,1127,0
864.49,6/8(12/8),pdf_render,1.798,0.882,0.000,6.490,49.610,40.0,1129,0
865.00,6/8(12/8),pdf_render,1.764,0.851,0.000,6.493,49.610,41.0,1076,0
865.51,6/8(12/8),pdf_render,1.832,0.903,0.000,6.493,49.610,41.0,979,0
866.02,6/8(12/8),pdf_render,1.878,0.860,0.000,6.493,49.610,40.0,935,0
866.52,6/8(12/8),pdf_render,1.749,0.830,0.000,6.493,49.610,40.0,931,0
867.03,6/8(12/8),pdf_render,1.789,0.885,0.000,6.492,49.610,42.0,967,0
867.54,6/8(12/8),pdf_render,1.781,0.873,0.000,6.492,49.610,42.0,945,0
868.05,6/8(12/8),pdf_render,1.879,0.878,0.000,6.492,49.610,41.0,969,0
868.56,6/8(12/8),pdf_render,1.081,0.410,0.000,6.492,49.610,41.0,974,0
869.07,6/8(12/8),gap,0.954,0.308,0.000,6.499,49.600,39.0,713,0
869.58,6/8(12/8),gap,0.350,0.024,0.000,6.499,49.600,39.0,669,0
870.09,6/8(12/8),gap,0.396,0.017,0.000,6.499,49.600,39.0,649,0
870.60,6/8(12/8),gap,0.845,0.023,0.000,6.499,49.600,39.0,933,0
871.11,6/8(12/8),gap,0.301,0.009,0.000,6.499,49.600,39.0,705,0
871.62,6/8(12/8),gap,0.565,0.025,0.000,6.499,49.600,39.0,682,0
872.13,6/8(12/8),gap,0.312,0.020,0.000,6.499,49.600,38.0,1555,0
872.64,6/8(12/8),gap,1.809,0.801,0.000,6.499,49.600,38.0,1035,0
873.15,6/8(12/8),pdf_render,1.825,0.861,0.000,6.499,49.600,40.0,1420,0
873.66,6/8(12/8),pdf_render,1.664,0.753,0.000,6.499,49.600,40.0,768,0
874.16,6/8(12/8),pdf_render,1.693,0.786,0.000,6.491,49.600,41.0,1164,0
874.67,6/8(12/8),pdf_render,1.762,0.842,0.000,6.491,49.600,41.0,738,0
875.18,6/8(12/8),pdf_render,1.691,0.782,0.000,6.491,49.600,41.0,913,0
875.68,6/8(12/8),pdf_render,1.953,0.879,0.000,6.491,49.600,41.0,585,0
876.19,6/8(12/8),pdf_render,1.675,0.776,0.000,6.494,49.600,41.0,948,0
876.69,6/8(12/8),pdf_render,1.717,0.808,0.000,6.494,49.600,41.0,727,0
877.20,6/8(12/8),pdf_render,1.738,0.817,0.000,6.494,49.600,41.0,763,0
877.70,6/8(12/8),pdf_render,1.732,0.816,0.000,6.494,49.600,41.0,683,0
878.21,6/8(12/8),pdf_render,1.987,1.047,0.000,6.492,49.590,41.0,903,0
878.72,6/8(12/8),pdf_render,1.739,0.845,0.000,6.492,49.590,41.0,573,0
879.22,6/8(12/8),pdf_render,1.768,0.831,0.000,6.492,49.590,41.0,622,0
879.73,6/8(12/8),pdf_render,1.836,0.820,0.000,6.492,49.590,41.0,726,0
880.23,6/8(12/8),pdf_render,1.737,0.799,0.000,6.490,49.590,41.0,779,0
880.74,6/8(12/8),pdf_render,1.860,0.941,0.000,6.490,49.590,41.0,702,0
881.25,6/8(12/8),pdf_render,1.774,0.777,0.000,6.490,49.590,41.0,600,0
881.75,6/8(12/8),pdf_render,1.665,0.768,0.000,6.490,49.590,41.0,584,0
882.26,6/8(12/8),pdf_render,1.735,0.834,0.000,6.492,49.590,41.0,743,0
882.76,6/8(12/8),pdf_render,2.154,0.999,0.000,6.492,49.590,41.0,730,0
883.27,6/8(12/8),pdf_render,1.648,0.740,0.000,6.492,49.590,40.0,746,0
883.78,6/8(12/8),pdf_render,1.648,0.740,0.000,6.492,49.590,40.0,848,0
884.28,6/8(12/8),pdf_render,1.803,0.804,0.000,6.492,49.590,42.0,891,0
884.79,6/8(12/8),pdf_render,1.705,0.809,0.000,6.492,49.590,42.0,872,0
885.29,6/8(12/8),pdf_render,1.704,0.762,0.000,6.491,49.580,41.0,740,0
885.80,6/8(12/8),pdf_render,1.644,0.748,0.000,6.491,49.580,41.0,733,0
886.31,6/8(12/8),pdf_render,1.701,0.801,0.000,6.491,49.580,41.0,750,0
886.81,6/8(12/8),pdf_render,1.881,0.895,0.000,6.491,49.580,41.0,773,0
887.32,6/8(12/8),pdf_render,1.650,0.760,0.000,6.492,49.580,41.0,850,0
887.82,6/8(12/8),pdf_render,1.488,0.606,0.000,6.492,49.580,41.0,661,0
888.33,6/8(12/8),gap,0.813,0.191,0.000,6.492,49.580,39.0,815,0
888.83,6/8(12/8),gap,0.557,0.118,0.000,6.492,49.580,39.0,954,0
889.34,6/8(12/8),gap,0.327,0.011,0.000,6.501,49.570,38.0,953,0
889.85,6/8(12/8),gap,0.346,0.014,0.000,6.501,49.570,38.0,1005,0
890.36,6/8(12/8),gap,0.306,0.010,0.000,6.501,49.570,38.0,576,0
890.87,6/8(12/8),gap,0.321,0.014,0.000,6.501,49.570,38.0,656,0
891.38,6/8(12/8),gap,0.377,0.020,0.000,6.504,49.570,38.0,762,0
891.88,6/8(12/8),gap,0.982,0.274,0.000,6.504,49.570,38.0,1276,0
892.39,6/8(12/8),office,2.941,1.309,0.000,6.504,49.570,40.0,1715,0
892.90,6/8(12/8),office,2.325,1.061,0.000,6.504,49.570,40.0,689,0
893.41,6/8(12/8),office,2.355,1.064,0.000,6.488,49.570,41.0,983,0
893.91,6/8(12/8),office,2.290,1.180,0.000,6.488,49.570,41.0,851,0
894.42,6/8(12/8),office,1.457,0.461,0.000,6.488,49.570,38.0,851,0
894.92,6/8(12/8),gap,1.023,0.273,0.000,6.488,49.570,38.0,553,0
895.43,6/8(12/8),gap,0.395,0.017,0.000,6.488,49.570,38.0,790,0
895.94,6/8(12/8),gap,0.403,0.020,0.000,6.488,49.570,38.0,1081,0
896.45,6/8(12/8),gap,0.356,0.013,0.000,6.504,49.570,38.0,699,0
896.96,6/8(12/8),gap,0.340,0.016,0.000,6.504,49.570,38.0,1113,0
897.47,6/8(12/8),gap,0.335,0.014,0.000,6.504,49.570,38.0,636,0
897.97,6/8(12/8),gap,0.363,0.020,0.000,6.504,49.570,38.0,585,0
898.48,6/8(12/8),gap,1.689,0.611,0.000,6.504,49.570,39.0,1204,0
898.99,6/8(12/8),office,2.403,0.998,0.000,6.504,49.570,39.0,982,0
899.50,6/8(12/8),office,2.084,0.968,0.000,6.504,49.570,39.0,1122,0
900.00,6/8(12/8),office,2.356,1.178,0.000,6.504,49.570,39.0,895,0
900.51,6/8(12/8),office,2.360,1.173,0.000,6.492,49.560,40.0,1165,0
901.02,6/8(12/8),office,1.304,0.350,0.000,6.492,49.560,40.0,729,0
901.53,6/8(12/8),gap,1.020,0.200,0.000,6.492,49.560,38.0,845,0
902.04,6/8(12/8),gap,0.744,0.015,0.000,6.492,49.560,38.0,722,0
902.55,6/8(12/8),gap,1.268,0.321,0.000,6.499,49.560,38.0,1100,0
903.06,6/8(12/8),gap,0.733,0.013,0.000,6.499,49.560,38.0,561,0
903.57,6/8(12/8),gap,0.738,0.011,0.000,6.499,49.560,38.0,575,0
904.08,6/8(12/8),gap,0.935,0.019,0.000,6.499,49.560,38.0,545,0
904.59,6/8(12/8),gap,0.835,0.030,0.000,6.498,49.560,38.0,497,0
905.10,6/8(12/8),gap,2.074,0.947,0.000,6.498,49.560,38.0,662,0
905.62,6/8(12/8),python,2.697,1.251,0.000,6.498,49.560,42.0,762,0
906.12,6/8(12/8),python,2.973,1.636,0.004,6.498,49.560,42.0,661,0
906.63,6/8(12/8),python,2.107,0.778,0.002,6.498,49.560,39.0,650,0
907.14,6/8(12/8),python,2.175,0.615,0.002,6.498,49.560,39.0,688,0
907.65,6/8(12/8),python,1.722,0.273,0.000,6.488,49.550,38.0,1216,0
908.15,6/8(12/8),gap,1.273,0.277,0.000,6.488,49.550,38.0,971,0
908.67,6/8(12/8),gap,0.746,0.016,0.000,6.488,49.550,38.0,742,0
909.17,6/8(12/8),gap,0.744,0.015,0.000,6.488,49.550,38.0,687,0
909.69,6/8(12/8),gap,0.871,0.026,0.000,6.499,49.550,38.0,699,0
910.22,6/8(12/8),gap,0.753,0.016,0.000,6.499,49.550,38.0,560,0
910.74,6/8(12/8),gap,0.732,0.015,0.000,6.499,49.550,38.0,577,0
911.24,6/8(12/8),gap,0.752,0.023,0.000,6.499,49.550,38.0,866,0
911.76,6/8(12/8),gap,1.914,0.846,0.000,6.499,49.550,41.0,597,0
912.27,6/8(12/8),python,2.757,1.357,0.000,6.499,49.550,41.0,708,0
912.78,6/8(12/8),python,2.922,1.470,0.000,6.499,49.550,42.0,745,0
913.28,6/8(12/8),python,2.459,1.145,0.000,6.499,49.550,42.0,833,0
913.79,6/8(12/8),python,1.843,0.463,0.000,6.487,49.540,40.0,779,0
914.29,6/8(12/8),python,2.501,0.577,0.000,6.487,49.540,40.0,893,0
914.80,6/8(12/8),gap,0.747,0.218,0.000,6.487,49.540,38.0,945,0
915.31,6/8(12/8),gap,0.791,0.234,0.000,6.487,49.540,38.0,683,0
915.82,6/8(12/8),gap,0.425,0.019,0.000,6.500,49.540,38.0,706,0
916.33,6/8(12/8),gap,0.481,0.055,0.000,6.500,49.540,38.0,660,0
916.84,6/8(12/8),gap,0.343,0.007,0.000,6.500,49.540,38.0,614,0
917.35,6/8(12/8),gap,0.462,0.021,0.000,6.500,49.540,38.0,620,0
917.87,6/8(12/8),gap,0.397,0.025,0.001,6.499,49.540,38.0,767,0
918.37,6/8(12/8),gap,0.752,0.153,0.002,6.499,49.540,38.0,1298,0
918.89,6/8(12/8),compress,9.607,4.640,0.000,6.499,49.540,42.0,1332,0
919.39,6/8(12/8),compress,7.975,4.378,0.002,6.499,49.540,42.0,1226,0
919.90,6/8(12/8),compress,7.975,4.112,0.002,6.499,49.540,42.0,1258,0
920.41,6/8(12/8),compress,7.964,4.127,0.000,6.499,49.540,42.0,1286,0
920.92,6/8(12/8),compress,7.964,4.161,0.000,6.444,49.530,42.0,1381,0
921.43,6/8(12/8),compress,7.894,3.914,0.000,6.444,49.530,42.0,1371,0
921.93,6/8(12/8),compress,8.046,4.109,0.000,6.444,49.530,42.0,1445,0
922.44,6/8(12/8),compress,7.953,4.041,0.000,6.444,49.530,42.0,1672,0
922.95,6/8(12/8),compress,5.628,2.568,0.000,6.442,49.520,41.0,1141,0
923.45,6/8(12/8),compress,2.145,0.761,0.000,6.442,49.520,41.0,712,0
923.96,6/8(12/8),gap,0.955,0.301,0.000,6.442,49.520,39.0,710,0
924.47,6/8(12/8),gap,0.913,0.049,0.000,6.442,49.520,39.0,646,0
924.98,6/8(12/8),gap,0.501,0.016,0.000,6.494,49.520,39.0,778,0
925.49,6/8(12/8),gap,0.876,0.040,0.000,6.494,49.520,39.0,840,0
926.01,6/8(12/8),gap,0.470,0.028,0.000,6.494,49.520,39.0,1084,0
926.51,6/8(12/8),gap,0.562,0.050,0.000,6.494,49.520,39.0,743,0
927.03,6/8(12/8),gap,0.416,0.016,0.000,6.498,49.520,39.0,656,0
927.53,6/8(12/8),gap,3.645,1.445,0.000,6.498,49.520,39.0,1728,0
928.05,6/8(12/8),compress,9.070,4.828,0.000,6.498,49.520,42.0,1385,0
928.55,6/8(12/8),compress,7.971,4.358,0.000,6.498,49.520,42.0,1386,0
929.06,6/8(12/8),compress,7.964,4.155,0.000,6.444,49.510,42.0,1264,0
929.57,6/8(12/8),compress,7.976,4.084,0.000,6.444,49.510,42.0,1286,0
930.08,6/8(12/8),compress,7.975,4.141,0.000,6.444,49.510,43.0,1270,0
930.59,6/8(12/8),compress,7.955,4.119,0.000,6.444,49.510,43.0,1280,0
931.10,6/8(12/8),compress,7.788,3.881,0.000,6.444,49.510,43.0,1264,0
931.60,6/8(12/8),compress,7.080,3.227,0.000,6.444,49.510,43.0,873,0
932.11,6/8(12/8),compress,6.129,2.026,0.000,6.444,49.500,42.0,1435,0
932.62,6/8(12/8),compress,1.813,0.589,0.000,6.444,49.500,42.0,1210,0
933.13,6/8(12/8),gap,0.677,0.191,0.000,6.444,49.500,40.0,889,0
933.63,6/8(12/8),gap,0.955,0.053,0.000,6.444,49.500,40.0,982,0
934.15,6/8(12/8),gap,0.327,0.010,0.000,6.497,49.500,39.0,1099,0
934.65,6/8(12/8),gap,0.782,0.073,0.000,6.497,49.500,39.0,775,0
935.16,6/8(12/8),gap,0.320,0.022,0.000,6.497,49.500,39.0,961,0
935.67,6/8(12/8),gap,0.603,0.019,0.000,6.497,49.500,39.0,661,0
936.18,6/8(12/8),gap,0.353,0.023,0.000,6.491,49.490,39.0,1039,0
936.69,6/8(12/8),gap,8.134,3.692,0.000,6.491,49.490,39.0,1514,0
937.20,6/8(12/8),sustained40s,8.277,4.493,0.000,6.491,49.490,43.0,1273,0
937.71,6/8(12/8),sustained40s,7.968,4.363,0.000,6.491,49.490,43.0,1365,0
938.21,6/8(12/8),sustained40s,7.971,4.161,0.000,6.440,49.490,43.0,1322,0
938.72,6/8(12/8),sustained40s,7.960,4.091,0.000,6.440,49.490,43.0,1413,0
939.23,6/8(12/8),sustained40s,7.977,4.072,0.000,6.440,49.490,44.0,1272,0
939.74,6/8(12/8),sustained40s,7.977,4.000,0.000,6.440,49.490,44.0,1279,0
940.24,6/8(12/8),sustained40s,7.947,4.016,0.000,6.438,49.480,44.0,1151,0
940.75,6/8(12/8),sustained40s,6.871,3.144,0.000,6.438,49.480,44.0,896,0
941.26,6/8(12/8),sustained40s,6.558,2.673,0.000,6.438,49.480,44.0,1709,0
941.76,6/8(12/8),sustained40s,8.571,4.785,0.000,6.438,49.480,44.0,1438,0
942.27,6/8(12/8),sustained40s,7.965,4.472,0.000,6.438,49.480,44.0,1438,0
942.78,6/8(12/8),sustained40s,7.969,4.282,0.000,6.438,49.480,44.0,1332,0
943.29,6/8(12/8),sustained40s,7.969,4.089,0.000,6.437,49.470,44.0,1271,0
943.79,6/8(12/8),sustained40s,7.971,4.087,0.000,6.437,49.470,44.0,1282,0
944.31,6/8(12/8),sustained40s,7.970,4.113,0.000,6.437,49.470,44.0,1280,0
944.81,6/8(12/8),sustained40s,7.972,4.087,0.000,6.437,49.470,44.0,1294,0
945.32,6/8(12/8),sustained40s,7.354,3.557,0.000,6.439,49.460,43.0,1358,0
945.83,6/8(12/8),sustained40s,5.684,2.260,0.000,6.439,49.460,43.0,1926,0
946.34,6/8(12/8),sustained40s,9.243,5.024,0.000,6.439,49.460,45.0,1485,0
946.84,6/8(12/8),sustained40s,7.963,4.459,0.000,6.439,49.460,45.0,1336,0
947.36,6/8(12/8),sustained40s,7.964,4.290,0.000,6.437,49.460,45.0,1365,0
947.86,6/8(12/8),sustained40s,7.972,4.235,0.000,6.437,49.460,45.0,1258,0
948.37,6/8(12/8),sustained40s,7.971,4.101,0.000,6.437,49.460,45.0,1272,0
948.88,6/8(12/8),sustained40s,7.966,4.062,0.000,6.437,49.460,45.0,1263,0
949.39,6/8(12/8),sustained40s,7.974,4.074,0.000,6.435,49.450,45.0,1336,0
949.89,6/8(12/8),sustained40s,7.948,4.034,0.000,6.435,49.450,45.0,1143,0
950.40,6/8(12/8),sustained40s,7.315,3.223,0.000,6.435,49.450,46.0,1729,0
950.91,6/8(12/8),sustained40s,8.647,4.813,0.000,6.435,49.450,46.0,1465,0
951.42,6/8(12/8),sustained40s,7.961,4.483,0.000,6.436,49.440,45.0,1371,0
951.92,6/8(12/8),sustained40s,7.967,4.300,0.000,6.436,49.440,45.0,1364,0
952.43,6/8(12/8),sustained40s,7.966,4.090,0.000,6.436,49.440,45.0,1321,0
952.94,6/8(12/8),sustained40s,7.966,4.179,0.000,6.436,49.440,45.0,1271,0
953.45,6/8(12/8),sustained40s,7.971,4.067,0.000,6.436,49.440,45.0,1316,0
953.96,6/8(12/8),sustained40s,7.925,4.027,0.000,6.436,49.440,45.0,1254,0
954.47,6/8(12/8),sustained40s,7.530,3.698,0.000,6.435,49.430,46.0,1314,0
954.97,6/8(12/8),sustained40s,4.150,1.707,0.000,6.435,49.430,46.0,969,0
955.48,6/8(12/8),sustained40s,8.495,4.182,0.000,6.435,49.430,46.0,1420,0
955.99,6/8(12/8),sustained40s,7.970,4.519,0.000,6.435,49.430,46.0,1442,0
956.50,6/8(12/8),sustained40s,7.966,4.325,0.000,6.429,49.430,46.0,1270,0
957.00,6/8(12/8),sustained40s,7.971,4.308,0.000,6.429,49.430,46.0,1398,0
957.51,6/8(12/8),sustained40s,7.967,4.239,0.000,6.429,49.430,46.0,1268,0
958.02,6/8(12/8),sustained40s,7.972,4.057,0.000,6.429,49.430,46.0,1306,0
958.53,6/8(12/8),sustained40s,7.966,4.101,0.000,6.432,49.420,46.0,1337,0
959.04,6/8(12/8),sustained40s,7.960,4.082,0.000,6.432,49.420,46.0,1316,0
959.55,6/8(12/8),sustained40s,6.040,2.725,0.000,6.432,49.420,47.0,954,0
960.05,6/8(12/8),sustained40s,5.291,2.123,0.000,6.432,49.420,47.0,1817,0
960.56,6/8(12/8),sustained40s,8.935,4.913,0.000,6.420,49.410,46.0,1469,0
961.07,6/8(12/8),sustained40s,7.959,4.513,0.000,6.420,49.410,46.0,1436,0
961.58,6/8(12/8),sustained40s,7.969,4.250,0.000,6.420,49.410,46.0,1336,0
962.08,6/8(12/8),sustained40s,7.973,4.253,0.000,6.420,49.410,46.0,1494,0
962.60,6/8(12/8),sustained40s,7.974,4.257,0.000,6.432,49.400,47.0,1377,0
963.10,6/8(12/8),sustained40s,7.958,4.080,0.000,6.432,49.400,47.0,1250,0
963.61,6/8(12/8),sustained40s,7.979,4.106,0.000,6.432,49.400,47.0,1668,0
964.12,6/8(12/8),sustained40s,7.713,3.920,0.000,6.432,49.400,47.0,1318,0
964.63,6/8(12/8),sustained40s,4.333,1.819,0.000,6.432,49.400,46.0,1244,0
965.13,6/8(12/8),sustained40s,8.395,4.123,0.000,6.432,49.400,46.0,1500,0
965.64,6/8(12/8),sustained40s,7.969,4.542,0.000,6.456,49.390,47.0,1440,0
966.15,6/8(12/8),sustained40s,7.970,4.338,0.000,6.456,49.390,47.0,1342,0
966.66,6/8(12/8),sustained40s,7.969,4.207,0.000,6.456,49.390,47.0,1343,0
967.17,6/8(12/8),sustained40s,7.966,4.308,0.000,6.456,49.390,47.0,1276,0
967.68,6/8(12/8),sustained40s,7.968,4.104,0.000,6.432,49.390,47.0,1419,0
968.18,6/8(12/8),sustained40s,7.960,4.154,0.000,6.432,49.390,47.0,1457,0
968.69,6/8(12/8),sustained40s,7.983,4.193,0.000,6.432,49.390,48.0,1319,0
969.20,6/8(12/8),sustained40s,6.825,2.965,0.000,6.432,49.390,48.0,893,0
969.71,6/8(12/8),sustained40s,7.249,3.058,0.000,6.432,49.380,48.0,1745,0
970.21,6/8(12/8),sustained40s,8.444,4.741,0.000,6.432,49.380,48.0,1417,0
970.72,6/8(12/8),sustained40s,7.975,4.392,0.000,6.432,49.380,48.0,1340,0
971.23,6/8(12/8),sustained40s,7.965,4.163,0.000,6.432,49.380,48.0,1336,0
971.74,6/8(12/8),sustained40s,7.968,4.209,0.000,6.431,49.370,48.0,1460,0
972.25,6/8(12/8),sustained40s,7.962,4.247,0.000,6.431,49.370,48.0,1367,0
972.76,6/8(12/8),sustained40s,7.975,4.146,0.000,6.431,49.370,48.0,1467,0
973.26,6/8(12/8),sustained40s,7.914,3.980,0.000,6.431,49.370,48.0,1104,0
973.77,6/8(12/8),sustained40s,6.966,3.388,0.000,6.433,49.360,48.0,980,0
974.28,6/8(12/8),sustained40s,4.664,2.032,0.000,6.433,49.360,48.0,1614,0
974.78,6/8(12/8),sustained40s,9.104,4.821,0.000,6.433,49.360,49.0,1541,0
975.29,6/8(12/8),sustained40s,8.240,4.677,0.000,6.433,49.360,49.0,1398,0
975.80,6/8(12/8),sustained40s,7.123,3.999,0.000,6.433,49.360,48.0,1247,0
976.31,6/8(12/8),sustained40s,6.844,3.728,0.000,6.433,49.360,48.0,1026,0
976.82,6/8(12/8),sustained40s,5.549,2.780,0.000,6.436,49.350,47.0,700,0
977.32,6/8(12/8),sustained40s,5.015,2.385,0.000,6.436,49.350,47.0,657,0
977.84,6/8(12/8),sustained40s,4.688,2.231,0.000,6.436,49.350,46.0,692,0
978.34,6/8(12/8),sustained40s,5.037,2.392,0.000,6.436,49.350,46.0,606,0
978.86,6/8(12/8),sustained40s,4.838,2.291,0.000,6.453,49.350,47.0,633,0
979.37,6/8(12/8),sustained40s,4.820,2.324,0.000,6.453,49.350,47.0,689,0
979.88,6/8(12/8),sustained40s,4.847,2.324,0.000,6.453,49.350,47.0,633,0
980.39,6/8(12/8),sustained40s,4.161,1.982,0.000,6.453,49.350,47.0,689,0
980.90,6/8(12/8),sustained40s,3.562,1.646,0.000,6.458,49.340,48.0,841,0
981.41,6/8(12/8),sustained40s,0.954,0.229,0.001,6.458,49.340,48.0,1134,0
981.92,6/8(12/8),end,0.971,0.280,0.000,6.458,49.340,45.0,791,0
982.42,6/8(12/8),end,0.783,0.253,0.000,6.458,49.340,45.0,1325,0
982.93,6/8(12/8),end,0.654,0.137,0.000,6.487,49.340,44.0,687,0
983.44,6/8(12/8),end,0.365,0.020,0.000,6.487,49.340,44.0,881,0
983.95,6/8(12/8),end,0.793,0.172,0.000,6.487,49.340,44.0,697,0
984.46,6/8(12/8),end,0.384,0.017,0.000,6.487,49.340,44.0,680,0
984.97,6/8(12/8),end,0.350,0.019,0.000,6.488,49.340,44.0,773,0
985.48,6/8(12/8),end,0.520,0.016,0.000,6.488,49.340,44.0,1119,0
985.99,6/8(12/8),end,0.354,0.017,0.000,6.488,49.340,44.0,873,0
986.50,6/8(12/8),end,0.363,0.013,0.000,6.488,49.340,44.0,1000,0
987.01,6/8(12/8),end,0.329,0.010,0.000,6.488,49.340,43.0,1049,0
987.52,6/8(12/8),end,0.392,0.017,0.000,6.488,49.340,43.0,1208,0
988.03,6/8(12/8),end,0.352,0.016,0.000,6.489,49.330,43.0,952,0
988.54,6/8(12/8),end,0.354,0.018,0.000,6.489,49.330,43.0,1170,0
989.05,6/8(12/8),end,0.409,0.029,0.000,6.489,49.330,43.0,874,0
989.56,cool,wait,0.830,0.202,0.000,6.489,49.330,43.0,1287,0
990.07,cool,wait,0.685,0.122,0.000,6.489,49.330,43.0,1185,0
990.58,cool,wait,0.328,0.012,0.000,6.489,49.330,43.0,759,0
991.09,cool,wait,0.653,0.025,0.000,6.489,49.330,43.0,793,0
991.63,cool,wait,0.406,0.021,0.000,6.489,49.330,43.0,1174,0
992.14,cool,wait,0.350,0.017,0.000,6.489,49.330,43.0,886,0
992.64,cool,wait,1.030,0.349,0.000,6.489,49.330,43.0,1100,0
993.16,cool,wait,0.370,0.022,0.000,6.489,49.330,43.0,1144,0
993.66,cool,wait,0.527,0.012,0.000,6.489,49.330,43.0,664,0
994.17,cool,wait,0.296,0.011,0.000,6.489,49.330,43.0,1286,0
994.68,cool,wait,0.404,0.019,0.000,6.489,49.330,43.0,657,0
995.19,cool,wait,0.343,0.018,0.000,6.489,49.330,43.0,567,0
995.69,cool,wait,0.320,0.014,0.000,6.489,49.330,43.0,658,0
996.20,cool,wait,0.539,0.037,0.000,6.493,49.320,43.0,656,0
996.71,cool,wait,0.359,0.017,0.000,6.493,49.320,43.0,729,0
997.22,cool,wait,0.359,0.017,0.000,6.493,49.320,42.0,580,0
997.72,cool,wait,0.336,0.015,0.000,6.493,49.320,42.0,750,0
998.23,cool,wait,0.321,0.011,0.000,6.492,49.320,42.0,637,0
998.74,cool,wait,0.346,0.028,0.000,6.492,49.320,42.0,590,0
999.25,cool,wait,0.377,0.017,0.000,6.492,49.320,42.0,728,0
999.76,cool,wait,0.529,0.028,0.000,6.492,49.320,42.0,813,0
1000.27,cool,wait,0.352,0.011,0.000,6.492,49.320,42.0,918,0
1000.77,cool,wait,0.356,0.016,0.000,6.492,49.320,42.0,989,0
1001.28,cool,wait,0.343,0.019,0.000,6.493,49.320,42.0,565,0
1001.79,cool,wait,0.490,0.019,0.000,6.493,49.320,42.0,1050,0
1002.30,cool,wait,0.389,0.010,0.000,6.493,49.320,42.0,753,0
1002.80,cool,wait,0.976,0.312,0.000,6.493,49.320,42.0,618,0
1003.31,cool,wait,0.368,0.020,0.000,6.489,49.320,42.0,590,0
1003.82,cool,wait,0.541,0.019,0.000,6.489,49.320,42.0,515,0
1004.33,cool,wait,0.316,0.011,0.000,6.489,49.320,42.0,642,0
1004.84,cool,wait,0.303,0.013,0.000,6.489,49.320,42.0,843,0
1005.34,cool,wait,0.379,0.019,0.000,6.493,49.310,42.0,685,0
1005.85,cool,wait,0.355,0.015,0.000,6.493,49.310,42.0,760,0
1006.36,cool,wait,0.416,0.035,0.000,6.493,49.310,42.0,823,0
1006.86,cool,wait,0.364,0.021,0.000,6.493,49.310,42.0,767,0
1007.37,cool,wait,0.639,0.018,0.000,6.488,49.310,41.0,1224,0
1007.88,cool,wait,0.439,0.024,0.000,6.488,49.310,41.0,1098,0
1008.39,cool,wait,0.362,0.018,0.000,6.488,49.310,41.0,1198,0
1008.89,cool,wait,0.364,0.016,0.000,6.488,49.310,41.0,1105,0
1009.41,cool,wait,0.306,0.015,0.000,6.493,49.310,41.0,889,0
1009.91,cool,wait,0.370,0.020,0.000,6.493,49.310,41.0,1286,0
1010.42,cool,wait,0.421,0.010,0.000,6.493,49.310,41.0,644,0
1010.93,cool,wait,0.325,0.017,0.000,6.493,49.310,41.0,566,0
1011.44,cool,wait,0.496,0.026,0.000,6.493,49.310,41.0,654,0
1011.94,cool,wait,0.376,0.017,0.000,6.493,49.310,41.0,640,0
1012.45,cool,wait,0.878,0.252,0.000,6.492,49.310,41.0,1155,0
1012.96,cool,wait,0.806,0.105,0.000,6.492,49.310,41.0,769,0
1013.47,cool,wait,0.410,0.017,0.000,6.492,49.310,41.0,594,0
1013.97,cool,wait,0.373,0.020,0.000,6.492,49.310,41.0,833,0
1014.48,cool,wait,0.280,0.008,0.000,6.492,49.310,41.0,661,0
1014.99,cool,wait,0.335,0.014,0.000,6.492,49.310,41.0,645,0
1015.50,cool,wait,0.371,0.019,0.000,6.492,49.310,41.0,1373,0
1016.00,cool,wait,0.359,0.016,0.000,6.492,49.310,41.0,634,0
1016.51,cool,wait,0.318,0.010,0.000,6.495,49.300,41.0,662,0
1017.02,cool,wait,0.383,0.012,0.000,6.495,49.300,41.0,962,0
1017.53,cool,wait,0.363,0.015,0.000,6.495,49.300,40.0,631,0
1018.03,cool,wait,0.310,0.013,0.000,6.495,49.300,40.0,558,0
1018.54,cool,wait,0.507,0.021,0.000,6.495,49.300,40.0,556,0
1019.05,cool,wait,0.315,0.013,0.000,6.495,49.300,40.0,1030,0
1019.56,cool,wait,0.439,0.035,0.000,6.495,49.300,40.0,666,0
1020.06,cool,wait,0.364,0.019,0.000,6.495,49.300,40.0,591,0
1020.57,cool,wait,0.353,0.014,0.000,6.496,49.300,40.0,597,0
1021.08,cool,wait,0.463,0.028,0.000,6.496,49.300,40.0,644,0
1021.59,cool,wait,0.518,0.011,0.000,6.496,49.300,40.0,630,0
1022.09,cool,wait,0.383,0.021,0.000,6.496,49.300,40.0,658,0
1022.61,cool,wait,1.094,0.344,0.000,6.496,49.300,40.0,822,0
1023.11,cool,wait,0.405,0.024,0.000,6.496,49.300,40.0,978,0
1023.62,cool,wait,0.375,0.019,0.000,6.487,49.300,40.0,639,0
1024.13,cool,wait,0.462,0.025,0.000,6.487,49.300,40.0,1010,0
1024.64,cool,wait,0.873,0.194,0.000,6.487,49.300,40.0,1254,0
1025.14,cool,wait,0.835,0.136,0.000,6.487,49.300,40.0,728,0
1025.65,cool,wait,0.632,0.098,0.000,6.489,49.290,40.0,1019,0
1026.16,8/8(12/8),idle,2.009,0.907,0.000,6.489,49.290,40.0,1008,0
1026.67,8/8(12/8),idle,0.996,0.320,0.000,6.489,49.290,40.0,668,0
1027.17,8/8(12/8),idle,0.470,0.053,0.000,6.489,49.290,40.0,631,0
1027.68,8/8(12/8),idle,0.434,0.021,0.000,6.495,49.290,40.0,586,0
1028.18,8/8(12/8),idle,0.948,0.315,0.000,6.495,49.290,40.0,682,0
1028.69,8/8(12/8),idle,0.439,0.045,0.000,6.495,49.290,39.0,649,0
1029.20,8/8(12/8),idle,0.954,0.277,0.000,6.495,49.290,39.0,820,0
1029.71,8/8(12/8),idle,0.715,0.197,0.000,6.490,49.290,42.0,1198,0
1030.22,8/8(12/8),idle,0.860,0.235,0.000,6.490,49.290,42.0,603,0
1030.72,8/8(12/8),idle,1.258,0.313,0.000,6.490,49.290,40.0,953,0
1031.23,8/8(12/8),idle,0.455,0.044,0.000,6.490,49.290,40.0,574,0
1031.74,8/8(12/8),idle,1.101,0.309,0.004,6.492,49.290,39.0,767,0
1032.25,8/8(12/8),idle,0.636,0.014,0.000,6.492,49.290,39.0,1054,0
1032.76,8/8(12/8),idle,0.962,0.311,0.000,6.492,49.290,39.0,903,0
1033.26,8/8(12/8),idle,0.322,0.013,0.000,6.492,49.290,39.0,535,0
1033.77,8/8(12/8),idle,0.551,0.022,0.000,6.492,49.290,39.0,652,0
1034.28,8/8(12/8),idle,0.350,0.014,0.000,6.492,49.290,39.0,602,0
1034.79,8/8(12/8),idle,0.319,0.007,0.000,6.491,49.280,39.0,652,0
1035.29,8/8(12/8),idle,0.414,0.021,0.000,6.491,49.280,39.0,609,0
1035.80,8/8(12/8),idle,0.486,0.010,0.000,6.491,49.280,39.0,651,0
1036.31,8/8(12/8),idle,0.407,0.032,0.000,6.491,49.280,39.0,621,0
1036.82,8/8(12/8),idle,0.576,0.025,0.000,6.495,49.280,39.0,780,0
1037.33,8/8(12/8),idle,0.361,0.017,0.000,6.495,49.280,39.0,985,0
1037.84,8/8(12/8),idle,0.299,0.008,0.000,6.495,49.280,39.0,1136,0
1038.34,8/8(12/8),idle,0.352,0.013,0.000,6.495,49.280,39.0,825,0
1038.85,8/8(12/8),idle,0.317,0.010,0.000,6.493,49.280,39.0,1046,0
1039.36,8/8(12/8),idle,0.615,0.016,0.000,6.493,49.280,39.0,990,0
1039.87,8/8(12/8),idle,0.474,0.016,0.000,6.493,49.280,39.0,681,0
1040.37,8/8(12/8),idle,0.613,0.117,0.000,6.493,49.280,39.0,835,0
1040.88,8/8(12/8),pdf_render,1.742,0.742,0.000,6.488,49.280,41.0,1416,0
1041.39,8/8(12/8),pdf_render,1.784,0.826,0.000,6.488,49.280,41.0,770,0
1041.90,8/8(12/8),pdf_render,1.690,0.782,0.000,6.488,49.280,41.0,646,0
1042.40,8/8(12/8),pdf_render,1.881,0.893,0.000,6.488,49.280,41.0,1301,0
1042.91,8/8(12/8),pdf_render,1.950,0.865,0.000,6.477,49.270,41.0,748,0
1043.41,8/8(12/8),pdf_render,1.795,0.777,0.000,6.477,49.270,41.0,1235,0
1043.92,8/8(12/8),pdf_render,2.053,1.014,0.001,6.477,49.270,41.0,739,0
1044.42,8/8(12/8),pdf_render,1.771,0.832,0.000,6.477,49.270,41.0,740,0
1044.93,8/8(12/8),pdf_render,1.820,0.846,0.000,6.477,49.270,42.0,1139,0
1045.44,8/8(12/8),pdf_render,1.699,0.775,0.000,6.477,49.270,42.0,737,0
1045.94,8/8(12/8),pdf_render,1.945,1.023,0.000,6.484,49.270,44.0,963,0
1046.45,8/8(12/8),pdf_render,1.870,0.940,0.000,6.484,49.270,44.0,612,0
1046.96,8/8(12/8),pdf_render,1.752,0.844,0.000,6.484,49.270,41.0,856,0
1047.46,8/8(12/8),pdf_render,1.799,0.871,0.000,6.484,49.270,41.0,592,0
1047.97,8/8(12/8),pdf_render,1.724,0.818,0.000,6.484,49.270,41.0,764,0
1048.47,8/8(12/8),pdf_render,1.762,0.856,0.000,6.484,49.270,41.0,746,0
1048.98,8/8(12/8),pdf_render,1.712,0.804,0.000,6.484,49.270,41.0,719,0
1049.48,8/8(12/8),pdf_render,1.675,0.764,0.000,6.484,49.270,41.0,650,0
1049.99,8/8(12/8),pdf_render,1.778,0.864,0.000,6.486,49.260,41.0,748,0
1050.50,8/8(12/8),pdf_render,1.860,0.847,0.000,6.486,49.260,41.0,771,0
1051.00,8/8(12/8),pdf_render,1.678,0.774,0.000,6.486,49.260,41.0,764,0
1051.51,8/8(12/8),pdf_render,1.727,0.803,0.000,6.486,49.260,41.0,974,0
1052.01,8/8(12/8),pdf_render,1.680,0.774,0.000,6.483,49.260,41.0,735,0
1052.52,8/8(12/8),pdf_render,2.098,1.036,0.000,6.483,49.260,41.0,1430,0
1053.03,8/8(12/8),pdf_render,1.754,0.752,0.000,6.483,49.260,42.0,736,0
1053.53,8/8(12/8),pdf_render,1.694,0.769,0.000,6.483,49.260,42.0,747,0
1054.04,8/8(12/8),pdf_render,1.661,0.750,0.000,6.482,49.260,41.0,582,0
1054.54,8/8(12/8),pdf_render,1.703,0.805,0.000,6.482,49.260,41.0,933,0
1055.05,8/8(12/8),pdf_render,1.702,0.793,0.000,6.482,49.260,41.0,730,0
1055.55,8/8(12/8),pdf_render,1.775,0.864,0.000,6.482,49.260,41.0,780,0
1056.06,8/8(12/8),pdf_render,1.008,0.209,0.000,6.482,49.260,39.0,1132,0
1056.57,8/8(12/8),gap,0.970,0.324,0.000,6.482,49.260,39.0,796,0
1057.08,8/8(12/8),gap,0.392,0.013,0.000,6.492,49.250,39.0,922,0
1057.58,8/8(12/8),gap,0.348,0.014,0.000,6.492,49.250,39.0,916,0
1058.09,8/8(12/8),gap,0.377,0.011,0.000,6.492,49.250,39.0,1144,0
1058.60,8/8(12/8),gap,0.329,0.012,0.000,6.492,49.250,39.0,754,0
1059.11,8/8(12/8),gap,0.280,0.009,0.000,6.495,49.250,39.0,666,0
1059.61,8/8(12/8),gap,0.346,0.011,0.000,6.495,49.250,39.0,604,0
1060.12,8/8(12/8),gap,1.708,0.743,0.000,6.495,49.250,41.0,597,0
1060.63,8/8(12/8),pdf_render,1.825,0.871,0.000,6.495,49.250,41.0,738,0
1061.14,8/8(12/8),pdf_render,1.781,0.723,0.000,6.480,49.250,41.0,746,0
1061.64,8/8(12/8),pdf_render,1.657,0.746,0.000,6.480,49.250,41.0,945,0
1062.15,8/8(12/8),pdf_render,1.641,0.734,0.000,6.480,49.250,41.0,752,0
1062.65,8/8(12/8),pdf_render,2.133,1.063,0.000,6.480,49.250,41.0,766,0
1063.16,8/8(12/8),pdf_render,1.779,0.853,0.000,6.485,49.250,41.0,927,0
1063.66,8/8(12/8),pdf_render,1.750,0.831,0.000,6.485,49.250,41.0,897,0
1064.17,8/8(12/8),pdf_render,1.656,0.750,0.000,6.485,49.250,41.0,723,0
1064.67,8/8(12/8),pdf_render,1.695,0.794,0.000,6.485,49.250,41.0,635,0
1065.18,8/8(12/8),pdf_render,1.704,0.793,0.000,6.484,49.240,41.0,793,0
1065.68,8/8(12/8),pdf_render,1.915,1.008,0.000,6.484,49.240,41.0,578,0
1066.19,8/8(12/8),pdf_render,1.808,0.882,0.000,6.484,49.240,43.0,1450,0
1066.70,8/8(12/8),pdf_render,1.847,0.826,0.000,6.484,49.240,43.0,874,0
1067.20,8/8(12/8),pdf_render,1.683,0.770,0.000,6.484,49.240,41.0,746,0
1067.71,8/8(12/8),pdf_render,1.635,0.737,0.000,6.484,49.240,41.0,725,0
1068.22,8/8(12/8),pdf_render,1.903,0.932,0.000,6.484,49.240,42.0,702,0
1068.72,8/8(12/8),pdf_render,1.628,0.729,0.000,6.484,49.240,42.0,580,0
1069.23,8/8(12/8),pdf_render,1.662,0.751,0.000,6.484,49.240,41.0,848,0
1069.73,8/8(12/8),pdf_render,1.788,0.859,0.000,6.484,49.240,41.0,758,0
1070.24,8/8(12/8),pdf_render,1.681,0.774,0.000,6.483,49.230,41.0,855,0
1070.74,8/8(12/8),pdf_render,1.646,0.742,0.000,6.483,49.230,41.0,738,0
1071.25,8/8(12/8),pdf_render,1.784,0.762,0.000,6.483,49.230,41.0,591,0
1071.76,8/8(12/8),pdf_render,1.751,0.827,0.000,6.483,49.230,41.0,753,0
1072.26,8/8(12/8),pdf_render,1.762,0.798,0.000,6.484,49.230,41.0,737,0
1072.77,8/8(12/8),pdf_render,2.249,1.043,0.000,6.484,49.230,41.0,580,0
1073.28,8/8(12/8),pdf_render,1.685,0.777,0.000,6.484,49.230,41.0,732,0
1073.78,8/8(12/8),pdf_render,1.692,0.785,0.000,6.484,49.230,41.0,758,0
1074.29,8/8(12/8),pdf_render,1.779,0.857,0.000,6.483,49.230,41.0,897,0
1074.79,8/8(12/8),pdf_render,1.759,0.846,0.000,6.483,49.230,41.0,914,0
1075.30,8/8(12/8),pdf_render,1.622,0.598,0.000,6.483,49.230,39.0,704,0
1075.80,8/8(12/8),gap,0.914,0.232,0.000,6.483,49.230,39.0,866,0
1076.31,8/8(12/8),gap,0.609,0.119,0.000,6.490,49.220,39.0,558,0
1076.82,8/8(12/8),gap,0.330,0.012,0.000,6.490,49.220,39.0,751,0
1077.33,8/8(12/8),gap,0.313,0.010,0.000,6.490,49.220,38.0,603,0
1077.84,8/8(12/8),gap,0.500,0.016,0.000,6.490,49.220,38.0,1014,0
1078.35,8/8(12/8),gap,0.373,0.020,0.001,6.490,49.220,38.0,1238,0
1078.85,8/8(12/8),gap,0.405,0.016,0.000,6.490,49.220,38.0,540,0
1079.36,8/8(12/8),gap,1.094,0.383,0.001,6.493,49.220,39.0,1514,0
1079.87,8/8(12/8),office,2.595,1.233,0.000,6.493,49.220,39.0,948,0
1080.38,8/8(12/8),office,2.021,0.853,0.000,6.493,49.220,41.0,865,0
1080.88,8/8(12/8),office,2.268,1.075,0.000,6.493,49.220,41.0,1033,0
1081.39,8/8(12/8),office,2.299,1.180,0.000,6.481,49.220,41.0,586,0
1081.89,8/8(12/8),office,1.486,0.513,0.000,6.481,49.220,41.0,1179,0
1082.40,8/8(12/8),gap,1.220,0.485,0.000,6.481,49.220,39.0,1431,0
1082.91,8/8(12/8),gap,0.794,0.232,0.000,6.481,49.220,39.0,596,0
1083.42,8/8(12/8),gap,0.548,0.019,0.000,6.491,49.220,38.0,895,0
1083.92,8/8(12/8),gap,0.342,0.014,0.000,6.491,49.220,38.0,639,0
1084.43,8/8(12/8),gap,0.440,0.015,0.000,6.491,49.220,38.0,789,0
1084.94,8/8(12/8),gap,0.456,0.023,0.000,6.491,49.220,38.0,583,0
1085.45,8/8(12/8),gap,0.387,0.016,0.000,6.492,49.210,38.0,760,0
1085.96,8/8(12/8),gap,1.643,0.726,0.000,6.492,49.210,38.0,944,0
1086.47,8/8(12/8),office,2.249,0.966,0.000,6.492,49.210,39.0,949,0
1086.97,8/8(12/8),office,2.145,0.995,0.000,6.492,49.210,39.0,989,0
1087.48,8/8(12/8),office,2.259,1.068,0.000,6.478,49.210,41.0,694,0
1087.99,8/8(12/8),office,2.222,1.064,0.000,6.478,49.210,41.0,697,0
1088.50,8/8(12/8),office,1.154,0.264,0.000,6.478,49.210,38.0,566,0
1089.00,8/8(12/8),gap,0.907,0.304,0.000,6.478,49.210,38.0,679,0
1089.51,8/8(12/8),gap,0.426,0.027,0.000,6.478,49.210,38.0,1018,0
1090.02,8/8(12/8),gap,0.411,0.018,0.000,6.478,49.210,38.0,796,0
1090.52,8/8(12/8),gap,0.386,0.022,0.000,6.492,49.210,38.0,909,0
1091.03,8/8(12/8),gap,0.476,0.016,0.000,6.492,49.210,38.0,658,0
1091.54,8/8(12/8),gap,0.422,0.027,0.000,6.492,49.210,38.0,556,0
1092.05,8/8(12/8),gap,0.277,0.010,0.000,6.492,49.210,38.0,611,0
1092.56,8/8(12/8),gap,2.449,1.340,0.000,6.493,49.210,39.0,1026,0
1093.06,8/8(12/8),python,3.004,1.483,0.000,6.493,49.210,39.0,1196,0
1093.57,8/8(12/8),python,2.937,1.512,0.000,6.493,49.210,40.0,851,0
1094.08,8/8(12/8),python,2.069,0.708,0.000,6.493,49.210,40.0,755,0
1094.59,8/8(12/8),python,2.391,0.710,0.000,6.476,49.200,39.0,596,0
1095.10,8/8(12/8),python,1.307,0.259,0.000,6.476,49.200,39.0,1134,0
1095.61,8/8(12/8),gap,0.907,0.219,0.000,6.476,49.200,38.0,564,0
1096.12,8/8(12/8),gap,0.353,0.016,0.000,6.476,49.200,38.0,560,0
1096.62,8/8(12/8),gap,0.565,0.053,0.000,6.493,49.200,38.0,759,0
1097.13,8/8(12/8),gap,0.623,0.022,0.000,6.493,49.200,38.0,595,0
1097.64,8/8(12/8),gap,0.680,0.052,0.000,6.493,49.200,38.0,652,0
1098.15,8/8(12/8),gap,0.568,0.011,0.000,6.493,49.200,38.0,982,0
1098.66,8/8(12/8),gap,0.481,0.040,0.000,6.492,49.200,38.0,756,0
1099.16,8/8(12/8),gap,1.792,0.790,0.000,6.492,49.200,38.0,1736,0
1099.67,8/8(12/8),python,3.083,1.459,0.000,6.492,49.200,42.0,652,0
1100.18,8/8(12/8),python,2.821,1.518,0.000,6.492,49.200,42.0,733,0
1100.68,8/8(12/8),python,2.001,0.731,0.000,6.495,49.190,39.0,612,0
1101.19,8/8(12/8),python,1.887,0.562,0.000,6.495,49.190,39.0,663,0
1101.70,8/8(12/8),python,1.876,0.342,0.000,6.495,49.190,38.0,822,0
1102.20,8/8(12/8),gap,0.997,0.328,0.000,6.495,49.190,38.0,1025,0
1102.71,8/8(12/8),gap,1.186,0.355,0.000,6.495,49.190,38.0,1058,0
1103.22,8/8(12/8),gap,0.389,0.026,0.000,6.495,49.190,38.0,961,0
1103.73,8/8(12/8),gap,0.429,0.012,0.000,6.480,49.190,38.0,551,0
1104.23,8/8(12/8),gap,0.396,0.046,0.000,6.480,49.190,38.0,787,0
1104.74,8/8(12/8),gap,0.805,0.016,0.000,6.480,49.190,38.0,635,0
1105.25,8/8(12/8),gap,0.443,0.021,0.000,6.480,49.190,38.0,652,0
1105.76,8/8(12/8),gap,3.022,1.176,0.000,6.492,49.190,41.0,1600,0
1106.27,8/8(12/8),compress,9.337,4.715,0.000,6.492,49.190,41.0,1340,0
1106.78,8/8(12/8),compress,7.953,4.247,0.000,6.492,49.190,42.0,1295,0
1107.28,8/8(12/8),compress,7.981,4.217,0.000,6.492,49.190,42.0,1385,0
1107.79,8/8(12/8),compress,7.953,4.153,0.000,6.436,49.180,42.0,1283,0
1108.30,8/8(12/8),compress,7.970,4.191,0.000,6.436,49.180,42.0,1379,0
1108.81,8/8(12/8),compress,7.970,4.022,0.000,6.436,49.180,43.0,1301,0
1109.31,8/8(12/8),compress,7.968,4.069,0.000,6.436,49.180,43.0,1428,0
1109.82,8/8(12/8),compress,7.735,3.893,0.000,6.435,49.170,43.0,1408,0
1110.33,8/8(12/8),compress,4.821,1.893,0.000,6.435,49.170,43.0,1628,0
1110.83,8/8(12/8),gap,0.844,0.164,0.000,6.435,49.170,39.0,1060,0
1111.34,8/8(12/8),gap,0.836,0.172,0.000,6.435,49.170,39.0,674,0
1111.85,8/8(12/8),gap,0.427,0.019,0.000,6.490,49.170,39.0,700,0
1112.36,8/8(12/8),gap,0.694,0.105,0.000,6.490,49.170,39.0,1180,0
1112.87,8/8(12/8),gap,0.935,0.304,0.000,6.490,49.170,39.0,660,0
1113.38,8/8(12/8),gap,0.702,0.110,0.000,6.490,49.170,39.0,663,0
1113.89,8/8(12/8),gap,0.812,0.010,0.000,6.490,49.170,39.0,617,0
1114.40,8/8(12/8),gap,0.981,0.145,0.000,6.490,49.170,39.0,1240,0
1114.91,8/8(12/8),compress,9.205,4.426,0.000,6.488,49.170,42.0,1430,0
1115.42,8/8(12/8),compress,7.978,4.323,0.000,6.488,49.170,42.0,1329,0
1115.94,8/8(12/8),compress,7.959,4.126,0.000,6.488,49.170,42.0,1225,0
1116.45,8/8(12/8),compress,7.971,4.115,0.000,6.488,49.170,42.0,1287,0
1116.95,8/8(12/8),compress,7.966,4.189,0.000,6.432,49.160,43.0,1267,0
1117.46,8/8(12/8),compress,7.986,4.181,0.000,6.432,49.160,43.0,1376,0
1117.97,8/8(12/8),compress,7.953,4.030,0.000,6.432,49.160,43.0,1343,0
1118.48,8/8(12/8),compress,7.571,3.768,0.000,6.432,49.160,43.0,1031,0
1118.99,8/8(12/8),compress,6.156,2.314,0.000,6.431,49.150,43.0,835,0
1119.49,8/8(12/8),compress,1.995,0.610,0.000,6.431,49.150,43.0,1167,0
1120.00,8/8(12/8),gap,0.953,0.338,0.000,6.431,49.150,40.0,954,0
1120.51,8/8(12/8),gap,0.389,0.024,0.000,6.431,49.150,40.0,937,0
1121.02,8/8(12/8),gap,0.325,0.006,0.000,6.488,49.150,39.0,990,0
1121.53,8/8(12/8),gap,1.026,0.152,0.000,6.488,49.150,39.0,671,0
1122.04,8/8(12/8),gap,0.480,0.027,0.000,6.488,49.150,39.0,640,0
1122.54,8/8(12/8),gap,1.125,0.317,0.000,6.488,49.150,39.0,741,0
1123.06,8/8(12/8),gap,0.299,0.006,0.000,6.484,49.140,39.0,675,0
1123.56,8/8(12/8),gap,5.699,2.423,0.000,6.484,49.140,39.0,1600,0
1124.08,8/8(12/8),sustained40s,8.489,4.659,0.000,6.484,49.140,43.0,1390,0
1124.58,8/8(12/8),sustained40s,7.969,4.362,0.000,6.484,49.140,43.0,1295,0
1125.09,8/8(12/8),sustained40s,7.972,4.119,0.000,6.433,49.140,43.0,1328,0
1125.60,8/8(12/8),sustained40s,7.954,4.149,0.000,6.433,49.140,43.0,1312,0
1126.11,8/8(12/8),sustained40s,7.985,4.226,0.000,6.433,49.140,43.0,1329,0
1126.62,8/8(12/8),sustained40s,7.960,4.024,0.001,6.433,49.140,43.0,1299,0
1127.13,8/8(12/8),sustained40s,7.616,3.721,0.000,6.433,49.140,44.0,1069,0
1127.63,8/8(12/8),sustained40s,7.469,3.372,0.000,6.433,49.140,44.0,928,0
1128.14,8/8(12/8),sustained40s,5.173,1.894,0.000,6.434,49.130,44.0,1774,0
1128.65,8/8(12/8),sustained40s,9.730,5.139,0.000,6.434,49.130,44.0,1442,0
1129.16,8/8(12/8),sustained40s,7.958,4.468,0.000,6.434,49.130,44.0,1331,0
1129.66,8/8(12/8),sustained40s,7.984,4.218,0.000,6.434,49.130,44.0,1279,0
1130.17,8/8(12/8),sustained40s,7.966,4.223,0.000,6.428,49.120,44.0,1598,0
1130.68,8/8(12/8),sustained40s,7.971,4.203,0.000,6.428,49.120,44.0,1279,0
1131.19,8/8(12/8),sustained40s,7.953,4.089,0.000,6.428,49.120,45.0,1351,0
1131.70,8/8(12/8),sustained40s,7.979,4.061,0.000,6.428,49.120,45.0,1489,0
1132.21,8/8(12/8),sustained40s,7.166,3.488,0.000,6.428,49.110,45.0,1520,0
1132.71,8/8(12/8),sustained40s,7.343,2.717,0.000,6.428,49.110,45.0,901,0
1133.22,8/8(12/8),sustained40s,8.791,4.246,0.000,6.428,49.110,45.0,1430,0
1133.72,8/8(12/8),sustained40s,7.956,4.479,0.000,6.428,49.110,45.0,1397,0
1134.24,8/8(12/8),sustained40s,7.969,4.292,0.000,6.428,49.110,45.0,1339,0
1134.74,8/8(12/8),sustained40s,7.978,4.152,0.005,6.428,49.110,45.0,1326,0
1135.25,8/8(12/8),sustained40s,7.959,4.175,0.008,6.428,49.110,45.0,1291,0
1135.76,8/8(12/8),sustained40s,7.979,4.182,0.000,6.428,49.110,45.0,1487,0
1136.27,8/8(12/8),sustained40s,7.967,4.028,0.000,6.425,49.100,45.0,1329,0
1136.77,8/8(12/8),sustained40s,7.937,4.027,0.000,6.425,49.100,45.0,1162,0
1137.28,8/8(12/8),sustained40s,7.195,3.510,0.000,6.425,49.100,45.0,1172,0
1137.79,8/8(12/8),sustained40s,7.971,3.494,0.000,6.425,49.100,45.0,1797,0
1138.30,8/8(12/8),sustained40s,8.257,4.606,0.000,6.425,49.100,45.0,1414,0
1138.80,8/8(12/8),sustained40s,7.958,4.378,0.001,6.425,49.100,45.0,1329,0
1139.31,8/8(12/8),sustained40s,7.965,4.089,0.000,6.424,49.090,45.0,1296,0
1139.82,8/8(12/8),sustained40s,7.974,4.143,0.000,6.424,49.090,45.0,1281,0
1140.33,8/8(12/8),sustained40s,7.962,4.116,0.000,6.424,49.090,46.0,1377,0
1140.84,8/8(12/8),sustained40s,7.967,4.053,0.000,6.424,49.090,46.0,1295,0
1141.35,8/8(12/8),sustained40s,7.970,4.018,0.000,6.426,49.080,46.0,1289,0
1141.86,8/8(12/8),sustained40s,7.343,3.523,0.000,6.426,49.080,46.0,1058,0
1142.36,8/8(12/8),sustained40s,8.153,3.454,0.000,6.426,49.080,46.0,1483,0
1142.87,8/8(12/8),sustained40s,8.391,4.686,0.000,6.426,49.080,46.0,1308,0
1143.38,8/8(12/8),sustained40s,7.964,4.430,0.000,6.420,49.070,46.0,1380,0
1143.89,8/8(12/8),sustained40s,7.972,4.348,0.000,6.420,49.070,46.0,1336,0
1144.40,8/8(12/8),sustained40s,7.967,4.274,0.000,6.420,49.070,46.0,1385,0
1144.91,8/8(12/8),sustained40s,7.985,4.112,0.000,6.420,49.070,46.0,1277,0
1145.42,8/8(12/8),sustained40s,7.950,4.061,0.000,6.422,49.070,46.0,1350,0
1145.93,8/8(12/8),sustained40s,7.979,4.051,0.001,6.422,49.070,46.0,1430,0
1146.44,8/8(12/8),sustained40s,6.976,3.298,0.000,6.422,49.070,46.0,1247,0
1146.94,8/8(12/8),sustained40s,5.580,1.894,0.000,6.422,49.070,46.0,1681,0
1147.45,8/8(12/8),sustained40s,9.132,4.526,0.000,6.414,49.060,47.0,1445,0
1147.98,8/8(12/8),sustained40s,7.971,4.518,0.000,6.414,49.060,47.0,1398,0
1148.50,8/8(12/8),sustained40s,7.966,4.205,0.000,6.414,49.060,47.0,1267,0
1149.00,8/8(12/8),sustained40s,7.968,4.176,0.000,6.414,49.060,47.0,1276,0
1149.51,8/8(12/8),sustained40s,7.972,4.224,0.000,6.414,49.060,47.0,1332,0
1150.01,8/8(12/8),sustained40s,7.967,4.152,0.000,6.414,49.060,47.0,1375,0
1150.52,8/8(12/8),sustained40s,7.980,4.090,0.000,6.424,49.050,47.0,1337,0
1151.03,8/8(12/8),sustained40s,7.596,3.846,0.000,6.424,49.050,47.0,1032,0
1151.54,8/8(12/8),sustained40s,6.573,2.665,0.000,6.424,49.050,45.0,1183,0
1152.04,8/8(12/8),sustained40s,5.028,2.032,0.000,6.424,49.050,45.0,1852,0
1152.55,8/8(12/8),sustained40s,8.998,4.777,0.000,6.444,49.040,48.0,1437,0
1153.06,8/8(12/8),sustained40s,7.971,4.448,0.000,6.444,49.040,48.0,1345,0
1153.57,8/8(12/8),sustained40s,7.977,4.250,0.000,6.444,49.040,48.0,1320,0
1154.07,8/8(12/8),sustained40s,7.965,4.267,0.000,6.444,49.040,48.0,1379,0
1154.58,8/8(12/8),sustained40s,7.966,4.085,0.000,6.424,49.030,48.0,1272,0
1155.09,8/8(12/8),sustained40s,7.974,4.066,0.000,6.424,49.030,48.0,1326,0
1155.60,8/8(12/8),sustained40s,7.965,4.081,0.000,6.424,49.030,48.0,1344,0
1156.11,8/8(12/8),sustained40s,7.979,4.073,0.000,6.424,49.030,48.0,1409,0
1156.62,8/8(12/8),sustained40s,5.080,2.203,0.000,6.420,49.030,45.0,1216,0
1157.12,8/8(12/8),sustained40s,9.566,4.626,0.000,6.420,49.030,45.0,1432,0
1157.63,8/8(12/8),sustained40s,7.970,4.438,0.000,6.420,49.030,48.0,1275,0
1158.14,8/8(12/8),sustained40s,7.966,4.306,0.000,6.420,49.030,48.0,1372,0
1158.65,8/8(12/8),sustained40s,7.970,4.384,0.000,6.421,49.020,48.0,1434,0
1159.15,8/8(12/8),sustained40s,7.971,4.163,0.000,6.421,49.020,48.0,1279,0
1159.66,8/8(12/8),sustained40s,7.973,4.073,0.000,6.421,49.020,48.0,1278,0
1160.17,8/8(12/8),sustained40s,7.970,4.079,0.000,6.421,49.020,48.0,1311,0
1160.68,8/8(12/8),sustained40s,7.966,4.046,0.000,6.421,49.020,49.0,1098,0
1161.18,8/8(12/8),sustained40s,6.502,2.429,0.000,6.421,49.020,49.0,1118,0
1161.69,8/8(12/8),sustained40s,6.982,2.781,0.000,6.419,49.010,49.0,1737,0
1162.20,8/8(12/8),sustained40s,8.607,4.818,0.000,6.419,49.010,49.0,1497,0
1162.71,8/8(12/8),sustained40s,7.969,4.508,0.000,6.419,49.010,49.0,1383,0
1163.21,8/8(12/8),sustained40s,7.972,4.213,0.000,6.419,49.010,49.0,1271,0
1163.72,8/8(12/8),sustained40s,7.971,4.198,0.000,6.421,49.000,49.0,1334,0
1164.23,8/8(12/8),sustained40s,7.968,4.173,0.000,6.421,49.000,49.0,1278,0
1164.74,8/8(12/8),sustained40s,7.968,4.189,0.000,6.421,49.000,49.0,1267,0
1165.25,8/8(12/8),sustained40s,7.975,4.170,0.000,6.421,49.000,49.0,1500,0
1165.75,8/8(12/8),sustained40s,7.861,4.079,0.000,6.419,48.990,48.0,1204,0
1166.26,8/8(12/8),sustained40s,4.922,1.879,0.000,6.419,48.990,48.0,1543,0
1166.77,8/8(12/8),sustained40s,0.773,0.142,0.000,6.419,48.990,45.0,714,0
1167.28,8/8(12/8),end,1.038,0.260,0.000,6.419,48.990,45.0,784,0
1167.79,8/8(12/8),end,0.457,0.023,0.000,6.473,48.990,45.0,669,0
1168.30,8/8(12/8),end,0.367,0.015,0.000,6.473,48.990,45.0,652,0
1168.81,8/8(12/8),end,0.378,0.017,0.000,6.473,48.990,45.0,787,0
1169.32,8/8(12/8),end,0.314,0.012,0.000,6.473,48.990,45.0,1071,0
1169.83,8/8(12/8),end,0.407,0.022,0.000,6.478,48.990,44.0,803,0
1170.34,8/8(12/8),end,0.354,0.014,0.000,6.478,48.990,44.0,669,0
1170.85,8/8(12/8),end,0.707,0.064,0.000,6.478,48.990,45.0,1481,0
1171.36,8/8(12/8),end,0.687,0.148,0.000,6.478,48.990,45.0,739,0
1171.87,8/8(12/8),end,0.705,0.098,0.000,6.478,48.990,44.0,656,0
1172.37,8/8(12/8),end,0.628,0.145,0.000,6.478,48.990,44.0,1244,0
1172.89,8/8(12/8),end,1.264,0.442,0.005,6.476,48.980,44.0,1318,0
1173.39,8/8(12/8),end,0.988,0.133,0.000,6.476,48.980,44.0,1168,0
1173.90,8/8(12/8),end,0.579,0.026,0.000,6.476,48.980,44.0,561,0
1174.41,8/8(12/8),end,0.609,0.079,0.000,6.476,48.980,44.0,859,0
1174.91,cool,wait,0.953,0.246,0.000,6.477,48.980,44.0,881,0
1175.42,cool,wait,0.563,0.058,0.000,6.477,48.980,44.0,1034,0
1175.93,cool,wait,0.479,0.011,0.000,6.477,48.980,43.0,1003,0
1176.44,cool,wait,0.848,0.063,0.000,6.477,48.980,43.0,860,0
1176.95,cool,wait,0.414,0.017,0.000,6.477,48.980,43.0,740,0
1177.45,cool,wait,0.459,0.036,0.000,6.477,48.980,43.0,623,0
1177.96,cool,wait,0.332,0.011,0.000,6.477,48.980,43.0,573,0
1178.47,cool,wait,0.832,0.154,0.000,6.477,48.980,43.0,614,0
1178.98,cool,wait,0.472,0.010,0.000,6.477,48.980,43.0,622,0
1179.48,cool,wait,0.686,0.033,0.000,6.477,48.980,43.0,423,0
1179.99,cool,wait,0.348,0.016,0.000,6.477,48.980,43.0,576,0
1180.50,cool,wait,0.515,0.040,0.000,6.477,48.980,43.0,615,0
1181.01,cool,wait,0.349,0.013,0.000,6.481,48.970,43.0,625,0
1181.52,cool,wait,0.397,0.027,0.000,6.481,48.970,43.0,916,0
1182.03,cool,wait,0.600,0.024,0.000,6.481,48.970,43.0,867,0
1182.53,cool,wait,1.318,0.454,0.000,6.481,48.970,43.0,610,0
1183.04,cool,wait,0.453,0.017,0.000,6.481,48.970,43.0,909,0
1183.55,cool,wait,0.858,0.146,0.000,6.481,48.970,43.0,1031,0
1184.06,cool,wait,0.543,0.012,0.000,6.477,48.970,43.0,688,0
1184.56,cool,wait,0.443,0.047,0.000,6.477,48.970,43.0,612,0
1185.07,cool,wait,0.344,0.014,0.000,6.477,48.970,42.0,662,0
1185.58,cool,wait,0.803,0.043,0.000,6.477,48.970,42.0,545,0
1186.09,cool,wait,0.357,0.015,0.000,6.484,48.970,42.0,559,0
1186.60,cool,wait,0.951,0.075,0.000,6.484,48.970,42.0,691,0
1187.11,cool,wait,0.387,0.011,0.000,6.484,48.970,43.0,836,0
1187.61,cool,wait,0.702,0.084,0.000,6.484,48.970,43.0,735,0
1188.12,cool,wait,0.464,0.015,0.000,6.479,48.970,42.0,848,0
1188.63,cool,wait,0.510,0.054,0.000,6.479,48.970,42.0,631,0
1189.14,cool,wait,0.345,0.013,0.000,6.479,48.970,42.0,679,0
1189.64,cool,wait,0.395,0.027,0.000,6.479,48.970,42.0,826,0
1190.15,cool,wait,0.318,0.010,0.000,6.483,48.960,42.0,1199,0
1190.66,cool,wait,0.460,0.049,0.000,6.483,48.960,42.0,750,0
1191.17,cool,wait,0.309,0.010,0.000,6.483,48.960,42.0,1059,0
1191.67,cool,wait,0.473,0.053,0.000,6.483,48.960,42.0,604,0
1192.18,cool,wait,0.342,0.014,0.000,6.483,48.960,42.0,1052,0
1192.69,cool,wait,1.230,0.378,0.000,6.483,48.960,42.0,691,0
1193.20,cool,wait,0.436,0.021,0.000,6.483,48.960,42.0,768,0
1193.71,cool,wait,0.490,0.015,0.000,6.483,48.960,42.0,717,0
1194.22,cool,wait,0.372,0.021,0.000,6.483,48.960,42.0,575,0
1194.72,cool,wait,0.691,0.033,0.000,6.483,48.960,42.0,754,0
1195.23,cool,wait,0.400,0.023,0.000,6.486,48.960,42.0,729,0
1195.74,cool,wait,0.388,0.017,0.000,6.486,48.960,42.0,807,0
1196.25,cool,wait,0.392,0.038,0.000,6.486,48.960,42.0,672,0
1196.75,cool,wait,0.369,0.023,0.000,6.486,48.960,42.0,766,0
1197.26,cool,wait,0.414,0.020,0.000,6.486,48.960,42.0,712,0
1197.77,cool,wait,0.556,0.019,0.000,6.486,48.960,42.0,544,0
1198.28,cool,wait,0.465,0.032,0.000,6.486,48.960,41.0,660,0
1198.78,cool,wait,0.556,0.050,0.000,6.486,48.960,41.0,511,0
1199.29,cool,wait,0.502,0.031,0.000,6.482,48.950,41.0,640,0
1199.80,cool,wait,0.414,0.018,0.000,6.482,48.950,41.0,911,0
1200.31,cool,wait,0.486,0.021,0.000,6.482,48.950,41.0,558,0
1200.81,cool,wait,0.581,0.028,0.000,6.482,48.950,41.0,749,0
1201.32,cool,wait,0.671,0.048,0.000,6.482,48.950,41.0,560,0
1201.83,cool,wait,0.559,0.035,0.000,6.482,48.950,41.0,842,0
1202.34,cool,wait,0.612,0.104,0.000,6.482,48.950,41.0,911,0
1202.85,cool,wait,1.044,0.361,0.000,6.482,48.950,41.0,667,0
1203.36,cool,wait,0.324,0.008,0.000,6.484,48.950,41.0,552,0
1203.86,cool,wait,0.403,0.020,0.000,6.484,48.950,41.0,598,0
1204.37,cool,wait,0.364,0.009,0.000,6.484,48.950,41.0,647,0
1204.88,cool,wait,0.414,0.022,0.000,6.484,48.950,41.0,636,0
1205.39,cool,wait,0.294,0.008,0.000,6.484,48.950,41.0,1168,0
1205.89,cool,wait,0.361,0.013,0.000,6.484,48.950,41.0,627,0
1206.40,cool,wait,0.473,0.011,0.000,6.487,48.950,41.0,757,0
1206.91,cool,wait,0.593,0.025,0.000,6.487,48.950,41.0,574,0
1207.42,cool,wait,0.457,0.008,0.000,6.487,48.950,40.0,719,0
1207.92,cool,wait,0.385,0.021,0.000,6.487,48.950,40.0,544,0
1208.44,cool,wait,0.294,0.007,0.000,6.484,48.940,40.0,1071,0
1208.94,cool,wait,0.414,0.035,0.000,6.484,48.940,40.0,654,0
1209.45,cool,wait,0.405,0.021,0.000,6.484,48.940,40.0,571,0
1209.96,cool,wait,0.437,0.027,0.000,6.484,48.940,40.0,683,0
1210.47,cool,wait,0.372,0.013,0.000,6.484,48.940,40.0,738,0
1210.97,cool,wait,0.414,0.023,0.000,6.484,48.940,40.0,653,0
1211.48,cool,wait,0.354,0.015,0.000,6.484,48.940,40.0,682,0
1211.99,cool,wait,0.775,0.023,0.000,6.484,48.940,40.0,648,0
1212.50,cool,wait,1.262,0.309,0.000,6.484,48.940,41.0,917,0
1213.00,cool,wait,0.946,0.049,0.000,6.484,48.940,41.0,864,0
1213.51,cool,wait,0.717,0.012,0.000,6.484,48.940,40.0,802,0
1214.02,cool,wait,0.762,0.017,0.000,6.484,48.940,40.0,869,0
1214.53,cool,wait,0.772,0.031,0.000,6.483,48.940,40.0,845,0
1215.04,cool,wait,0.883,0.070,0.000,6.483,48.940,40.0,606,0
1215.54,8/8@balance_power(12/8),idle,1.311,0.402,0.000,6.483,48.940,40.0,913,0
1216.05,8/8@balance_power(12/8),idle,0.801,0.031,0.000,6.483,48.940,40.0,589,0
1216.56,8/8@balance_power(12/8),idle,0.781,0.027,0.000,6.483,48.940,40.0,630,0
1217.07,8/8@balance_power(12/8),idle,0.962,0.293,0.003,6.483,48.940,40.0,642,0
1217.58,8/8@balance_power(12/8),idle,0.431,0.024,0.005,6.484,48.930,40.0,599,0
1218.08,8/8@balance_power(12/8),idle,0.405,0.029,0.000,6.484,48.930,40.0,594,0
1218.59,8/8@balance_power(12/8),idle,0.551,0.017,0.001,6.484,48.930,40.0,549,0
1219.10,8/8@balance_power(12/8),idle,0.449,0.024,0.002,6.484,48.930,40.0,751,0
1219.61,8/8@balance_power(12/8),idle,0.431,0.019,0.000,6.484,48.930,40.0,658,0
1220.11,8/8@balance_power(12/8),idle,0.396,0.020,0.000,6.484,48.930,40.0,728,0
1220.62,8/8@balance_power(12/8),idle,0.297,0.009,0.000,6.484,48.930,39.0,637,0
1221.13,8/8@balance_power(12/8),idle,0.363,0.025,0.000,6.484,48.930,39.0,1012,0
1221.64,8/8@balance_power(12/8),idle,0.335,0.012,0.000,6.486,48.930,39.0,724,0
1222.15,8/8@balance_power(12/8),idle,0.345,0.017,0.000,6.486,48.930,39.0,897,0
1222.66,8/8@balance_power(12/8),idle,1.089,0.368,0.000,6.486,48.930,39.0,933,0
1223.16,8/8@balance_power(12/8),idle,0.550,0.014,0.000,6.486,48.930,39.0,1046,0
1223.67,8/8@balance_power(12/8),idle,0.320,0.008,0.000,6.484,48.930,39.0,666,0
1224.18,8/8@balance_power(12/8),idle,0.485,0.012,0.000,6.484,48.930,39.0,757,0
1224.69,8/8@balance_power(12/8),idle,0.321,0.009,0.000,6.484,48.930,39.0,648,0
1225.19,8/8@balance_power(12/8),idle,0.392,0.028,0.000,6.484,48.930,39.0,650,0
1225.70,8/8@balance_power(12/8),idle,0.415,0.019,0.000,6.485,48.920,39.0,705,0
1226.21,8/8@balance_power(12/8),idle,0.329,0.019,0.000,6.485,48.920,39.0,894,0
1226.72,8/8@balance_power(12/8),idle,0.375,0.013,0.000,6.485,48.920,39.0,813,0
1227.22,8/8@balance_power(12/8),idle,0.310,0.012,0.000,6.485,48.920,39.0,594,0
1227.73,8/8@balance_power(12/8),idle,0.365,0.010,0.000,6.486,48.920,39.0,649,0
1228.24,8/8@balance_power(12/8),idle,0.402,0.017,0.000,6.486,48.920,39.0,542,0
1228.75,8/8@balance_power(12/8),idle,0.324,0.009,0.000,6.486,48.920,39.0,736,0
1229.26,8/8@balance_power(12/8),idle,0.316,0.012,0.000,6.486,48.920,39.0,1140,0
1229.77,8/8@balance_power(12/8),idle,0.967,0.222,0.000,6.486,48.920,41.0,726,0
1230.27,8/8@balance_power(12/8),pdf_render,3.222,2.057,0.000,6.486,48.920,41.0,962,0
1230.78,8/8@balance_power(12/8),pdf_render,2.637,1.671,0.000,6.483,48.920,44.0,863,0
1231.28,8/8@balance_power(12/8),pdf_render,2.664,1.691,0.000,6.483,48.920,44.0,1136,0
1231.79,8/8@balance_power(12/8),pdf_render,2.665,1.720,0.000,6.483,48.920,44.0,722,0
1232.29,8/8@balance_power(12/8),pdf_render,2.804,1.802,0.000,6.483,48.920,44.0,1537,0
1232.80,8/8@balance_power(12/8),pdf_render,3.397,2.095,0.000,6.471,48.920,44.0,839,0
1233.31,8/8@balance_power(12/8),pdf_render,3.051,2.100,0.000,6.471,48.920,44.0,897,0
1233.81,8/8@balance_power(12/8),pdf_render,2.799,1.855,0.000,6.471,48.920,44.0,950,0
1234.31,8/8@balance_power(12/8),pdf_render,2.716,1.789,0.000,6.471,48.920,44.0,795,0
1234.82,8/8@balance_power(12/8),pdf_render,3.033,1.941,0.000,6.469,48.910,48.0,2061,0
1235.33,8/8@balance_power(12/8),pdf_render,3.174,2.018,0.000,6.469,48.910,48.0,738,0
1235.83,8/8@balance_power(12/8),pdf_render,2.726,1.787,0.000,6.469,48.910,45.0,953,0
1236.34,8/8@balance_power(12/8),pdf_render,2.721,1.793,0.000,6.469,48.910,45.0,1083,0
1236.84,8/8@balance_power(12/8),pdf_render,2.666,1.715,0.000,6.469,48.910,44.0,939,0
1237.35,8/8@balance_power(12/8),pdf_render,2.668,1.736,0.000,6.469,48.910,44.0,738,0
1237.85,8/8@balance_power(12/8),pdf_render,2.769,1.747,0.000,6.469,48.910,44.0,988,0
1238.36,8/8@balance_power(12/8),pdf_render,2.663,1.691,0.000,6.469,48.910,44.0,735,0
1238.86,8/8@balance_power(12/8),pdf_render,2.708,1.773,0.000,6.469,48.910,44.0,964,0
1239.37,8/8@balance_power(12/8),pdf_render,2.732,1.790,0.000,6.469,48.910,44.0,1118,0
1239.88,8/8@balance_power(12/8),pdf_render,1.494,0.723,0.000,6.468,48.900,41.0,784,0
1240.38,8/8@balance_power(12/8),gap,0.787,0.240,0.000,6.468,48.900,41.0,759,0
1240.89,8/8@balance_power(12/8),gap,0.600,0.011,0.000,6.468,48.900,39.0,680,0
1241.39,8/8@balance_power(12/8),gap,0.346,0.012,0.000,6.468,48.900,39.0,647,0
1241.90,8/8@balance_power(12/8),gap,0.312,0.009,0.000,6.483,48.900,39.0,815,0
1242.41,8/8@balance_power(12/8),gap,0.725,0.147,0.000,6.483,48.900,39.0,1431,0
1242.92,8/8@balance_power(12/8),gap,0.764,0.206,0.000,6.483,48.900,39.0,676,0
1243.43,8/8@balance_power(12/8),gap,0.350,0.012,0.000,6.483,48.900,39.0,610,0
1243.93,8/8@balance_power(12/8),gap,1.824,0.927,0.000,6.483,48.900,43.0,929,0
1244.44,8/8@balance_power(12/8),pdf_render,3.205,2.101,0.000,6.483,48.900,43.0,962,0
1244.95,8/8@balance_power(12/8),pdf_render,2.631,1.690,0.000,6.483,48.900,44.0,947,0
1245.45,8/8@balance_power(12/8),pdf_render,2.645,1.702,0.000,6.483,48.900,44.0,1002,0
1245.96,8/8@balance_power(12/8),pdf_render,2.754,1.745,0.000,6.467,48.890,44.0,998,0
1246.46,8/8@balance_power(12/8),pdf_render,2.738,1.766,0.000,6.467,48.890,44.0,895,0
1246.97,8/8@balance_power(12/8),pdf_render,2.767,1.821,0.000,6.467,48.890,44.0,830,0
1247.47,8/8@balance_power(12/8),pdf_render,3.058,2.126,0.000,6.467,48.890,44.0,969,0
1247.98,8/8@balance_power(12/8),pdf_render,2.822,1.832,0.000,6.465,48.890,44.0,1862,0
1248.49,8/8@balance_power(12/8),pdf_render,2.856,1.856,0.000,6.465,48.890,44.0,871,0
1248.99,8/8@balance_power(12/8),pdf_render,2.789,1.853,0.000,6.465,48.890,46.0,1419,0
1249.50,8/8@balance_power(12/8),pdf_render,2.686,1.736,0.000,6.465,48.890,46.0,918,0
1250.00,8/8@balance_power(12/8),pdf_render,2.835,1.884,0.000,6.465,48.890,44.0,1121,0
1250.51,8/8@balance_power(12/8),pdf_render,2.647,1.728,0.000,6.465,48.890,44.0,721,0
1251.02,8/8@balance_power(12/8),pdf_render,2.685,1.739,0.000,6.465,48.890,44.0,955,0
1251.52,8/8@balance_power(12/8),pdf_render,2.743,1.751,0.000,6.465,48.890,44.0,962,0
1252.03,8/8@balance_power(12/8),pdf_render,2.705,1.685,0.000,6.465,48.890,44.0,937,0
1252.53,8/8@balance_power(12/8),pdf_render,3.399,2.192,0.000,6.465,48.890,44.0,1479,0
1253.04,8/8@balance_power(12/8),pdf_render,2.751,1.792,0.000,6.467,48.880,44.0,985,0
1253.54,8/8@balance_power(12/8),pdf_render,2.646,1.661,0.000,6.467,48.880,44.0,1084,0
1254.05,8/8@balance_power(12/8),gap,1.026,0.379,0.000,6.467,48.880,40.0,839,0
1254.56,8/8@balance_power(12/8),gap,0.480,0.062,0.000,6.467,48.880,40.0,1272,0
1255.07,8/8@balance_power(12/8),gap,0.352,0.016,0.000,6.480,48.880,39.0,921,0
1255.57,8/8@balance_power(12/8),gap,0.348,0.014,0.000,6.480,48.880,39.0,1130,0
1256.08,8/8@balance_power(12/8),gap,0.310,0.010,0.000,6.480,48.880,39.0,589,0
1256.59,8/8@balance_power(12/8),gap,0.341,0.013,0.000,6.480,48.880,39.0,1166,0
1257.10,8/8@balance_power(12/8),gap,0.326,0.010,0.000,6.486,48.880,39.0,713,0
1257.60,8/8@balance_power(12/8),gap,0.954,0.179,0.000,6.486,48.880,39.0,1090,0
1258.11,8/8@balance_power(12/8),office,3.028,1.464,0.000,6.486,48.880,40.0,1598,0
1258.62,8/8@balance_power(12/8),office,3.063,1.730,0.001,6.486,48.880,40.0,738,0
1259.13,8/8@balance_power(12/8),office,4.272,2.882,0.000,6.460,48.870,47.0,950,0
1259.63,8/8@balance_power(12/8),office,2.294,1.155,0.000,6.460,48.870,47.0,705,0
1260.14,8/8@balance_power(12/8),gap,0.957,0.336,0.000,6.460,48.870,39.0,750,0
1260.64,8/8@balance_power(12/8),gap,0.531,0.025,0.000,6.460,48.870,39.0,650,0
1261.15,8/8@balance_power(12/8),gap,0.411,0.017,0.000,6.460,48.870,39.0,662,0
1261.66,8/8@balance_power(12/8),gap,0.338,0.013,0.000,6.460,48.870,39.0,653,0
1262.17,8/8@balance_power(12/8),gap,0.351,0.016,0.000,6.484,48.870,39.0,594,0
1262.68,8/8@balance_power(12/8),gap,1.273,0.394,0.000,6.484,48.870,39.0,658,0
1263.19,8/8@balance_power(12/8),gap,0.666,0.020,0.000,6.484,48.870,39.0,1274,0
1263.69,8/8@balance_power(12/8),gap,1.852,0.823,0.000,6.484,48.870,39.0,1594,0
1264.20,8/8@balance_power(12/8),office,2.811,1.350,0.000,6.483,48.870,42.0,1483,0
1264.71,8/8@balance_power(12/8),office,4.231,2.876,0.000,6.483,48.870,42.0,1778,0
1265.21,8/8@balance_power(12/8),office,3.627,2.105,0.000,6.483,48.870,40.0,795,0
1265.72,8/8@balance_power(12/8),gap,1.081,0.400,0.000,6.483,48.870,40.0,1190,0
1266.23,8/8@balance_power(12/8),gap,0.380,0.026,0.000,6.472,48.860,39.0,759,0
1266.74,8/8@balance_power(12/8),gap,0.389,0.017,0.000,6.472,48.860,39.0,655,0
1267.25,8/8@balance_power(12/8),gap,0.355,0.022,0.000,6.472,48.860,39.0,532,0
1267.76,8/8@balance_power(12/8),gap,0.445,0.024,0.000,6.472,48.860,39.0,543,0
1268.27,8/8@balance_power(12/8),gap,0.609,0.018,0.000,6.483,48.860,39.0,563,0
1268.77,8/8@balance_power(12/8),gap,0.545,0.033,0.000,6.483,48.860,39.0,652,0
1269.28,8/8@balance_power(12/8),gap,1.096,0.438,0.000,6.483,48.860,42.0,837,0
1269.79,8/8@balance_power(12/8),python,5.584,3.735,0.000,6.483,48.860,42.0,738,0
1270.29,8/8@balance_power(12/8),python,5.222,2.756,0.000,6.448,48.860,45.0,1352,0
1270.80,8/8@balance_power(12/8),python,3.753,1.258,0.000,6.448,48.860,45.0,1236,0
1271.30,8/8@balance_power(12/8),gap,1.221,0.437,0.000,6.448,48.860,39.0,1093,0
1271.81,8/8@balance_power(12/8),gap,0.445,0.023,0.000,6.448,48.860,39.0,788,0
1272.32,8/8@balance_power(12/8),gap,0.469,0.028,0.000,6.448,48.860,39.0,1003,0
1272.83,8/8@balance_power(12/8),gap,1.066,0.331,0.000,6.448,48.860,39.0,1040,0
1273.34,8/8@balance_power(12/8),gap,0.456,0.036,0.000,6.483,48.850,39.0,1120,0
1273.85,8/8@balance_power(12/8),gap,0.335,0.012,0.000,6.483,48.850,39.0,654,0
1274.36,8/8@balance_power(12/8),gap,0.709,0.031,0.000,6.483,48.850,39.0,1218,0
1274.87,8/8@balance_power(12/8),gap,1.463,0.717,0.000,6.483,48.850,39.0,915,0
1275.38,8/8@balance_power(12/8),python,5.635,3.882,0.000,6.479,48.850,48.0,916,0
1275.88,8/8@balance_power(12/8),python,5.370,2.639,0.000,6.479,48.850,48.0,706,0
1276.39,8/8@balance_power(12/8),python,3.352,1.026,0.000,6.479,48.850,39.0,793,0
1276.90,8/8@balance_power(12/8),gap,1.046,0.382,0.000,6.479,48.850,39.0,963,0
1277.41,8/8@balance_power(12/8),gap,0.484,0.032,0.000,6.470,48.850,39.0,827,0
1277.92,8/8@balance_power(12/8),gap,0.353,0.018,0.000,6.470,48.850,39.0,625,0
1278.43,8/8@balance_power(12/8),gap,0.493,0.034,0.000,6.470,48.850,39.0,654,0
1278.94,8/8@balance_power(12/8),gap,0.394,0.019,0.000,6.470,48.850,39.0,704,0
1279.45,8/8@balance_power(12/8),gap,0.550,0.051,0.000,6.480,48.840,39.0,775,0
1279.96,8/8@balance_power(12/8),gap,0.542,0.021,0.000,6.480,48.840,39.0,642,0
1280.47,8/8@balance_power(12/8),gap,5.071,2.247,0.000,6.480,48.840,42.0,1678,0
1280.98,8/8@balance_power(12/8),compress,8.475,4.655,0.000,6.480,48.840,42.0,1383,0
1281.49,8/8@balance_power(12/8),compress,7.971,4.406,0.000,6.428,48.840,43.0,1388,0
1281.99,8/8@balance_power(12/8),compress,7.965,4.178,0.000,6.428,48.840,43.0,1389,0
1282.50,8/8@balance_power(12/8),compress,7.972,4.174,0.000,6.428,48.840,43.0,1392,0
1283.01,8/8@balance_power(12/8),compress,7.970,4.159,0.000,6.428,48.840,43.0,1286,0
1283.52,8/8@balance_power(12/8),compress,7.965,4.042,0.000,6.425,48.840,43.0,1302,0
1284.02,8/8@balance_power(12/8),compress,7.972,4.048,0.000,6.425,48.840,43.0,1629,0
1284.53,8/8@balance_power(12/8),compress,7.799,3.850,0.000,6.425,48.830,43.0,1079,0
1285.04,8/8@balance_power(12/8),compress,3.398,1.368,0.000,6.425,48.830,43.0,550,0
1285.55,8/8@balance_power(12/8),gap,1.142,0.407,0.000,6.425,48.830,40.0,875,0
1286.05,8/8@balance_power(12/8),gap,0.425,0.014,0.000,6.425,48.830,40.0,677,0
1286.57,8/8@balance_power(12/8),gap,0.386,0.033,0.000,6.480,48.820,39.0,688,0
1287.07,8/8@balance_power(12/8),gap,0.380,0.014,0.000,6.480,48.820,39.0,736,0
1287.59,8/8@balance_power(12/8),gap,0.826,0.114,0.000,6.480,48.820,39.0,625,0
1288.09,8/8@balance_power(12/8),gap,0.354,0.013,0.000,6.480,48.820,39.0,651,0
1288.61,8/8@balance_power(12/8),gap,0.664,0.049,0.000,6.481,48.820,40.0,915,0
1289.11,8/8@balance_power(12/8),gap,4.124,1.629,0.000,6.481,48.820,40.0,2077,0
1289.62,8/8@balance_power(12/8),compress,8.739,4.880,0.000,6.481,48.820,43.0,1383,0
1290.13,8/8@balance_power(12/8),compress,7.971,4.532,0.000,6.481,48.820,43.0,1344,0
1290.64,8/8@balance_power(12/8),compress,7.965,4.200,0.000,6.424,48.820,43.0,1397,0
1291.15,8/8@balance_power(12/8),compress,7.968,4.159,0.000,6.424,48.820,43.0,1341,0
1291.66,8/8@balance_power(12/8),compress,7.971,4.094,0.000,6.424,48.820,44.0,1229,0
1292.16,8/8@balance_power(12/8),compress,7.969,4.046,0.000,6.424,48.820,44.0,1339,0
1292.67,8/8@balance_power(12/8),compress,7.955,4.102,0.000,6.424,48.810,44.0,1280,0
1293.18,8/8@balance_power(12/8),compress,7.317,3.617,0.000,6.424,48.810,44.0,1121,0
1293.69,8/8@balance_power(12/8),compress,6.055,2.702,0.000,6.424,48.810,42.0,739,0
1294.19,8/8@balance_power(12/8),gap,0.748,0.119,0.000,6.424,48.810,42.0,1605,0
1294.70,8/8@balance_power(12/8),gap,0.845,0.264,0.000,6.476,48.800,40.0,700,0
1295.21,8/8@balance_power(12/8),gap,0.395,0.023,0.000,6.476,48.800,40.0,808,0
1295.72,8/8@balance_power(12/8),gap,0.528,0.014,0.000,6.476,48.800,40.0,636,0
1296.23,8/8@balance_power(12/8),gap,0.400,0.014,0.000,6.476,48.800,40.0,814,0
1296.74,8/8@balance_power(12/8),gap,0.349,0.012,0.000,6.476,48.800,40.0,854,0
1297.25,8/8@balance_power(12/8),gap,0.323,0.013,0.000,6.476,48.800,40.0,850,0
1297.76,8/8@balance_power(12/8),gap,0.990,0.304,0.000,6.480,48.800,41.0,1642,0
1298.27,8/8@balance_power(12/8),sustained40s,9.753,5.230,0.000,6.480,48.800,41.0,1371,0
1298.78,8/8@balance_power(12/8),sustained40s,7.964,4.462,0.000,6.480,48.800,44.0,1350,0
1299.29,8/8@balance_power(12/8),sustained40s,7.975,4.116,0.001,6.480,48.800,44.0,1290,0
1299.80,8/8@balance_power(12/8),sustained40s,7.962,4.192,0.000,6.420,48.800,44.0,1321,0
1300.31,8/8@balance_power(12/8),sustained40s,7.974,4.204,0.000,6.420,48.800,44.0,1330,0
1300.82,8/8@balance_power(12/8),sustained40s,7.971,4.174,0.000,6.420,48.800,44.0,1371,0
1301.32,8/8@balance_power(12/8),sustained40s,7.973,4.030,0.000,6.420,48.800,44.0,1295,0
1301.83,8/8@balance_power(12/8),sustained40s,7.526,3.693,0.000,6.421,48.790,45.0,1040,0
1302.34,8/8@balance_power(12/8),sustained40s,7.277,3.411,0.000,6.421,48.790,45.0,1528,0
1302.84,8/8@balance_power(12/8),sustained40s,9.100,4.862,0.000,6.421,48.790,45.0,1477,0
1303.35,8/8@balance_power(12/8),sustained40s,7.969,4.538,0.000,6.421,48.790,45.0,1497,0
1303.86,8/8@balance_power(12/8),sustained40s,7.970,4.388,0.000,6.422,48.780,45.0,1383,0
1304.37,8/8@balance_power(12/8),sustained40s,7.961,4.193,0.000,6.422,48.780,45.0,1415,0
1304.87,8/8@balance_power(12/8),sustained40s,7.974,4.196,0.000,6.422,48.780,45.0,1349,0
1305.39,8/8@balance_power(12/8),sustained40s,7.976,4.036,0.000,6.422,48.780,45.0,1367,0
1305.90,8/8@balance_power(12/8),sustained40s,7.962,4.067,0.000,6.420,48.770,45.0,1357,0
1306.40,8/8@balance_power(12/8),sustained40s,7.653,3.815,0.000,6.420,48.770,45.0,1315,0
1306.91,8/8@balance_power(12/8),sustained40s,7.443,3.556,0.000,6.420,48.770,46.0,1325,0
1307.42,8/8@balance_power(12/8),sustained40s,8.732,4.240,0.000,6.420,48.770,46.0,1478,0
1307.93,8/8@balance_power(12/8),sustained40s,7.969,4.487,0.000,6.420,48.770,45.0,1428,0
1308.44,8/8@balance_power(12/8),sustained40s,7.966,4.439,0.000,6.420,48.770,45.0,1500,0
1308.94,8/8@balance_power(12/8),sustained40s,7.979,4.186,0.000,6.419,48.760,46.0,1388,0
1309.45,8/8@balance_power(12/8),sustained40s,7.962,4.155,0.000,6.419,48.760,46.0,1281,0
1309.96,8/8@balance_power(12/8),sustained40s,7.968,4.113,0.000,6.419,48.760,45.0,1273,0
1310.47,8/8@balance_power(12/8),sustained40s,7.971,4.090,0.000,6.419,48.760,45.0,1317,0
1310.98,8/8@balance_power(12/8),sustained40s,7.970,4.067,0.000,6.420,48.760,46.0,1305,0
1311.49,8/8@balance_power(12/8),sustained40s,7.110,3.488,0.000,6.420,48.760,46.0,1530,0
1312.00,8/8@balance_power(12/8),sustained40s,8.779,4.439,0.000,6.420,48.760,47.0,1713,0
1312.50,8/8@balance_power(12/8),sustained40s,8.002,4.525,0.000,6.420,48.760,47.0,1379,0
1313.02,8/8@balance_power(12/8),sustained40s,7.966,4.429,0.000,6.417,48.750,46.0,1383,0
1313.52,8/8@balance_power(12/8),sustained40s,7.971,4.334,0.000,6.417,48.750,46.0,1340,0
1314.03,8/8@balance_power(12/8),sustained40s,7.977,4.218,0.000,6.417,48.750,46.0,1582,0
1314.54,8/8@balance_power(12/8),sustained40s,7.961,4.097,0.000,6.417,48.750,46.0,1236,0
1315.05,8/8@balance_power(12/8),sustained40s,7.974,4.093,0.000,6.417,48.740,47.0,1292,0
1315.56,8/8@balance_power(12/8),sustained40s,7.959,4.049,0.000,6.417,48.740,47.0,1342,0
1316.07,8/8@balance_power(12/8),sustained40s,7.122,3.385,0.000,6.417,48.740,48.0,1811,0
1316.57,8/8@balance_power(12/8),sustained40s,8.241,3.789,0.000,6.417,48.740,48.0,1633,0
1317.08,8/8@balance_power(12/8),sustained40s,8.550,4.731,0.000,6.401,48.730,47.0,1443,0
1317.59,8/8@balance_power(12/8),sustained40s,7.960,4.476,0.000,6.401,48.730,47.0,1326,0
1318.10,8/8@balance_power(12/8),sustained40s,7.977,4.149,0.000,6.401,48.730,47.0,1285,0
1318.61,8/8@balance_power(12/8),sustained40s,7.968,4.123,0.000,6.401,48.730,47.0,1334,0
1319.11,8/8@balance_power(12/8),sustained40s,7.972,4.208,0.000,6.401,48.730,47.0,1340,0
1319.62,8/8@balance_power(12/8),sustained40s,7.962,4.239,0.000,6.401,48.730,47.0,1361,0
1320.13,8/8@balance_power(12/8),sustained40s,7.947,4.099,0.000,6.416,48.720,48.0,1159,0
1320.63,8/8@balance_power(12/8),sustained40s,7.560,3.786,0.000,6.416,48.720,48.0,1198,0
1321.14,8/8@balance_power(12/8),sustained40s,6.411,2.795,0.000,6.416,48.720,46.0,1942,0
1321.65,8/8@balance_power(12/8),sustained40s,9.709,5.321,0.000,6.416,48.720,46.0,1486,0
1322.16,8/8@balance_power(12/8),sustained40s,7.962,4.547,0.000,6.441,48.720,48.0,1368,0
1322.66,8/8@balance_power(12/8),sustained40s,7.980,4.268,0.000,6.441,48.720,48.0,1372,0
1323.17,8/8@balance_power(12/8),sustained40s,7.968,4.315,0.000,6.441,48.720,48.0,1334,0
1323.68,8/8@balance_power(12/8),sustained40s,7.966,4.109,0.000,6.441,48.720,48.0,1235,0
1324.19,8/8@balance_power(12/8),sustained40s,7.969,4.030,0.000,6.415,48.710,48.0,1327,0
1324.70,8/8@balance_power(12/8),sustained40s,7.956,4.043,0.000,6.415,48.710,48.0,1259,0
1325.21,8/8@balance_power(12/8),sustained40s,7.976,4.097,0.000,6.415,48.710,48.0,1335,0
1325.71,8/8@balance_power(12/8),sustained40s,6.205,2.908,0.000,6.415,48.710,48.0,1478,0
1326.22,8/8@balance_power(12/8),sustained40s,9.412,4.845,0.000,6.418,48.700,48.0,1538,0
1326.73,8/8@balance_power(12/8),sustained40s,7.967,4.525,0.000,6.418,48.700,48.0,1425,0
1327.24,8/8@balance_power(12/8),sustained40s,7.973,4.221,0.000,6.418,48.700,48.0,1287,0
1327.75,8/8@balance_power(12/8),sustained40s,7.957,4.168,0.000,6.418,48.700,48.0,1329,0
1328.26,8/8@balance_power(12/8),sustained40s,7.987,4.254,0.000,6.414,48.690,48.0,1311,0
1328.76,8/8@balance_power(12/8),sustained40s,7.960,4.173,0.000,6.414,48.690,48.0,1419,0
1329.27,8/8@balance_power(12/8),sustained40s,7.981,4.183,0.000,6.414,48.690,49.0,1332,0
1329.78,8/8@balance_power(12/8),sustained40s,7.951,4.025,0.000,6.414,48.690,49.0,1132,0
1330.28,8/8@balance_power(12/8),sustained40s,6.865,3.250,0.000,6.414,48.690,50.0,1031,0
1330.79,8/8@balance_power(12/8),sustained40s,8.859,4.467,0.000,6.414,48.690,50.0,1543,0
1331.30,8/8@balance_power(12/8),sustained40s,7.965,4.579,0.000,6.416,48.680,49.0,1490,0
1331.81,8/8@balance_power(12/8),sustained40s,7.977,4.457,0.000,6.416,48.680,49.0,1435,0
1332.32,8/8@balance_power(12/8),sustained40s,7.963,4.224,0.000,6.416,48.680,49.0,1433,0
1332.82,8/8@balance_power(12/8),sustained40s,7.971,4.171,0.000,6.416,48.680,49.0,1252,0
1333.34,8/8@balance_power(12/8),sustained40s,7.972,4.095,0.000,6.413,48.680,49.0,1272,0
1333.85,8/8@balance_power(12/8),sustained40s,7.965,4.086,0.000,6.413,48.680,49.0,1332,0
1334.35,8/8@balance_power(12/8),sustained40s,7.954,4.061,0.000,6.413,48.680,49.0,1600,0
1334.86,8/8@balance_power(12/8),sustained40s,7.319,3.672,0.000,6.413,48.680,49.0,1088,0
1335.37,8/8@balance_power(12/8),sustained40s,8.647,4.245,0.000,6.416,48.670,49.0,1436,0
1335.88,8/8@balance_power(12/8),sustained40s,7.962,4.514,0.000,6.416,48.670,49.0,1432,0
1336.39,8/8@balance_power(12/8),sustained40s,7.967,4.402,0.000,6.416,48.670,49.0,1323,0
1336.89,8/8@balance_power(12/8),sustained40s,7.970,4.120,0.000,6.416,48.670,49.0,1290,0
1337.40,8/8@balance_power(12/8),sustained40s,7.966,4.158,0.000,6.411,48.660,49.0,1281,0
1337.91,8/8@balance_power(12/8),sustained40s,7.956,4.084,0.000,6.411,48.660,49.0,1440,0
1338.42,8/8@balance_power(12/8),sustained40s,7.982,4.141,0.000,6.411,48.660,49.0,1314,0
1338.92,8/8@balance_power(12/8),sustained40s,7.964,4.100,0.000,6.411,48.660,49.0,1302,0
1339.43,8/8@balance_power(12/8),sustained40s,7.701,3.843,0.000,6.410,48.650,50.0,1054,0
1339.94,8/8@balance_power(12/8),sustained40s,3.729,1.474,0.001,6.410,48.650,50.0,848,0
1340.45,8/8@balance_power(12/8),end,1.341,0.439,0.000,6.410,48.650,46.0,1070,0
1340.96,8/8@balance_power(12/8),end,0.454,0.036,0.000,6.410,48.650,46.0,1250,0
1341.47,8/8@balance_power(12/8),end,0.392,0.022,0.000,6.410,48.650,45.0,681,0
1341.97,8/8@balance_power(12/8),end,0.400,0.024,0.000,6.410,48.650,45.0,742,0
1342.49,8/8@balance_power(12/8),end,0.987,0.319,0.000,6.468,48.650,46.0,1466,0
1343.00,8/8@balance_power(12/8),end,0.443,0.047,0.000,6.468,48.650,46.0,1059,0
1343.50,8/8@balance_power(12/8),end,0.402,0.019,0.000,6.468,48.650,45.0,766,0
1344.01,8/8@balance_power(12/8),end,0.367,0.015,0.000,6.468,48.650,45.0,790,0
1344.52,8/8@balance_power(12/8),end,0.345,0.013,0.000,6.471,48.640,45.0,689,0
1345.03,8/8@balance_power(12/8),end,0.386,0.019,0.000,6.471,48.640,45.0,1293,0
1345.54,8/8@balance_power(12/8),end,0.362,0.015,0.000,6.471,48.640,45.0,1058,0
1346.05,8/8@balance_power(12/8),end,0.657,0.018,0.000,6.471,48.640,45.0,1143,0
1346.56,8/8@balance_power(12/8),end,0.376,0.018,0.000,6.468,48.640,45.0,1059,0
1347.07,8/8@balance_power(12/8),end,0.375,0.018,0.000,6.468,48.640,45.0,950,0
1347.58,8/8@balance_power(12/8),end,0.401,0.018,0.000,6.468,48.640,44.0,853,0
1348.09,8/8@balance_power(12/8),end,0.650,0.180,0.000,6.468,48.640,44.0,922,0
1348.60,cool,wait,0.839,0.263,0.000,6.473,48.640,44.0,857,0
1349.11,cool,wait,0.352,0.015,0.000,6.473,48.640,44.0,942,0
1349.62,cool,wait,0.422,0.030,0.000,6.473,48.640,44.0,836,0
1350.13,cool,wait,0.365,0.022,0.000,6.473,48.640,44.0,667,0
1350.64,cool,wait,0.522,0.034,0.000,6.472,48.640,44.0,864,0
1351.15,cool,wait,0.320,0.012,0.000,6.472,48.640,44.0,678,0
1351.66,cool,wait,0.519,0.014,0.000,6.472,48.640,44.0,691,0
1352.17,cool,wait,0.326,0.017,0.000,6.472,48.640,44.0,663,0
1352.68,cool,wait,1.010,0.343,0.000,6.472,48.640,43.0,716,0
1353.19,cool,wait,0.312,0.010,0.000,6.472,48.640,43.0,692,0
1353.70,cool,wait,0.333,0.011,0.000,6.472,48.640,43.0,679,0
1354.21,cool,wait,0.350,0.017,0.000,6.472,48.640,43.0,691,0
1354.72,cool,wait,0.383,0.017,0.000,6.472,48.640,43.0,755,0
1355.23,cool,wait,0.387,0.041,0.000,6.472,48.640,43.0,688,0
1355.74,cool,wait,0.602,0.013,0.000,6.473,48.630,43.0,694,0
1356.25,cool,wait,0.363,0.016,0.000,6.473,48.630,43.0,670,0
1356.76,cool,wait,0.347,0.014,0.000,6.473,48.630,43.0,1021,0
1357.27,cool,wait,0.487,0.023,0.000,6.473,48.630,43.0,650,0
1357.78,cool,wait,0.358,0.013,0.000,6.463,48.630,43.0,689,0
1358.29,cool,wait,0.433,0.024,0.000,6.463,48.630,43.0,651,0
1358.80,cool,wait,0.341,0.012,0.000,6.463,48.630,43.0,797,0
1359.31,cool,wait,0.314,0.009,0.000,6.463,48.630,43.0,631,0
1359.82,cool,wait,0.356,0.016,0.000,6.476,48.630,43.0,1037,0
1360.33,cool,wait,0.336,0.015,0.000,6.476,48.630,43.0,872,0
1360.84,cool,wait,0.977,0.248,0.000,6.476,48.630,43.0,1293,0
1361.35,cool,wait,0.563,0.042,0.000,6.476,48.630,43.0,941,0
1361.86,cool,wait,0.409,0.017,0.000,6.473,48.630,43.0,666,0
1362.37,cool,wait,0.442,0.064,0.000,6.473,48.630,43.0,1331,0
1362.88,cool,wait,1.122,0.277,0.000,6.473,48.630,43.0,1218,0
1363.39,cool,wait,0.314,0.010,0.000,6.473,48.630,43.0,669,0
1363.90,cool,wait,0.505,0.021,0.000,6.474,48.620,43.0,700,0
1364.40,cool,wait,0.318,0.013,0.000,6.474,48.620,43.0,867,0
1364.92,cool,wait,0.337,0.013,0.000,6.474,48.620,42.0,695,0
1365.42,cool,wait,0.353,0.019,0.000,6.474,48.620,42.0,799,0
1365.94,cool,wait,0.386,0.019,0.000,6.474,48.620,42.0,897,0
1366.44,cool,wait,0.378,0.025,0.000,6.474,48.620,42.0,1203,0
1366.96,cool,wait,0.409,0.014,0.000,6.474,48.620,42.0,683,0
1367.46,cool,wait,0.339,0.012,0.000,6.474,48.620,42.0,720,0
1367.97,cool,wait,0.386,0.017,0.000,6.474,48.620,42.0,891,0
1368.48,cool,wait,0.475,0.015,0.000,6.474,48.620,42.0,700,0
1368.99,cool,wait,0.349,0.019,0.000,6.475,48.620,42.0,678,0
1369.50,cool,wait,0.301,0.010,0.000,6.475,48.620,42.0,669,0
1370.01,cool,wait,0.418,0.026,0.000,6.475,48.620,42.0,646,0
1370.52,cool,wait,0.343,0.011,0.000,6.475,48.620,42.0,538,0
1371.04,cool,wait,0.411,0.012,0.000,6.476,48.620,42.0,666,0
1371.54,cool,wait,0.601,0.019,0.000,6.476,48.620,42.0,621,0
1372.05,cool,wait,0.366,0.017,0.000,6.476,48.620,42.0,694,0
1372.56,cool,wait,1.037,0.346,0.000,6.476,48.620,42.0,961,0
1373.07,cool,wait,0.342,0.010,0.000,6.465,48.610,41.0,697,0
1373.58,cool,wait,0.584,0.035,0.000,6.465,48.610,41.0,806,0
1374.09,cool,wait,0.459,0.020,0.000,6.465,48.610,42.0,832,0
1374.60,cool,wait,0.384,0.017,0.000,6.465,48.610,42.0,675,0
1375.11,cool,wait,0.391,0.019,0.000,6.476,48.610,41.0,667,0
1375.62,cool,wait,0.443,0.023,0.000,6.476,48.610,41.0,1093,0
1376.13,cool,wait,0.470,0.019,0.000,6.476,48.610,41.0,677,0
1376.64,cool,wait,0.386,0.016,0.000,6.476,48.610,41.0,1052,0
1377.15,cool,wait,0.365,0.009,0.000,6.476,48.610,41.0,689,0
1377.66,cool,wait,0.342,0.012,0.000,6.476,48.610,41.0,846,0
1378.17,cool,wait,0.378,0.016,0.000,6.478,48.610,41.0,654,0
1378.68,cool,wait,0.420,0.030,0.001,6.478,48.610,41.0,984,0
1379.19,cool,wait,0.455,0.011,0.000,6.478,48.610,41.0,1130,0
1379.70,cool,wait,0.402,0.020,0.000,6.478,48.610,41.0,593,0
1380.21,cool,wait,0.406,0.015,0.000,6.476,48.610,41.0,759,0
1380.72,cool,wait,0.350,0.012,0.000,6.476,48.610,41.0,726,0
1381.23,cool,wait,0.407,0.021,0.000,6.476,48.610,41.0,681,0
1381.74,cool,wait,0.372,0.016,0.000,6.476,48.610,41.0,895,0
1382.25,cool,wait,0.383,0.020,0.000,6.479,48.600,41.0,627,0
1382.76,cool,wait,0.998,0.341,0.000,6.479,48.600,41.0,759,0
1383.27,cool,wait,0.354,0.013,0.000,6.479,48.600,40.0,648,0
1383.77,cool,wait,0.420,0.015,0.000,6.479,48.600,40.0,628,0
1384.28,cool,wait,0.407,0.037,0.000,6.479,48.600,40.0,691,0
1384.79,cool,wait,0.576,0.024,0.001,6.479,48.600,40.0,577,0
1385.30,cool,wait,0.529,0.056,0.000,6.479,48.600,41.0,789,0
1385.81,cool,wait,0.417,0.024,0.000,6.479,48.600,41.0,745,0
1386.31,cool,wait,0.316,0.018,0.000,6.476,48.600,40.0,787,0
1386.82,cool,wait,0.428,0.021,0.000,6.476,48.600,40.0,1087,0
1387.33,cool,wait,0.407,0.027,0.000,6.476,48.600,40.0,1286,0
1387.84,cool,wait,0.527,0.047,0.000,6.476,48.600,40.0,847,0
1388.35,cool,wait,0.403,0.025,0.000,6.476,48.600,40.0,905,0
1388.85,cool,wait,0.386,0.018,0.000,6.476,48.600,40.0,676,0
1389.36,cool,wait,0.318,0.018,0.000,6.478,48.600,41.0,1246,0
1389.87,cool,wait,0.403,0.023,0.000,6.478,48.600,41.0,626,0
1390.38,cool,wait,0.837,0.118,0.002,6.478,48.600,40.0,652,0
1390.88,8/12(12/12),idle,1.003,0.324,0.001,6.478,48.600,40.0,935,0
1391.40,8/12(12/12),idle,0.600,0.053,0.002,6.476,48.600,40.0,1115,0
1391.90,8/12(12/12),idle,0.508,0.027,0.001,6.476,48.600,40.0,1088,0
1392.41,8/12(12/12),idle,0.864,0.214,0.000,6.476,48.600,41.0,1214,0
1392.92,8/12(12/12),idle,0.800,0.233,0.001,6.476,48.600,41.0,587,0
1393.43,8/12(12/12),idle,0.393,0.023,0.001,6.476,48.590,40.0,650,0
1393.93,8/12(12/12),idle,0.424,0.020,0.002,6.476,48.590,40.0,652,0
1394.44,8/12(12/12),idle,0.697,0.072,0.000,6.476,48.590,40.0,674,0
1394.95,8/12(12/12),idle,0.642,0.023,0.000,6.476,48.590,40.0,995,0
1395.46,8/12(12/12),idle,0.609,0.017,0.000,6.478,48.590,40.0,996,0
1395.97,8/12(12/12),idle,0.681,0.019,0.000,6.478,48.590,40.0,602,0
1396.48,8/12(12/12),idle,0.480,0.059,0.000,6.478,48.590,40.0,775,0
1396.98,8/12(12/12),idle,0.447,0.018,0.000,6.478,48.590,40.0,588,0
1397.49,8/12(12/12),idle,0.349,0.021,0.000,6.479,48.590,40.0,652,0
1398.00,8/12(12/12),idle,0.330,0.014,0.000,6.479,48.590,40.0,654,0
1398.51,8/12(12/12),idle,0.706,0.047,0.000,6.479,48.590,40.0,703,0
1399.01,8/12(12/12),idle,0.341,0.015,0.000,6.479,48.590,40.0,593,0
1399.52,8/12(12/12),idle,0.734,0.072,0.000,6.479,48.590,39.0,581,0
1400.03,8/12(12/12),idle,0.389,0.017,0.000,6.479,48.590,39.0,626,0
1400.54,8/12(12/12),idle,0.673,0.086,0.000,6.479,48.590,40.0,717,0
1401.04,8/12(12/12),idle,0.305,0.011,0.000,6.479,48.590,40.0,559,0
1401.56,8/12(12/12),idle,0.541,0.032,0.000,6.479,48.590,39.0,852,0
1402.06,8/12(12/12),idle,0.341,0.013,0.000,6.479,48.590,39.0,590,0
1402.57,8/12(12/12),idle,1.080,0.349,0.000,6.475,48.580,40.0,934,0
1403.08,8/12(12/12),idle,0.345,0.014,0.000,6.475,48.580,40.0,1167,0
1403.59,8/12(12/12),idle,0.734,0.103,0.000,6.475,48.580,39.0,755,0
1404.09,8/12(12/12),idle,0.384,0.021,0.000,6.475,48.580,39.0,1038,0
1404.60,8/12(12/12),idle,0.526,0.022,0.000,6.478,48.580,39.0,969,0
1405.11,8/12(12/12),idle,0.673,0.120,0.000,6.478,48.580,39.0,899,0
1405.62,8/12(12/12),pdf_render,1.820,0.818,0.000,6.478,48.580,41.0,1036,0
1406.12,8/12(12/12),pdf_render,2.132,0.955,0.000,6.478,48.580,41.0,743,0
1406.63,8/12(12/12),pdf_render,1.730,0.793,0.000,6.465,48.580,42.0,752,0
1407.14,8/12(12/12),pdf_render,1.791,0.775,0.000,6.465,48.580,42.0,586,0
1407.64,8/12(12/12),pdf_render,1.679,0.761,0.000,6.465,48.580,42.0,1046,0
1408.15,8/12(12/12),pdf_render,1.689,0.773,0.000,6.465,48.580,42.0,705,0
1408.66,8/12(12/12),pdf_render,1.880,0.937,0.000,6.468,48.580,42.0,991,0
1409.16,8/12(12/12),pdf_render,1.691,0.761,0.000,6.468,48.580,42.0,590,0
1409.67,8/12(12/12),pdf_render,1.781,0.840,0.000,6.468,48.580,41.0,579,0
1410.17,8/12(12/12),pdf_render,1.746,0.830,0.000,6.468,48.580,41.0,715,0
1410.68,8/12(12/12),pdf_render,2.095,1.144,0.000,6.468,48.580,42.0,756,0
1411.18,8/12(12/12),pdf_render,1.755,0.824,0.000,6.468,48.580,42.0,957,0
1411.69,8/12(12/12),pdf_render,1.766,0.835,0.000,6.468,48.570,41.0,709,0
1412.19,8/12(12/12),pdf_render,1.761,0.830,0.000,6.468,48.570,41.0,807,0
1412.70,8/12(12/12),pdf_render,2.326,1.092,0.000,6.468,48.570,42.0,598,0
1413.20,8/12(12/12),pdf_render,1.837,0.892,0.000,6.468,48.570,42.0,1361,0
1413.71,8/12(12/12),pdf_render,1.797,0.871,0.000,6.464,48.570,42.0,903,0
1414.22,8/12(12/12),pdf_render,1.707,0.779,0.000,6.464,48.570,42.0,1109,0
1414.72,8/12(12/12),pdf_render,2.022,1.081,0.000,6.464,48.570,42.0,761,0
1415.23,8/12(12/12),pdf_render,1.807,0.867,0.000,6.464,48.570,42.0,686,0
1415.74,8/12(12/12),pdf_render,1.687,0.768,0.000,6.466,48.570,42.0,742,0
1416.24,8/12(12/12),pdf_render,1.676,0.761,0.000,6.466,48.570,42.0,584,0
1416.75,8/12(12/12),pdf_render,1.715,0.789,0.000,6.466,48.570,41.0,751,0
1417.25,8/12(12/12),pdf_render,1.670,0.759,0.000,6.466,48.570,41.0,735,0
1417.76,8/12(12/12),pdf_render,1.739,0.819,0.000,6.468,48.560,42.0,753,0
1418.26,8/12(12/12),pdf_render,1.769,0.765,0.000,6.468,48.560,42.0,580,0
1418.77,8/12(12/12),pdf_render,1.678,0.754,0.000,6.468,48.560,41.0,1044,0
1419.27,8/12(12/12),pdf_render,1.694,0.786,0.000,6.468,48.560,41.0,584,0
1419.78,8/12(12/12),pdf_render,1.682,0.771,0.000,6.468,48.560,42.0,889,0
1420.29,8/12(12/12),pdf_render,1.719,0.799,0.000,6.468,48.560,42.0,726,0
1420.79,8/12(12/12),pdf_render,0.747,0.173,0.000,6.468,48.560,39.0,590,0
1421.30,8/12(12/12),gap,1.038,0.289,0.000,6.468,48.560,39.0,892,0
1421.80,8/12(12/12),gap,0.342,0.011,0.000,6.468,48.560,39.0,1122,0
1422.31,8/12(12/12),gap,0.395,0.015,0.000,6.468,48.560,39.0,962,0
1422.82,8/12(12/12),gap,1.415,0.497,0.000,6.476,48.560,39.0,1346,0
1423.33,8/12(12/12),gap,0.567,0.081,0.000,6.476,48.560,39.0,568,0
1423.84,8/12(12/12),gap,0.485,0.010,0.000,6.476,48.560,39.0,678,0
1424.34,8/12(12/12),gap,0.339,0.012,0.000,6.476,48.560,39.0,784,0
1424.85,8/12(12/12),gap,1.756,0.780,0.000,6.476,48.550,41.0,715,0
1425.36,8/12(12/12),pdf_render,1.818,0.850,0.000,6.476,48.550,41.0,743,0
1425.87,8/12(12/12),pdf_render,1.680,0.761,0.000,6.476,48.550,41.0,736,0
1426.37,8/12(12/12),pdf_render,1.705,0.774,0.000,6.476,48.550,41.0,590,0
1426.88,8/12(12/12),pdf_render,1.736,0.802,0.000,6.467,48.550,41.0,753,0
1427.38,8/12(12/12),pdf_render,1.732,0.805,0.000,6.467,48.550,41.0,630,0
1427.89,8/12(12/12),pdf_render,1.730,0.803,0.000,6.467,48.550,41.0,590,0
1428.39,8/12(12/12),pdf_render,1.720,0.794,0.000,6.467,48.550,41.0,577,0
1428.90,8/12(12/12),pdf_render,1.758,0.800,0.000,6.468,48.550,42.0,903,0
1429.41,8/12(12/12),pdf_render,1.812,0.801,0.000,6.468,48.550,42.0,745,0
1429.91,8/12(12/12),pdf_render,1.882,0.951,0.000,6.468,48.550,43.0,940,0
1430.42,8/12(12/12),pdf_render,1.923,1.005,0.000,6.468,48.550,43.0,840,0
1430.93,8/12(12/12),pdf_render,1.780,0.869,0.000,6.466,48.540,41.0,909,0
1431.43,8/12(12/12),pdf_render,1.730,0.808,0.000,6.466,48.540,41.0,910,0
1431.94,8/12(12/12),pdf_render,1.814,0.886,0.000,6.466,48.540,41.0,776,0
1432.44,8/12(12/12),pdf_render,2.089,1.070,0.000,6.466,48.540,41.0,1454,0
1432.95,8/12(12/12),pdf_render,1.809,0.846,0.000,6.466,48.540,41.0,957,0
1433.45,8/12(12/12),pdf_render,1.659,0.750,0.000,6.466,48.540,41.0,767,0
1433.96,8/12(12/12),pdf_render,1.752,0.842,0.000,6.463,48.540,41.0,787,0
1434.47,8/12(12/12),pdf_render,1.706,0.788,0.000,6.463,48.540,41.0,767,0
1434.98,8/12(12/12),pdf_render,1.857,0.835,0.000,6.463,48.540,41.0,783,0
1435.48,8/12(12/12),pdf_render,1.673,0.764,0.000,6.463,48.540,41.0,762,0
1435.99,8/12(12/12),pdf_render,1.695,0.778,0.000,6.465,48.540,41.0,781,0
1436.50,8/12(12/12),pdf_render,1.738,0.769,0.000,6.465,48.540,41.0,752,0
1437.01,8/12(12/12),pdf_render,1.736,0.809,0.000,6.465,48.540,41.0,797,0
1437.51,8/12(12/12),pdf_render,1.702,0.783,0.000,6.465,48.540,41.0,742,0
1438.02,8/12(12/12),pdf_render,1.770,0.800,0.000,6.467,48.530,41.0,784,0
1438.53,8/12(12/12),pdf_render,1.717,0.807,0.000,6.467,48.530,41.0,734,0
1439.03,8/12(12/12),pdf_render,1.663,0.752,0.000,6.467,48.530,41.0,789,0
1439.54,8/12(12/12),pdf_render,1.758,0.833,0.000,6.467,48.530,41.0,763,0
1440.05,8/12(12/12),pdf_render,0.877,0.298,0.000,6.465,48.530,39.0,696,0
1440.55,8/12(12/12),gap,1.040,0.306,0.000,6.465,48.530,39.0,718,0
1441.07,8/12(12/12),gap,0.337,0.015,0.000,6.465,48.530,39.0,685,0
1441.58,8/12(12/12),gap,0.313,0.009,0.000,6.465,48.530,39.0,693,0
1442.09,8/12(12/12),gap,0.323,0.011,0.000,6.476,48.530,39.0,1117,0
1442.60,8/12(12/12),gap,1.009,0.318,0.000,6.476,48.530,39.0,920,0
1443.11,8/12(12/12),gap,0.362,0.011,0.000,6.476,48.530,39.0,850,0
1443.62,8/12(12/12),gap,0.346,0.011,0.000,6.476,48.530,39.0,668,0
1444.13,8/12(12/12),gap,2.042,0.891,0.000,6.476,48.530,41.0,828,0
1444.64,8/12(12/12),office,2.025,0.875,0.002,6.476,48.530,41.0,1015,0
1445.15,8/12(12/12),office,2.304,1.094,0.001,6.470,48.520,42.0,708,0
1445.66,8/12(12/12),office,2.394,1.228,0.001,6.470,48.520,42.0,880,0
1446.17,8/12(12/12),office,2.360,1.087,0.000,6.470,48.520,39.0,1213,0
1446.67,8/12(12/12),office,0.785,0.232,0.000,6.470,48.520,39.0,740,0
1447.18,8/12(12/12),gap,0.745,0.202,0.000,6.462,48.520,39.0,681,0
1447.69,8/12(12/12),gap,0.405,0.017,0.002,6.462,48.520,39.0,858,0
1448.20,8/12(12/12),gap,0.371,0.020,0.000,6.462,48.520,39.0,956,0
1448.70,8/12(12/12),gap,0.363,0.019,0.000,6.462,48.520,39.0,1168,0
1449.21,8/12(12/12),gap,0.358,0.017,0.000,6.477,48.520,39.0,665,0
1449.72,8/12(12/12),gap,0.440,0.019,0.000,6.477,48.520,39.0,653,0
1450.23,8/12(12/12),gap,0.516,0.079,0.000,6.477,48.520,39.0,1177,0
1450.74,8/12(12/12),office,2.334,0.994,0.000,6.477,48.520,39.0,1276,0
1451.24,8/12(12/12),office,2.186,0.964,0.000,6.460,48.520,39.0,762,0
1451.75,8/12(12/12),office,2.330,1.060,0.000,6.460,48.520,39.0,845,0
1452.26,8/12(12/12),office,2.300,1.177,0.000,6.460,48.520,40.0,932,0
1452.77,8/12(12/12),office,2.349,1.086,0.000,6.460,48.520,40.0,1196,0
1453.27,8/12(12/12),gap,1.220,0.388,0.000,6.468,48.510,39.0,1008,0
1453.78,8/12(12/12),gap,0.410,0.023,0.000,6.468,48.510,39.0,971,0
1454.29,8/12(12/12),gap,0.348,0.014,0.000,6.468,48.510,38.0,705,0
1454.79,8/12(12/12),gap,0.405,0.026,0.000,6.468,48.510,38.0,584,0
1455.30,8/12(12/12),gap,0.344,0.016,0.000,6.468,48.510,38.0,1038,0
1455.81,8/12(12/12),gap,0.523,0.013,0.000,6.468,48.510,38.0,776,0
1456.32,8/12(12/12),gap,0.300,0.015,0.000,6.477,48.510,38.0,971,0
1456.83,8/12(12/12),gap,1.045,0.333,0.002,6.477,48.510,38.0,813,0
1457.34,8/12(12/12),python,2.892,1.634,0.001,6.477,48.510,40.0,907,0
1457.85,8/12(12/12),python,2.903,1.511,0.000,6.477,48.510,40.0,966,0
1458.36,8/12(12/12),python,2.608,1.238,0.001,6.463,48.510,39.0,824,0
1458.86,8/12(12/12),python,1.844,0.538,0.002,6.463,48.510,39.0,761,0
1459.37,8/12(12/12),python,2.519,0.614,0.000,6.463,48.510,39.0,1051,0
1459.88,8/12(12/12),gap,0.900,0.252,0.001,6.463,48.510,39.0,933,0
1460.39,8/12(12/12),gap,0.717,0.186,0.001,6.470,48.500,38.0,677,0
1460.89,8/12(12/12),gap,0.402,0.018,0.000,6.470,48.500,38.0,1054,0
1461.40,8/12(12/12),gap,0.531,0.049,0.000,6.470,48.500,38.0,679,0
1461.91,8/12(12/12),gap,0.616,0.054,0.000,6.470,48.500,38.0,665,0
1462.42,8/12(12/12),gap,0.809,0.158,0.000,6.470,48.500,39.0,1177,0
1462.92,8/12(12/12),gap,0.813,0.206,0.000,6.470,48.500,39.0,677,0
1463.43,8/12(12/12),gap,0.619,0.108,0.000,6.470,48.500,39.0,1363,0
1463.94,8/12(12/12),python,2.473,1.317,0.000,6.470,48.500,39.0,1130,0
1464.45,8/12(12/12),python,3.330,1.681,0.000,6.460,48.500,41.0,916,0
1464.95,8/12(12/12),python,2.635,1.305,0.000,6.460,48.500,41.0,826,0
1465.46,8/12(12/12),python,1.950,0.612,0.000,6.460,48.500,39.0,741,0
1465.97,8/12(12/12),python,2.472,0.587,0.000,6.460,48.500,39.0,701,0
1466.48,8/12(12/12),python,0.880,0.202,0.000,6.460,48.500,38.0,761,0
1466.98,8/12(12/12),gap,0.779,0.174,0.000,6.460,48.500,38.0,591,0
1467.49,8/12(12/12),gap,0.560,0.016,0.000,6.472,48.490,38.0,1137,0
1468.00,8/12(12/12),gap,0.384,0.017,0.000,6.472,48.490,38.0,638,0
1468.51,8/12(12/12),gap,0.312,0.012,0.000,6.472,48.490,38.0,565,0
1469.01,8/12(12/12),gap,0.333,0.013,0.000,6.472,48.490,38.0,566,0
1469.52,8/12(12/12),gap,0.358,0.027,0.000,6.477,48.490,38.0,765,0
1470.03,8/12(12/12),gap,0.425,0.049,0.002,6.477,48.490,38.0,1365,0
1470.54,8/12(12/12),gap,9.902,4.259,0.000,6.477,48.490,43.0,1629,0
1471.05,8/12(12/12),compress,12.575,5.233,0.001,6.477,48.490,43.0,1463,0
1471.57,8/12(12/12),compress,11.992,5.318,0.002,6.038,48.490,43.0,1573,0
1472.07,8/12(12/12),compress,11.948,5.299,0.001,6.038,48.490,43.0,1577,0
1472.58,8/12(12/12),compress,11.991,5.197,0.000,6.038,48.490,44.0,1455,0
1473.09,8/12(12/12),compress,11.946,5.079,0.001,6.038,48.490,44.0,1635,0
1473.60,8/12(12/12),compress,8.792,3.182,0.000,6.039,48.480,42.0,1231,0
1474.10,8/12(12/12),compress,5.435,1.754,0.002,6.039,48.480,42.0,1039,0
1474.61,8/12(12/12),gap,0.847,0.184,0.000,6.039,48.480,40.0,1140,0
1475.12,8/12(12/12),gap,0.833,0.233,0.000,6.039,48.480,40.0,798,0
1475.63,8/12(12/12),gap,0.715,0.051,0.000,6.113,48.470,39.0,717,0
1476.14,8/12(12/12),gap,0.373,0.018,0.000,6.113,48.470,39.0,672,0
1476.65,8/12(12/12),gap,0.805,0.027,0.000,6.113,48.470,39.0,818,0
1477.16,8/12(12/12),gap,0.385,0.014,0.000,6.113,48.470,39.0,638,0
1477.67,8/12(12/12),gap,0.449,0.037,0.000,6.112,48.470,39.0,676,0
1478.18,8/12(12/12),gap,0.986,0.220,0.000,6.112,48.470,39.0,1351,0
1478.69,8/12(12/12),compress,11.993,5.096,0.000,6.112,48.470,44.0,1517,0
1479.19,8/12(12/12),compress,12.185,5.324,0.000,6.112,48.470,44.0,1519,0
1479.71,8/12(12/12),compress,12.039,5.206,0.000,6.112,48.470,45.0,1439,0
1480.21,8/12(12/12),compress,11.962,5.032,0.000,6.112,48.470,45.0,1429,0
1480.72,8/12(12/12),compress,11.964,5.078,0.000,6.037,48.460,45.0,1475,0
1481.23,8/12(12/12),compress,11.913,4.860,0.000,6.037,48.460,45.0,1504,0
1481.73,8/12(12/12),compress,9.199,3.393,0.000,6.037,48.460,43.0,1065,0
1482.24,8/12(12/12),compress,2.554,0.753,0.000,6.037,48.460,43.0,1412,0
1482.75,8/12(12/12),gap,1.505,0.523,0.000,6.066,48.450,41.0,681,0
1483.26,8/12(12/12),gap,0.535,0.057,0.000,6.066,48.450,41.0,839,0
1483.77,8/12(12/12),gap,0.594,0.014,0.000,6.066,48.450,40.0,815,0
1484.28,8/12(12/12),gap,0.463,0.027,0.000,6.066,48.450,40.0,908,0
1484.79,8/12(12/12),gap,0.975,0.113,0.000,6.115,48.450,40.0,1416,0
1485.30,8/12(12/12),gap,1.136,0.213,0.000,6.115,48.450,40.0,589,0
1485.81,8/12(12/12),gap,0.448,0.021,0.000,6.115,48.450,40.0,657,0
1486.32,8/12(12/12),gap,6.592,2.700,0.002,6.115,48.450,40.0,1629,0
1486.82,8/12(12/12),sustained40s,12.619,5.367,0.000,6.049,48.440,45.0,1536,0
1487.33,8/12(12/12),sustained40s,12.136,5.172,0.001,6.049,48.440,45.0,1427,0
1487.84,8/12(12/12),sustained40s,11.993,5.163,0.001,6.049,48.440,45.0,1478,0
1488.34,8/12(12/12),sustained40s,11.952,5.230,0.000,6.049,48.440,45.0,1495,0
1488.85,8/12(12/12),sustained40s,11.979,4.998,0.000,6.034,48.430,46.0,1586,0
1489.36,8/12(12/12),sustained40s,9.921,3.763,0.001,6.034,48.430,46.0,1026,0
1489.87,8/12(12/12),sustained40s,6.103,2.011,0.001,6.034,48.430,43.0,1169,0
1490.37,8/12(12/12),sustained40s,9.226,3.967,0.000,6.034,48.430,43.0,1682,0
1490.89,8/12(12/12),sustained40s,12.204,5.571,0.000,6.034,48.430,46.0,1543,0
1491.39,8/12(12/12),sustained40s,11.969,5.081,0.000,6.034,48.430,46.0,1469,0
1491.90,8/12(12/12),sustained40s,11.965,4.924,0.000,6.033,48.430,46.0,1492,0
1492.41,8/12(12/12),sustained40s,11.966,5.160,0.000,6.033,48.430,46.0,1480,0
1492.92,8/12(12/12),sustained40s,11.959,5.127,0.000,6.033,48.430,47.0,1542,0
1493.42,8/12(12/12),sustained40s,10.352,4.001,0.000,6.033,48.430,47.0,1059,0
1493.93,8/12(12/12),sustained40s,3.722,1.296,0.000,6.034,48.420,43.0,1349,0
1494.44,8/12(12/12),sustained40s,11.094,4.895,0.000,6.034,48.420,43.0,1672,0
1494.94,8/12(12/12),sustained40s,11.963,5.411,0.000,6.034,48.420,47.0,1550,0
1495.45,8/12(12/12),sustained40s,11.977,5.204,0.000,6.034,48.420,47.0,1528,0
1495.96,8/12(12/12),sustained40s,11.973,5.280,0.000,6.030,48.400,47.0,1570,0
1496.46,8/12(12/12),sustained40s,11.963,5.086,0.000,6.030,48.400,47.0,1495,0
1496.98,8/12(12/12),sustained40s,11.836,4.847,0.000,6.030,48.400,48.0,1378,0
1497.48,8/12(12/12),sustained40s,9.135,3.370,0.000,6.030,48.400,48.0,1217,0
1497.99,8/12(12/12),sustained40s,6.142,2.449,0.000,6.049,48.390,47.0,1820,0
1498.50,8/12(12/12),sustained40s,12.648,5.394,0.000,6.049,48.390,47.0,1484,0
1499.01,8/12(12/12),sustained40s,11.969,5.259,0.000,6.049,48.390,48.0,1512,0
1499.51,8/12(12/12),sustained40s,11.988,5.155,0.000,6.049,48.390,48.0,1537,0
1500.02,8/12(12/12),sustained40s,11.972,5.253,0.000,6.027,48.390,48.0,1484,0
1500.53,8/12(12/12),sustained40s,11.959,5.077,0.000,6.027,48.390,48.0,1406,0
1501.04,8/12(12/12),sustained40s,11.856,4.785,0.000,6.027,48.390,49.0,1184,0
1501.54,8/12(12/12),sustained40s,5.863,2.052,0.000,6.027,48.390,49.0,951,0
1502.05,8/12(12/12),sustained40s,8.661,3.670,0.000,6.027,48.390,49.0,1800,0
1502.55,8/12(12/12),sustained40s,12.177,5.785,0.000,6.027,48.390,49.0,1588,0
1503.06,8/12(12/12),sustained40s,11.958,5.327,0.000,6.035,48.380,49.0,1589,0
1503.57,8/12(12/12),sustained40s,11.722,4.925,0.000,6.035,48.380,49.0,1376,0
1504.08,8/12(12/12),sustained40s,12.225,5.181,0.000,6.035,48.380,49.0,1528,0
1504.58,8/12(12/12),sustained40s,11.960,5.024,0.000,6.035,48.380,49.0,1418,0
1505.09,8/12(12/12),sustained40s,10.619,4.064,0.000,6.026,48.370,47.0,997,0
1505.60,8/12(12/12),sustained40s,5.461,1.888,0.000,6.026,48.370,47.0,1597,0
1506.11,8/12(12/12),sustained40s,11.414,5.217,0.000,6.026,48.370,50.0,1681,0
1506.61,8/12(12/12),sustained40s,11.967,5.359,0.000,6.026,48.370,50.0,1483,0
1507.12,8/12(12/12),sustained40s,11.951,5.155,0.000,6.024,48.350,50.0,1498,0
1507.63,8/12(12/12),sustained40s,11.993,5.330,0.000,6.024,48.350,50.0,1627,0
1508.14,8/12(12/12),sustained40s,11.965,5.129,0.000,6.024,48.350,50.0,1481,0
1508.64,8/12(12/12),sustained40s,11.334,4.485,0.000,6.024,48.350,50.0,1201,0
1509.15,8/12(12/12),sustained40s,9.308,3.389,0.000,6.036,48.340,50.0,1088,0
1509.65,8/12(12/12),sustained40s,8.228,3.103,0.000,6.036,48.340,50.0,1785,0
1510.16,8/12(12/12),sustained40s,12.571,5.838,0.000,6.036,48.340,50.0,1580,0
1510.67,8/12(12/12),sustained40s,11.979,5.270,0.000,6.036,48.340,50.0,1521,0
1511.18,8/12(12/12),sustained40s,11.971,5.217,0.000,6.024,48.340,51.0,1515,0
1511.68,8/12(12/12),sustained40s,11.975,5.127,0.000,6.024,48.340,51.0,1479,0
1512.19,8/12(12/12),sustained40s,11.965,4.848,0.000,6.024,48.340,51.0,1471,0
1512.70,8/12(12/12),sustained40s,11.755,4.802,0.000,6.024,48.340,51.0,1168,0
1513.20,8/12(12/12),sustained40s,7.024,2.307,0.000,6.024,48.340,50.0,746,0
1513.71,8/12(12/12),sustained40s,9.675,4.174,0.000,6.024,48.340,50.0,1895,0
1514.22,8/12(12/12),sustained40s,12.038,5.741,0.000,6.049,48.330,51.0,1575,0
1514.72,8/12(12/12),sustained40s,11.970,5.396,0.000,6.049,48.330,51.0,1636,0
1515.23,8/12(12/12),sustained40s,11.809,4.922,0.000,6.049,48.330,51.0,1679,0
1515.74,8/12(12/12),sustained40s,12.122,5.153,0.000,6.049,48.330,51.0,1540,0
1516.24,8/12(12/12),sustained40s,11.972,4.825,0.000,6.021,48.310,52.0,1467,0
1516.75,8/12(12/12),sustained40s,10.403,4.272,0.000,6.021,48.310,52.0,963,0
1517.26,8/12(12/12),sustained40s,4.231,1.549,0.000,6.021,48.310,49.0,1938,0
1517.76,8/12(12/12),sustained40s,12.451,5.986,0.000,6.021,48.310,49.0,1674,0
1518.27,8/12(12/12),sustained40s,10.391,5.277,0.000,6.024,48.300,51.0,1468,0
1518.78,8/12(12/12),sustained40s,9.373,4.732,0.000,6.024,48.300,51.0,1378,0
1519.29,8/12(12/12),sustained40s,9.693,4.818,0.000,6.024,48.300,51.0,1369,0
1519.79,8/12(12/12),sustained40s,9.829,4.894,0.000,6.024,48.300,51.0,1443,0
1520.30,8/12(12/12),sustained40s,9.439,4.754,0.000,6.033,48.300,51.0,1410,0
1520.81,8/12(12/12),sustained40s,7.568,3.689,0.000,6.033,48.300,51.0,1396,0
1521.32,8/12(12/12),sustained40s,3.880,1.594,0.000,6.033,48.300,48.0,1570,0
1521.82,8/12(12/12),sustained40s,8.773,4.765,0.002,6.033,48.300,48.0,1671,0
1522.33,8/12(12/12),sustained40s,9.668,5.125,0.000,6.035,48.290,52.0,1417,0
1522.84,8/12(12/12),sustained40s,9.353,4.931,0.000,6.035,48.290,52.0,1484,0
1523.35,8/12(12/12),sustained40s,7.656,4.227,0.000,6.035,48.290,51.0,1369,0
1523.86,8/12(12/12),sustained40s,7.159,3.860,0.002,6.035,48.290,51.0,1228,0
1524.37,8/12(12/12),sustained40s,7.243,3.783,0.000,6.035,48.290,51.0,1238,0
1524.87,8/12(12/12),sustained40s,6.924,3.781,0.000,6.035,48.290,51.0,1284,0
1525.38,8/12(12/12),sustained40s,6.940,3.832,0.000,6.056,48.280,51.0,1251,0
1525.89,8/12(12/12),sustained40s,5.536,2.717,0.000,6.056,48.280,51.0,897,0
1526.40,8/12(12/12),sustained40s,4.589,2.017,0.000,6.056,48.280,49.0,1394,0
1526.90,8/12(12/12),sustained40s,0.734,0.123,0.005,6.056,48.280,49.0,719,0
1527.41,8/12(12/12),end,1.053,0.286,0.004,6.076,48.270,47.0,1041,0
1527.92,8/12(12/12),end,0.445,0.019,0.003,6.076,48.270,47.0,701,0
1528.43,8/12(12/12),end,0.566,0.026,0.001,6.076,48.270,47.0,700,0
1528.94,8/12(12/12),end,0.503,0.018,0.001,6.076,48.270,47.0,650,0
1529.45,8/12(12/12),end,0.395,0.022,0.000,6.100,48.270,47.0,1016,0
1529.96,8/12(12/12),end,0.563,0.018,0.002,6.100,48.270,47.0,538,0
1530.47,8/12(12/12),end,0.915,0.180,0.001,6.100,48.270,47.0,666,0
1530.98,8/12(12/12),end,0.574,0.022,0.000,6.100,48.270,47.0,626,0
1531.49,8/12(12/12),end,0.723,0.040,0.000,6.102,48.270,47.0,670,0
1532.00,8/12(12/12),end,0.404,0.015,0.000,6.102,48.270,47.0,729,0
1532.52,8/12(12/12),end,1.341,0.402,0.000,6.102,48.270,47.0,800,0
1533.03,8/12(12/12),end,0.457,0.016,0.000,6.102,48.270,47.0,653,0
1533.54,8/12(12/12),end,0.756,0.117,0.000,6.105,48.260,46.0,645,0
1534.05,8/12(12/12),end,0.418,0.020,0.000,6.105,48.260,46.0,656,0
1534.56,8/12(12/12),end,0.554,0.057,0.000,6.105,48.260,45.0,627,0
1535.07,cool,wait,1.132,0.280,0.000,6.105,48.260,45.0,824,0
1535.58,cool,wait,0.967,0.064,0.000,6.105,48.260,46.0,656,0
1536.09,cool,wait,0.553,0.035,0.000,6.105,48.260,46.0,930,0
1536.60,cool,wait,0.733,0.115,0.000,6.102,48.260,45.0,898,0
1537.11,cool,wait,0.479,0.024,0.000,6.102,48.260,45.0,650,0
1537.62,cool,wait,0.547,0.049,0.000,6.102,48.260,45.0,665,0
1538.13,cool,wait,0.482,0.014,0.000,6.102,48.260,45.0,1130,0
1538.64,cool,wait,0.452,0.038,0.000,6.107,48.260,45.0,820,0
1539.15,cool,wait,0.318,0.014,0.000,6.107,48.260,45.0,690,0
1539.66,cool,wait,0.402,0.030,0.000,6.107,48.260,45.0,778,0
1540.17,cool,wait,0.381,0.016,0.000,6.107,48.260,45.0,1187,0
1540.68,cool,wait,0.630,0.045,0.000,6.107,48.260,45.0,864,0
1541.19,cool,wait,0.501,0.020,0.000,6.107,48.260,45.0,796,0
1541.70,cool,wait,0.802,0.093,0.000,6.107,48.260,45.0,1026,0
1542.21,cool,wait,0.933,0.100,0.000,6.107,48.260,45.0,735,0
1542.72,cool,wait,1.618,0.485,0.000,6.102,48.250,45.0,808,0
1543.22,cool,wait,1.016,0.107,0.000,6.102,48.250,45.0,1348,0
1543.73,cool,wait,1.206,0.178,0.000,6.102,48.250,45.0,1082,0
1544.24,cool,wait,1.317,0.192,0.000,6.102,48.250,45.0,810,0
1544.74,cool,wait,1.253,0.154,0.000,6.101,48.250,45.0,910,0
1545.25,cool,wait,0.978,0.096,0.000,6.101,48.250,45.0,952,0
1545.76,cool,wait,0.924,0.101,0.000,6.101,48.250,44.0,1012,0
1546.27,cool,wait,1.078,0.122,0.000,6.101,48.250,44.0,688,0
1546.78,cool,wait,0.834,0.104,0.000,6.101,48.250,44.0,519,0
1547.28,cool,wait,0.915,0.106,0.000,6.101,48.250,44.0,860,0
1547.79,cool,wait,1.136,0.157,0.000,6.102,48.250,44.0,1011,0
1548.30,cool,wait,0.979,0.138,0.000,6.102,48.250,44.0,1051,0
1548.81,cool,wait,1.532,0.362,0.000,6.102,48.250,44.0,908,0
1549.31,cool,wait,1.300,0.233,0.000,6.102,48.250,44.0,848,0
1549.82,cool,wait,0.840,0.097,0.000,6.101,48.250,44.0,623,0
1550.33,cool,wait,0.531,0.095,0.000,6.101,48.250,44.0,675,0
1550.84,cool,wait,1.409,0.218,0.024,6.101,48.250,44.0,848,0
1551.35,cool,wait,1.188,0.146,0.002,6.101,48.250,44.0,946,0
1551.85,cool,wait,0.831,0.083,0.001,6.105,48.240,44.0,849,0
1552.36,cool,wait,0.879,0.057,0.000,6.105,48.240,44.0,1042,0
1552.87,cool,wait,1.017,0.298,0.000,6.105,48.240,43.0,642,0
1553.38,cool,wait,0.540,0.053,0.000,6.105,48.240,43.0,596,0
1553.89,cool,wait,0.396,0.013,0.000,6.107,48.240,43.0,766,0
1554.40,cool,wait,0.341,0.023,0.000,6.107,48.240,43.0,665,0
1554.91,cool,wait,0.431,0.030,0.000,6.107,48.240,43.0,626,0
1555.42,cool,wait,0.585,0.058,0.000,6.107,48.240,43.0,850,0
1555.93,cool,wait,0.448,0.014,0.000,6.108,48.240,43.0,625,0
1556.44,cool,wait,0.708,0.144,0.000,6.108,48.240,43.0,896,0
1556.95,cool,wait,0.556,0.020,0.000,6.108,48.240,43.0,961,0
1557.46,cool,wait,0.506,0.019,0.000,6.108,48.240,43.0,658,0
1557.97,cool,wait,0.426,0.024,0.000,6.108,48.240,43.0,626,0
1558.48,cool,wait,0.421,0.032,0.000,6.108,48.240,43.0,645,0
1558.99,cool,wait,0.396,0.020,0.000,6.108,48.230,43.0,640,0
1559.50,cool,wait,0.478,0.046,0.000,6.108,48.230,43.0,679,0
1560.01,cool,wait,0.395,0.014,0.000,6.108,48.230,43.0,652,0
1560.52,cool,wait,0.712,0.020,0.000,6.108,48.230,43.0,1184,0
1561.03,cool,wait,0.404,0.022,0.000,6.111,48.230,43.0,804,0
1561.54,cool,wait,0.467,0.039,0.000,6.111,48.230,43.0,639,0
1562.05,cool,wait,0.335,0.012,0.000,6.111,48.230,42.0,700,0
1562.56,cool,wait,1.320,0.417,0.000,6.111,48.230,42.0,1122,0
1563.07,cool,wait,0.415,0.023,0.000,6.110,48.230,42.0,700,0
1563.58,cool,wait,0.558,0.043,0.000,6.110,48.230,42.0,1072,0
1564.09,cool,wait,0.345,0.011,0.000,6.110,48.230,42.0,683,0
1564.60,cool,wait,1.076,0.263,0.000,6.110,48.230,42.0,909,0
1565.11,cool,wait,0.398,0.018,0.000,6.107,48.230,42.0,958,0
1565.62,cool,wait,1.061,0.155,0.000,6.107,48.230,42.0,764,0
1566.13,cool,wait,0.981,0.132,0.018,6.107,48.230,42.0,1013,0
1566.64,cool,wait,1.136,0.151,0.017,6.107,48.230,42.0,810,0
1567.15,cool,wait,0.605,0.049,0.000,6.105,48.220,42.0,630,0
1567.66,cool,wait,0.482,0.017,0.000,6.105,48.220,42.0,776,0
1568.17,cool,wait,0.444,0.017,0.000,6.105,48.220,42.0,631,0
1568.68,cool,wait,0.365,0.021,0.000,6.105,48.220,42.0,715,0
1569.19,cool,wait,0.348,0.008,0.000,6.112,48.220,42.0,803,0
1569.70,cool,wait,0.328,0.013,0.000,6.112,48.220,42.0,789,0
1570.21,cool,wait,0.330,0.010,0.000,6.112,48.220,42.0,675,0
1570.72,cool,wait,0.386,0.022,0.000,6.112,48.220,42.0,687,0
1571.23,cool,wait,0.289,0.008,0.000,6.112,48.220,42.0,656,0
1571.74,cool,wait,0.453,0.021,0.000,6.112,48.220,42.0,871,0
1572.25,cool,wait,0.396,0.010,0.000,6.113,48.220,42.0,821,0
1572.76,cool,wait,1.084,0.299,0.000,6.113,48.220,42.0,630,0
1573.27,cool,wait,0.339,0.010,0.000,6.113,48.220,42.0,1060,0
1573.78,cool,wait,0.530,0.026,0.000,6.113,48.220,42.0,650,0
1574.29,cool,wait,0.310,0.010,0.000,6.112,48.220,42.0,730,0
1574.80,cool,wait,0.380,0.020,0.000,6.112,48.220,42.0,706,0
1575.31,cool,wait,0.320,0.011,0.000,6.112,48.220,42.0,675,0
1575.82,cool,wait,0.367,0.013,0.000,6.112,48.220,42.0,790,0
1576.33,cool,wait,0.469,0.015,0.000,6.113,48.220,41.0,1001,0
1576.84,cool,wait,0.464,0.033,0.000,6.113,48.220,41.0,1243,0
1577.35,cool,wait,0.305,0.009,0.000,6.113,48.220,41.0,938,0
1577.86,cool,wait,0.379,0.021,0.000,6.113,48.220,41.0,1210,0
1578.37,cool,wait,0.329,0.009,0.000,6.113,48.210,41.0,762,0
1578.88,cool,wait,0.381,0.021,0.000,6.113,48.210,41.0,1061,0
1579.39,cool,wait,0.489,0.011,0.000,6.113,48.210,41.0,1167,0
1579.90,cool,wait,0.441,0.022,0.000,6.113,48.210,41.0,1102,0
1580.41,cool,wait,0.312,0.009,0.000,6.114,48.210,41.0,798,0
1580.92,cool,wait,0.402,0.020,0.000,6.114,48.210,41.0,967,0
1581.43,cool,wait,0.415,0.021,0.000,6.114,48.210,41.0,855,0
1581.94,cool,wait,0.424,0.029,0.000,6.114,48.210,41.0,793,0
1582.45,cool,wait,0.826,0.273,0.000,6.114,48.210,42.0,1330,0
1582.96,cool,wait,0.585,0.080,0.000,6.114,48.210,42.0,797,0
1583.47,cool,wait,0.366,0.021,0.000,6.113,48.210,41.0,706,0
1583.98,cool,wait,0.455,0.025,0.000,6.113,48.210,41.0,713,0
1584.49,cool,wait,0.324,0.009,0.000,6.113,48.210,41.0,856,0
1585.00,cool,wait,0.547,0.025,0.000,6.113,48.210,41.0,637,0
1585.51,cool,wait,0.335,0.010,0.000,6.103,48.210,40.0,788,0
1586.02,cool,wait,0.450,0.020,0.000,6.103,48.210,40.0,824,0
1586.53,cool,wait,0.416,0.014,0.000,6.103,48.210,40.0,733,0
1587.04,cool,wait,0.442,0.039,0.002,6.103,48.210,40.0,699,0
1587.55,cool,wait,0.431,0.023,0.001,6.112,48.200,41.0,755,0
1588.06,cool,wait,0.369,0.020,0.001,6.112,48.200,41.0,690,0
1588.57,cool,wait,0.398,0.020,0.001,6.112,48.200,40.0,768,0
1589.08,cool,wait,0.351,0.015,0.000,6.112,48.200,40.0,657,0
1589.59,cool,wait,0.441,0.033,0.001,6.113,48.200,40.0,661,0
1590.10,cool,wait,0.367,0.020,0.001,6.113,48.200,40.0,753,0
1590.61,cool,wait,0.582,0.017,0.002,6.113,48.200,40.0,656,0
1591.12,cool,wait,0.380,0.021,0.000,6.113,48.200,40.0,655,0
1591.63,cool,wait,0.434,0.021,0.000,6.113,48.200,40.0,979,0
1592.14,cool,wait,0.345,0.014,0.000,6.113,48.200,40.0,896,0
1592.65,cool,wait,1.054,0.346,0.000,6.113,48.200,40.0,713,0
1593.16,cool,wait,0.626,0.117,0.001,6.113,48.200,40.0,1124,0
1593.67,8/15(12/15),idle,0.993,0.279,0.001,6.113,48.200,40.0,845,0
1594.18,8/15(12/15),idle,0.380,0.023,0.002,6.113,48.200,40.0,1002,0
1594.69,8/15(12/15),idle,0.429,0.017,0.002,6.105,48.200,40.0,1137,0
1595.19,8/15(12/15),idle,0.382,0.018,0.000,6.105,48.200,40.0,540,0
1595.70,8/15(12/15),idle,0.340,0.015,0.000,6.105,48.200,40.0,774,0
1596.21,8/15(12/15),idle,0.633,0.018,0.001,6.105,48.200,40.0,659,0
1596.72,8/15(12/15),idle,0.612,0.062,0.000,6.113,48.190,40.0,752,0
1597.23,8/15(12/15),idle,0.426,0.027,0.000,6.113,48.190,40.0,644,0
1597.74,8/15(12/15),idle,0.386,0.017,0.000,6.113,48.190,40.0,696,0
1598.24,8/15(12/15),idle,0.585,0.010,0.000,6.113,48.190,40.0,631,0
1598.75,8/15(12/15),idle,0.503,0.014,0.000,6.114,48.190,40.0,604,0
1599.26,8/15(12/15),idle,0.337,0.012,0.000,6.114,48.190,40.0,641,0
1599.77,8/15(12/15),idle,0.350,0.014,0.000,6.114,48.190,40.0,730,0
1600.28,8/15(12/15),idle,0.310,0.013,0.000,6.114,48.190,40.0,789,0
1600.78,8/15(12/15),idle,0.368,0.014,0.000,6.114,48.190,40.0,780,0
1601.29,8/15(12/15),idle,0.327,0.009,0.000,6.114,48.190,40.0,676,0
1601.80,8/15(12/15),idle,0.524,0.014,0.000,6.114,48.190,39.0,1078,0
1602.31,8/15(12/15),idle,0.292,0.007,0.000,6.114,48.190,39.0,1203,0
1602.81,8/15(12/15),idle,1.027,0.322,0.000,6.104,48.190,40.0,804,0
1603.32,8/15(12/15),idle,0.308,0.011,0.000,6.104,48.190,40.0,900,0
1603.83,8/15(12/15),idle,0.425,0.021,0.000,6.104,48.190,39.0,871,0
1604.33,8/15(12/15),idle,0.476,0.010,0.000,6.104,48.190,39.0,1163,0
1604.84,8/15(12/15),idle,0.385,0.014,0.000,6.115,48.190,39.0,1014,0
1605.35,8/15(12/15),idle,0.359,0.012,0.000,6.115,48.190,39.0,954,0
1605.86,8/15(12/15),idle,0.341,0.012,0.000,6.115,48.190,39.0,643,0
1606.36,8/15(12/15),idle,0.429,0.024,0.000,6.115,48.190,39.0,755,0
1606.87,8/15(12/15),idle,0.573,0.030,0.000,6.115,48.190,39.0,580,0
1607.38,8/15(12/15),idle,0.548,0.013,0.000,6.115,48.190,39.0,760,0
1607.89,8/15(12/15),idle,0.571,0.099,0.000,6.112,48.180,39.0,890,0
1608.40,8/15(12/15),pdf_render,1.694,0.726,0.000,6.112,48.180,39.0,819,0
1608.91,8/15(12/15),pdf_render,1.943,0.923,0.000,6.112,48.180,42.0,765,0
1609.41,8/15(12/15),pdf_render,1.661,0.759,0.000,6.112,48.180,42.0,813,0
1609.92,8/15(12/15),pdf_render,1.735,0.806,0.000,6.104,48.180,42.0,768,0
1610.42,8/15(12/15),pdf_render,1.656,0.753,0.000,6.104,48.180,42.0,581,0
1610.93,8/15(12/15),pdf_render,2.017,0.971,0.000,6.104,48.180,42.0,895,0
1611.43,8/15(12/15),pdf_render,1.668,0.756,0.000,6.104,48.180,42.0,755,0
1611.94,8/15(12/15),pdf_render,1.730,0.810,0.000,6.105,48.180,42.0,748,0
1612.44,8/15(12/15),pdf_render,2.030,1.019,0.000,6.105,48.180,42.0,1024,0
1612.95,8/15(12/15),pdf_render,2.000,0.901,0.000,6.105,48.180,41.0,723,0
1613.46,8/15(12/15),pdf_render,1.961,1.041,0.000,6.105,48.180,41.0,763,0
1613.96,8/15(12/15),pdf_render,1.859,0.938,0.000,6.102,48.170,42.0,736,0
1614.47,8/15(12/15),pdf_render,1.708,0.803,0.000,6.102,48.170,42.0,744,0
1614.97,8/15(12/15),pdf_render,1.781,0.844,0.000,6.102,48.170,43.0,758,0
1615.48,8/15(12/15),pdf_render,1.714,0.800,0.000,6.102,48.170,43.0,734,0
1615.99,8/15(12/15),pdf_render,1.833,0.909,0.000,6.102,48.170,42.0,582,0
1616.49,8/15(12/15),pdf_render,1.735,0.823,0.000,6.102,48.170,42.0,764,0
1617.00,8/15(12/15),pdf_render,1.746,0.819,0.000,6.104,48.170,42.0,903,0
1617.50,8/15(12/15),pdf_render,1.767,0.853,0.000,6.104,48.170,42.0,576,0
1618.01,8/15(12/15),pdf_render,1.735,0.808,0.000,6.104,48.170,43.0,1229,0
1618.51,8/15(12/15),pdf_render,1.848,0.822,0.000,6.104,48.170,43.0,914,0
1619.02,8/15(12/15),pdf_render,1.735,0.814,0.000,6.094,48.170,41.0,736,0
1619.52,8/15(12/15),pdf_render,1.683,0.765,0.000,6.094,48.170,41.0,628,0
1620.03,8/15(12/15),pdf_render,1.741,0.834,0.000,6.094,48.170,42.0,763,0
1620.54,8/15(12/15),pdf_render,1.728,0.812,0.000,6.094,48.170,42.0,1092,0
1621.04,8/15(12/15),pdf_render,1.697,0.766,0.000,6.102,48.160,41.0,744,0
1621.55,8/15(12/15),pdf_render,1.650,0.744,0.000,6.102,48.160,41.0,741,0
1622.05,8/15(12/15),pdf_render,1.749,0.836,0.000,6.102,48.160,42.0,730,0
1622.56,8/15(12/15),pdf_render,2.091,1.035,0.000,6.102,48.160,42.0,978,0
1623.07,8/15(12/15),pdf_render,1.702,0.786,0.000,6.101,48.160,42.0,955,0
1623.57,8/15(12/15),pdf_render,0.768,0.228,0.000,6.101,48.160,42.0,679,0
1624.08,8/15(12/15),gap,1.243,0.306,0.000,6.101,48.160,39.0,931,0
1624.58,8/15(12/15),gap,0.358,0.013,0.000,6.101,48.160,39.0,909,0
1625.09,8/15(12/15),gap,0.410,0.020,0.000,6.111,48.160,39.0,1043,0
1625.60,8/15(12/15),gap,0.333,0.013,0.000,6.111,48.160,39.0,661,0
1626.11,8/15(12/15),gap,0.328,0.011,0.000,6.111,48.160,39.0,1027,0
1626.61,8/15(12/15),gap,0.521,0.055,0.000,6.111,48.160,39.0,655,0
1627.12,8/15(12/15),gap,0.478,0.013,0.000,6.111,48.160,39.0,860,0
1627.63,8/15(12/15),gap,1.609,0.685,0.000,6.111,48.160,39.0,841,0
1628.14,8/15(12/15),pdf_render,1.858,0.878,0.000,6.113,48.160,41.0,726,0
1628.64,8/15(12/15),pdf_render,1.703,0.765,0.000,6.113,48.160,41.0,1044,0
1629.15,8/15(12/15),pdf_render,1.661,0.737,0.000,6.113,48.160,41.0,710,0
1629.66,8/15(12/15),pdf_render,1.815,0.789,0.000,6.113,48.160,41.0,1125,0
1630.16,8/15(12/15),pdf_render,1.825,0.884,0.000,6.102,48.150,41.0,891,0
1630.67,8/15(12/15),pdf_render,1.761,0.822,0.000,6.102,48.150,41.0,794,0
1631.17,8/15(12/15),pdf_render,1.791,0.853,0.000,6.102,48.150,41.0,717,0
1631.68,8/15(12/15),pdf_render,1.731,0.802,0.000,6.102,48.150,41.0,590,0
1632.18,8/15(12/15),pdf_render,1.775,0.840,0.000,6.102,48.150,41.0,755,0
1632.69,8/15(12/15),pdf_render,2.345,1.152,0.000,6.102,48.150,41.0,768,0
1633.20,8/15(12/15),pdf_render,2.036,1.109,0.000,6.102,48.150,42.0,769,0
1633.70,8/15(12/15),pdf_render,1.780,0.859,0.000,6.102,48.150,42.0,768,0
1634.21,8/15(12/15),pdf_render,1.679,0.778,0.000,6.102,48.140,41.0,880,0
1634.71,8/15(12/15),pdf_render,1.807,0.868,0.000,6.102,48.140,41.0,779,0
1635.22,8/15(12/15),pdf_render,1.922,0.919,0.000,6.102,48.140,42.0,739,0
1635.72,8/15(12/15),pdf_render,1.716,0.801,0.000,6.102,48.140,42.0,743,0
1636.23,8/15(12/15),pdf_render,1.673,0.766,0.000,6.102,48.140,41.0,930,0
1636.73,8/15(12/15),pdf_render,1.860,0.919,0.000,6.102,48.140,41.0,867,0
1637.24,8/15(12/15),pdf_render,1.883,0.941,0.000,6.102,48.140,42.0,872,0
1637.75,8/15(12/15),pdf_render,1.853,0.843,0.000,6.102,48.140,42.0,582,0
1638.25,8/15(12/15),pdf_render,1.809,0.788,0.000,6.102,48.140,41.0,772,0
1638.76,8/15(12/15),pdf_render,1.698,0.780,0.000,6.102,48.140,41.0,639,0
1639.27,8/15(12/15),pdf_render,1.782,0.820,0.000,6.102,48.140,41.0,657,0
1639.77,8/15(12/15),pdf_render,1.808,0.880,0.000,6.102,48.140,41.0,595,0
1640.28,8/15(12/15),pdf_render,1.694,0.801,0.000,6.102,48.140,41.0,592,0
1640.78,8/15(12/15),pdf_render,1.742,0.772,0.000,6.102,48.140,41.0,581,0
1641.29,8/15(12/15),pdf_render,1.737,0.823,0.000,6.102,48.130,41.0,781,0
1641.79,8/15(12/15),pdf_render,1.783,0.849,0.000,6.102,48.130,41.0,874,0
1642.30,8/15(12/15),pdf_render,1.734,0.824,0.000,6.102,48.130,42.0,684,0
1642.81,8/15(12/15),pdf_render,1.203,0.434,0.000,6.102,48.130,42.0,809,0
1643.31,8/15(12/15),gap,1.020,0.344,0.000,6.103,48.130,39.0,841,0
1643.82,8/15(12/15),gap,0.377,0.025,0.000,6.103,48.130,39.0,806,0
1644.33,8/15(12/15),gap,0.337,0.011,0.000,6.103,48.130,39.0,655,0
1644.84,8/15(12/15),gap,0.345,0.014,0.000,6.103,48.130,39.0,589,0
1645.35,8/15(12/15),gap,0.296,0.009,0.000,6.113,48.130,39.0,651,0
1645.85,8/15(12/15),gap,0.411,0.018,0.000,6.113,48.130,39.0,628,0
1646.36,8/15(12/15),gap,0.634,0.038,0.002,6.113,48.130,39.0,1402,0
1646.87,8/15(12/15),gap,2.453,1.094,0.002,6.113,48.130,39.0,1156,0
1647.38,8/15(12/15),office,1.931,0.852,0.002,6.105,48.130,40.0,761,0
1647.88,8/15(12/15),office,2.323,1.052,0.003,6.105,48.130,40.0,848,0
1648.39,8/15(12/15),office,2.368,1.222,0.001,6.105,48.130,40.0,1045,0
1648.90,8/15(12/15),office,2.031,0.881,0.002,6.105,48.130,40.0,969,0
1649.41,8/15(12/15),gap,1.041,0.409,0.002,6.105,48.130,39.0,1208,0
1649.91,8/15(12/15),gap,0.351,0.012,0.000,6.105,48.130,39.0,567,0
1650.42,8/15(12/15),gap,0.342,0.014,0.000,6.111,48.120,38.0,1080,0
1650.93,8/15(12/15),gap,0.379,0.018,0.000,6.111,48.120,38.0,564,0
1651.44,8/15(12/15),gap,0.350,0.013,0.000,6.111,48.120,38.0,646,0
1651.95,8/15(12/15),gap,0.562,0.021,0.000,6.111,48.120,38.0,576,0
1652.46,8/15(12/15),gap,0.847,0.300,0.000,6.113,48.120,39.0,1196,0
1652.97,8/15(12/15),gap,0.966,0.285,0.000,6.113,48.120,39.0,1460,0
1653.47,8/15(12/15),office,2.517,1.070,0.000,6.113,48.120,39.0,794,0
1653.98,8/15(12/15),office,1.926,0.792,0.000,6.113,48.120,39.0,694,0
1654.49,8/15(12/15),office,2.286,1.032,0.000,6.101,48.120,41.0,983,0
1655.00,8/15(12/15),office,2.224,1.099,0.000,6.101,48.120,41.0,971,0
1655.50,8/15(12/15),office,1.778,0.627,0.000,6.101,48.120,39.0,1226,0
1656.01,8/15(12/15),gap,1.022,0.316,0.000,6.101,48.120,39.0,982,0
1656.52,8/15(12/15),gap,0.431,0.027,0.000,6.105,48.110,38.0,667,0
1657.02,8/15(12/15),gap,0.375,0.022,0.000,6.105,48.110,38.0,677,0
1657.53,8/15(12/15),gap,0.429,0.034,0.000,6.105,48.110,38.0,654,0
1658.04,8/15(12/15),gap,0.573,0.020,0.000,6.105,48.110,38.0,730,0
1658.55,8/15(12/15),gap,0.419,0.021,0.000,6.111,48.110,39.0,655,0
1659.05,8/15(12/15),gap,0.431,0.012,0.000,6.111,48.110,39.0,693,0
1659.56,8/15(12/15),gap,1.206,0.458,0.001,6.111,48.110,41.0,686,0
1660.07,8/15(12/15),python,3.106,1.597,0.000,6.111,48.110,41.0,750,0
1660.58,8/15(12/15),python,2.916,1.579,0.001,6.111,48.110,43.0,908,0
1661.08,8/15(12/15),python,2.319,0.979,0.000,6.111,48.110,43.0,515,0
1661.59,8/15(12/15),python,1.863,0.555,0.001,6.096,48.110,40.0,668,0
1662.10,8/15(12/15),python,2.043,0.380,0.001,6.096,48.110,40.0,863,0
1662.60,8/15(12/15),gap,1.691,0.630,0.001,6.096,48.110,39.0,1206,0
1663.11,8/15(12/15),gap,0.420,0.023,0.000,6.096,48.110,39.0,794,0
1663.62,8/15(12/15),gap,0.522,0.036,0.000,6.108,48.100,38.0,794,0
1664.12,8/15(12/15),gap,0.379,0.015,0.000,6.108,48.100,38.0,649,0
1664.63,8/15(12/15),gap,0.731,0.029,0.000,6.108,48.100,38.0,947,0
1665.14,8/15(12/15),gap,0.402,0.020,0.000,6.108,48.100,38.0,582,0
1665.65,8/15(12/15),gap,0.495,0.035,0.000,6.112,48.100,38.0,656,0
1666.16,8/15(12/15),gap,1.006,0.357,0.000,6.112,48.100,38.0,713,0
1666.67,8/15(12/15),python,3.279,1.791,0.000,6.112,48.100,41.0,1054,0
1667.17,8/15(12/15),python,2.704,1.378,0.000,6.112,48.100,41.0,1406,0
1667.68,8/15(12/15),python,2.517,1.181,0.000,6.096,48.100,41.0,663,0
1668.18,8/15(12/15),python,1.902,0.492,0.000,6.096,48.100,41.0,650,0
1668.69,8/15(12/15),python,2.393,0.523,0.000,6.096,48.100,39.0,824,0
1669.20,8/15(12/15),gap,0.966,0.321,0.000,6.096,48.100,39.0,989,0
1669.71,8/15(12/15),gap,0.620,0.135,0.000,6.099,48.100,38.0,1225,0
1670.21,8/15(12/15),gap,0.617,0.021,0.000,6.099,48.100,38.0,823,0
1670.73,8/15(12/15),gap,0.408,0.030,0.000,6.099,48.100,38.0,788,0
1671.23,8/15(12/15),gap,0.419,0.012,0.000,6.099,48.100,38.0,1411,0
1671.74,8/15(12/15),gap,0.376,0.030,0.000,6.099,48.100,38.0,1010,0
1672.25,8/15(12/15),gap,0.336,0.024,0.000,6.099,48.100,38.0,1231,0
1672.76,8/15(12/15),gap,1.972,0.764,0.003,6.112,48.090,39.0,1276,0
1673.26,8/15(12/15),compress,12.076,5.206,0.000,6.112,48.090,39.0,1542,0
1673.77,8/15(12/15),compress,12.480,5.308,0.001,6.112,48.090,44.0,1470,0
1674.28,8/15(12/15),compress,12.623,4.999,0.001,6.112,48.090,44.0,1473,0
1674.79,8/15(12/15),compress,13.067,5.317,0.001,6.028,48.090,44.0,1530,0
1675.29,8/15(12/15),compress,13.027,5.235,0.001,6.028,48.090,44.0,1388,0
1675.80,8/15(12/15),compress,11.471,4.471,0.000,6.028,48.090,44.0,1159,0
1676.31,8/15(12/15),compress,9.632,3.631,0.000,6.028,48.090,44.0,1120,0
1676.81,8/15(12/15),compress,2.159,0.667,0.000,6.040,48.080,42.0,888,0
1677.32,8/15(12/15),gap,0.953,0.316,0.000,6.040,48.080,42.0,952,0
1677.83,8/15(12/15),gap,0.439,0.022,0.000,6.040,48.080,39.0,1102,0
1678.34,8/15(12/15),gap,0.622,0.028,0.000,6.040,48.080,39.0,1367,0
1678.85,8/15(12/15),gap,0.462,0.026,0.000,6.099,48.070,39.0,648,0
1679.35,8/15(12/15),gap,0.491,0.029,0.000,6.099,48.070,39.0,856,0
1679.86,8/15(12/15),gap,0.409,0.018,0.000,6.099,48.070,39.0,643,0
1680.37,8/15(12/15),gap,0.396,0.029,0.000,6.099,48.070,39.0,624,0
1680.88,8/15(12/15),gap,6.292,2.486,0.000,6.104,48.070,43.0,1646,0
1681.39,8/15(12/15),compress,12.501,5.269,0.000,6.104,48.070,43.0,1535,0
1681.90,8/15(12/15),compress,12.492,5.156,0.000,6.104,48.070,45.0,1490,0
1682.40,8/15(12/15),compress,12.990,5.278,0.000,6.104,48.070,45.0,1475,0
1682.91,8/15(12/15),compress,12.580,5.099,0.000,6.104,48.070,45.0,1476,0
1683.42,8/15(12/15),compress,12.332,4.887,0.000,6.104,48.070,45.0,1609,0
1683.93,8/15(12/15),compress,10.571,4.074,0.000,6.021,48.060,45.0,1029,0
1684.43,8/15(12/15),compress,7.941,2.779,0.000,6.021,48.060,45.0,1398,0
1684.94,8/15(12/15),compress,1.243,0.312,0.000,6.021,48.060,41.0,1392,0
1685.44,8/15(12/15),gap,1.000,0.188,0.000,6.021,48.060,41.0,1010,0
1685.96,8/15(12/15),gap,0.364,0.009,0.000,6.093,48.050,40.0,696,0
1686.46,8/15(12/15),gap,0.684,0.031,0.000,6.093,48.050,40.0,775,0
1686.98,8/15(12/15),gap,0.381,0.014,0.000,6.093,48.050,40.0,1003,0
1687.48,8/15(12/15),gap,0.382,0.017,0.000,6.093,48.050,40.0,918,0
1688.00,8/15(12/15),gap,0.351,0.021,0.000,6.105,48.050,40.0,1106,0
1688.51,8/15(12/15),gap,0.484,0.014,0.000,6.105,48.050,40.0,683,0
1689.02,8/15(12/15),gap,9.723,4.234,0.002,6.105,48.050,45.0,1689,0
1689.53,8/15(12/15),sustained40s,12.899,5.562,0.000,6.105,48.050,45.0,1488,0
1690.04,8/15(12/15),sustained40s,12.703,5.206,0.001,6.023,48.050,46.0,1508,0
1690.54,8/15(12/15),sustained40s,13.079,5.243,0.001,6.023,48.050,46.0,1453,0
1691.05,8/15(12/15),sustained40s,13.162,5.220,0.001,6.023,48.050,46.0,1480,0
1691.56,8/15(12/15),sustained40s,12.360,4.933,0.002,6.023,48.050,46.0,1714,0
1692.06,8/15(12/15),sustained40s,9.239,3.378,0.000,6.024,48.030,44.0,1060,0
1692.57,8/15(12/15),sustained40s,6.865,2.623,0.000,6.024,48.030,44.0,1747,0
1693.08,8/15(12/15),sustained40s,12.935,5.504,0.000,6.024,48.030,46.0,1643,0
1693.58,8/15(12/15),sustained40s,12.626,5.279,0.000,6.024,48.030,46.0,1525,0
1694.09,8/15(12/15),sustained40s,12.902,5.216,0.000,6.024,48.030,47.0,1475,0
1694.60,8/15(12/15),sustained40s,13.127,5.210,0.000,6.024,48.030,47.0,1493,0
1695.11,8/15(12/15),sustained40s,12.634,5.002,0.000,6.017,48.020,47.0,1471,0
1695.61,8/15(12/15),sustained40s,11.316,4.419,0.000,6.017,48.020,47.0,828,0
1696.12,8/15(12/15),sustained40s,5.902,2.085,0.000,6.017,48.020,44.0,917,0
1696.62,8/15(12/15),sustained40s,9.038,3.829,0.000,6.017,48.020,44.0,1776,0
1697.13,8/15(12/15),sustained40s,13.335,5.754,0.000,6.077,48.010,48.0,1539,0
1697.64,8/15(12/15),sustained40s,13.046,5.319,0.000,6.077,48.010,48.0,1528,0
1698.15,8/15(12/15),sustained40s,13.161,5.415,0.000,6.077,48.010,48.0,1626,0
1698.65,8/15(12/15),sustained40s,13.171,5.260,0.000,6.077,48.010,48.0,1590,0
1699.16,8/15(12/15),sustained40s,12.053,4.769,0.000,6.013,48.000,48.0,1363,0
1699.67,8/15(12/15),sustained40s,9.078,3.321,0.000,6.013,48.000,48.0,882,0
1700.17,8/15(12/15),sustained40s,5.315,1.875,0.000,6.013,48.000,46.0,1950,0
1700.68,8/15(12/15),sustained40s,13.628,6.099,0.000,6.013,48.000,46.0,1690,0
1701.19,8/15(12/15),sustained40s,12.543,5.229,0.000,6.011,47.990,49.0,1527,0
1701.69,8/15(12/15),sustained40s,13.343,5.457,0.000,6.011,47.990,49.0,1529,0
1702.20,8/15(12/15),sustained40s,13.356,5.433,0.000,6.011,47.990,49.0,1466,0
1702.71,8/15(12/15),sustained40s,12.752,5.103,0.000,6.011,47.990,49.0,1469,0
1703.22,8/15(12/15),sustained40s,11.254,4.358,0.000,6.011,47.980,49.0,1494,0
1703.72,8/15(12/15),sustained40s,7.356,2.651,0.000,6.011,47.980,49.0,1057,0
1704.23,8/15(12/15),sustained40s,10.148,4.458,0.000,6.011,47.980,49.0,1789,0
1704.74,8/15(12/15),sustained40s,13.431,5.803,0.000,6.011,47.980,49.0,1586,0
1705.25,8/15(12/15),sustained40s,13.105,5.453,0.000,6.011,47.980,50.0,1592,0
1705.75,8/15(12/15),sustained40s,13.424,5.425,0.000,6.011,47.980,50.0,1537,0
1706.26,8/15(12/15),sustained40s,13.221,5.316,0.000,6.009,47.970,50.0,1518,0
1706.77,8/15(12/15),sustained40s,12.307,4.867,0.000,6.009,47.970,50.0,1353,0
1707.27,8/15(12/15),sustained40s,7.904,2.688,0.000,6.009,47.970,47.0,1067,0
1707.78,8/15(12/15),sustained40s,6.177,2.341,0.000,6.009,47.970,47.0,1843,0
1708.29,8/15(12/15),sustained40s,13.832,6.095,0.000,6.049,47.960,50.0,1700,0
1708.79,8/15(12/15),sustained40s,12.947,5.425,0.000,6.049,47.960,50.0,1579,0
1709.31,8/15(12/15),sustained40s,13.162,5.367,0.000,6.049,47.960,51.0,1519,0
1709.81,8/15(12/15),sustained40s,13.436,5.411,0.000,6.049,47.960,51.0,1450,0
1710.32,8/15(12/15),sustained40s,12.345,4.869,0.000,6.003,47.950,51.0,1361,0
1710.83,8/15(12/15),sustained40s,11.235,4.334,0.000,6.003,47.950,51.0,1142,0
1711.34,8/15(12/15),sustained40s,7.364,2.771,0.000,6.003,47.950,49.0,1950,0
1711.84,8/15(12/15),sustained40s,12.760,5.456,0.000,6.003,47.950,49.0,1532,0
1712.35,8/15(12/15),sustained40s,12.744,5.252,0.000,6.012,47.940,51.0,1566,0
1712.86,8/15(12/15),sustained40s,12.919,5.367,0.000,6.012,47.940,51.0,1627,0
1713.37,8/15(12/15),sustained40s,12.717,5.136,0.000,6.012,47.940,52.0,1465,0
1713.87,8/15(12/15),sustained40s,12.808,5.048,0.000,6.012,47.940,52.0,1470,0
1714.38,8/15(12/15),sustained40s,11.829,4.600,0.000,6.010,47.930,52.0,1152,0
1714.89,8/15(12/15),sustained40s,9.054,3.232,0.000,6.010,47.930,52.0,933,0
1715.40,8/15(12/15),sustained40s,7.901,3.252,0.000,6.010,47.930,51.0,1886,0
1715.90,8/15(12/15),sustained40s,11.524,5.643,0.000,6.010,47.930,51.0,1484,0
1716.41,8/15(12/15),sustained40s,10.038,4.924,0.000,6.010,47.930,51.0,1442,0
1716.91,8/15(12/15),sustained40s,9.641,4.894,0.000,6.010,47.930,51.0,1472,0
1717.42,8/15(12/15),sustained40s,9.286,4.695,0.000,6.025,47.920,51.0,1409,0
1717.93,8/15(12/15),sustained40s,9.355,4.670,0.000,6.025,47.920,51.0,1376,0
1718.44,8/15(12/15),sustained40s,8.721,4.411,0.000,6.025,47.920,51.0,1315,0
1718.94,8/15(12/15),sustained40s,6.435,3.007,0.000,6.025,47.920,51.0,1115,0
1719.45,8/15(12/15),sustained40s,4.633,2.015,0.000,6.031,47.910,49.0,1641,0
1719.96,8/15(12/15),sustained40s,10.094,5.400,0.000,6.031,47.910,49.0,1533,0
1720.47,8/15(12/15),sustained40s,9.421,4.956,0.000,6.031,47.910,51.0,1410,0
1720.98,8/15(12/15),sustained40s,9.645,4.859,0.000,6.031,47.910,51.0,1435,0
1721.49,8/15(12/15),sustained40s,7.928,4.237,0.000,6.027,47.900,50.0,1197,0
1721.99,8/15(12/15),sustained40s,7.207,3.945,0.000,6.027,47.900,50.0,1312,0
1722.50,8/15(12/15),sustained40s,6.987,3.834,0.000,6.027,47.900,50.0,1265,0
1723.01,8/15(12/15),sustained40s,6.743,3.708,0.000,6.027,47.900,50.0,1136,0
1723.52,8/15(12/15),sustained40s,6.644,3.617,0.000,6.050,47.890,51.0,1142,0
1724.03,8/15(12/15),sustained40s,5.623,2.630,0.000,6.050,47.890,51.0,911,0
1724.54,8/15(12/15),sustained40s,6.424,3.260,0.000,6.050,47.890,51.0,1631,0
1725.04,8/15(12/15),sustained40s,9.843,5.276,0.000,6.050,47.890,51.0,1387,0
1725.55,8/15(12/15),sustained40s,7.302,4.134,0.000,6.040,47.880,51.0,1229,0
1726.06,8/15(12/15),sustained40s,7.220,3.887,0.000,6.040,47.880,51.0,1293,0
1726.57,8/15(12/15),sustained40s,7.364,4.000,0.000,6.040,47.880,51.0,1285,0
1727.08,8/15(12/15),sustained40s,7.410,3.985,0.000,6.040,47.880,51.0,1273,0
1727.59,8/15(12/15),sustained40s,7.438,3.986,0.000,6.043,47.880,51.0,1351,0
1728.10,8/15(12/15),sustained40s,7.471,3.946,0.000,6.043,47.880,51.0,1122,0
1728.61,8/15(12/15),sustained40s,7.498,3.871,0.000,6.043,47.880,52.0,1141,0
1729.11,8/15(12/15),sustained40s,5.365,2.442,0.000,6.043,47.880,52.0,1625,0
1729.62,8/15(12/15),sustained40s,0.924,0.149,0.003,6.043,47.880,48.0,1192,0
1730.12,8/15(12/15),end,1.110,0.361,0.002,6.043,47.880,48.0,792,0
1730.63,8/15(12/15),end,0.528,0.020,0.001,6.082,47.870,47.0,1041,0
1731.14,8/15(12/15),end,0.462,0.022,0.001,6.082,47.870,47.0,1039,0
1731.65,8/15(12/15),end,0.482,0.025,0.001,6.082,47.870,47.0,656,0
1732.15,8/15(12/15),end,0.381,0.013,0.000,6.082,47.870,47.0,428,0
1732.66,8/15(12/15),end,1.147,0.357,0.001,6.091,47.870,47.0,677,0
1733.17,8/15(12/15),end,0.404,0.020,0.001,6.091,47.870,47.0,644,0
1733.68,8/15(12/15),end,0.574,0.075,0.000,6.091,47.870,46.0,1133,0
1734.19,8/15(12/15),end,0.379,0.017,0.000,6.091,47.870,46.0,637,0
1734.70,8/15(12/15),end,0.576,0.023,0.000,6.096,47.870,46.0,597,0
1735.20,8/15(12/15),end,1.105,0.283,0.000,6.096,47.870,46.0,763,0
1735.71,8/15(12/15),end,0.416,0.015,0.000,6.096,47.870,46.0,669,0
1736.22,8/15(12/15),end,0.492,0.025,0.000,6.096,47.870,46.0,572,0
1736.73,8/15(12/15),end,0.461,0.019,0.000,6.097,47.860,46.0,891,0
1737.23,8/15(12/15),end,0.472,0.027,0.000,6.097,47.860,46.0,680,0
1737.74,cool,wait,1.105,0.366,0.000,6.097,47.860,48.0,1218,0
1738.25,cool,wait,0.532,0.087,0.000,6.097,47.860,48.0,902,0
1738.76,cool,wait,0.421,0.021,0.000,6.098,47.860,45.0,1007,0
1739.26,cool,wait,0.561,0.026,0.000,6.098,47.860,45.0,848,0
1739.77,cool,wait,0.464,0.022,0.000,6.098,47.860,45.0,909,0
1740.28,cool,wait,0.358,0.020,0.000,6.098,47.860,45.0,1007,0
1740.79,cool,wait,0.400,0.022,0.000,6.098,47.860,45.0,795,0
1741.30,cool,wait,0.394,0.018,0.000,6.098,47.860,45.0,830,0
1741.81,cool,wait,0.467,0.012,0.000,6.099,47.860,45.0,625,0
1742.31,cool,wait,0.407,0.011,0.000,6.099,47.860,45.0,781,0
1742.82,cool,wait,0.988,0.332,0.000,6.099,47.860,45.0,673,0
1743.33,cool,wait,0.430,0.034,0.000,6.099,47.860,45.0,815,0
1743.84,cool,wait,0.451,0.051,0.000,6.099,47.860,45.0,642,0
1744.35,cool,wait,0.360,0.023,0.000,6.099,47.860,45.0,738,0
1744.86,cool,wait,0.432,0.020,0.000,6.099,47.860,45.0,873,0
1745.36,cool,wait,0.479,0.075,0.000,6.099,47.860,45.0,648,0
1745.87,cool,wait,0.318,0.012,0.000,6.099,47.850,44.0,895,0
1746.37,cool,wait,0.433,0.065,0.000,6.099,47.850,44.0,628,0
1746.88,cool,wait,0.351,0.013,0.000,6.099,47.850,44.0,629,0
1747.39,cool,wait,0.539,0.022,0.000,6.099,47.850,44.0,1146,0
1747.90,cool,wait,0.410,0.033,0.000,6.100,47.850,44.0,886,0
1748.41,cool,wait,0.412,0.021,0.000,6.100,47.850,44.0,578,0
1748.92,cool,wait,0.320,0.011,0.000,6.100,47.850,44.0,659,0
1749.42,cool,wait,0.386,0.021,0.000,6.100,47.850,44.0,627,0
1749.93,cool,wait,0.324,0.011,0.000,6.101,47.850,44.0,637,0
1750.44,cool,wait,0.350,0.013,0.000,6.101,47.850,44.0,735,0
1750.95,cool,wait,0.358,0.016,0.000,6.101,47.850,44.0,653,0
1751.45,cool,wait,0.404,0.027,0.000,6.101,47.850,44.0,647,0
1751.96,cool,wait,0.301,0.012,0.000,6.101,47.850,43.0,651,0
1752.47,cool,wait,0.848,0.292,0.000,6.101,47.850,43.0,1151,0
1752.98,cool,wait,0.545,0.058,0.000,6.102,47.850,44.0,604,0
1753.49,cool,wait,0.585,0.024,0.000,6.102,47.850,44.0,762,0
1754.00,cool,wait,0.481,0.014,0.000,6.102,47.850,43.0,649,0
1754.50,cool,wait,0.350,0.015,0.000,6.102,47.850,43.0,1061,0
1755.01,cool,wait,0.371,0.012,0.000,6.102,47.840,43.0,1202,0
1755.52,cool,wait,0.408,0.022,0.000,6.102,47.840,43.0,881,0
1756.03,cool,wait,0.400,0.017,0.000,6.102,47.840,43.0,1016,0
1756.53,cool,wait,0.413,0.026,0.000,6.102,47.840,43.0,1001,0
1757.04,cool,wait,0.360,0.024,0.000,6.102,47.840,43.0,1408,0
1757.55,cool,wait,0.441,0.035,0.000,6.102,47.840,43.0,996,0
1758.06,cool,wait,0.330,0.012,0.000,6.102,47.840,43.0,788,0
1758.57,cool,wait,0.339,0.013,0.000,6.102,47.840,43.0,625,0
1759.08,cool,wait,0.334,0.014,0.000,6.103,47.840,43.0,1019,0
1759.58,cool,wait,0.594,0.028,0.000,6.103,47.840,43.0,629,0
1760.09,cool,wait,0.384,0.015,0.000,6.103,47.840,43.0,570,0
1760.60,cool,wait,0.473,0.016,0.000,6.103,47.840,43.0,648,0
1761.11,cool,wait,0.304,0.008,0.000,6.103,47.840,43.0,882,0
1761.61,cool,wait,0.587,0.069,0.000,6.103,47.840,43.0,960,0
1762.12,cool,wait,0.335,0.012,0.000,6.103,47.840,42.0,641,0
1762.63,cool,wait,1.015,0.351,0.000,6.103,47.840,42.0,1224,0
1763.14,cool,wait,0.303,0.010,0.000,6.103,47.840,43.0,655,0
1763.65,cool,wait,0.454,0.036,0.000,6.103,47.840,43.0,1015,0
1764.15,cool,wait,0.297,0.009,0.000,6.102,47.840,42.0,624,0
1764.66,cool,wait,0.380,0.019,0.000,6.102,47.840,42.0,655,0
1765.17,cool,wait,0.473,0.012,0.000,6.102,47.840,42.0,766,0
1765.68,cool,wait,0.481,0.033,0.000,6.102,47.840,42.0,660,0
1766.18,cool,wait,0.441,0.041,0.000,6.102,47.830,42.0,657,0
1766.69,cool,wait,0.383,0.020,0.000,6.102,47.830,42.0,703,0
1767.20,cool,wait,0.331,0.013,0.000,6.102,47.830,42.0,665,0
1767.71,cool,wait,0.438,0.024,0.000,6.102,47.830,42.0,526,0
1768.22,cool,wait,0.326,0.013,0.000,6.104,47.830,42.0,650,0
1768.72,cool,wait,0.338,0.016,0.000,6.104,47.830,42.0,639,0
1769.23,cool,wait,0.326,0.009,0.000,6.104,47.830,42.0,592,0
1769.74,cool,wait,0.460,0.036,0.000,6.104,47.830,42.0,802,0
1770.25,cool,wait,0.245,0.005,0.000,6.102,47.830,42.0,586,0
1770.75,cool,wait,0.521,0.020,0.000,6.102,47.830,42.0,799,0
1771.26,cool,wait,0.406,0.009,0.000,6.102,47.830,42.0,892,0
1771.77,cool,wait,0.692,0.141,0.000,6.102,47.830,42.0,652,0
1772.28,cool,wait,0.274,0.006,0.000,6.104,47.830,42.0,650,0
1772.78,cool,wait,1.160,0.358,0.000,6.104,47.830,42.0,574,0
1773.29,cool,wait,0.339,0.010,0.000,6.104,47.830,42.0,641,0
1773.80,cool,wait,0.403,0.023,0.000,6.104,47.830,42.0,615,0
1774.31,cool,wait,0.296,0.010,0.000,6.104,47.830,42.0,765,0
1774.81,cool,wait,0.398,0.021,0.000,6.104,47.830,42.0,650,0
1775.32,cool,wait,0.329,0.009,0.000,6.105,47.820,41.0,769,0
1775.83,cool,wait,0.404,0.025,0.000,6.105,47.820,41.0,619,0
1776.34,cool,wait,0.686,0.043,0.000,6.105,47.820,42.0,643,0
1776.85,cool,wait,0.450,0.026,0.000,6.105,47.820,42.0,647,0
1777.36,cool,wait,0.346,0.011,0.000,6.098,47.820,41.0,1303,0
1777.86,cool,wait,0.392,0.025,0.000,6.098,47.820,41.0,840,0
1778.37,cool,wait,0.337,0.021,0.000,6.098,47.820,41.0,654,0
1778.88,cool,wait,0.358,0.018,0.000,6.098,47.820,41.0,740,0
1779.39,cool,wait,0.284,0.009,0.000,6.105,47.820,41.0,1044,0
1779.89,cool,wait,0.450,0.027,0.000,6.105,47.820,41.0,592,0
1780.40,cool,wait,0.322,0.007,0.000,6.105,47.820,41.0,657,0
1780.91,cool,wait,0.415,0.023,0.000,6.105,47.820,41.0,600,0
1781.42,cool,wait,0.514,0.028,0.000,6.104,47.820,41.0,1110,0
1781.92,cool,wait,0.351,0.016,0.000,6.104,47.820,41.0,577,0
1782.43,cool,wait,0.693,0.230,0.000,6.104,47.820,42.0,1066,0
1782.94,cool,wait,0.674,0.134,0.000,6.104,47.820,42.0,538,0
1783.45,cool,wait,0.441,0.016,0.000,6.105,47.810,41.0,682,0
1783.95,cool,wait,0.336,0.015,0.000,6.105,47.810,41.0,573,0
1784.46,cool,wait,0.332,0.010,0.000,6.105,47.810,41.0,659,0
1784.97,cool,wait,0.333,0.015,0.000,6.105,47.810,41.0,629,0
1785.48,cool,wait,0.355,0.019,0.000,6.105,47.810,41.0,931,0
1785.98,cool,wait,0.364,0.017,0.000,6.105,47.810,41.0,648,0
1786.50,cool,wait,0.479,0.017,0.000,6.105,47.810,41.0,595,0
1787.00,cool,wait,0.415,0.031,0.000,6.105,47.810,41.0,937,0
1787.51,cool,wait,0.355,0.016,0.000,6.105,47.810,40.0,678,0
1788.02,cool,wait,0.320,0.013,0.000,6.105,47.810,40.0,586,0
1788.53,cool,wait,0.303,0.011,0.000,6.105,47.810,40.0,804,0
1789.03,cool,wait,0.370,0.018,0.000,6.105,47.810,40.0,678,0
1789.54,cool,wait,0.399,0.034,0.001,6.105,47.810,40.0,563,0
1790.05,cool,wait,0.531,0.022,0.001,6.105,47.810,40.0,940,0
1790.56,cool,wait,0.342,0.016,0.001,6.096,47.810,40.0,572,0
1791.06,cool,wait,0.355,0.022,0.000,6.096,47.810,40.0,846,0
1791.57,cool,wait,0.447,0.022,0.002,6.096,47.810,40.0,1214,0
1792.08,cool,wait,0.498,0.025,0.001,6.096,47.810,40.0,1202,0
1792.59,cool,wait,1.106,0.342,0.000,6.101,47.810,40.0,972,0
1793.09,cool,wait,0.399,0.024,0.001,6.101,47.810,40.0,1031,0
1793.60,cool,wait,0.335,0.017,0.000,6.101,47.810,40.0,679,0
1794.11,cool,wait,0.366,0.020,0.000,6.101,47.810,40.0,984,0
1794.62,cool,wait,0.403,0.018,0.000,6.104,47.800,40.0,768,0
1795.13,cool,wait,0.424,0.030,0.000,6.104,47.800,40.0,588,0
1795.64,cool,wait,0.625,0.109,0.002,6.104,47.800,40.0,818,0
1796.14,10/10(12/10),idle,0.771,0.181,0.000,6.104,47.800,40.0,837,0
1796.65,10/10(12/10),idle,0.582,0.112,0.000,6.104,47.800,40.0,942,0
1797.16,10/10(12/10),idle,0.969,0.251,0.004,6.104,47.800,40.0,590,0
1797.67,10/10(12/10),idle,0.529,0.018,0.002,6.102,47.800,40.0,620,0
1798.17,10/10(12/10),idle,0.381,0.022,0.002,6.102,47.800,40.0,651,0
1798.68,10/10(12/10),idle,0.446,0.029,0.002,6.102,47.800,40.0,647,0
1799.19,10/10(12/10),idle,0.393,0.023,0.000,6.102,47.800,40.0,573,0
1799.70,10/10(12/10),idle,0.412,0.023,0.000,6.103,47.800,40.0,664,0
1800.20,10/10(12/10),idle,0.321,0.012,0.000,6.103,47.800,40.0,617,0
1800.71,10/10(12/10),idle,0.376,0.019,0.000,6.103,47.800,39.0,841,0
1801.22,10/10(12/10),idle,0.326,0.014,0.000,6.103,47.800,39.0,528,0
1801.73,10/10(12/10),idle,0.395,0.014,0.000,6.104,47.800,40.0,1297,0
1802.23,10/10(12/10),idle,0.381,0.012,0.000,6.104,47.800,40.0,564,0
1802.74,10/10(12/10),idle,1.020,0.344,0.000,6.104,47.800,39.0,557,0
1803.25,10/10(12/10),idle,0.301,0.011,0.000,6.104,47.800,39.0,644,0
1803.76,10/10(12/10),idle,0.353,0.014,0.000,6.105,47.790,39.0,622,0
1804.26,10/10(12/10),idle,0.302,0.012,0.000,6.105,47.790,39.0,603,0
1804.77,10/10(12/10),idle,0.415,0.030,0.000,6.105,47.790,39.0,656,0
1805.28,10/10(12/10),idle,0.291,0.013,0.000,6.105,47.790,39.0,646,0
1805.79,10/10(12/10),idle,0.337,0.013,0.000,6.105,47.790,39.0,648,0
1806.29,10/10(12/10),idle,0.385,0.032,0.000,6.105,47.790,39.0,681,0
1806.80,10/10(12/10),idle,0.587,0.025,0.000,6.105,47.790,39.0,574,0
1807.31,10/10(12/10),idle,0.594,0.035,0.000,6.105,47.790,39.0,571,0
1807.82,10/10(12/10),idle,0.484,0.025,0.000,6.105,47.790,39.0,680,0
1808.33,10/10(12/10),idle,0.288,0.022,0.000,6.105,47.790,39.0,818,0
1808.83,10/10(12/10),idle,0.342,0.011,0.000,6.102,47.790,39.0,714,0
1809.34,10/10(12/10),idle,0.416,0.032,0.000,6.102,47.790,39.0,747,0
1809.85,10/10(12/10),idle,0.446,0.015,0.000,6.102,47.790,39.0,1075,0
1810.35,10/10(12/10),idle,0.333,0.023,0.000,6.102,47.790,39.0,756,0
1810.86,10/10(12/10),idle,1.267,0.444,0.000,6.105,47.790,41.0,894,0
1811.37,10/10(12/10),pdf_render,2.110,0.971,0.000,6.105,47.790,41.0,760,0
1811.88,10/10(12/10),pdf_render,1.705,0.780,0.000,6.105,47.790,41.0,577,0
1812.38,10/10(12/10),pdf_render,1.802,0.853,0.000,6.105,47.790,41.0,1602,0
1812.89,10/10(12/10),pdf_render,2.009,0.962,0.000,6.096,47.780,41.0,918,0
1813.39,10/10(12/10),pdf_render,1.953,0.893,0.000,6.096,47.780,41.0,719,0
1813.90,10/10(12/10),pdf_render,1.795,0.859,0.000,6.096,47.780,41.0,653,0
1814.40,10/10(12/10),pdf_render,1.721,0.811,0.000,6.096,47.780,41.0,603,0
1814.91,10/10(12/10),pdf_render,1.786,0.853,0.000,6.095,47.780,41.0,720,0
1815.41,10/10(12/10),pdf_render,1.747,0.817,0.000,6.095,47.780,41.0,1146,0
1815.92,10/10(12/10),pdf_render,1.802,0.862,0.000,6.095,47.780,41.0,746,0
1816.43,10/10(12/10),pdf_render,2.079,1.105,0.000,6.095,47.780,41.0,735,0
1816.93,10/10(12/10),pdf_render,1.998,0.923,0.000,6.093,47.780,42.0,747,0
1817.44,10/10(12/10),pdf_render,1.903,0.947,0.000,6.093,47.780,42.0,744,0
1817.95,10/10(12/10),pdf_render,1.851,0.908,0.000,6.093,47.780,43.0,792,0
1818.45,10/10(12/10),pdf_render,1.751,0.814,0.000,6.093,47.780,43.0,755,0
1818.96,10/10(12/10),pdf_render,1.982,1.031,0.000,6.093,47.780,42.0,905,0
1819.46,10/10(12/10),pdf_render,1.888,0.940,0.000,6.093,47.780,42.0,598,0
1819.97,10/10(12/10),pdf_render,1.894,0.925,0.000,6.092,47.770,42.0,952,0
1820.47,10/10(12/10),pdf_render,1.849,0.876,0.000,6.092,47.770,42.0,766,0
1820.98,10/10(12/10),pdf_render,1.801,0.836,0.000,6.092,47.770,41.0,588,0
1821.49,10/10(12/10),pdf_render,1.808,0.830,0.000,6.092,47.770,41.0,947,0
1821.99,10/10(12/10),pdf_render,1.818,0.841,0.000,6.096,47.770,42.0,666,0
1822.50,10/10(12/10),pdf_render,2.312,1.114,0.000,6.096,47.770,42.0,1260,0
1823.01,10/10(12/10),pdf_render,1.890,0.859,0.000,6.096,47.770,43.0,932,0
1823.51,10/10(12/10),pdf_render,1.898,0.915,0.000,6.096,47.770,43.0,788,0
1824.02,10/10(12/10),pdf_render,1.811,0.841,0.000,6.092,47.770,42.0,610,0
1824.52,10/10(12/10),pdf_render,1.835,0.867,0.000,6.092,47.770,42.0,906,0
1825.03,10/10(12/10),pdf_render,1.829,0.866,0.000,6.092,47.770,43.0,760,0
1825.53,10/10(12/10),pdf_render,1.887,0.909,0.000,6.092,47.770,43.0,773,0
1826.04,10/10(12/10),pdf_render,1.071,0.154,0.000,6.093,47.760,39.0,558,0
1826.54,10/10(12/10),gap,1.230,0.337,0.000,6.093,47.760,39.0,674,0
1827.05,10/10(12/10),gap,1.185,0.430,0.002,6.093,47.760,39.0,588,0
1827.56,10/10(12/10),gap,0.593,0.034,0.000,6.093,47.760,39.0,642,0
1828.07,10/10(12/10),gap,0.899,0.030,0.000,6.100,47.760,39.0,685,0
1828.57,10/10(12/10),gap,0.811,0.035,0.000,6.100,47.760,39.0,555,0
1829.09,10/10(12/10),gap,0.750,0.021,0.000,6.100,47.760,39.0,775,0
1829.59,10/10(12/10),gap,0.813,0.044,0.000,6.100,47.760,39.0,592,0
1830.10,10/10(12/10),gap,1.873,0.734,0.000,6.100,47.760,40.0,873,0
1830.61,10/10(12/10),pdf_render,1.807,0.815,0.000,6.100,47.760,40.0,945,0
1831.12,10/10(12/10),pdf_render,1.687,0.751,0.000,6.086,47.760,40.0,911,0
1831.62,10/10(12/10),pdf_render,1.729,0.793,0.000,6.086,47.760,40.0,825,0
1832.13,10/10(12/10),pdf_render,1.727,0.796,0.000,6.086,47.760,40.0,949,0
1832.64,10/10(12/10),pdf_render,2.714,1.460,0.000,6.086,47.760,40.0,1769,0
1833.15,10/10(12/10),pdf_render,3.172,1.645,0.002,6.093,47.750,41.0,1630,0
1833.65,10/10(12/10),pdf_render,2.609,1.342,0.000,6.093,47.750,41.0,1720,0
1834.16,10/10(12/10),pdf_render,2.737,1.430,0.000,6.093,47.750,41.0,1734,0
1834.67,10/10(12/10),pdf_render,2.601,1.336,0.000,6.093,47.750,41.0,1749,0
1835.17,10/10(12/10),pdf_render,1.873,0.927,0.000,6.084,47.750,40.0,967,0
1835.68,10/10(12/10),pdf_render,2.069,1.084,0.002,6.084,47.750,40.0,867,0
1836.19,10/10(12/10),pdf_render,1.860,0.931,0.000,6.084,47.750,40.0,954,0
1836.69,10/10(12/10),pdf_render,1.925,0.972,0.000,6.084,47.750,40.0,954,0
1837.20,10/10(12/10),pdf_render,1.826,0.898,0.000,6.090,47.750,41.0,965,0
1837.71,10/10(12/10),pdf_render,1.889,0.850,0.000,6.090,47.750,41.0,1093,0
1838.21,10/10(12/10),pdf_render,1.917,0.987,0.000,6.090,47.750,41.0,970,0
1838.72,10/10(12/10),pdf_render,1.961,0.917,0.000,6.090,47.750,41.0,997,0
1839.23,10/10(12/10),pdf_render,1.809,0.883,0.000,6.087,47.740,41.0,932,0
1839.73,10/10(12/10),pdf_render,1.886,0.949,0.000,6.087,47.740,41.0,864,0
1840.24,10/10(12/10),pdf_render,1.815,0.891,0.000,6.087,47.740,40.0,966,0
1840.75,10/10(12/10),pdf_render,1.920,0.968,0.000,6.087,47.740,40.0,967,0
1841.26,10/10(12/10),pdf_render,1.749,0.832,0.000,6.087,47.740,41.0,1072,0
1841.76,10/10(12/10),pdf_render,1.814,0.866,0.000,6.087,47.740,41.0,972,0
1842.27,10/10(12/10),pdf_render,1.842,0.896,0.000,6.090,47.740,40.0,1397,0
1842.77,10/10(12/10),pdf_render,2.186,1.104,0.000,6.090,47.740,40.0,816,0
1843.28,10/10(12/10),pdf_render,1.860,0.898,0.000,6.090,47.740,40.0,930,0
1843.79,10/10(12/10),pdf_render,1.900,0.881,0.000,6.090,47.740,40.0,836,0
1844.30,10/10(12/10),pdf_render,1.867,0.870,0.000,6.090,47.730,40.0,954,0
1844.80,10/10(12/10),pdf_render,1.872,0.931,0.000,6.090,47.730,40.0,978,0
1845.31,10/10(12/10),pdf_render,0.858,0.280,0.000,6.090,47.730,39.0,733,0
1845.82,10/10(12/10),gap,0.891,0.280,0.000,6.090,47.730,39.0,1031,0
1846.32,10/10(12/10),gap,0.427,0.023,0.000,6.094,47.730,39.0,631,0
1846.83,10/10(12/10),gap,0.409,0.028,0.000,6.094,47.730,39.0,629,0
1847.34,10/10(12/10),gap,0.481,0.058,0.000,6.094,47.730,39.0,665,0
1847.85,10/10(12/10),gap,0.371,0.020,0.000,6.094,47.730,39.0,656,0
1848.36,10/10(12/10),gap,0.497,0.037,0.000,6.103,47.730,39.0,711,0
1848.87,10/10(12/10),gap,0.353,0.015,0.000,6.103,47.730,39.0,1014,0
1849.38,10/10(12/10),gap,2.157,0.950,0.003,6.103,47.730,41.0,1138,0
1849.88,10/10(12/10),office,2.017,0.881,0.004,6.103,47.730,41.0,838,0
1850.39,10/10(12/10),office,2.250,1.028,0.002,6.091,47.730,40.0,861,0
1850.89,10/10(12/10),office,2.361,1.211,0.002,6.091,47.730,40.0,764,0
1851.40,10/10(12/10),office,2.393,1.160,0.001,6.091,47.730,40.0,1407,0
1851.91,10/10(12/10),office,0.818,0.234,0.000,6.091,47.730,40.0,1053,0
1852.42,10/10(12/10),gap,1.186,0.430,0.001,6.091,47.730,40.0,1079,0
1852.92,10/10(12/10),gap,0.755,0.210,0.001,6.091,47.730,40.0,639,0
1853.43,10/10(12/10),gap,0.601,0.083,0.000,6.096,47.720,39.0,635,0
1853.94,10/10(12/10),gap,0.410,0.018,0.000,6.096,47.720,39.0,1072,0
1854.45,10/10(12/10),gap,0.487,0.029,0.000,6.096,47.720,39.0,655,0
1854.95,10/10(12/10),gap,0.492,0.023,0.000,6.096,47.720,39.0,768,0
1855.46,10/10(12/10),gap,0.771,0.132,0.000,6.099,47.720,39.0,1256,0
1855.97,10/10(12/10),office,2.463,1.109,0.000,6.099,47.720,39.0,1270,0
1856.48,10/10(12/10),office,1.928,0.844,0.000,6.099,47.720,41.0,646,0
1856.98,10/10(12/10),office,2.325,1.100,0.000,6.099,47.720,41.0,1541,0
1857.49,10/10(12/10),office,2.537,1.319,0.000,6.091,47.720,42.0,725,0
1858.00,10/10(12/10),office,2.144,0.895,0.000,6.091,47.720,42.0,999,0
1858.50,10/10(12/10),gap,0.860,0.183,0.001,6.091,47.720,39.0,855,0
1859.01,10/10(12/10),gap,0.713,0.180,0.000,6.091,47.720,39.0,897,0
1859.52,10/10(12/10),gap,0.471,0.030,0.000,6.101,47.710,39.0,1207,0
1860.03,10/10(12/10),gap,0.487,0.035,0.000,6.101,47.710,39.0,661,0
1860.54,10/10(12/10),gap,0.588,0.021,0.000,6.101,47.710,39.0,1007,0
1861.05,10/10(12/10),gap,0.345,0.012,0.000,6.101,47.710,39.0,1112,0
1861.56,10/10(12/10),gap,0.348,0.017,0.000,6.100,47.710,38.0,683,0
1862.07,10/10(12/10),gap,0.890,0.321,0.000,6.100,47.710,38.0,729,0
1862.58,10/10(12/10),python,3.355,1.920,0.001,6.100,47.710,41.0,1153,0
1863.09,10/10(12/10),python,2.807,1.389,0.000,6.100,47.710,41.0,944,0
1863.60,10/10(12/10),python,2.648,1.235,0.002,6.100,47.710,40.0,863,0
1864.11,10/10(12/10),python,1.877,0.562,0.002,6.100,47.710,40.0,823,0
1864.62,10/10(12/10),python,2.498,0.591,0.001,6.087,47.710,39.0,1168,0
1865.12,10/10(12/10),python,1.113,0.251,0.001,6.087,47.710,39.0,671,0
1865.63,10/10(12/10),gap,1.176,0.228,0.001,6.087,47.710,39.0,847,0
1866.14,10/10(12/10),gap,0.792,0.015,0.000,6.087,47.710,39.0,775,0
1866.65,10/10(12/10),gap,0.771,0.028,0.000,6.096,47.700,38.0,651,0
1867.16,10/10(12/10),gap,0.785,0.017,0.000,6.096,47.700,38.0,588,0
1867.67,10/10(12/10),gap,0.803,0.027,0.000,6.096,47.700,38.0,588,0
1868.18,10/10(12/10),gap,0.776,0.024,0.000,6.096,47.700,38.0,570,0
1868.70,10/10(12/10),gap,2.460,1.025,0.004,6.099,47.700,39.0,1268,0
1869.21,10/10(12/10),python,3.039,1.572,0.002,6.099,47.700,39.0,1473,0
1869.72,10/10(12/10),python,3.707,2.027,0.000,6.099,47.700,41.0,1564,0
1870.22,10/10(12/10),python,3.370,1.855,0.002,6.099,47.700,41.0,1623,0
1870.73,10/10(12/10),python,2.862,1.226,0.000,6.080,47.700,39.0,729,0
1871.23,10/10(12/10),python,2.409,0.678,0.000,6.080,47.700,39.0,697,0
1871.74,10/10(12/10),python,1.463,0.299,0.000,6.080,47.700,39.0,880,0
1872.25,10/10(12/10),gap,0.870,0.214,0.000,6.080,47.700,39.0,588,0
1872.76,10/10(12/10),gap,1.112,0.382,0.000,6.097,47.690,39.0,1088,0
1873.26,10/10(12/10),gap,0.434,0.038,0.000,6.097,47.690,39.0,882,0
1873.78,10/10(12/10),gap,0.414,0.014,0.000,6.097,47.690,38.0,695,0
1874.28,10/10(12/10),gap,0.363,0.028,0.000,6.097,47.690,38.0,585,0
1874.79,10/10(12/10),gap,0.543,0.025,0.000,6.097,47.690,38.0,603,0
1875.30,10/10(12/10),gap,0.425,0.031,0.000,6.097,47.690,38.0,654,0
1875.81,10/10(12/10),gap,6.921,2.747,0.001,6.099,47.690,42.0,1534,0
1876.32,10/10(12/10),compress,10.118,5.036,0.001,6.099,47.690,42.0,1393,0
1876.82,10/10(12/10),compress,9.927,4.907,0.000,6.099,47.690,43.0,1534,0
1877.33,10/10(12/10),compress,10.075,4.921,0.002,6.099,47.690,43.0,1383,0
1877.84,10/10(12/10),compress,9.972,4.605,0.000,6.032,47.690,43.0,1393,0
1878.35,10/10(12/10),compress,9.976,4.637,0.000,6.032,47.690,43.0,1387,0
1878.85,10/10(12/10),compress,9.793,4.649,0.000,6.032,47.690,44.0,1293,0
1879.36,10/10(12/10),compress,7.796,2.929,0.001,6.032,47.690,44.0,1676,0
1879.87,10/10(12/10),compress,2.135,0.698,0.000,6.038,47.670,40.0,1117,0
1880.37,10/10(12/10),gap,0.999,0.311,0.000,6.038,47.670,40.0,701,0
1880.88,10/10(12/10),gap,0.500,0.039,0.000,6.038,47.670,39.0,803,0
1881.39,10/10(12/10),gap,0.543,0.025,0.000,6.038,47.670,39.0,669,0
1881.90,10/10(12/10),gap,0.412,0.030,0.000,6.096,47.670,39.0,643,0
1882.41,10/10(12/10),gap,0.747,0.163,0.000,6.096,47.670,39.0,1208,0
1882.92,10/10(12/10),gap,0.802,0.216,0.000,6.096,47.670,39.0,675,0
1883.43,10/10(12/10),gap,0.593,0.039,0.000,6.096,47.670,39.0,663,0
1883.94,10/10(12/10),gap,4.993,1.945,0.000,6.099,47.670,43.0,1495,0
1884.45,10/10(12/10),compress,10.272,4.766,0.000,6.099,47.670,43.0,1390,0
1884.96,10/10(12/10),compress,10.140,4.943,0.000,6.099,47.670,44.0,1533,0
1885.46,10/10(12/10),compress,10.007,5.042,0.000,6.099,47.670,44.0,1442,0
1885.97,10/10(12/10),compress,9.957,4.790,0.000,6.099,47.670,44.0,1455,0
1886.48,10/10(12/10),compress,9.972,4.636,0.000,6.099,47.670,44.0,1468,0
1886.99,10/10(12/10),compress,9.929,4.824,0.000,6.032,47.660,45.0,1590,0
1887.50,10/10(12/10),compress,8.809,3.449,0.000,6.032,47.660,45.0,1380,0
1888.00,10/10(12/10),compress,2.050,0.618,0.000,6.032,47.660,41.0,987,0
1888.51,10/10(12/10),gap,1.285,0.406,0.000,6.032,47.660,41.0,772,0
1889.02,10/10(12/10),gap,0.327,0.008,0.000,6.088,47.650,40.0,935,0
1889.53,10/10(12/10),gap,0.504,0.019,0.000,6.088,47.650,40.0,834,0
1890.04,10/10(12/10),gap,0.402,0.028,0.000,6.088,47.650,40.0,907,0
1890.55,10/10(12/10),gap,0.530,0.042,0.000,6.088,47.650,40.0,816,0
1891.06,10/10(12/10),gap,0.313,0.009,0.000,6.096,47.650,40.0,918,0
1891.57,10/10(12/10),gap,0.735,0.092,0.000,6.096,47.650,40.0,657,0
1892.08,10/10(12/10),gap,4.872,1.871,0.001,6.096,47.650,44.0,1437,0
1892.59,10/10(12/10),sustained40s,10.314,4.661,0.002,6.096,47.650,44.0,1371,0
1893.10,10/10(12/10),sustained40s,10.073,4.976,0.001,6.034,47.640,45.0,1423,0
1893.61,10/10(12/10),sustained40s,10.061,4.881,0.001,6.034,47.640,45.0,1426,0
1894.12,10/10(12/10),sustained40s,9.982,4.694,0.000,6.034,47.640,45.0,1343,0
1894.62,10/10(12/10),sustained40s,9.956,4.621,0.000,6.034,47.640,45.0,1378,0
1895.13,10/10(12/10),sustained40s,9.925,4.743,0.001,6.030,47.640,45.0,1440,0
1895.64,10/10(12/10),sustained40s,8.959,3.569,0.001,6.030,47.640,45.0,1146,0
1896.14,10/10(12/10),sustained40s,5.739,2.098,0.000,6.030,47.640,45.0,1928,0
1896.65,10/10(12/10),sustained40s,10.976,5.631,0.000,6.030,47.640,45.0,1585,0
1897.16,10/10(12/10),sustained40s,9.782,5.027,0.000,6.030,47.640,45.0,1482,0
1897.66,10/10(12/10),sustained40s,10.014,4.871,0.000,6.030,47.640,45.0,1365,0
1898.17,10/10(12/10),sustained40s,9.972,4.837,0.000,6.027,47.630,46.0,1369,0
1898.68,10/10(12/10),sustained40s,9.968,4.808,0.000,6.027,47.630,46.0,1477,0
1899.19,10/10(12/10),sustained40s,9.938,4.788,0.000,6.027,47.630,46.0,1435,0
1899.69,10/10(12/10),sustained40s,9.211,3.766,0.000,6.027,47.630,46.0,1020,0
1900.20,10/10(12/10),sustained40s,8.975,4.039,0.000,6.027,47.620,46.0,1630,0
1900.71,10/10(12/10),sustained40s,9.929,5.233,0.000,6.027,47.620,46.0,1500,0
1901.22,10/10(12/10),sustained40s,9.979,4.876,0.000,6.027,47.620,46.0,1437,0
1901.72,10/10(12/10),sustained40s,9.964,4.973,0.000,6.027,47.620,46.0,1428,0
1902.23,10/10(12/10),sustained40s,9.966,5.058,0.000,6.026,47.610,46.0,1472,0
1902.74,10/10(12/10),sustained40s,9.956,4.829,0.000,6.026,47.610,46.0,1465,0
1903.25,10/10(12/10),sustained40s,9.462,3.914,0.000,6.026,47.610,47.0,1112,0
1903.75,10/10(12/10),sustained40s,8.527,3.051,0.000,6.026,47.610,47.0,1036,0
1904.26,10/10(12/10),sustained40s,8.354,3.607,0.000,6.033,47.600,47.0,1792,0
1904.77,10/10(12/10),sustained40s,9.929,5.377,0.000,6.033,47.600,47.0,1500,0
1905.28,10/10(12/10),sustained40s,9.923,4.951,0.000,6.033,47.600,47.0,1498,0
1905.79,10/10(12/10),sustained40s,9.980,5.024,0.000,6.033,47.600,47.0,1425,0
1906.29,10/10(12/10),sustained40s,9.954,5.096,0.000,6.024,47.590,47.0,1579,0
1906.80,10/10(12/10),sustained40s,9.849,4.720,0.000,6.024,47.590,47.0,1550,0
1907.31,10/10(12/10),sustained40s,9.882,4.365,0.000,6.024,47.590,48.0,1327,0
1907.81,10/10(12/10),sustained40s,7.179,2.710,0.000,6.024,47.590,48.0,828,0
1908.32,10/10(12/10),sustained40s,8.200,3.693,0.000,6.051,47.590,48.0,1734,0
1908.83,10/10(12/10),sustained40s,10.008,5.152,0.000,6.051,47.590,48.0,1428,0
1909.34,10/10(12/10),sustained40s,10.002,4.960,0.000,6.051,47.580,49.0,1532,0
1909.85,10/10(12/10),sustained40s,9.972,4.779,0.000,6.051,47.580,49.0,1471,0
1910.35,10/10(12/10),sustained40s,9.969,4.895,0.000,6.051,47.580,48.0,1367,0
1910.86,10/10(12/10),sustained40s,9.945,4.772,0.000,6.051,47.580,48.0,1365,0
1911.37,10/10(12/10),sustained40s,9.769,4.453,0.000,6.021,47.570,49.0,1342,0
1911.87,10/10(12/10),sustained40s,8.366,3.070,0.000,6.021,47.570,49.0,1233,0
1912.38,10/10(12/10),sustained40s,9.134,4.174,0.000,6.021,47.570,49.0,1576,0
1912.89,10/10(12/10),sustained40s,9.922,5.112,0.000,6.021,47.570,49.0,1482,0
1913.40,10/10(12/10),sustained40s,9.979,4.927,0.000,6.021,47.560,49.0,1444,0
1913.90,10/10(12/10),sustained40s,9.976,4.881,0.000,6.021,47.560,49.0,1422,0
1914.41,10/10(12/10),sustained40s,9.957,4.824,0.000,6.021,47.560,49.0,1352,0
1914.92,10/10(12/10),sustained40s,9.885,4.695,0.000,6.021,47.560,49.0,1677,0
1915.42,10/10(12/10),sustained40s,9.854,4.438,0.000,6.020,47.550,49.0,1076,0
1915.93,10/10(12/10),sustained40s,7.985,2.902,0.000,6.020,47.550,49.0,882,0
1916.44,10/10(12/10),sustained40s,7.336,3.101,0.000,6.020,47.550,49.0,1790,0
1916.94,10/10(12/10),sustained40s,10.284,5.509,0.000,6.020,47.550,49.0,1633,0
1917.46,10/10(12/10),sustained40s,9.741,4.991,0.000,6.018,47.540,50.0,1574,0
1917.96,10/10(12/10),sustained40s,9.968,4.889,0.000,6.018,47.540,50.0,1424,0
1918.47,10/10(12/10),sustained40s,9.970,4.875,0.000,6.018,47.540,50.0,1423,0
1918.98,10/10(12/10),sustained40s,9.973,4.947,0.000,6.018,47.540,50.0,1426,0
1919.49,10/10(12/10),sustained40s,9.773,4.671,0.000,6.021,47.540,50.0,1352,0
1919.99,10/10(12/10),sustained40s,7.781,3.033,0.000,6.021,47.540,50.0,906,0
1920.50,10/10(12/10),sustained40s,8.368,3.672,0.000,6.021,47.540,50.0,1793,0
1921.01,10/10(12/10),sustained40s,9.831,5.220,0.000,6.021,47.540,50.0,1432,0
1921.51,10/10(12/10),sustained40s,9.971,4.884,0.000,6.021,47.540,50.0,1444,0
1922.02,10/10(12/10),sustained40s,9.970,4.949,0.000,6.021,47.540,50.0,1430,0
1922.53,10/10(12/10),sustained40s,9.965,4.930,0.000,6.019,47.520,50.0,1465,0
1923.03,10/10(12/10),sustained40s,9.965,4.795,0.000,6.019,47.520,50.0,1453,0
1923.54,10/10(12/10),sustained40s,9.764,4.543,0.000,6.019,47.520,51.0,1541,0
1924.05,10/10(12/10),sustained40s,8.612,3.306,0.000,6.019,47.520,51.0,902,0
1924.56,10/10(12/10),sustained40s,8.256,3.610,0.000,6.018,47.520,51.0,1678,0
1925.06,10/10(12/10),sustained40s,9.996,5.305,0.000,6.018,47.520,51.0,1500,0
1925.57,10/10(12/10),sustained40s,9.888,4.901,0.000,6.018,47.520,51.0,1441,0
1926.08,10/10(12/10),sustained40s,9.978,4.973,0.000,6.018,47.520,51.0,1493,0
1926.59,10/10(12/10),sustained40s,9.971,5.073,0.000,6.017,47.510,51.0,1532,0
1927.10,10/10(12/10),sustained40s,9.947,4.838,0.000,6.017,47.510,51.0,1471,0
1927.61,10/10(12/10),sustained40s,9.769,4.221,0.000,6.017,47.510,51.0,1341,0
1928.11,10/10(12/10),sustained40s,7.641,2.811,0.000,6.017,47.510,51.0,975,0
1928.62,10/10(12/10),sustained40s,6.789,2.836,0.000,6.056,47.500,51.0,1732,0
1929.12,10/10(12/10),sustained40s,10.340,5.444,0.000,6.056,47.500,51.0,1478,0
1929.63,10/10(12/10),sustained40s,9.706,4.960,0.001,6.056,47.500,51.0,1539,0
1930.14,10/10(12/10),sustained40s,9.979,4.947,0.000,6.056,47.500,51.0,1589,0
1930.65,10/10(12/10),sustained40s,10.077,4.792,0.009,6.015,47.490,51.0,1441,0
1931.15,10/10(12/10),sustained40s,9.858,4.785,0.000,6.015,47.490,51.0,1434,0
1931.67,10/10(12/10),sustained40s,9.760,4.619,0.007,6.015,47.490,52.0,1327,0
1932.17,10/10(12/10),sustained40s,8.879,3.458,0.000,6.015,47.490,52.0,1079,0
1932.68,10/10(12/10),sustained40s,3.418,1.371,0.005,6.015,47.490,48.0,853,0
1933.19,10/10(12/10),end,0.796,0.148,0.004,6.015,47.490,48.0,1491,0
1933.70,10/10(12/10),end,0.823,0.164,0.000,6.054,47.480,47.0,863,0
1934.20,10/10(12/10),end,0.437,0.021,0.000,6.054,47.480,47.0,853,0
1934.71,10/10(12/10),end,0.433,0.020,0.002,6.054,47.480,47.0,667,0
1935.22,10/10(12/10),end,0.405,0.020,0.000,6.054,47.480,47.0,730,0
1935.73,10/10(12/10),end,0.608,0.021,0.001,6.085,47.480,47.0,764,0
1936.23,10/10(12/10),end,0.527,0.024,0.002,6.085,47.480,47.0,614,0
1936.74,10/10(12/10),end,0.433,0.025,0.000,6.085,47.480,46.0,681,0
1937.25,10/10(12/10),end,0.389,0.015,0.000,6.085,47.480,46.0,522,0
1937.76,10/10(12/10),end,0.425,0.019,0.000,6.087,47.470,46.0,640,0
1938.27,10/10(12/10),end,0.361,0.018,0.000,6.087,47.470,46.0,649,0
1938.77,10/10(12/10),end,0.426,0.020,0.000,6.087,47.470,46.0,627,0
1939.28,10/10(12/10),end,0.410,0.022,0.000,6.087,47.470,46.0,666,0
1939.79,10/10(12/10),end,0.466,0.023,0.000,6.089,47.470,45.0,1105,0
1940.30,10/10(12/10),end,0.373,0.014,0.000,6.089,47.470,45.0,565,0
1940.80,10/10(12/10),end,0.428,0.026,0.000,6.089,47.470,45.0,749,0
1941.31,cool,wait,1.073,0.289,0.000,6.089,47.470,45.0,859,0
1941.82,cool,wait,0.547,0.029,0.000,6.090,47.470,45.0,792,0
1942.33,cool,wait,0.340,0.016,0.000,6.090,47.470,45.0,618,0
1942.84,cool,wait,1.162,0.388,0.000,6.090,47.470,45.0,653,0
1943.34,cool,wait,0.400,0.014,0.000,6.090,47.470,45.0,958,0
1943.85,cool,wait,0.448,0.035,0.000,6.090,47.470,45.0,660,0
1944.36,cool,wait,0.305,0.010,0.000,6.090,47.470,45.0,634,0
1944.87,cool,wait,0.386,0.017,0.000,6.090,47.470,45.0,465,0
1945.37,cool,wait,0.294,0.009,0.000,6.090,47.470,45.0,642,0
1945.88,cool,wait,0.501,0.014,0.000,6.090,47.470,45.0,830,0
1946.39,cool,wait,0.433,0.025,0.000,6.090,47.470,45.0,619,0
1946.90,cool,wait,0.382,0.020,0.000,6.087,47.470,45.0,826,0
1947.40,cool,wait,0.440,0.019,0.000,6.087,47.470,45.0,885,0
1947.91,cool,wait,0.335,0.012,0.000,6.087,47.470,45.0,1106,0
1948.42,cool,wait,0.399,0.018,0.000,6.087,47.470,45.0,1260,0
1948.93,cool,wait,0.366,0.021,0.000,6.090,47.460,44.0,993,0
1949.44,cool,wait,0.344,0.012,0.000,6.090,47.460,44.0,1166,0
1949.95,cool,wait,0.326,0.011,0.000,6.090,47.460,44.0,1029,0
1950.45,cool,wait,0.360,0.014,0.000,6.090,47.460,44.0,774,0
1950.96,cool,wait,0.387,0.018,0.000,6.092,47.460,44.0,666,0
1951.47,cool,wait,0.367,0.017,0.000,6.092,47.460,44.0,575,0
1951.98,cool,wait,0.334,0.009,0.000,6.092,47.460,44.0,670,0
1952.49,cool,wait,0.993,0.312,0.000,6.092,47.460,44.0,1057,0
1952.99,cool,wait,0.710,0.039,0.000,6.090,47.460,44.0,756,0
1953.50,cool,wait,0.431,0.027,0.000,6.090,47.460,44.0,627,0
1954.01,cool,wait,0.338,0.010,0.000,6.090,47.460,43.0,627,0
1954.52,cool,wait,0.292,0.012,0.000,6.090,47.460,43.0,858,0
1955.03,cool,wait,0.415,0.019,0.000,6.090,47.460,43.0,801,0
1955.53,cool,wait,0.372,0.017,0.000,6.090,47.460,43.0,735,0
1956.04,cool,wait,0.293,0.009,0.000,6.094,47.460,43.0,678,0
1956.55,cool,wait,0.375,0.020,0.000,6.094,47.460,43.0,783,0
1957.06,cool,wait,0.399,0.020,0.000,6.094,47.460,43.0,652,0
1957.57,cool,wait,0.321,0.016,0.000,6.094,47.460,43.0,815,0
1958.08,cool,wait,0.331,0.011,0.000,6.094,47.450,43.0,575,0
1958.58,cool,wait,0.572,0.025,0.000,6.094,47.450,43.0,633,0
1959.09,cool,wait,0.372,0.016,0.000,6.094,47.450,43.0,662,0
1959.60,cool,wait,0.453,0.017,0.000,6.094,47.450,43.0,648,0
1960.11,cool,wait,0.337,0.012,0.000,6.093,47.450,43.0,643,0
1960.61,cool,wait,0.317,0.013,0.000,6.093,47.450,43.0,610,0
1961.12,cool,wait,0.471,0.018,0.000,6.093,47.450,43.0,570,0
1961.63,cool,wait,0.322,0.014,0.000,6.093,47.450,43.0,583,0
1962.14,cool,wait,0.290,0.008,0.000,6.095,47.450,42.0,643,0
1962.64,cool,wait,1.011,0.339,0.000,6.095,47.450,42.0,761,0
1963.15,cool,wait,0.469,0.019,0.000,6.095,47.450,43.0,659,0
1963.66,cool,wait,0.469,0.012,0.000,6.095,47.450,43.0,724,0
1964.17,cool,wait,0.587,0.013,0.000,6.086,47.450,43.0,789,0
1964.67,cool,wait,0.426,0.015,0.000,6.086,47.450,43.0,797,0
1965.19,cool,wait,0.427,0.017,0.000,6.086,47.450,42.0,886,0
1965.69,cool,wait,0.316,0.012,0.000,6.086,47.450,42.0,927,0
1966.20,cool,wait,0.375,0.008,0.000,6.086,47.450,42.0,958,0
1966.71,cool,wait,0.473,0.025,0.000,6.086,47.450,42.0,1295,0
1967.22,cool,wait,0.416,0.020,0.000,6.090,47.440,42.0,1010,0
1967.72,cool,wait,0.336,0.016,0.000,6.090,47.440,42.0,883,0
1968.23,cool,wait,0.302,0.007,0.000,6.090,47.440,42.0,641,0
1968.74,cool,wait,0.516,0.030,0.000,6.090,47.440,42.0,840,0
1969.25,cool,wait,0.365,0.017,0.000,6.095,47.440,42.0,650,0
1969.76,cool,wait,0.496,0.015,0.000,6.095,47.440,42.0,596,0
1970.26,cool,wait,0.333,0.011,0.000,6.095,47.440,42.0,659,0
1970.77,cool,wait,0.390,0.021,0.000,6.095,47.440,42.0,649,0
1971.28,cool,wait,0.373,0.013,0.000,6.096,47.440,42.0,670,0
1971.79,cool,wait,0.345,0.016,0.000,6.096,47.440,42.0,1188,0
1972.30,cool,wait,0.304,0.011,0.000,6.096,47.440,42.0,651,0
1972.80,cool,wait,1.121,0.345,0.000,6.096,47.440,42.0,744,0
1973.31,cool,wait,0.743,0.007,0.000,6.092,47.440,42.0,678,0
1973.82,cool,wait,0.413,0.031,0.000,6.092,47.440,42.0,694,0
1974.33,cool,wait,0.299,0.008,0.000,6.092,47.440,42.0,663,0
1974.83,cool,wait,0.470,0.034,0.000,6.092,47.440,42.0,895,0
1975.34,cool,wait,0.522,0.026,0.000,6.096,47.430,42.0,661,0
1975.85,cool,wait,0.434,0.022,0.000,6.096,47.430,42.0,912,0
1976.36,cool,wait,0.421,0.012,0.000,6.096,47.430,42.0,677,0
1976.87,cool,wait,0.473,0.030,0.000,6.096,47.430,42.0,672,0
1977.38,cool,wait,0.341,0.011,0.000,6.096,47.430,41.0,668,0
1977.88,cool,wait,0.335,0.014,0.000,6.096,47.430,41.0,603,0
1978.39,cool,wait,0.376,0.017,0.000,6.094,47.430,41.0,712,0
1978.90,cool,wait,0.509,0.033,0.000,6.094,47.430,41.0,1072,0
1979.41,cool,wait,0.463,0.037,0.000,6.094,47.430,41.0,1140,0
1979.91,cool,wait,0.337,0.014,0.000,6.094,47.430,41.0,1064,0
1980.42,cool,wait,0.308,0.010,0.000,6.096,47.430,41.0,1145,0
1980.93,cool,wait,0.563,0.031,0.000,6.096,47.430,41.0,1098,0
1981.44,cool,wait,0.320,0.010,0.000,6.096,47.430,41.0,824,0
1981.95,cool,wait,0.352,0.016,0.000,6.096,47.430,41.0,873,0
1982.46,cool,wait,0.912,0.292,0.000,6.096,47.430,42.0,1308,0
1982.96,cool,wait,0.763,0.146,0.000,6.096,47.430,42.0,620,0
1983.47,cool,wait,1.303,0.308,0.002,6.096,47.430,41.0,681,0
1983.98,cool,wait,0.381,0.017,0.000,6.096,47.430,41.0,570,0
1984.49,cool,wait,0.662,0.097,0.000,6.094,47.430,41.0,631,0
1984.99,cool,wait,0.629,0.029,0.000,6.094,47.430,41.0,590,0
1985.50,cool,wait,0.414,0.022,0.000,6.094,47.430,41.0,663,0
1986.01,cool,wait,0.341,0.013,0.000,6.094,47.430,41.0,692,0
1986.52,cool,wait,0.478,0.021,0.000,6.096,47.420,40.0,1156,0
1987.02,cool,wait,0.431,0.038,0.001,6.096,47.420,40.0,632,0
1987.53,cool,wait,0.517,0.043,0.003,6.096,47.420,40.0,882,0
1988.04,cool,wait,0.475,0.029,0.001,6.096,47.420,40.0,987,0
1988.55,cool,wait,0.442,0.018,0.000,6.096,47.420,40.0,1077,0
1989.06,cool,wait,0.401,0.020,0.000,6.096,47.420,40.0,671,0
1989.57,cool,wait,0.751,0.059,0.001,6.096,47.420,41.0,1231,0
1990.07,cool,wait,0.415,0.021,0.001,6.096,47.420,41.0,660,0
1990.58,cool,wait,0.530,0.050,0.001,6.096,47.420,40.0,642,0
1991.09,cool,wait,0.612,0.039,0.000,6.096,47.420,40.0,997,0
1991.60,cool,wait,0.397,0.022,0.000,6.095,47.420,40.0,651,0
1992.10,cool,wait,0.388,0.020,0.000,6.095,47.420,40.0,654,0
1992.61,cool,wait,1.028,0.353,0.000,6.095,47.420,40.0,888,0
1993.12,cool,wait,0.647,0.123,0.000,6.095,47.420,40.0,963,0
1993.63,12/12(12/12),idle,1.164,0.402,0.001,6.093,47.420,40.0,574,0
1994.13,12/12(12/12),idle,0.397,0.021,0.003,6.093,47.420,40.0,651,0
1994.64,12/12(12/12),idle,0.530,0.028,0.002,6.093,47.420,40.0,937,0
1995.15,12/12(12/12),idle,0.456,0.031,0.000,6.093,47.420,40.0,783,0
1995.66,12/12(12/12),idle,0.714,0.102,0.002,6.094,47.410,40.0,885,0
1996.17,12/12(12/12),idle,0.397,0.022,0.001,6.094,47.410,40.0,589,0
1996.68,12/12(12/12),idle,0.608,0.030,0.001,6.094,47.410,40.0,976,0
1997.18,12/12(12/12),idle,0.488,0.042,0.000,6.094,47.410,40.0,995,0
1997.69,12/12(12/12),idle,0.410,0.028,0.000,6.094,47.410,40.0,1325,0
1998.20,12/12(12/12),idle,0.317,0.010,0.000,6.094,47.410,40.0,654,0
1998.71,12/12(12/12),idle,0.570,0.051,0.000,6.094,47.410,40.0,670,0
1999.21,12/12(12/12),idle,0.320,0.011,0.000,6.094,47.410,40.0,552,0
1999.72,12/12(12/12),idle,0.573,0.030,0.000,6.094,47.410,40.0,658,0
2000.23,12/12(12/12),idle,0.338,0.013,0.000,6.094,47.410,40.0,571,0
2000.74,12/12(12/12),idle,0.542,0.027,0.000,6.096,47.410,40.0,679,0
2001.25,12/12(12/12),idle,0.322,0.012,0.000,6.096,47.410,40.0,580,0
2001.76,12/12(12/12),idle,0.526,0.026,0.000,6.096,47.410,40.0,580,0
2002.26,12/12(12/12),idle,0.314,0.010,0.000,6.096,47.410,40.0,598,0
2002.77,12/12(12/12),idle,1.184,0.395,0.000,6.096,47.410,40.0,638,0
2003.28,12/12(12/12),idle,0.312,0.009,0.000,6.096,47.410,40.0,1122,0
2003.79,12/12(12/12),idle,0.528,0.058,0.000,6.096,47.410,39.0,674,0
2004.29,12/12(12/12),idle,0.353,0.027,0.000,6.096,47.410,39.0,1221,0
2004.80,12/12(12/12),idle,0.579,0.018,0.000,6.097,47.400,39.0,557,0
2005.31,12/12(12/12),idle,0.391,0.042,0.000,6.097,47.400,39.0,639,0
2005.82,12/12(12/12),idle,0.395,0.018,0.000,6.097,47.400,39.0,659,0
2006.32,12/12(12/12),idle,0.322,0.020,0.000,6.097,47.400,39.0,654,0
2006.83,12/12(12/12),idle,0.373,0.014,0.000,6.097,47.400,39.0,682,0
2007.34,12/12(12/12),idle,0.533,0.024,0.000,6.097,47.400,39.0,631,0
2007.85,12/12(12/12),idle,0.508,0.012,0.000,6.097,47.400,39.0,648,0
2008.36,12/12(12/12),idle,1.653,0.664,0.000,6.097,47.400,39.0,908,0
2008.87,12/12(12/12),pdf_render,2.032,0.985,0.000,6.083,47.400,40.0,896,0
2009.38,12/12(12/12),pdf_render,1.750,0.827,0.000,6.083,47.400,40.0,797,0
2009.88,12/12(12/12),pdf_render,1.712,0.792,0.000,6.083,47.400,41.0,949,0
2010.39,12/12(12/12),pdf_render,1.806,0.889,0.000,6.083,47.400,41.0,1064,0
2010.90,12/12(12/12),pdf_render,1.770,0.851,0.000,6.083,47.400,41.0,1010,0
2011.40,12/12(12/12),pdf_render,1.746,0.831,0.000,6.083,47.400,41.0,1104,0
2011.91,12/12(12/12),pdf_render,1.756,0.837,0.000,6.087,47.400,41.0,956,0
2012.42,12/12(12/12),pdf_render,2.053,1.043,0.000,6.087,47.400,41.0,1545,0
2012.93,12/12(12/12),pdf_render,1.966,0.879,0.000,6.087,47.400,41.0,937,0
2013.43,12/12(12/12),pdf_render,2.107,1.195,0.000,6.087,47.400,41.0,942,0
2013.94,12/12(12/12),pdf_render,1.817,0.899,0.000,6.087,47.390,41.0,1284,0
2014.45,12/12(12/12),pdf_render,1.819,0.884,0.000,6.087,47.390,41.0,684,0
2014.96,12/12(12/12),pdf_render,1.842,0.908,0.000,6.087,47.390,41.0,921,0
2015.47,12/12(12/12),pdf_render,1.727,0.813,0.000,6.087,47.390,41.0,1020,0
2015.98,12/12(12/12),pdf_render,1.888,0.980,0.000,6.087,47.390,41.0,944,0
2016.49,12/12(12/12),pdf_render,1.781,0.875,0.000,6.087,47.390,41.0,1134,0
2017.00,12/12(12/12),pdf_render,1.768,0.865,0.000,6.087,47.390,41.0,959,0
2017.51,12/12(12/12),pdf_render,1.894,0.984,0.000,6.087,47.390,41.0,967,0
2018.02,12/12(12/12),pdf_render,1.783,0.870,0.000,6.087,47.390,41.0,962,0
2018.53,12/12(12/12),pdf_render,1.861,0.856,0.000,6.087,47.390,41.0,940,0
2019.04,12/12(12/12),pdf_render,1.733,0.835,0.000,6.087,47.390,42.0,946,0
2019.55,12/12(12/12),pdf_render,1.798,0.890,0.000,6.087,47.390,42.0,946,0
2020.06,12/12(12/12),pdf_render,1.784,0.870,0.000,6.086,47.380,41.0,929,0
2020.56,12/12(12/12),pdf_render,1.739,0.833,0.000,6.086,47.380,41.0,962,0
2021.08,12/12(12/12),pdf_render,1.793,0.877,0.000,6.086,47.380,41.0,1322,0
2021.58,12/12(12/12),pdf_render,1.802,0.878,0.000,6.086,47.380,41.0,930,0
2022.09,12/12(12/12),pdf_render,1.760,0.854,0.000,6.086,47.380,41.0,939,0
2022.60,12/12(12/12),pdf_render,2.163,1.105,0.000,6.086,47.380,41.0,911,0
2023.11,12/12(12/12),pdf_render,1.038,0.368,0.000,6.086,47.380,39.0,1107,0
2023.62,12/12(12/12),gap,0.900,0.298,0.000,6.086,47.380,39.0,1006,0
2024.13,12/12(12/12),gap,0.554,0.013,0.000,6.086,47.380,39.0,648,0
2024.64,12/12(12/12),gap,0.337,0.013,0.000,6.086,47.380,39.0,901,0
2025.15,12/12(12/12),gap,0.380,0.014,0.000,6.093,47.380,39.0,1146,0
2025.66,12/12(12/12),gap,0.303,0.009,0.000,6.093,47.380,39.0,900,0
2026.17,12/12(12/12),gap,0.316,0.010,0.000,6.093,47.380,39.0,891,0
2026.68,12/12(12/12),gap,0.366,0.013,0.000,6.093,47.380,39.0,929,0
2027.19,12/12(12/12),gap,1.488,0.620,0.000,6.094,47.370,41.0,944,0
2027.70,12/12(12/12),pdf_render,1.854,0.883,0.000,6.094,47.370,41.0,913,0
2028.21,12/12(12/12),pdf_render,1.776,0.770,0.000,6.094,47.370,41.0,738,0
2028.72,12/12(12/12),pdf_render,1.627,0.720,0.000,6.094,47.370,41.0,932,0
2029.23,12/12(12/12),pdf_render,1.646,0.731,0.000,6.087,47.370,41.0,721,0
2029.73,12/12(12/12),pdf_render,1.788,0.806,0.000,6.087,47.370,41.0,763,0
2030.24,12/12(12/12),pdf_render,1.721,0.808,0.000,6.087,47.370,41.0,741,0
2030.75,12/12(12/12),pdf_render,1.690,0.782,0.000,6.087,47.370,41.0,751,0
2031.26,12/12(12/12),pdf_render,1.675,0.764,0.000,6.085,47.370,41.0,752,0
2031.76,12/12(12/12),pdf_render,1.737,0.826,0.000,6.085,47.370,41.0,743,0
2032.27,12/12(12/12),pdf_render,1.833,0.812,0.000,6.085,47.370,41.0,735,0
2032.77,12/12(12/12),pdf_render,2.286,1.210,0.000,6.085,47.370,41.0,721,0
2033.28,12/12(12/12),pdf_render,1.796,0.870,0.000,6.085,47.370,43.0,741,0
2033.79,12/12(12/12),pdf_render,1.736,0.807,0.000,6.085,47.370,43.0,749,0
2034.30,12/12(12/12),pdf_render,1.789,0.849,0.000,6.085,47.370,41.0,736,0
2034.80,12/12(12/12),pdf_render,1.737,0.781,0.000,6.085,47.370,41.0,708,0
2035.31,12/12(12/12),pdf_render,2.010,0.983,0.000,6.085,47.370,42.0,746,0
2035.82,12/12(12/12),pdf_render,1.719,0.801,0.000,6.085,47.370,42.0,741,0
2036.33,12/12(12/12),pdf_render,1.836,0.892,0.000,6.084,47.360,42.0,779,0
2036.83,12/12(12/12),pdf_render,1.821,0.898,0.000,6.084,47.360,42.0,703,0
2037.34,12/12(12/12),pdf_render,1.699,0.780,0.000,6.084,47.360,41.0,720,0
2037.85,12/12(12/12),pdf_render,1.684,0.773,0.000,6.084,47.360,41.0,740,0
2038.36,12/12(12/12),pdf_render,1.852,0.824,0.000,6.087,47.360,41.0,1003,0
2038.87,12/12(12/12),pdf_render,1.755,0.786,0.000,6.087,47.360,41.0,856,0
2039.37,12/12(12/12),pdf_render,1.663,0.754,0.000,6.087,47.360,41.0,818,0
2039.88,12/12(12/12),pdf_render,1.675,0.766,0.000,6.087,47.360,41.0,881,0
2040.39,12/12(12/12),pdf_render,1.732,0.815,0.000,6.086,47.350,42.0,748,0
2040.89,12/12(12/12),pdf_render,1.727,0.776,0.000,6.086,47.350,42.0,899,0
2041.40,12/12(12/12),pdf_render,1.683,0.765,0.000,6.086,47.350,41.0,754,0
2041.91,12/12(12/12),pdf_render,1.727,0.803,0.000,6.086,47.350,41.0,763,0
2042.42,12/12(12/12),pdf_render,1.493,0.589,0.000,6.084,47.350,40.0,1474,0
2042.92,12/12(12/12),gap,1.331,0.487,0.000,6.084,47.350,40.0,713,0
2043.43,12/12(12/12),gap,0.333,0.010,0.000,6.084,47.350,39.0,678,0
2043.94,12/12(12/12),gap,0.339,0.012,0.000,6.084,47.350,39.0,810,0
2044.45,12/12(12/12),gap,0.351,0.014,0.000,6.095,47.350,39.0,682,0
2044.96,12/12(12/12),gap,0.449,0.023,0.000,6.095,47.350,39.0,773,0
2045.48,12/12(12/12),gap,0.985,0.301,0.001,6.095,47.350,39.0,722,0
2045.98,12/12(12/12),gap,0.328,0.014,0.000,6.095,47.350,39.0,659,0
2046.50,12/12(12/12),gap,1.694,0.627,0.003,6.095,47.350,41.0,1121,0
2047.00,12/12(12/12),office,2.228,1.013,0.001,6.095,47.350,41.0,1021,0
2047.51,12/12(12/12),office,2.093,0.940,0.001,6.087,47.350,40.0,840,0
2048.02,12/12(12/12),office,2.286,1.087,0.002,6.087,47.350,40.0,1055,0
2048.53,12/12(12/12),office,2.311,1.196,0.000,6.087,47.350,40.0,906,0
2049.04,12/12(12/12),office,1.367,0.462,0.000,6.087,47.350,40.0,770,0
2049.55,12/12(12/12),gap,0.687,0.212,0.000,6.082,47.340,39.0,700,0
2050.06,12/12(12/12),gap,0.391,0.020,0.000,6.082,47.340,39.0,856,0
2050.57,12/12(12/12),gap,0.320,0.012,0.000,6.082,47.340,39.0,1064,0
2051.08,12/12(12/12),gap,0.397,0.018,0.000,6.082,47.340,39.0,794,0
2051.59,12/12(12/12),gap,0.475,0.023,0.000,6.096,47.340,39.0,1102,0
2052.10,12/12(12/12),gap,0.369,0.019,0.000,6.096,47.340,39.0,679,0
2052.61,12/12(12/12),gap,1.058,0.361,0.000,6.096,47.340,39.0,675,0
2053.12,12/12(12/12),gap,2.151,0.922,0.000,6.096,47.340,39.0,661,0
2053.63,12/12(12/12),office,1.995,0.832,0.000,6.083,47.340,39.0,910,0
2054.13,12/12(12/12),office,2.170,0.977,0.000,6.083,47.340,39.0,875,0
2054.65,12/12(12/12),office,2.285,1.141,0.000,6.083,47.340,40.0,1181,0
2055.15,12/12(12/12),office,2.415,1.131,0.000,6.083,47.340,40.0,1066,0
2055.66,12/12(12/12),office,0.503,0.051,0.000,6.091,47.330,39.0,1129,0
2056.17,12/12(12/12),gap,0.907,0.287,0.000,6.091,47.330,39.0,651,0
2056.68,12/12(12/12),gap,0.345,0.014,0.000,6.091,47.330,39.0,861,0
2057.19,12/12(12/12),gap,0.568,0.045,0.000,6.091,47.330,39.0,907,0
2057.70,12/12(12/12),gap,0.359,0.024,0.000,6.091,47.330,39.0,782,0
2058.21,12/12(12/12),gap,0.418,0.013,0.000,6.091,47.330,39.0,891,0
2058.72,12/12(12/12),gap,0.371,0.011,0.000,6.094,47.330,38.0,700,0
2059.23,12/12(12/12),gap,0.469,0.061,0.001,6.094,47.330,38.0,1423,0
2059.74,12/12(12/12),python,2.641,1.399,0.000,6.094,47.330,41.0,1050,0
2060.25,12/12(12/12),python,2.809,1.441,0.000,6.094,47.330,41.0,765,0
2060.76,12/12(12/12),python,2.658,1.347,0.000,6.076,47.330,40.0,700,0
2061.26,12/12(12/12),python,1.885,0.578,0.000,6.076,47.330,40.0,844,0
2061.77,12/12(12/12),python,2.497,0.665,0.001,6.076,47.330,39.0,670,0
2062.28,12/12(12/12),python,1.144,0.312,0.000,6.076,47.330,39.0,697,0
2062.79,12/12(12/12),gap,1.397,0.494,0.000,6.090,47.330,39.0,915,0
2063.30,12/12(12/12),gap,0.381,0.020,0.001,6.090,47.330,39.0,640,0
2063.81,12/12(12/12),gap,0.422,0.031,0.000,6.090,47.330,38.0,698,0
2064.32,12/12(12/12),gap,0.383,0.020,0.000,6.090,47.330,38.0,613,0
2064.83,12/12(12/12),gap,0.437,0.031,0.000,6.096,47.320,38.0,864,0
2065.34,12/12(12/12),gap,0.399,0.027,0.000,6.096,47.320,38.0,1186,0
2065.85,12/12(12/12),gap,0.487,0.017,0.000,6.096,47.320,39.0,992,0
2066.36,12/12(12/12),gap,2.363,1.215,0.000,6.096,47.320,39.0,1175,0
2066.87,12/12(12/12),python,2.922,1.523,0.000,6.076,47.320,41.0,911,0
2067.37,12/12(12/12),python,2.787,1.471,0.000,6.076,47.320,41.0,862,0
2067.89,12/12(12/12),python,1.926,0.634,0.000,6.076,47.320,39.0,699,0
2068.39,12/12(12/12),python,2.394,0.683,0.000,6.076,47.320,39.0,670,0
2068.91,12/12(12/12),python,1.464,0.293,0.000,6.076,47.320,41.0,694,0
2069.41,12/12(12/12),gap,0.955,0.319,0.000,6.076,47.320,41.0,1017,0
2069.92,12/12(12/12),gap,0.395,0.015,0.000,6.088,47.320,38.0,621,0
2070.43,12/12(12/12),gap,0.350,0.021,0.000,6.088,47.320,38.0,728,0
2070.94,12/12(12/12),gap,0.360,0.012,0.000,6.088,47.320,38.0,906,0
2071.45,12/12(12/12),gap,0.369,0.015,0.000,6.088,47.320,38.0,839,0
2071.96,12/12(12/12),gap,0.302,0.007,0.000,6.093,47.310,38.0,665,0
2072.47,12/12(12/12),gap,0.991,0.332,0.000,6.093,47.310,38.0,1735,0
2072.98,12/12(12/12),gap,7.131,3.076,0.001,6.093,47.310,43.0,1790,0
2073.49,12/12(12/12),compress,12.541,5.743,0.001,6.093,47.310,43.0,1479,0
2074.00,12/12(12/12),compress,11.971,5.251,0.000,6.010,47.310,43.0,1607,0
2074.51,12/12(12/12),compress,11.966,5.147,0.000,6.010,47.310,43.0,1482,0
2075.01,12/12(12/12),compress,11.969,5.173,0.000,6.010,47.310,44.0,1426,0
2075.52,12/12(12/12),compress,11.857,4.923,0.001,6.010,47.310,44.0,1362,0
2076.03,12/12(12/12),compress,10.182,3.910,0.002,6.012,47.300,44.0,1229,0
2076.53,12/12(12/12),compress,5.924,2.082,0.000,6.012,47.300,44.0,1592,0
2077.04,12/12(12/12),gap,0.801,0.161,0.000,6.012,47.300,40.0,771,0
2077.55,12/12(12/12),gap,0.841,0.192,0.000,6.012,47.300,40.0,660,0
2078.06,12/12(12/12),gap,0.333,0.014,0.000,6.089,47.290,40.0,1120,0
2078.57,12/12(12/12),gap,0.498,0.022,0.000,6.089,47.290,40.0,688,0
2079.08,12/12(12/12),gap,0.332,0.014,0.000,6.089,47.290,39.0,681,0
2079.59,12/12(12/12),gap,0.777,0.078,0.000,6.089,47.290,39.0,694,0
2080.10,12/12(12/12),gap,0.479,0.018,0.000,6.089,47.290,39.0,1260,0
2080.61,12/12(12/12),gap,0.802,0.138,0.000,6.089,47.290,39.0,1272,0
2081.12,12/12(12/12),compress,10.543,4.374,0.000,6.090,47.290,43.0,1521,0
2081.63,12/12(12/12),compress,12.288,5.124,0.000,6.090,47.290,43.0,1448,0
2082.13,12/12(12/12),compress,12.440,5.251,0.000,6.090,47.290,45.0,1486,0
2082.64,12/12(12/12),compress,11.973,4.991,0.000,6.090,47.290,45.0,1450,0
2083.15,12/12(12/12),compress,11.965,5.123,0.000,6.011,47.280,45.0,1440,0
2083.66,12/12(12/12),compress,11.741,4.777,0.000,6.011,47.280,45.0,1543,0
2084.16,12/12(12/12),compress,9.472,3.542,0.000,6.011,47.280,45.0,1082,0
2084.67,12/12(12/12),compress,4.846,1.672,0.000,6.011,47.280,45.0,685,0
2085.18,12/12(12/12),gap,1.381,0.299,0.000,6.046,47.270,41.0,1429,0
2085.68,12/12(12/12),gap,0.469,0.024,0.000,6.046,47.270,41.0,675,0
2086.20,12/12(12/12),gap,0.351,0.012,0.000,6.046,47.270,41.0,1002,0
2086.70,12/12(12/12),gap,0.358,0.023,0.000,6.046,47.270,41.0,848,0
2087.21,12/12(12/12),gap,0.404,0.021,0.000,6.090,47.270,40.0,666,0
2087.72,12/12(12/12),gap,0.397,0.030,0.000,6.090,47.270,40.0,756,0
2088.24,12/12(12/12),gap,0.373,0.010,0.000,6.090,47.270,40.0,693,0
2088.74,12/12(12/12),gap,1.316,0.378,0.000,6.090,47.270,40.0,1850,0
2089.26,12/12(12/12),sustained40s,12.692,5.676,0.001,6.080,47.270,45.0,1681,0
2089.76,12/12(12/12),sustained40s,11.973,5.266,0.000,6.080,47.270,45.0,1429,0
2090.27,12/12(12/12),sustained40s,11.968,5.007,0.000,6.080,47.270,45.0,1490,0
2090.78,12/12(12/12),sustained40s,11.981,5.315,0.001,6.080,47.270,45.0,1646,0
2091.29,12/12(12/12),sustained40s,11.955,5.071,0.001,6.080,47.270,46.0,1471,0
2091.79,12/12(12/12),sustained40s,11.009,4.299,0.000,6.080,47.270,46.0,1148,0
2092.30,12/12(12/12),sustained40s,9.063,3.329,0.000,6.009,47.260,44.0,1796,0
2092.80,12/12(12/12),sustained40s,7.789,3.190,0.000,6.009,47.260,44.0,1734,0
2093.31,12/12(12/12),sustained40s,12.531,5.770,0.000,6.009,47.260,46.0,1582,0
2093.82,12/12(12/12),sustained40s,11.966,5.093,0.000,6.009,47.260,46.0,1452,0
2094.33,12/12(12/12),sustained40s,11.971,5.164,0.000,6.006,47.250,46.0,1483,0
2094.84,12/12(12/12),sustained40s,11.963,5.205,0.000,6.006,47.250,46.0,1473,0
2095.34,12/12(12/12),sustained40s,11.928,4.889,0.000,6.006,47.250,47.0,1520,0
2095.85,12/12(12/12),sustained40s,10.458,3.958,0.000,6.006,47.250,47.0,1069,0
2096.36,12/12(12/12),sustained40s,7.579,2.575,0.000,6.009,47.240,46.0,975,0
2096.86,12/12(12/12),sustained40s,10.667,4.735,0.000,6.009,47.240,46.0,1695,0
2097.37,12/12(12/12),sustained40s,11.962,5.449,0.000,6.009,47.240,48.0,1543,0
2097.88,12/12(12/12),sustained40s,11.971,5.195,0.000,6.009,47.240,48.0,1542,0
2098.39,12/12(12/12),sustained40s,11.979,5.287,0.000,6.004,47.230,48.0,1628,0
2098.90,12/12(12/12),sustained40s,11.953,4.958,0.000,6.004,47.230,48.0,1639,0
2099.40,12/12(12/12),sustained40s,11.713,4.672,0.000,6.004,47.230,48.0,1671,0
2099.91,12/12(12/12),sustained40s,9.560,3.554,0.000,6.004,47.230,48.0,1196,0
2100.42,12/12(12/12),sustained40s,7.102,2.585,0.000,6.028,47.220,48.0,1876,0
2100.92,12/12(12/12),sustained40s,12.791,5.799,0.000,6.028,47.220,48.0,1600,0
2101.43,12/12(12/12),sustained40s,11.962,5.315,0.000,6.028,47.220,49.0,1632,0
2101.93,12/12(12/12),sustained40s,11.969,5.072,0.000,6.028,47.220,49.0,1500,0
2102.44,12/12(12/12),sustained40s,11.972,5.143,0.000,6.028,47.220,49.0,1471,0
2102.95,12/12(12/12),sustained40s,11.970,5.272,0.000,6.028,47.220,49.0,1483,0
2103.46,12/12(12/12),sustained40s,11.709,4.800,0.000,6.002,47.210,49.0,1174,0
2103.97,12/12(12/12),sustained40s,7.313,2.688,0.000,6.002,47.210,49.0,1909,0
2104.47,12/12(12/12),sustained40s,12.765,5.665,0.000,6.002,47.210,49.0,1587,0
2104.98,12/12(12/12),sustained40s,11.974,5.265,0.000,6.002,47.210,49.0,1536,0
2105.49,12/12(12/12),sustained40s,11.959,5.149,0.000,5.995,47.200,49.0,1515,0
2106.00,12/12(12/12),sustained40s,11.970,5.299,0.000,5.995,47.200,49.0,1489,0
2106.51,12/12(12/12),sustained40s,11.966,5.135,0.000,5.995,47.200,49.0,1560,0
2107.01,12/12(12/12),sustained40s,11.598,4.628,0.000,5.995,47.200,49.0,1162,0
2107.52,12/12(12/12),sustained40s,9.191,3.346,0.000,5.999,47.190,48.0,1422,0
2108.02,12/12(12/12),sustained40s,7.839,3.264,0.000,5.999,47.190,48.0,1774,0
2108.53,12/12(12/12),sustained40s,12.444,5.798,0.000,5.999,47.190,50.0,1575,0
2109.04,12/12(12/12),sustained40s,11.977,5.225,0.000,5.999,47.190,50.0,1487,0
2109.55,12/12(12/12),sustained40s,11.956,5.035,0.000,5.997,47.170,50.0,1538,0
2110.05,12/12(12/12),sustained40s,11.967,5.235,0.000,5.997,47.170,50.0,1482,0
2110.56,12/12(12/12),sustained40s,11.974,5.099,0.000,5.997,47.170,51.0,1539,0
2111.07,12/12(12/12),sustained40s,9.855,3.700,0.000,5.997,47.170,51.0,700,0
2111.58,12/12(12/12),sustained40s,6.436,2.084,0.000,6.027,47.160,47.0,1438,0
2112.08,12/12(12/12),sustained40s,10.746,4.857,0.000,6.027,47.160,47.0,1674,0
2112.59,12/12(12/12),sustained40s,11.974,5.446,0.000,6.027,47.160,51.0,1525,0
2113.10,12/12(12/12),sustained40s,11.975,5.195,0.000,6.027,47.160,51.0,1475,0
2113.61,12/12(12/12),sustained40s,11.964,5.137,0.000,6.027,47.160,51.0,1490,0
2114.11,12/12(12/12),sustained40s,11.963,5.188,0.002,6.027,47.160,51.0,1491,0
2114.62,12/12(12/12),sustained40s,11.931,5.078,0.006,5.996,47.160,51.0,1486,0
2115.13,12/12(12/12),sustained40s,9.062,3.288,0.004,5.996,47.160,51.0,971,0
2115.64,12/12(12/12),sustained40s,4.076,1.479,0.000,5.996,47.160,47.0,1469,0
2116.14,12/12(12/12),sustained40s,11.768,5.239,0.000,5.996,47.160,47.0,1636,0
2116.65,12/12(12/12),sustained40s,11.964,5.461,0.000,6.059,47.150,51.0,1586,0
2117.16,12/12(12/12),sustained40s,11.986,5.148,0.000,6.059,47.150,51.0,1523,0
2117.67,12/12(12/12),sustained40s,11.962,5.144,0.000,6.059,47.150,52.0,1483,0
2118.17,12/12(12/12),sustained40s,11.963,5.168,0.000,6.059,47.150,52.0,1487,0
2118.68,12/12(12/12),sustained40s,11.854,4.802,0.000,5.996,47.140,52.0,1589,0
2119.19,12/12(12/12),sustained40s,10.009,3.738,0.000,5.996,47.140,52.0,828,0
2119.69,12/12(12/12),sustained40s,9.536,3.886,0.000,5.996,47.140,52.0,1724,0
2120.20,12/12(12/12),sustained40s,12.173,5.686,0.000,5.996,47.140,52.0,1542,0
2120.71,12/12(12/12),sustained40s,11.956,5.295,0.000,5.994,47.120,52.0,1524,0
2121.22,12/12(12/12),sustained40s,11.973,5.439,0.000,5.994,47.120,52.0,1576,0
2121.73,12/12(12/12),sustained40s,11.961,5.290,0.000,5.994,47.120,52.0,1518,0
2122.23,12/12(12/12),sustained40s,11.935,4.865,0.000,5.994,47.120,52.0,1584,0
2122.74,12/12(12/12),sustained40s,9.874,3.756,0.000,5.996,47.110,50.0,1045,0
2123.24,12/12(12/12),sustained40s,5.462,1.829,0.000,5.996,47.110,50.0,1817,0
2123.75,12/12(12/12),sustained40s,12.881,6.091,0.000,5.996,47.110,52.0,1685,0
2124.26,12/12(12/12),sustained40s,11.970,5.392,0.000,5.996,47.110,52.0,1535,0
2124.77,12/12(12/12),sustained40s,11.962,5.189,0.000,5.994,47.110,52.0,1462,0
2125.27,12/12(12/12),sustained40s,11.965,5.192,0.000,5.994,47.110,52.0,1489,0
2125.78,12/12(12/12),sustained40s,11.983,5.209,0.000,5.994,47.110,53.0,1526,0
2126.29,12/12(12/12),sustained40s,11.741,4.760,0.000,5.994,47.110,53.0,1155,0
2126.80,12/12(12/12),sustained40s,8.564,3.107,0.000,5.994,47.110,51.0,926,0
2127.30,12/12(12/12),sustained40s,7.695,3.195,0.000,5.994,47.110,51.0,1840,0
2127.81,12/12(12/12),sustained40s,12.536,5.757,0.000,6.021,47.100,53.0,1522,0
2128.32,12/12(12/12),sustained40s,11.963,5.245,0.000,6.021,47.100,53.0,1509,0
2128.83,12/12(12/12),sustained40s,11.976,5.228,0.000,6.021,47.100,53.0,1622,0
2129.33,12/12(12/12),sustained40s,11.966,5.261,0.000,6.021,47.100,53.0,1359,0
2129.84,12/12(12/12),sustained40s,11.961,5.004,0.000,5.992,47.080,54.0,1645,0
2130.35,12/12(12/12),sustained40s,10.881,4.189,0.000,5.992,47.080,54.0,1160,0
2130.85,12/12(12/12),sustained40s,5.140,1.803,0.000,5.992,47.080,50.0,1362,0
2131.36,12/12(12/12),sustained40s,0.856,0.144,0.004,5.992,47.080,50.0,695,0
2131.87,12/12(12/12),end,1.190,0.321,0.002,6.067,47.070,49.0,693,0
2132.38,12/12(12/12),end,0.738,0.145,0.001,6.067,47.070,49.0,1322,0
2132.89,12/12(12/12),end,0.948,0.242,0.003,6.067,47.070,48.0,770,0
2133.40,12/12(12/12),end,0.507,0.041,0.000,6.067,47.070,48.0,781,0
2133.91,12/12(12/12),end,0.424,0.016,0.000,6.073,47.070,48.0,863,0
2134.42,12/12(12/12),end,0.703,0.103,0.002,6.073,47.070,48.0,755,0
2134.93,12/12(12/12),end,0.616,0.026,0.000,6.073,47.070,48.0,879,0
2135.43,12/12(12/12),end,0.730,0.101,0.000,6.073,47.070,48.0,666,0
2135.95,12/12(12/12),end,0.458,0.023,0.000,6.075,47.070,48.0,846,0
2136.46,12/12(12/12),end,0.708,0.060,0.000,6.075,47.070,48.0,922,0
2136.97,12/12(12/12),end,0.491,0.039,0.000,6.075,47.070,47.0,775,0
2137.47,12/12(12/12),end,0.578,0.062,0.000,6.075,47.070,47.0,934,0
2137.99,12/12(12/12),end,0.419,0.019,0.000,6.075,47.070,47.0,1017,0
2138.50,12/12(12/12),end,0.545,0.046,0.000,6.075,47.070,47.0,1160,0
2139.01,12/12(12/12),end,0.614,0.029,0.000,6.075,47.070,47.0,844,0
2139.52,cool,wait,1.213,0.430,0.000,6.075,47.070,47.0,933,0
2140.03,cool,wait,0.482,0.024,0.000,6.075,47.070,47.0,1116,0
2140.53,cool,wait,0.860,0.161,0.000,6.075,47.070,47.0,942,0
2141.05,cool,wait,0.493,0.025,0.000,6.076,47.060,47.0,985,0
2141.55,cool,wait,0.626,0.082,0.000,6.076,47.060,47.0,643,0
2142.06,cool,wait,0.521,0.015,0.000,6.076,47.060,46.0,660,0
2142.57,cool,wait,1.227,0.389,0.000,6.076,47.060,46.0,833,0
2143.09,cool,wait,0.572,0.023,0.000,6.074,47.060,46.0,647,0
2143.60,cool,wait,0.712,0.077,0.000,6.074,47.060,46.0,688,0
2144.11,cool,wait,0.361,0.009,0.000,6.074,47.060,46.0,1012,0
2144.62,cool,wait,0.413,0.027,0.000,6.074,47.060,46.0,800,0
2145.13,cool,wait,0.425,0.021,0.000,6.081,47.060,45.0,1073,0
2145.63,cool,wait,0.868,0.032,0.000,6.081,47.060,45.0,828,0
2146.15,cool,wait,0.356,0.009,0.000,6.081,47.060,45.0,680,0
2146.65,cool,wait,0.432,0.026,0.000,6.081,47.060,45.0,668,0
2147.17,cool,wait,0.440,0.037,0.000,6.079,47.060,46.0,654,0
2147.67,cool,wait,0.490,0.037,0.000,6.079,47.060,46.0,629,0
2148.19,cool,wait,0.307,0.007,0.000,6.079,47.060,45.0,655,0
2148.69,cool,wait,0.693,0.038,0.000,6.079,47.060,45.0,758,0
2149.21,cool,wait,0.358,0.018,0.000,6.079,47.060,45.0,645,0
2149.71,cool,wait,0.431,0.028,0.000,6.079,47.060,45.0,918,0
2150.23,cool,wait,0.314,0.011,0.000,6.082,47.060,45.0,656,0
2150.74,cool,wait,0.635,0.032,0.000,6.082,47.060,45.0,583,0
2151.25,cool,wait,0.399,0.017,0.000,6.082,47.060,45.0,663,0
2151.75,cool,wait,0.442,0.028,0.000,6.082,47.060,45.0,753,0
2152.27,cool,wait,0.300,0.009,0.000,6.084,47.050,45.0,684,0
2152.78,cool,wait,1.103,0.359,0.000,6.084,47.050,45.0,994,0
2153.29,cool,wait,0.477,0.017,0.000,6.084,47.050,45.0,850,0
2153.80,cool,wait,0.418,0.041,0.000,6.084,47.050,45.0,944,0
2154.31,cool,wait,0.349,0.016,0.000,6.083,47.050,45.0,1183,0
2154.82,cool,wait,0.381,0.018,0.000,6.083,47.050,45.0,862,0
2155.33,cool,wait,0.492,0.054,0.000,6.083,47.050,44.0,910,0
2155.84,cool,wait,0.352,0.011,0.000,6.083,47.050,44.0,1264,0
2156.35,cool,wait,0.371,0.025,0.000,6.084,47.050,44.0,1010,0
2156.86,cool,wait,0.349,0.014,0.000,6.084,47.050,44.0,950,0
2157.37,cool,wait,0.467,0.050,0.000,6.084,47.050,44.0,1147,0
2157.87,cool,wait,0.329,0.015,0.000,6.084,47.050,44.0,655,0
2158.39,cool,wait,0.413,0.034,0.000,6.083,47.050,44.0,670,0
2158.89,cool,wait,0.484,0.015,0.000,6.083,47.050,44.0,675,0
2159.41,cool,wait,0.464,0.036,0.000,6.083,47.050,44.0,1030,0
2159.92,cool,wait,0.333,0.013,0.000,6.083,47.050,44.0,668,0
2160.43,cool,wait,0.403,0.030,0.000,6.083,47.050,43.0,679,0
2160.93,cool,wait,0.384,0.020,0.000,6.083,47.050,43.0,822,0
2161.45,cool,wait,0.471,0.040,0.000,6.084,47.040,44.0,963,0
2161.96,cool,wait,0.499,0.018,0.000,6.084,47.040,44.0,1021,0
2162.47,cool,wait,1.007,0.311,0.000,6.084,47.040,44.0,1496,0
2162.98,cool,wait,0.484,0.056,0.000,6.084,47.040,44.0,843,0
2163.49,cool,wait,0.491,0.044,0.000,6.076,47.040,43.0,673,0
2163.99,cool,wait,0.361,0.015,0.000,6.076,47.040,43.0,645,0
2164.51,cool,wait,0.657,0.031,0.000,6.076,47.040,43.0,656,0
2165.01,cool,wait,0.385,0.016,0.000,6.076,47.040,43.0,639,0
2165.53,cool,wait,0.491,0.036,0.000,6.083,47.040,43.0,707,0
2166.03,cool,wait,0.362,0.012,0.000,6.083,47.040,43.0,667,0
2166.54,cool,wait,0.391,0.021,0.000,6.083,47.040,43.0,774,0
2167.05,cool,wait,0.557,0.028,0.000,6.083,47.040,43.0,827,0
2167.56,cool,wait,1.159,0.263,0.005,6.084,47.040,43.0,695,0
2168.07,cool,wait,0.307,0.010,0.000,6.084,47.040,43.0,772,0
2168.58,cool,wait,0.480,0.014,0.000,6.084,47.040,43.0,661,0
2169.09,cool,wait,0.783,0.023,0.000,6.084,47.040,43.0,723,0
2169.61,cool,wait,0.736,0.016,0.000,6.082,47.030,43.0,842,0
2170.11,cool,wait,0.836,0.016,0.000,6.082,47.030,43.0,781,0
2170.63,cool,wait,0.725,0.008,0.000,6.082,47.030,43.0,850,0
2171.13,cool,wait,0.761,0.025,0.000,6.082,47.030,43.0,567,0
2171.65,cool,wait,0.770,0.012,0.000,6.084,47.030,43.0,655,0
2172.16,cool,wait,0.716,0.007,0.000,6.084,47.030,43.0,585,0
2172.67,cool,wait,1.252,0.297,0.000,6.084,47.030,43.0,589,0
2173.18,cool,wait,0.763,0.016,0.000,6.084,47.030,43.0,828,0
2173.69,cool,wait,1.550,0.475,0.002,6.084,47.030,43.0,1119,0
2174.20,cool,wait,1.987,0.664,0.000,6.084,47.030,43.0,948,0
2174.71,cool,wait,1.668,0.450,0.000,6.064,47.030,43.0,1374,0
2175.21,cool,wait,2.162,0.823,0.000,6.064,47.030,43.0,1333,0
2175.72,cool,wait,1.743,0.509,0.000,6.064,47.030,43.0,1265,0
2176.22,cool,wait,0.715,0.123,0.000,6.064,47.030,43.0,652,0
2176.73,cool,wait,0.353,0.017,0.000,6.074,47.030,42.0,874,0
2177.24,cool,wait,0.410,0.033,0.000,6.074,47.030,42.0,591,0
2177.75,cool,wait,0.512,0.038,0.002,6.074,47.030,43.0,642,0
2178.26,cool,wait,0.341,0.017,0.000,6.074,47.030,43.0,559,0
2178.77,cool,wait,0.355,0.017,0.000,6.083,47.020,42.0,680,0
2179.27,cool,wait,0.423,0.033,0.000,6.083,47.020,42.0,641,0
2179.78,cool,wait,0.395,0.021,0.000,6.083,47.020,42.0,1155,0
2180.29,cool,wait,0.342,0.013,0.000,6.083,47.020,42.0,651,0
2180.80,cool,wait,0.514,0.018,0.000,6.076,47.020,42.0,680,0
2181.30,cool,wait,0.399,0.025,0.000,6.076,47.020,42.0,535,0
2181.81,cool,wait,0.454,0.028,0.000,6.076,47.020,42.0,652,0
2182.32,cool,wait,0.346,0.015,0.000,6.076,47.020,42.0,624,0
2182.83,cool,wait,1.238,0.357,0.000,6.074,47.020,42.0,561,0
2183.34,cool,wait,0.403,0.021,0.000,6.074,47.020,42.0,1235,0
2183.85,cool,wait,0.410,0.026,0.000,6.074,47.020,42.0,669,0
2184.35,cool,wait,0.588,0.074,0.000,6.074,47.020,42.0,729,0
2184.86,cool,wait,0.463,0.024,0.000,6.074,47.020,42.0,843,0
2185.37,cool,wait,0.410,0.035,0.000,6.074,47.020,42.0,571,0
2185.88,cool,wait,0.355,0.016,0.000,6.084,47.010,42.0,667,0
2186.38,cool,wait,0.550,0.014,0.000,6.084,47.010,42.0,617,0
2186.89,cool,wait,0.372,0.015,0.000,6.084,47.010,42.0,753,0
2187.40,cool,wait,0.355,0.020,0.000,6.084,47.010,42.0,897,0
2187.91,cool,wait,0.329,0.014,0.000,6.077,47.010,42.0,649,0
2188.41,cool,wait,0.306,0.007,0.000,6.077,47.010,42.0,810,0
2188.92,cool,wait,0.337,0.015,0.000,6.077,47.010,42.0,858,0
2189.43,cool,wait,0.410,0.033,0.000,6.077,47.010,42.0,524,0
2189.94,cool,wait,0.345,0.014,0.000,6.085,47.010,41.0,647,0
2190.45,cool,wait,0.350,0.012,0.000,6.085,47.010,41.0,687,0
2190.96,cool,wait,0.318,0.015,0.000,6.085,47.010,41.0,585,0
2191.46,cool,wait,0.392,0.024,0.000,6.085,47.010,41.0,711,0
2191.97,cool,wait,0.528,0.017,0.000,6.086,47.010,41.0,666,0
2192.48,cool,wait,0.866,0.322,0.000,6.086,47.010,41.0,1308,0
2192.99,cool,wait,0.489,0.043,0.000,6.086,47.010,41.0,1060,0
2193.49,cool,wait,0.427,0.033,0.000,6.086,47.010,41.0,639,0
2194.00,cool,wait,0.416,0.024,0.000,6.086,47.000,41.0,746,0
2194.51,cool,wait,0.390,0.019,0.000,6.086,47.000,41.0,1150,0
2195.02,cool,wait,0.356,0.016,0.000,6.086,47.000,41.0,1172,0
2195.52,cool,wait,0.377,0.022,0.000,6.086,47.000,41.0,1244,0
2196.03,cool,wait,0.300,0.011,0.000,6.086,47.000,41.0,895,0
2196.54,cool,wait,0.338,0.014,0.000,6.086,47.000,41.0,796,0
2197.05,cool,wait,0.496,0.015,0.000,6.088,47.000,41.0,556,0
2197.55,cool,wait,0.543,0.062,0.000,6.088,47.000,41.0,602,0
2198.06,cool,wait,0.314,0.013,0.000,6.088,47.000,40.0,659,0
2198.57,cool,wait,0.308,0.012,0.000,6.088,47.000,40.0,673,0
2199.08,cool,wait,0.326,0.014,0.000,6.087,47.000,40.0,821,0
2199.58,cool,wait,0.649,0.050,0.003,6.087,47.000,40.0,604,0
2200.09,cool,wait,0.419,0.025,0.003,6.087,47.000,40.0,650,0
2200.60,cool,wait,0.501,0.018,0.003,6.087,47.000,40.0,748,0
2201.11,cool,wait,0.414,0.018,0.002,6.087,47.000,40.0,571,0
2201.62,cool,wait,0.353,0.015,0.000,6.087,47.000,40.0,1009,0
2202.13,cool,wait,0.330,0.014,0.000,6.087,47.000,40.0,652,0
2202.63,cool,wait,1.181,0.319,0.000,6.087,47.000,40.0,723,0
2203.14,cool,wait,0.396,0.020,0.000,6.084,46.990,40.0,565,0
2203.65,cool,wait,0.373,0.024,0.000,6.084,46.990,40.0,1111,0
2204.16,cool,wait,0.658,0.020,0.000,6.084,46.990,40.0,633,0
2204.66,cool,wait,0.873,0.024,0.000,6.084,46.990,40.0,886,0
2205.17,cool,wait,0.737,0.013,0.000,6.083,46.990,40.0,980,0
2205.68,cool,wait,0.932,0.109,0.002,6.083,46.990,40.0,523,0
2206.19,fw(12/21),idle,1.223,0.304,0.000,6.083,46.990,40.0,637,0
2206.69,fw(12/21),idle,0.771,0.022,0.001,6.083,46.990,40.0,598,0
2207.20,fw(12/21),idle,0.781,0.028,0.002,6.083,46.990,40.0,681,0
2207.71,fw(12/21),idle,0.801,0.032,0.000,6.083,46.990,40.0,627,0
2208.22,fw(12/21),idle,0.844,0.013,0.001,6.083,46.990,40.0,706,0
2208.72,fw(12/21),idle,0.740,0.017,0.000,6.083,46.990,40.0,643,0
2209.23,fw(12/21),idle,1.224,0.362,0.001,6.083,46.990,41.0,1032,0
2209.74,fw(12/21),idle,1.808,0.563,0.005,6.083,46.990,41.0,1447,0
2210.25,fw(12/21),idle,1.691,0.482,0.002,6.079,46.990,41.0,1086,0
2210.75,fw(12/21),idle,0.559,0.062,0.000,6.079,46.990,41.0,928,0
2211.26,fw(12/21),idle,0.388,0.027,0.000,6.079,46.990,40.0,883,0
2211.77,fw(12/21),idle,0.377,0.019,0.000,6.079,46.990,40.0,1038,0
2212.28,fw(12/21),idle,0.292,0.007,0.000,6.086,46.980,40.0,572,0
2212.79,fw(12/21),idle,1.081,0.359,0.000,6.086,46.980,40.0,651,0
2213.30,fw(12/21),idle,0.429,0.007,0.000,6.086,46.980,40.0,577,0
2213.80,fw(12/21),idle,0.414,0.043,0.002,6.086,46.980,40.0,664,0
2214.31,fw(12/21),idle,0.279,0.008,0.000,6.086,46.980,39.0,809,0
2214.82,fw(12/21),idle,0.374,0.018,0.000,6.086,46.980,39.0,646,0
2215.33,fw(12/21),idle,0.315,0.013,0.000,6.086,46.980,39.0,571,0
2215.83,fw(12/21),idle,0.376,0.019,0.000,6.086,46.980,39.0,589,0
2216.34,fw(12/21),idle,0.335,0.013,0.000,6.087,46.980,39.0,557,0
2216.85,fw(12/21),idle,0.396,0.025,0.000,6.087,46.980,39.0,653,0
2217.36,fw(12/21),idle,0.287,0.007,0.000,6.087,46.980,39.0,639,0
2217.86,fw(12/21),idle,0.357,0.016,0.000,6.087,46.980,39.0,1022,0
2218.38,fw(12/21),idle,0.397,0.023,0.003,6.087,46.980,39.0,730,0
2218.88,fw(12/21),idle,0.550,0.018,0.000,6.087,46.980,39.0,979,0
2219.39,fw(12/21),idle,0.327,0.014,0.000,6.085,46.980,39.0,669,0
2219.90,fw(12/21),idle,0.379,0.019,0.000,6.085,46.980,39.0,612,0
2220.41,fw(12/21),idle,0.697,0.172,0.000,6.085,46.980,41.0,812,0
2220.91,fw(12/21),pdf_render,1.889,0.872,0.000,6.085,46.980,41.0,693,0
2221.42,fw(12/21),pdf_render,1.777,0.786,0.000,6.081,46.980,42.0,888,0
2221.93,fw(12/21),pdf_render,1.673,0.751,0.000,6.081,46.980,42.0,846,0
2222.43,fw(12/21),pdf_render,1.955,0.952,0.000,6.081,46.980,41.0,1406,0
2222.94,fw(12/21),pdf_render,1.770,0.795,0.000,6.081,46.980,41.0,749,0
2223.45,fw(12/21),pdf_render,1.675,0.752,0.000,6.077,46.970,41.0,749,0
2223.95,fw(12/21),pdf_render,1.818,0.881,0.000,6.077,46.970,41.0,773,0
2224.46,fw(12/21),pdf_render,1.784,0.753,0.000,6.077,46.970,42.0,625,0
2224.96,fw(12/21),pdf_render,1.777,0.837,0.000,6.077,46.970,42.0,581,0
2225.47,fw(12/21),pdf_render,1.699,0.791,0.000,6.077,46.970,43.0,957,0
2225.97,fw(12/21),pdf_render,1.976,1.038,0.000,6.077,46.970,43.0,911,0
2226.48,fw(12/21),pdf_render,1.742,0.807,0.000,6.077,46.970,42.0,680,0
2226.98,fw(12/21),pdf_render,1.827,0.897,0.000,6.077,46.970,42.0,791,0
2227.49,fw(12/21),pdf_render,2.141,1.072,0.002,6.074,46.960,41.0,1656,0
2228.00,fw(12/21),pdf_render,1.879,0.829,0.000,6.074,46.960,41.0,856,0
2228.51,fw(12/21),pdf_render,1.848,0.925,0.000,6.074,46.960,42.0,592,0
2229.01,fw(12/21),pdf_render,1.783,0.859,0.000,6.074,46.960,42.0,592,0
2229.52,fw(12/21),pdf_render,1.794,0.817,0.000,6.074,46.960,42.0,598,0
2230.02,fw(12/21),pdf_render,1.791,0.865,0.000,6.074,46.960,42.0,744,0
2230.53,fw(12/21),pdf_render,1.796,0.867,0.000,6.077,46.960,42.0,765,0
2231.03,fw(12/21),pdf_render,1.817,0.863,0.000,6.077,46.960,42.0,603,0
2231.54,fw(12/21),pdf_render,1.785,0.833,0.000,6.077,46.960,42.0,608,0
2232.04,fw(12/21),pdf_render,1.743,0.812,0.000,6.077,46.960,42.0,782,0
2232.55,fw(12/21),pdf_render,2.181,1.092,0.000,6.074,46.960,42.0,1063,0
2233.05,fw(12/21),pdf_render,1.757,0.825,0.000,6.074,46.960,42.0,898,0
2233.56,fw(12/21),pdf_render,1.851,0.810,0.000,6.074,46.960,42.0,941,0
2234.07,fw(12/21),pdf_render,1.744,0.816,0.000,6.074,46.960,42.0,756,0
2234.57,fw(12/21),pdf_render,1.790,0.867,0.000,6.073,46.950,41.0,753,0
2235.08,fw(12/21),pdf_render,1.832,0.856,0.000,6.073,46.950,41.0,916,0
2235.59,fw(12/21),pdf_render,1.543,0.676,0.000,6.073,46.950,39.0,705,0
2236.09,fw(12/21),gap,0.714,0.190,0.000,6.073,46.950,39.0,694,0
2236.60,fw(12/21),gap,0.588,0.120,0.000,6.076,46.950,39.0,916,0
2237.11,fw(12/21),gap,0.405,0.031,0.000,6.076,46.950,39.0,580,0
2237.61,fw(12/21),gap,0.438,0.026,0.000,6.076,46.950,39.0,560,0
2238.12,fw(12/21),gap,0.333,0.015,0.000,6.076,46.950,39.0,817,0
2238.63,fw(12/21),gap,0.401,0.012,0.000,6.085,46.950,39.0,548,0
2239.14,fw(12/21),gap,0.392,0.017,0.000,6.085,46.950,39.0,526,0
2239.65,fw(12/21),gap,1.147,0.195,0.000,6.085,46.950,40.0,683,0
2240.15,fw(12/21),pdf_render,2.092,1.033,0.000,6.085,46.950,40.0,706,0
2240.66,fw(12/21),pdf_render,1.604,0.606,0.000,6.085,46.950,41.0,1087,0
2241.16,fw(12/21),pdf_render,1.727,0.784,0.000,6.085,46.950,41.0,729,0
2241.67,fw(12/21),pdf_render,1.725,0.794,0.000,6.075,46.950,42.0,624,0
2242.17,fw(12/21),pdf_render,1.726,0.792,0.000,6.075,46.950,42.0,779,0
2242.68,fw(12/21),pdf_render,2.126,0.984,0.000,6.075,46.950,41.0,707,0
2243.19,fw(12/21),pdf_render,1.627,0.697,0.000,6.075,46.950,41.0,577,0
2243.69,fw(12/21),pdf_render,1.722,0.801,0.000,6.075,46.940,41.0,734,0
2244.20,fw(12/21),pdf_render,1.969,0.986,0.003,6.075,46.940,41.0,718,0
2244.70,fw(12/21),pdf_render,1.714,0.796,0.000,6.075,46.940,41.0,769,0
2245.21,fw(12/21),pdf_render,1.991,1.063,0.000,6.075,46.940,41.0,783,0
2245.71,fw(12/21),pdf_render,1.822,0.892,0.000,6.076,46.940,42.0,730,0
2246.22,fw(12/21),pdf_render,1.847,0.819,0.000,6.076,46.940,42.0,810,0
2246.73,fw(12/21),pdf_render,1.748,0.815,0.000,6.076,46.940,42.0,746,0
2247.23,fw(12/21),pdf_render,1.697,0.784,0.000,6.076,46.940,42.0,891,0
2247.74,fw(12/21),pdf_render,1.818,0.902,0.000,6.075,46.940,42.0,591,0
2248.24,fw(12/21),pdf_render,1.746,0.824,0.000,6.075,46.940,42.0,637,0
2248.75,fw(12/21),pdf_render,1.657,0.745,0.000,6.075,46.940,41.0,755,0
2249.25,fw(12/21),pdf_render,1.804,0.881,0.000,6.075,46.940,41.0,788,0
2249.76,fw(12/21),pdf_render,1.803,0.841,0.003,6.075,46.930,42.0,641,0
2250.27,fw(12/21),pdf_render,1.745,0.830,0.000,6.075,46.930,42.0,600,0
2250.77,fw(12/21),pdf_render,1.700,0.782,0.000,6.075,46.930,41.0,848,0
2251.28,fw(12/21),pdf_render,1.846,0.814,0.000,6.075,46.930,41.0,600,0
2251.78,fw(12/21),pdf_render,1.735,0.763,0.000,6.075,46.930,41.0,704,0
2252.29,fw(12/21),pdf_render,1.733,0.808,0.000,6.075,46.930,41.0,749,0
2252.80,fw(12/21),pdf_render,2.101,1.019,0.000,6.074,46.930,41.0,769,0
2253.30,fw(12/21),pdf_render,1.724,0.816,0.000,6.074,46.930,41.0,586,0
2253.81,fw(12/21),pdf_render,1.720,0.796,0.000,6.074,46.930,42.0,716,0
2254.31,fw(12/21),pdf_render,1.687,0.772,0.000,6.074,46.930,42.0,592,0
2254.82,fw(12/21),pdf_render,1.860,0.842,0.000,6.075,46.920,42.0,627,0
2255.32,fw(12/21),pdf_render,0.808,0.244,0.000,6.075,46.920,42.0,658,0
2255.83,fw(12/21),gap,0.990,0.304,0.000,6.075,46.920,39.0,581,0
2256.34,fw(12/21),gap,0.349,0.018,0.000,6.075,46.920,39.0,639,0
2256.85,fw(12/21),gap,0.355,0.015,0.000,6.084,46.920,39.0,1028,0
2257.35,fw(12/21),gap,0.569,0.027,0.000,6.084,46.920,39.0,679,0
2257.86,fw(12/21),gap,0.376,0.016,0.000,6.084,46.920,39.0,708,0
2258.37,fw(12/21),gap,0.344,0.021,0.000,6.084,46.920,39.0,661,0
2258.88,fw(12/21),gap,0.346,0.014,0.000,6.087,46.920,39.0,1159,0
2259.38,fw(12/21),gap,2.116,0.911,0.003,6.087,46.920,39.0,700,0
2259.89,fw(12/21),office,2.019,0.884,0.002,6.087,46.920,39.0,951,0
2260.40,fw(12/21),office,2.255,1.019,0.003,6.087,46.920,39.0,1151,0
2260.90,fw(12/21),office,2.243,1.079,0.001,6.074,46.920,40.0,866,0
2261.41,fw(12/21),office,2.337,1.064,0.000,6.074,46.920,40.0,841,0
2261.92,fw(12/21),office,0.920,0.259,0.000,6.074,46.920,39.0,611,0
2262.43,fw(12/21),gap,1.114,0.390,0.002,6.074,46.920,39.0,967,0
2262.94,fw(12/21),gap,0.891,0.180,0.001,6.074,46.920,39.0,810,0
2263.44,fw(12/21),gap,0.407,0.020,0.000,6.074,46.920,39.0,641,0
2263.95,fw(12/21),gap,0.459,0.023,0.000,6.080,46.910,39.0,871,0
2264.46,fw(12/21),gap,0.344,0.018,0.000,6.080,46.910,39.0,777,0
2264.97,fw(12/21),gap,0.434,0.018,0.000,6.080,46.910,39.0,939,0
2265.47,fw(12/21),gap,0.368,0.019,0.000,6.080,46.910,39.0,973,0
2265.98,fw(12/21),gap,2.555,1.035,0.000,6.082,46.910,41.0,650,0
2266.49,fw(12/21),office,2.018,0.837,0.000,6.082,46.910,41.0,779,0
2267.00,fw(12/21),office,2.417,1.165,0.000,6.082,46.910,40.0,891,0
2267.50,fw(12/21),office,2.355,1.213,0.000,6.082,46.910,40.0,1177,0
2268.01,fw(12/21),office,2.039,0.887,0.000,6.071,46.910,39.0,664,0
2268.52,fw(12/21),gap,0.790,0.188,0.000,6.071,46.910,39.0,704,0
2269.03,fw(12/21),gap,0.646,0.151,0.000,6.071,46.910,39.0,960,0
2269.53,fw(12/21),gap,0.383,0.015,0.000,6.071,46.910,39.0,651,0
2270.04,fw(12/21),gap,0.465,0.027,0.000,6.085,46.900,39.0,1019,0
2270.55,fw(12/21),gap,0.368,0.012,0.000,6.085,46.900,39.0,639,0
2271.06,fw(12/21),gap,0.504,0.016,0.000,6.085,46.900,38.0,842,0
2271.56,fw(12/21),gap,0.372,0.014,0.000,6.085,46.900,38.0,1206,0
2272.07,fw(12/21),gap,0.825,0.240,0.002,6.085,46.900,41.0,941,0
2272.58,fw(12/21),python,3.285,1.816,0.001,6.085,46.900,41.0,591,0
2273.09,fw(12/21),python,2.738,1.383,0.000,6.085,46.900,43.0,699,0
2273.59,fw(12/21),python,2.716,1.288,0.002,6.085,46.900,43.0,791,0
2274.10,fw(12/21),python,1.888,0.565,0.002,6.085,46.900,40.0,635,0
2274.60,fw(12/21),python,2.500,0.587,0.001,6.085,46.900,40.0,528,0
2275.11,fw(12/21),python,1.181,0.280,0.000,6.074,46.900,39.0,624,0
2275.62,fw(12/21),gap,1.068,0.225,0.001,6.074,46.900,39.0,788,0
2276.13,fw(12/21),gap,0.733,0.018,0.000,6.074,46.900,39.0,660,0
2276.63,fw(12/21),gap,0.761,0.020,0.000,6.074,46.900,39.0,763,0
2277.14,fw(12/21),gap,0.747,0.019,0.000,6.081,46.890,39.0,722,0
2277.65,fw(12/21),gap,0.733,0.017,0.000,6.081,46.890,39.0,571,0
2278.16,fw(12/21),gap,0.734,0.018,0.000,6.081,46.890,39.0,543,0
2278.67,fw(12/21),gap,1.138,0.144,0.003,6.081,46.890,39.0,762,0
2279.18,fw(12/21),gap,2.149,0.973,0.002,6.080,46.890,40.0,892,0
2279.68,fw(12/21),python,2.941,1.405,0.002,6.080,46.890,40.0,795,0
2280.19,fw(12/21),python,2.719,1.399,0.001,6.080,46.890,40.0,793,0
2280.70,fw(12/21),python,2.001,0.668,0.001,6.080,46.890,40.0,515,0
2281.21,fw(12/21),python,2.354,0.670,0.002,6.072,46.890,39.0,727,0
2281.72,fw(12/21),python,1.381,0.253,0.000,6.072,46.890,39.0,868,0
2282.23,fw(12/21),gap,0.936,0.255,0.000,6.072,46.890,39.0,880,0
2282.73,fw(12/21),gap,1.093,0.380,0.000,6.072,46.890,39.0,603,0
2283.24,fw(12/21),gap,0.376,0.019,0.000,6.084,46.890,38.0,569,0
2283.75,fw(12/21),gap,0.409,0.016,0.000,6.084,46.890,38.0,572,0
2284.26,fw(12/21),gap,0.491,0.013,0.000,6.084,46.890,38.0,647,0
2284.77,fw(12/21),gap,0.418,0.028,0.000,6.084,46.890,38.0,652,0
2285.28,fw(12/21),gap,0.320,0.014,0.000,6.084,46.890,38.0,537,0
2285.78,fw(12/21),gap,6.446,2.647,0.001,6.084,46.890,38.0,1543,0
2286.29,fw(12/21),compress,12.561,5.225,0.001,6.086,46.880,43.0,1591,0
2286.80,fw(12/21),compress,12.646,5.316,0.001,6.086,46.880,43.0,1540,0
2287.31,fw(12/21),compress,12.643,5.138,0.000,6.086,46.880,44.0,1518,0
2287.81,fw(12/21),compress,13.068,5.213,0.001,6.086,46.880,44.0,1477,0
2288.32,fw(12/21),compress,12.779,5.105,0.000,5.994,46.870,45.0,1575,0
2288.83,fw(12/21),compress,11.240,4.435,0.000,5.994,46.870,45.0,999,0
2289.33,fw(12/21),compress,5.315,1.872,0.000,5.994,46.870,41.0,1251,0
2289.84,fw(12/21),compress,0.645,0.060,0.000,5.994,46.870,41.0,699,0
2290.37,fw(12/21),gap,0.988,0.313,0.000,6.078,46.860,40.0,673,0
2290.87,fw(12/21),gap,0.489,0.018,0.000,6.078,46.860,40.0,969,0
2291.39,fw(12/21),gap,0.626,0.037,0.000,6.078,46.860,40.0,930,0
2291.89,fw(12/21),gap,0.411,0.017,0.000,6.078,46.860,40.0,665,0
2292.41,fw(12/21),gap,0.717,0.175,0.000,6.080,46.860,41.0,1294,0
2292.91,fw(12/21),gap,0.853,0.241,0.000,6.080,46.860,41.0,625,0
2293.42,fw(12/21),gap,0.623,0.089,0.000,6.080,46.860,39.0,1148,0
2293.93,fw(12/21),compress,10.740,4.608,0.000,6.080,46.860,39.0,1585,0
2294.44,fw(12/21),compress,12.451,5.266,0.000,6.004,46.860,45.0,1473,0
2294.95,fw(12/21),compress,12.964,5.222,0.000,6.004,46.860,45.0,1520,0
2295.46,fw(12/21),compress,13.345,5.569,0.000,6.004,46.860,45.0,1619,0
2295.96,fw(12/21),compress,12.970,5.182,0.000,6.004,46.860,45.0,1545,0
2296.47,fw(12/21),compress,11.483,4.497,0.000,6.004,46.860,45.0,1311,0
2296.98,fw(12/21),compress,9.900,3.739,0.000,6.004,46.860,45.0,1198,0
2297.48,fw(12/21),compress,2.271,0.684,0.000,6.003,46.840,42.0,910,0
2297.99,fw(12/21),gap,1.010,0.267,0.000,6.003,46.840,42.0,1153,0
2298.50,fw(12/21),gap,0.603,0.023,0.000,6.003,46.840,41.0,535,0
2299.01,fw(12/21),gap,0.776,0.022,0.000,6.003,46.840,41.0,937,0
2299.52,fw(12/21),gap,0.377,0.021,0.000,6.075,46.840,40.0,1199,0
2300.02,fw(12/21),gap,0.434,0.028,0.000,6.075,46.840,40.0,714,0
2300.53,fw(12/21),gap,0.594,0.060,0.000,6.075,46.840,40.0,723,0
2301.04,fw(12/21),gap,0.463,0.018,0.000,6.075,46.840,40.0,637,0
2301.55,fw(12/21),gap,5.128,2.081,0.001,6.077,46.840,44.0,1681,0
2302.05,fw(12/21),sustained40s,12.728,5.517,0.000,6.077,46.840,44.0,1547,0
2302.56,fw(12/21),sustained40s,12.267,5.215,0.002,6.077,46.840,45.0,1549,0
2303.07,fw(12/21),sustained40s,12.730,5.148,0.002,6.077,46.840,45.0,1647,0
2303.58,fw(12/21),sustained40s,13.084,5.167,0.000,5.999,46.830,46.0,1490,0
2304.08,fw(12/21),sustained40s,12.583,5.001,0.000,5.999,46.830,46.0,1371,0
2304.59,fw(12/21),sustained40s,11.541,4.579,0.001,5.999,46.830,46.0,1174,0
2305.10,fw(12/21),sustained40s,6.092,2.274,0.001,5.999,46.830,46.0,1324,0
2305.60,fw(12/21),sustained40s,10.561,4.550,0.000,6.012,46.820,46.0,1681,0
2306.11,fw(12/21),sustained40s,13.178,5.578,0.000,6.012,46.820,46.0,1535,0
2306.62,fw(12/21),sustained40s,13.007,5.341,0.000,6.012,46.820,47.0,1552,0
2307.12,fw(12/21),sustained40s,13.289,5.424,0.000,6.012,46.820,47.0,1503,0
2307.63,fw(12/21),sustained40s,12.876,5.126,0.000,6.012,46.820,47.0,1624,0
2308.14,fw(12/21),sustained40s,11.529,4.532,0.000,6.012,46.820,47.0,1150,0
2308.65,fw(12/21),sustained40s,9.096,3.321,0.000,5.987,46.810,47.0,784,0
2309.15,fw(12/21),sustained40s,8.267,3.264,0.000,5.987,46.810,47.0,1850,0
2309.66,fw(12/21),sustained40s,13.353,5.796,0.000,5.987,46.810,48.0,1538,0
2310.16,fw(12/21),sustained40s,12.640,5.201,0.000,5.987,46.810,48.0,1580,0
2310.67,fw(12/21),sustained40s,13.180,5.374,0.000,5.990,46.800,48.0,1610,0
2311.18,fw(12/21),sustained40s,13.231,5.284,0.000,5.990,46.800,48.0,1399,0
2311.69,fw(12/21),sustained40s,12.396,4.855,0.000,5.990,46.800,49.0,1457,0
2312.19,fw(12/21),sustained40s,11.125,4.337,0.000,5.990,46.800,49.0,982,0
2312.70,fw(12/21),sustained40s,7.833,3.113,0.000,5.995,46.790,47.0,1800,0
2313.20,fw(12/21),sustained40s,13.591,5.910,0.000,5.995,46.790,47.0,1579,0
2313.72,fw(12/21),sustained40s,12.410,5.221,0.000,5.995,46.790,48.0,1586,0
2314.22,fw(12/21),sustained40s,12.881,5.196,0.000,5.995,46.790,48.0,1503,0
2314.73,fw(12/21),sustained40s,13.054,5.303,0.000,5.984,46.780,49.0,1520,0
2315.24,fw(12/21),sustained40s,13.082,5.251,0.000,5.984,46.780,49.0,1522,0
2315.75,fw(12/21),sustained40s,12.721,4.980,0.000,5.984,46.780,49.0,1566,0
2316.25,fw(12/21),sustained40s,9.233,3.333,0.000,5.984,46.780,49.0,1084,0
2316.76,fw(12/21),sustained40s,10.669,4.461,0.000,6.034,46.760,50.0,1781,0
2317.26,fw(12/21),sustained40s,13.442,5.821,0.000,6.034,46.760,50.0,1590,0
2317.77,fw(12/21),sustained40s,12.683,5.248,0.000,6.034,46.760,50.0,1550,0
2318.28,fw(12/21),sustained40s,13.292,5.304,0.000,6.034,46.760,50.0,1484,0
2318.79,fw(12/21),sustained40s,13.154,5.235,0.000,6.034,46.760,50.0,1504,0
2319.29,fw(12/21),sustained40s,12.855,5.110,0.000,6.034,46.760,50.0,1468,0
2319.80,fw(12/21),sustained40s,9.198,3.344,0.000,5.981,46.750,50.0,1148,0
2320.31,fw(12/21),sustained40s,7.674,3.105,0.000,5.981,46.750,50.0,1830,0
2320.82,fw(12/21),sustained40s,13.788,5.981,0.000,5.981,46.750,51.0,1512,0
2321.32,fw(12/21),sustained40s,12.934,5.263,0.000,5.981,46.750,51.0,1515,0
2321.83,fw(12/21),sustained40s,12.475,5.027,0.000,5.977,46.740,51.0,1328,0
2322.34,fw(12/21),sustained40s,13.209,5.250,0.000,5.977,46.740,51.0,1496,0
2322.85,fw(12/21),sustained40s,12.791,5.104,0.000,5.977,46.740,51.0,1467,0
2323.35,fw(12/21),sustained40s,11.236,4.341,0.000,5.977,46.740,51.0,1354,0
2323.86,fw(12/21),sustained40s,6.002,2.027,0.000,5.986,46.730,48.0,1627,0
2324.36,fw(12/21),sustained40s,11.555,5.049,0.000,5.986,46.730,48.0,1676,0
2324.87,fw(12/21),sustained40s,13.127,5.595,0.000,5.986,46.730,51.0,1569,0
2325.38,fw(12/21),sustained40s,13.259,5.452,0.000,5.986,46.730,51.0,1551,0
2325.89,fw(12/21),sustained40s,13.471,5.493,0.000,5.975,46.720,52.0,1519,0
2326.39,fw(12/21),sustained40s,13.176,5.251,0.000,5.975,46.720,52.0,1521,0
2326.90,fw(12/21),sustained40s,11.515,4.419,0.000,5.975,46.720,52.0,1628,0
2327.41,fw(12/21),sustained40s,9.160,3.305,0.000,5.975,46.720,52.0,1513,0
2327.91,fw(12/21),sustained40s,9.422,3.878,0.000,6.017,46.710,52.0,1750,0
2328.42,fw(12/21),sustained40s,13.369,5.738,0.000,6.017,46.710,52.0,1591,0
2328.93,fw(12/21),sustained40s,12.869,5.278,0.000,6.017,46.710,52.0,1538,0
2329.43,fw(12/21),sustained40s,12.666,5.061,0.000,6.017,46.710,52.0,1580,0
2329.94,fw(12/21),sustained40s,13.232,5.280,0.000,6.017,46.710,52.0,1502,0
2330.45,fw(12/21),sustained40s,12.449,4.921,0.000,6.017,46.710,52.0,1465,0
2330.95,fw(12/21),sustained40s,10.259,3.836,0.000,5.976,46.700,51.0,1070,0
2331.46,fw(12/21),sustained40s,5.210,1.679,0.000,5.976,46.700,51.0,963,0
2331.97,fw(12/21),sustained40s,13.006,5.639,0.000,5.976,46.700,53.0,1729,0
2332.48,fw(12/21),sustained40s,13.071,5.601,0.000,5.976,46.700,53.0,1628,0
2332.99,fw(12/21),sustained40s,12.867,5.322,0.000,5.972,46.690,53.0,1635,0
2333.49,fw(12/21),sustained40s,13.491,5.412,0.000,5.972,46.690,53.0,1550,0
2334.00,fw(12/21),sustained40s,13.394,5.365,0.000,5.972,46.690,54.0,1547,0
2334.51,fw(12/21),sustained40s,12.675,5.048,0.000,5.972,46.690,54.0,1136,0
2335.02,fw(12/21),sustained40s,6.859,2.320,0.000,5.976,46.680,52.0,902,0
2335.52,fw(12/21),sustained40s,9.483,4.030,0.000,5.976,46.680,52.0,1782,0
2336.03,fw(12/21),sustained40s,13.604,5.871,0.000,5.976,46.680,53.0,1570,0
2336.54,fw(12/21),sustained40s,12.925,5.433,0.000,5.976,46.680,53.0,1640,0
2337.04,fw(12/21),sustained40s,12.986,5.180,0.000,5.972,46.670,54.0,1491,0
2337.55,fw(12/21),sustained40s,13.414,5.327,0.000,5.972,46.670,54.0,1500,0
2338.06,fw(12/21),sustained40s,12.629,4.997,0.000,5.972,46.670,54.0,1472,0
2338.56,fw(12/21),sustained40s,9.824,3.639,0.000,5.972,46.670,54.0,1075,0
2339.07,fw(12/21),sustained40s,7.435,2.852,0.000,6.011,46.660,53.0,1995,0
2339.58,fw(12/21),sustained40s,13.600,5.993,0.000,6.011,46.660,53.0,1539,0
2340.09,fw(12/21),sustained40s,12.431,5.172,0.000,6.011,46.660,54.0,1637,0
2340.60,fw(12/21),sustained40s,12.975,5.313,0.000,6.011,46.660,54.0,1519,0
2341.10,fw(12/21),sustained40s,13.140,5.298,0.000,6.011,46.660,55.0,1488,0
2341.61,fw(12/21),sustained40s,12.498,4.934,0.000,6.011,46.660,55.0,1350,0
2342.12,fw(12/21),sustained40s,11.088,4.307,0.000,5.973,46.650,54.0,1142,0
2342.62,fw(12/21),sustained40s,8.233,3.090,0.002,5.973,46.650,54.0,698,0
2343.13,fw(12/21),end,0.679,0.124,0.000,5.973,46.650,50.0,1681,0
2343.64,fw(12/21),end,1.199,0.270,0.002,5.973,46.650,50.0,725,0
2344.15,fw(12/21),end,0.452,0.019,0.000,6.053,46.640,49.0,664,0
2344.65,fw(12/21),end,0.493,0.035,0.002,6.053,46.640,49.0,639,0
2345.17,fw(12/21),end,0.540,0.043,0.001,6.053,46.640,49.0,744,0
2345.67,fw(12/21),end,0.487,0.033,0.001,6.053,46.640,49.0,907,0
2346.19,fw(12/21),end,0.423,0.015,0.001,6.064,46.640,49.0,807,0
2346.70,fw(12/21),end,0.375,0.014,0.000,6.064,46.640,49.0,1098,0
2347.21,fw(12/21),end,0.576,0.017,0.000,6.064,46.640,48.0,800,0
2347.71,fw(12/21),end,0.579,0.034,0.000,6.064,46.640,48.0,1355,0
2348.23,fw(12/21),end,1.286,0.284,0.000,6.065,46.630,48.0,879,0
2348.73,fw(12/21),end,0.474,0.017,0.000,6.065,46.630,48.0,862,0
2349.24,fw(12/21),end,0.455,0.019,0.000,6.065,46.630,48.0,905,0
2349.75,fw(12/21),end,0.402,0.016,0.000,6.065,46.630,48.0,1117,0
2350.26,fw(12/21),end,0.432,0.018,0.000,6.068,46.630,48.0,864,0
