t_s,tier,phase,soc_w,core_w,uncore_w,bat_power_now_w,bat_energy_wh,pkg_temp_c,cpu_mhz,fan_rpm
0.00,,gap,4.495,2.176,0.012,33.655,22.650,52.0,1013,0
0.52,,gap,1.989,0.138,0.000,33.660,22.670,41.0,1002,0
1.03,,gap,2.595,0.662,0.004,33.660,22.670,41.0,554,0
1.54,,gap,1.967,0.126,0.004,33.660,22.670,41.0,597,0
2.04,,gap,2.020,0.159,0.002,33.660,22.670,41.0,806,0
2.55,,gap,1.948,0.123,0.002,33.628,22.690,41.0,689,0
3.06,,gap,1.977,0.125,0.001,33.628,22.690,41.0,719,0
3.57,,gap,1.809,0.016,0.000,33.628,22.690,41.0,675,0
4.08,,gap,7.914,4.922,0.002,33.628,22.690,41.0,2600,0
4.59,,gap,4.371,2.104,0.002,33.644,22.710,42.0,1423,0
5.09,,gap,2.978,1.131,0.002,33.644,22.710,42.0,666,0
5.60,,gap,1.654,0.133,0.003,0.000,22.710,41.0,725,0
6.10,,gap,1.715,0.232,0.005,0.000,22.710,41.0,756,0
6.61,,gap,1.803,0.511,0.000,6.089,22.710,42.0,983,0
7.11,,gap,1.613,0.359,0.013,6.089,22.710,42.0,605,0
7.63,,gap,0.514,0.025,0.000,6.089,22.710,41.0,667,0
8.13,,gap,2.695,1.023,0.045,6.089,22.710,41.0,1146,0
8.64,,gap,1.694,0.523,0.046,6.081,22.700,41.0,623,0
9.15,,gap,1.068,0.182,0.013,6.081,22.700,41.0,1115,0
9.66,,gap,2.169,0.764,0.093,6.081,22.700,41.0,1069,0
10.16,,gap,0.923,0.093,0.000,6.081,22.700,41.0,514,0
10.67,,gap,0.799,0.079,0.000,6.081,22.700,41.0,1137,0
11.18,,gap,0.692,0.037,0.000,6.081,22.700,41.0,832,0
11.69,,gap,0.713,0.040,0.000,6.091,22.700,40.0,674,0
12.20,,gap,0.615,0.034,0.000,6.091,22.700,40.0,892,0
12.71,,gap,0.849,0.058,0.000,6.091,22.700,40.0,924,0
13.22,,gap,0.465,0.035,0.000,6.091,22.700,40.0,641,0
13.73,,gap,0.487,0.028,0.000,6.088,22.700,40.0,1096,0
14.24,,gap,0.589,0.073,0.000,6.088,22.700,40.0,937,0
14.75,,gap,1.255,0.522,0.000,6.088,22.700,41.0,1202,0
15.26,,gap,0.936,0.197,0.002,6.088,22.700,41.0,656,0
15.77,battery6,idle,1.715,0.661,0.002,6.083,22.690,40.0,1280,0
16.28,battery6,idle,0.461,0.033,0.000,6.083,22.690,40.0,906,0
16.79,battery6,idle,0.499,0.058,0.000,6.083,22.690,40.0,1017,0
17.30,battery6,idle,0.431,0.032,0.001,6.083,22.690,40.0,859,0
17.81,battery6,idle,1.383,0.550,0.000,6.087,22.690,41.0,1223,0
18.32,battery6,idle,0.803,0.062,0.001,6.087,22.690,41.0,1036,0
18.83,battery6,idle,0.835,0.153,0.000,6.087,22.690,40.0,1016,0
19.33,battery6,idle,0.684,0.117,0.000,6.087,22.690,40.0,614,0
19.84,battery6,idle,0.524,0.057,0.000,6.084,22.680,40.0,670,0
20.35,battery6,idle,0.641,0.073,0.000,6.084,22.680,40.0,589,0
20.86,battery6,idle,0.540,0.037,0.000,6.084,22.680,40.0,1341,0
21.36,battery6,idle,0.673,0.092,0.000,6.084,22.680,40.0,998,0
21.87,battery6,idle,0.458,0.037,0.000,6.084,22.680,40.0,878,0
22.38,battery6,idle,0.650,0.047,0.000,6.084,22.680,40.0,696,0
22.89,battery6,idle,0.632,0.052,0.000,6.081,22.680,40.0,690,0
23.40,battery6,idle,0.497,0.058,0.000,6.081,22.680,40.0,598,0
23.91,battery6,idle,0.640,0.051,0.000,6.081,22.680,40.0,898,0
24.41,battery6,idle,0.374,0.026,0.000,6.081,22.680,40.0,685,0
24.92,battery6,idle,0.599,0.045,0.000,6.077,22.680,40.0,759,0
25.43,battery6,idle,0.622,0.081,0.000,6.077,22.680,40.0,657,0
25.94,battery6,idle,0.505,0.051,0.000,6.077,22.680,40.0,937,0
26.44,battery6,idle,0.439,0.036,0.000,6.077,22.680,40.0,622,0
26.95,battery6,idle,0.336,0.022,0.000,6.074,22.670,40.0,572,0
27.46,battery6,idle,0.330,0.023,0.000,6.074,22.670,40.0,686,0
27.97,battery6,idle,1.062,0.358,0.000,6.074,22.670,40.0,721,0
28.48,battery6,idle,0.371,0.025,0.000,6.074,22.670,40.0,636,0
28.99,battery6,idle,0.403,0.028,0.000,6.074,22.670,40.0,802,0
29.49,battery6,idle,0.886,0.102,0.000,6.074,22.670,40.0,733,0
30.00,battery6,idle,0.785,0.143,0.000,6.074,22.670,40.0,812,0
30.51,battery6,geekbench_cpu,0.892,0.190,0.000,6.074,22.670,40.0,785,0
31.02,battery6,geekbench_cpu,1.430,0.310,0.005,6.077,22.670,40.0,1191,0
31.52,battery6,geekbench_cpu,0.800,0.076,0.000,6.077,22.670,40.0,1267,0
32.03,battery6,geekbench_cpu,1.266,0.161,0.000,6.077,22.670,40.0,1058,0
32.54,battery6,geekbench_cpu,1.233,0.141,0.000,6.077,22.670,40.0,786,0
33.05,battery6,geekbench_cpu,0.413,0.025,0.000,6.077,22.670,39.0,860,0
33.55,battery6,geekbench_cpu,0.380,0.024,0.000,6.077,22.670,39.0,630,0
34.06,battery6,geekbench_cpu,0.516,0.041,0.000,6.084,22.660,39.0,619,0
34.57,battery6,geekbench_cpu,0.487,0.026,0.000,6.084,22.660,39.0,1051,0
35.08,battery6,geekbench_cpu,0.857,0.165,0.000,6.084,22.660,40.0,661,0
35.58,battery6,geekbench_cpu,2.098,1.138,0.000,6.084,22.660,40.0,929,0
36.09,battery6,geekbench_cpu,2.059,1.143,0.000,6.078,22.660,42.0,1101,0
36.59,battery6,geekbench_cpu,2.815,1.415,0.004,6.078,22.660,42.0,1215,0
37.10,battery6,geekbench_cpu,4.163,2.642,0.003,6.078,22.660,48.0,1359,0
37.60,battery6,geekbench_cpu,4.855,3.016,0.000,6.078,22.660,48.0,1800,0
38.11,battery6,geekbench_cpu,5.694,3.388,0.000,6.051,22.650,48.0,927,0
38.62,battery6,geekbench_cpu,4.957,2.935,0.001,6.051,22.650,48.0,973,0
39.12,battery6,geekbench_cpu,4.047,2.455,0.001,6.051,22.650,45.0,798,0
39.63,battery6,geekbench_cpu,4.191,2.554,0.001,6.051,22.650,45.0,719,0
40.13,battery6,geekbench_cpu,4.903,3.014,0.001,6.053,22.650,48.0,950,0
40.64,battery6,geekbench_cpu,4.981,3.016,0.000,6.053,22.650,48.0,762,0
41.14,battery6,geekbench_cpu,4.899,2.961,0.000,6.053,22.650,47.0,964,0
41.65,battery6,geekbench_cpu,4.333,2.584,0.000,6.053,22.650,47.0,986,0
42.15,battery6,geekbench_cpu,4.053,2.408,0.000,6.049,22.640,48.0,1147,0
42.66,battery6,geekbench_cpu,4.656,3.030,0.000,6.049,22.640,48.0,920,0
43.17,battery6,geekbench_cpu,4.850,2.984,0.000,6.049,22.640,48.0,1233,0
43.67,battery6,geekbench_cpu,5.047,2.942,0.000,6.049,22.640,48.0,896,0
44.18,battery6,geekbench_cpu,4.629,2.746,0.000,6.049,22.640,45.0,1238,0
44.68,battery6,geekbench_cpu,4.101,2.357,0.000,6.049,22.640,45.0,1975,0
45.19,battery6,geekbench_cpu,4.599,3.033,0.000,6.047,22.640,49.0,1021,0
45.69,battery6,geekbench_cpu,5.071,3.047,0.000,6.047,22.640,49.0,970,0
46.20,battery6,geekbench_cpu,5.080,3.009,0.000,6.047,22.640,49.0,1257,0
46.70,battery6,geekbench_cpu,4.739,2.823,0.000,6.047,22.640,49.0,1527,0
47.21,battery6,geekbench_cpu,3.955,2.281,0.000,6.043,22.630,48.0,1012,0
47.71,battery6,geekbench_cpu,4.728,3.154,0.000,6.043,22.630,48.0,2007,0
48.22,battery6,geekbench_cpu,5.367,3.248,0.000,6.043,22.630,49.0,1676,0
48.72,battery6,geekbench_cpu,4.980,3.027,0.000,6.043,22.630,49.0,1445,0
49.23,battery6,geekbench_cpu,4.985,2.914,0.000,6.039,22.630,49.0,1112,0
49.73,battery6,geekbench_cpu,2.919,1.671,0.000,6.039,22.630,49.0,1062,0
50.24,battery6,geekbench_cpu,0.496,0.023,0.000,6.039,22.630,41.0,658,0
50.75,battery6,geekbench_cpu,0.603,0.072,0.000,6.039,22.630,41.0,972,0
51.26,battery6,geekbench_cpu,0.656,0.033,0.000,6.069,22.620,41.0,652,0
51.76,battery6,geekbench_cpu,0.628,0.061,0.000,6.069,22.620,41.0,1015,0
52.27,battery6,geekbench_cpu,0.394,0.020,0.000,6.069,22.620,40.0,655,0
52.78,battery6,geekbench_cpu,0.503,0.033,0.000,6.069,22.620,40.0,803,0
53.29,battery6,geekbench_cpu,0.385,0.019,0.000,6.074,22.620,41.0,593,0
53.80,battery6,geekbench_cpu,0.578,0.072,0.000,6.074,22.620,41.0,751,0
54.31,battery6,geekbench_cpu,0.374,0.020,0.000,6.074,22.620,40.0,1163,0
54.81,battery6,geekbench_cpu,1.731,0.801,0.002,6.074,22.620,40.0,1055,0
55.32,battery6,geekbench_cpu,4.623,2.443,0.003,6.074,22.620,47.0,962,0
55.83,battery6,geekbench_cpu,4.903,2.431,0.001,6.074,22.620,47.0,725,0
56.33,battery6,geekbench_cpu,5.004,2.389,0.000,6.044,22.620,47.0,931,0
56.84,battery6,geekbench_cpu,4.913,2.370,0.001,6.044,22.620,47.0,1392,0
57.34,battery6,geekbench_cpu,4.964,2.402,0.000,6.044,22.620,47.0,1118,0
57.85,battery6,geekbench_cpu,5.443,2.785,0.001,6.044,22.620,47.0,1856,0
58.35,battery6,geekbench_cpu,4.901,2.424,0.001,6.041,22.610,48.0,1490,0
58.86,battery6,geekbench_cpu,4.951,2.414,0.000,6.041,22.610,48.0,1202,0
59.36,battery6,geekbench_cpu,5.581,2.842,0.000,6.041,22.610,48.0,961,0
59.87,battery6,geekbench_cpu,4.938,2.377,0.000,6.041,22.610,48.0,772,0
60.37,battery6,geekbench_cpu,4.962,2.412,0.000,6.041,22.610,48.0,762,0
60.88,battery6,geekbench_cpu,4.952,2.467,0.000,6.041,22.610,48.0,882,0
61.39,battery6,geekbench_cpu,5.001,2.395,0.000,6.041,22.610,48.0,997,0
61.89,battery6,geekbench_cpu,5.037,2.395,0.000,6.041,22.610,48.0,841,0
62.40,battery6,geekbench_cpu,4.926,2.388,0.000,6.035,22.600,48.0,1555,0
62.90,battery6,geekbench_cpu,5.632,2.814,0.000,6.035,22.600,48.0,1334,0
63.41,battery6,geekbench_cpu,5.221,2.599,0.000,6.035,22.600,48.0,915,0
63.91,battery6,geekbench_cpu,4.938,2.399,0.000,6.035,22.600,48.0,725,0
64.42,battery6,geekbench_cpu,4.908,2.364,0.000,6.038,22.590,48.0,980,0
64.92,battery6,geekbench_cpu,4.977,2.426,0.000,6.038,22.590,48.0,1357,0
65.43,battery6,geekbench_cpu,4.985,2.412,0.000,6.038,22.590,48.0,1005,0
65.93,battery6,geekbench_cpu,4.919,2.446,0.000,6.038,22.590,48.0,925,0
66.44,battery6,geekbench_cpu,5.097,2.459,0.000,6.038,22.590,48.0,725,0
66.94,battery6,geekbench_cpu,4.894,2.357,0.000,6.038,22.590,48.0,913,0
67.45,battery6,geekbench_cpu,4.025,1.858,0.000,6.027,22.590,42.0,663,0
67.95,battery6,geekbench_cpu,1.363,0.438,0.000,6.027,22.590,42.0,980,0
68.46,battery6,geekbench_cpu,0.338,0.021,0.000,6.027,22.590,42.0,562,0
68.97,battery6,geekbench_cpu,0.796,0.087,0.000,6.027,22.590,42.0,772,0
69.48,battery6,geekbench_cpu,0.370,0.026,0.000,6.071,22.580,41.0,659,0
69.99,battery6,geekbench_cpu,0.667,0.100,0.000,6.071,22.580,41.0,968,0
70.50,battery6,geekbench_cpu,0.354,0.022,0.000,6.071,22.580,42.0,626,0
71.00,battery6,geekbench_cpu,0.573,0.034,0.000,6.071,22.580,42.0,973,0
71.51,battery6,geekbench_cpu,0.455,0.019,0.000,6.068,22.580,41.0,1017,0
72.02,battery6,geekbench_cpu,0.847,0.030,0.000,6.068,22.580,41.0,773,0
72.53,battery6,geekbench_cpu,1.541,0.633,0.002,6.068,22.580,48.0,973,0
73.04,battery6,geekbench_cpu,5.383,2.887,0.000,6.068,22.580,48.0,982,0
73.54,battery6,geekbench_cpu,5.614,2.962,0.000,6.029,22.580,49.0,1640,0
74.05,battery6,geekbench_cpu,0.935,0.217,0.002,6.029,22.580,49.0,1034,0
74.56,battery6,geekbench_cpu,0.382,0.026,0.001,6.029,22.580,41.0,610,0
75.06,battery6,geekbench_cpu,0.695,0.084,0.000,6.029,22.580,41.0,1085,0
75.57,battery6,geekbench_cpu,0.395,0.026,0.001,6.071,22.570,41.0,635,0
76.08,battery6,geekbench_cpu,0.625,0.036,0.000,6.071,22.570,41.0,701,0
76.59,battery6,geekbench_cpu,0.416,0.028,0.000,6.071,22.570,41.0,708,0
77.10,battery6,geekbench_cpu,0.648,0.078,0.000,6.071,22.570,41.0,708,0
77.60,battery6,geekbench_cpu,0.401,0.038,0.000,6.071,22.570,41.0,1205,0
78.11,battery6,geekbench_cpu,1.168,0.369,0.000,6.071,22.570,41.0,905,0
78.62,battery6,geekbench_cpu,0.685,0.141,0.000,6.070,22.570,42.0,688,0
79.13,battery6,geekbench_cpu,4.287,2.428,0.002,6.070,22.570,42.0,974,0
79.64,battery6,geekbench_cpu,4.838,2.546,0.000,6.070,22.570,48.0,717,0
80.14,battery6,geekbench_cpu,4.701,2.676,0.000,6.070,22.570,48.0,738,0
80.65,battery6,geekbench_cpu,4.814,2.685,0.000,6.035,22.570,49.0,1005,0
81.15,battery6,geekbench_cpu,4.784,2.665,0.000,6.035,22.570,49.0,926,0
81.66,battery6,geekbench_cpu,4.758,2.670,0.000,6.035,22.570,48.0,962,0
82.16,battery6,geekbench_cpu,4.718,2.625,0.000,6.035,22.570,48.0,729,0
82.67,battery6,geekbench_cpu,4.714,2.661,0.000,6.040,22.560,50.0,930,0
83.17,battery6,geekbench_cpu,2.553,1.203,0.000,6.040,22.560,50.0,1224,0
83.68,battery6,geekbench_cpu,0.389,0.033,0.000,6.040,22.560,41.0,697,0
84.19,battery6,geekbench_cpu,0.456,0.014,0.000,6.040,22.560,41.0,1104,0
84.70,battery6,geekbench_cpu,0.590,0.093,0.000,6.070,22.560,41.0,863,0
85.21,battery6,geekbench_cpu,0.416,0.022,0.000,6.070,22.560,41.0,995,0
85.71,battery6,geekbench_cpu,0.488,0.040,0.000,6.070,22.560,41.0,992,0
86.22,battery6,geekbench_cpu,0.453,0.039,0.000,6.070,22.560,41.0,656,0
86.73,battery6,geekbench_cpu,0.480,0.029,0.000,6.069,22.560,41.0,689,0
87.24,battery6,geekbench_cpu,0.367,0.017,0.000,6.069,22.560,41.0,642,0
87.75,battery6,geekbench_cpu,0.715,0.204,0.000,6.069,22.560,42.0,1142,0
88.25,battery6,geekbench_cpu,3.664,1.948,0.001,6.069,22.560,42.0,942,0
88.76,battery6,geekbench_cpu,4.685,2.970,0.001,6.069,22.560,48.0,952,0
89.27,battery6,geekbench_cpu,5.320,3.079,0.000,6.069,22.560,48.0,942,0
89.78,battery6,geekbench_cpu,4.984,3.091,0.001,6.037,22.550,49.0,948,0
90.28,battery6,geekbench_cpu,5.034,2.982,0.000,6.037,22.550,49.0,994,0
90.79,battery6,geekbench_cpu,5.265,3.135,0.000,6.037,22.550,50.0,974,0
91.29,battery6,geekbench_cpu,4.612,2.912,0.001,6.037,22.550,50.0,732,0
91.80,battery6,geekbench_cpu,5.459,3.184,0.000,6.032,22.550,49.0,958,0
92.30,battery6,geekbench_cpu,4.753,2.945,0.000,6.032,22.550,49.0,923,0
92.81,battery6,geekbench_cpu,1.326,0.565,0.000,6.032,22.550,41.0,698,0
93.32,battery6,geekbench_cpu,0.372,0.021,0.000,6.032,22.550,41.0,1038,0
93.82,battery6,geekbench_cpu,0.651,0.076,0.000,6.069,22.540,41.0,694,0
94.33,battery6,geekbench_cpu,0.402,0.023,0.000,6.069,22.540,41.0,595,0
94.84,battery6,geekbench_cpu,0.570,0.049,0.000,6.069,22.540,41.0,782,0
95.35,battery6,geekbench_cpu,0.656,0.055,0.000,6.069,22.540,41.0,666,0
95.85,battery6,geekbench_cpu,0.587,0.083,0.000,6.068,22.540,41.0,660,0
96.36,battery6,geekbench_cpu,0.469,0.031,0.000,6.068,22.540,41.0,949,0
96.87,battery6,geekbench_cpu,0.537,0.037,0.000,6.068,22.540,41.0,662,0
97.38,battery6,geekbench_cpu,0.425,0.033,0.000,6.068,22.540,41.0,1141,0
97.89,battery6,geekbench_cpu,4.229,2.879,0.003,6.057,22.540,48.0,1291,0
98.39,battery6,geekbench_cpu,4.024,2.852,0.000,6.057,22.540,48.0,970,0
98.90,battery6,geekbench_cpu,4.034,2.881,0.001,6.057,22.540,48.0,1002,0
99.41,battery6,geekbench_cpu,4.048,2.838,0.000,6.057,22.540,48.0,995,0
99.91,battery6,geekbench_cpu,4.035,2.826,0.000,6.057,22.540,47.0,964,0
100.42,battery6,geekbench_cpu,4.229,2.994,0.000,6.057,22.540,47.0,753,0
100.92,battery6,geekbench_cpu,4.127,2.843,0.000,6.039,22.530,48.0,938,0
101.43,battery6,geekbench_cpu,4.039,2.865,0.000,6.039,22.530,48.0,713,0
101.93,battery6,geekbench_cpu,1.952,1.124,0.000,6.039,22.530,42.0,710,0
102.44,battery6,geekbench_cpu,0.380,0.028,0.000,6.039,22.530,42.0,635,0
102.95,battery6,geekbench_cpu,0.513,0.053,0.000,6.067,22.530,41.0,712,0
103.45,battery6,geekbench_cpu,0.429,0.026,0.000,6.067,22.530,41.0,562,0
103.96,battery6,geekbench_cpu,0.673,0.119,0.000,6.067,22.530,41.0,983,0
104.47,battery6,geekbench_cpu,0.483,0.038,0.000,6.067,22.530,41.0,660,0
104.98,battery6,geekbench_cpu,0.518,0.041,0.000,6.065,22.520,41.0,830,0
105.49,battery6,geekbench_cpu,0.420,0.039,0.000,6.065,22.520,41.0,654,0
106.00,battery6,geekbench_cpu,0.530,0.055,0.000,6.065,22.520,40.0,757,0
106.50,battery6,geekbench_cpu,0.554,0.022,0.000,6.065,22.520,40.0,563,0
107.01,battery6,geekbench_cpu,2.210,1.184,0.001,6.068,22.520,47.0,1300,0
107.52,battery6,geekbench_cpu,4.488,3.242,0.001,6.068,22.520,47.0,1566,0
108.03,battery6,geekbench_cpu,5.551,4.215,0.003,6.068,22.520,47.0,1343,0
108.53,battery6,geekbench_cpu,3.829,2.508,0.001,6.068,22.520,47.0,938,0
109.04,battery6,geekbench_cpu,4.893,3.730,0.002,6.041,22.520,47.0,1764,0
109.54,battery6,geekbench_cpu,4.115,2.815,0.000,6.041,22.520,47.0,735,0
110.05,battery6,geekbench_cpu,4.580,3.434,0.000,6.041,22.520,47.0,1813,0
110.56,battery6,geekbench_cpu,4.397,2.982,0.001,6.041,22.520,47.0,951,0
111.07,battery6,geekbench_cpu,4.389,3.224,0.000,6.041,22.520,47.0,1424,0
111.57,battery6,geekbench_cpu,4.578,3.416,0.000,6.041,22.520,47.0,918,0
112.08,battery6,geekbench_cpu,3.919,2.669,0.000,6.037,22.510,47.0,1293,0
112.59,battery6,geekbench_cpu,4.717,3.642,0.000,6.037,22.510,47.0,1260,0
113.09,battery6,geekbench_cpu,1.636,0.920,0.000,6.037,22.510,41.0,672,0
113.60,battery6,geekbench_cpu,0.394,0.026,0.000,6.037,22.510,41.0,1516,0
114.11,battery6,geekbench_cpu,0.543,0.055,0.000,6.063,22.510,41.0,635,0
114.62,battery6,geekbench_cpu,0.424,0.039,0.000,6.063,22.510,41.0,1330,0
115.13,battery6,geekbench_cpu,0.838,0.057,0.000,6.063,22.510,41.0,901,0
115.63,battery6,geekbench_cpu,0.421,0.047,0.000,6.063,22.510,41.0,895,0
116.15,battery6,geekbench_cpu,0.503,0.046,0.000,6.068,22.500,41.0,489,0
116.65,battery6,geekbench_cpu,0.471,0.038,0.000,6.068,22.500,41.0,679,0
117.16,battery6,geekbench_cpu,0.353,0.018,0.000,6.068,22.500,40.0,810,0
117.67,battery6,geekbench_cpu,0.470,0.068,0.000,6.068,22.500,40.0,1359,0
118.18,battery6,geekbench_cpu,3.746,2.512,0.001,6.068,22.500,44.0,1200,0
118.68,battery6,geekbench_cpu,4.084,3.000,0.001,6.068,22.500,44.0,1221,0
119.19,battery6,geekbench_cpu,3.881,2.809,0.001,6.068,22.500,45.0,1182,0
119.70,battery6,geekbench_cpu,4.071,2.941,0.002,6.068,22.500,45.0,1060,0
120.21,battery6,geekbench_cpu,4.996,3.592,0.001,6.038,22.500,45.0,1463,0
120.72,battery6,geekbench_cpu,4.123,2.831,0.000,6.038,22.500,45.0,1488,0
121.24,battery6,geekbench_cpu,3.893,2.848,0.000,6.038,22.500,45.0,1216,0
121.75,battery6,geekbench_cpu,3.955,2.866,0.000,6.038,22.500,45.0,1250,0
122.26,battery6,geekbench_cpu,4.027,2.922,0.000,6.038,22.500,45.0,1439,0
122.77,battery6,geekbench_cpu,4.171,2.921,0.000,6.038,22.500,45.0,1194,0
123.28,battery6,geekbench_cpu,3.966,2.919,0.000,6.039,22.490,45.0,1183,0
123.78,battery6,geekbench_cpu,3.934,2.798,0.000,6.039,22.490,45.0,1468,0
124.29,battery6,geekbench_cpu,3.954,2.856,0.000,6.039,22.490,45.0,1384,0
124.80,battery6,geekbench_cpu,4.185,2.978,0.000,6.039,22.490,45.0,1233,0
125.31,battery6,geekbench_cpu,4.003,2.884,0.000,6.039,22.490,45.0,1249,0
125.82,battery6,geekbench_cpu,4.083,2.908,0.000,6.039,22.490,45.0,1237,0
126.33,battery6,geekbench_cpu,4.056,2.907,0.000,6.039,22.490,45.0,1226,0
126.83,battery6,geekbench_cpu,4.108,2.955,0.000,6.039,22.490,45.0,1070,0
127.34,battery6,geekbench_cpu,4.031,2.954,0.000,6.034,22.480,45.0,1828,0
127.85,battery6,geekbench_cpu,5.160,3.517,0.000,6.034,22.480,45.0,1197,0
128.36,battery6,geekbench_cpu,4.220,2.985,0.000,6.034,22.480,46.0,1216,0
128.87,battery6,geekbench_cpu,3.948,2.862,0.000,6.034,22.480,46.0,935,0
129.38,battery6,geekbench_cpu,4.072,2.922,0.000,6.037,22.480,46.0,1505,0
129.88,battery6,geekbench_cpu,3.043,2.111,0.000,6.037,22.480,46.0,927,0
130.40,battery6,geekbench_cpu,0.392,0.017,0.000,6.037,22.480,42.0,1160,0
130.90,battery6,geekbench_cpu,0.402,0.021,0.000,6.037,22.480,42.0,1225,0
131.42,battery6,geekbench_cpu,0.602,0.016,0.000,6.059,22.470,41.0,1221,0
131.92,battery6,geekbench_cpu,0.441,0.039,0.000,6.059,22.470,41.0,1006,0
132.43,battery6,geekbench_cpu,0.353,0.013,0.000,6.059,22.470,41.0,850,0
132.94,battery6,geekbench_cpu,0.428,0.033,0.000,6.059,22.470,41.0,860,0
133.46,battery6,geekbench_cpu,0.348,0.011,0.000,6.059,22.470,41.0,655,0
133.96,battery6,geekbench_cpu,0.446,0.024,0.000,6.059,22.470,41.0,787,0
134.48,battery6,geekbench_cpu,0.553,0.020,0.000,6.067,22.470,41.0,991,0
134.98,battery6,geekbench_cpu,2.010,1.033,0.000,6.067,22.470,41.0,982,0
135.50,battery6,geekbench_cpu,5.131,3.393,0.000,6.067,22.470,49.0,912,0
136.00,battery6,geekbench_cpu,5.533,3.549,0.000,6.067,22.470,49.0,913,0
136.51,battery6,geekbench_cpu,4.612,2.978,0.000,6.029,22.470,42.0,1220,0
137.02,battery6,geekbench_cpu,0.722,0.072,0.001,6.029,22.470,42.0,727,0
137.53,battery6,geekbench_cpu,0.418,0.025,0.001,6.029,22.470,41.0,1009,0
138.04,battery6,geekbench_cpu,1.226,0.450,0.001,6.029,22.470,41.0,664,0
138.55,battery6,geekbench_cpu,0.393,0.020,0.000,6.048,22.460,41.0,735,0
139.06,battery6,geekbench_cpu,0.511,0.028,0.000,6.048,22.460,41.0,647,0
139.57,battery6,geekbench_cpu,0.507,0.020,0.000,6.048,22.460,41.0,971,0
140.08,battery6,geekbench_cpu,0.428,0.020,0.000,6.048,22.460,41.0,766,0
140.59,battery6,geekbench_cpu,0.384,0.021,0.000,6.064,22.460,41.0,708,0
141.10,battery6,geekbench_cpu,0.530,0.023,0.000,6.064,22.460,41.0,688,0
141.61,battery6,geekbench_cpu,1.325,0.578,0.002,6.064,22.460,47.0,905,0
142.12,battery6,geekbench_cpu,4.841,3.206,0.002,6.064,22.460,47.0,905,0
142.63,battery6,geekbench_cpu,4.990,3.282,0.002,6.029,22.460,49.0,909,0
143.13,battery6,geekbench_cpu,4.964,3.319,0.000,6.029,22.460,49.0,1102,0
143.64,battery6,geekbench_cpu,4.885,3.307,0.001,6.029,22.460,49.0,920,0
144.15,battery6,geekbench_cpu,4.938,3.325,0.002,6.029,22.460,49.0,919,0
144.65,battery6,geekbench_cpu,4.877,3.308,0.001,6.029,22.460,49.0,921,0
145.16,battery6,geekbench_cpu,4.931,3.303,0.001,6.029,22.460,49.0,915,0
145.67,battery6,geekbench_cpu,4.835,3.270,0.000,6.029,22.450,49.0,734,0
146.17,battery6,geekbench_cpu,4.863,3.269,0.000,6.029,22.450,49.0,925,0
146.68,battery6,geekbench_cpu,4.901,3.287,0.000,6.029,22.450,49.0,1123,0
147.19,battery6,geekbench_cpu,4.819,3.245,0.000,6.029,22.450,49.0,905,0
147.70,battery6,geekbench_cpu,1.317,0.648,0.000,6.031,22.450,42.0,1356,0
148.20,battery6,geekbench_cpu,1.189,0.339,0.000,6.031,22.450,42.0,1169,0
148.71,battery6,geekbench_cpu,0.567,0.028,0.000,6.031,22.450,41.0,1045,0
149.22,battery6,geekbench_cpu,0.635,0.045,0.000,6.031,22.450,41.0,755,0
149.73,battery6,geekbench_cpu,0.450,0.070,0.000,6.060,22.440,41.0,1069,0
150.24,battery6,geekbench_cpu,0.463,0.020,0.000,6.060,22.440,41.0,803,0
150.75,battery6,geekbench_cpu,0.351,0.019,0.000,6.060,22.440,41.0,942,0
151.26,battery6,geekbench_cpu,0.356,0.014,0.000,6.060,22.440,41.0,709,0
151.77,battery6,geekbench_cpu,0.557,0.020,0.000,6.065,22.440,41.0,1043,0
152.27,battery6,geekbench_cpu,0.377,0.016,0.000,6.065,22.440,41.0,854,0
152.78,battery6,geekbench_cpu,3.249,1.860,0.000,6.065,22.440,46.0,1468,0
153.29,battery6,geekbench_cpu,4.949,2.699,0.001,6.065,22.440,46.0,1223,0
153.80,battery6,geekbench_cpu,4.709,2.717,0.002,6.030,22.430,46.0,1253,0
154.30,battery6,geekbench_cpu,5.047,2.562,0.000,6.030,22.430,46.0,1429,0
154.81,battery6,geekbench_cpu,5.028,2.656,0.000,6.030,22.430,46.0,1070,0
155.31,battery6,geekbench_cpu,4.940,2.708,0.000,6.030,22.430,46.0,1564,0
155.82,battery6,geekbench_cpu,4.975,2.722,0.000,6.030,22.430,50.0,1282,0
156.33,battery6,geekbench_cpu,5.117,2.564,0.000,6.030,22.430,50.0,968,0
156.84,battery6,geekbench_cpu,0.484,0.035,0.000,6.029,22.430,41.0,1102,0
157.34,battery6,geekbench_cpu,0.407,0.025,0.000,6.029,22.430,41.0,611,0
157.85,battery6,geekbench_cpu,1.067,0.368,0.000,6.029,22.430,41.0,1054,0
158.36,battery6,geekbench_cpu,0.453,0.025,0.000,6.029,22.430,41.0,1087,0
158.87,battery6,geekbench_cpu,0.358,0.022,0.000,6.054,22.430,41.0,642,0
159.37,battery6,geekbench_cpu,0.400,0.023,0.000,6.054,22.430,41.0,722,0
159.88,battery6,geekbench_cpu,0.558,0.030,0.000,6.054,22.430,40.0,657,0
160.39,battery6,geekbench_cpu,0.467,0.042,0.000,6.054,22.430,40.0,976,0
160.90,battery6,geekbench_cpu,0.448,0.044,0.000,6.065,22.420,40.0,667,0
161.41,battery6,geekbench_cpu,0.716,0.187,0.002,6.065,22.420,40.0,950,0
161.92,battery6,geekbench_cpu,4.003,2.666,0.002,6.065,22.420,47.0,1586,0
162.42,battery6,geekbench_cpu,3.949,2.773,0.000,6.065,22.420,47.0,897,0
162.93,battery6,geekbench_cpu,5.304,2.610,0.001,6.036,22.420,47.0,1330,0
163.43,battery6,geekbench_cpu,5.411,2.700,0.001,6.036,22.420,47.0,723,0
163.94,battery6,geekbench_cpu,5.449,2.755,0.000,6.036,22.420,47.0,1154,0
164.44,battery6,geekbench_cpu,4.758,2.673,0.000,6.036,22.420,47.0,717,0
164.95,battery6,geekbench_cpu,4.102,2.795,0.000,6.033,22.410,48.0,957,0
165.45,battery6,geekbench_cpu,5.072,2.701,0.000,6.033,22.410,48.0,714,0
165.96,battery6,geekbench_cpu,5.371,2.685,0.000,6.033,22.410,47.0,943,0
166.46,battery6,geekbench_cpu,6.316,3.118,0.000,6.033,22.410,47.0,1480,0
166.97,battery6,geekbench_cpu,5.478,2.854,0.000,6.033,22.410,48.0,1429,0
167.47,battery6,geekbench_cpu,3.974,2.732,0.000,6.033,22.410,48.0,908,0
167.98,battery6,geekbench_cpu,5.215,3.129,0.000,6.020,22.410,48.0,1257,0
168.49,battery6,geekbench_cpu,5.517,2.752,0.000,6.020,22.410,48.0,1078,0
168.99,battery6,geekbench_cpu,5.438,2.705,0.000,6.020,22.410,48.0,731,0
169.50,battery6,geekbench_cpu,5.772,2.939,0.000,6.020,22.410,48.0,1623,0
170.00,battery6,geekbench_cpu,4.787,2.980,0.000,6.024,22.400,48.0,955,0
170.51,battery6,geekbench_cpu,3.859,2.705,0.000,6.024,22.400,48.0,737,0
171.02,battery6,geekbench_cpu,5.500,2.664,0.000,6.024,22.400,48.0,976,0
171.52,battery6,geekbench_cpu,5.364,2.678,0.000,6.024,22.400,48.0,1378,0
172.03,battery6,geekbench_cpu,5.368,2.674,0.000,6.025,22.400,48.0,994,0
172.53,battery6,geekbench_cpu,4.549,2.663,0.000,6.025,22.400,48.0,1582,0
173.04,battery6,geekbench_cpu,4.029,2.752,0.000,6.025,22.400,48.0,1149,0
173.54,battery6,geekbench_cpu,5.053,2.643,0.000,6.025,22.400,48.0,1687,0
174.05,battery6,geekbench_cpu,5.407,2.690,0.001,6.028,22.390,48.0,984,0
174.55,battery6,geekbench_cpu,5.342,2.656,0.000,6.028,22.390,48.0,1123,0
175.06,battery6,geekbench_cpu,4.388,2.127,0.000,6.028,22.390,43.0,864,0
175.57,battery6,geekbench_cpu,0.321,0.015,0.000,6.028,22.390,43.0,567,0
176.07,battery6,geekbench_cpu,0.448,0.028,0.000,6.059,22.380,42.0,644,0
176.58,battery6,geekbench_cpu,0.460,0.015,0.000,6.059,22.380,42.0,810,0
177.09,battery6,geekbench_cpu,0.380,0.023,0.000,6.059,22.380,41.0,712,0
177.60,battery6,geekbench_cpu,0.415,0.041,0.000,6.059,22.380,41.0,752,0
178.11,battery6,geekbench_cpu,1.136,0.382,0.000,6.059,22.380,41.0,642,0
178.61,battery6,geekbench_cpu,0.575,0.048,0.000,6.059,22.380,41.0,979,0
179.12,battery6,geekbench_cpu,0.424,0.024,0.000,6.057,22.380,41.0,568,0
179.63,battery6,geekbench_cpu,0.395,0.024,0.000,6.057,22.380,41.0,1072,0
180.14,battery6,geekbench_cpu,1.353,0.640,0.002,6.057,22.380,46.0,936,0
180.65,battery6,geekbench_cpu,5.593,2.999,0.001,6.057,22.380,46.0,1362,0
181.15,battery6,geekbench_cpu,4.685,3.042,0.000,6.045,22.380,48.0,1374,0
181.66,battery6,geekbench_cpu,4.352,2.733,0.001,6.045,22.380,48.0,919,0
182.17,battery6,geekbench_cpu,5.323,3.062,0.002,6.045,22.380,48.0,954,0
182.67,battery6,geekbench_cpu,4.169,2.767,0.000,6.045,22.380,48.0,732,0
183.18,battery6,geekbench_cpu,5.485,3.078,0.001,6.029,22.380,51.0,911,0
183.68,battery6,geekbench_cpu,4.451,2.785,0.001,6.029,22.380,51.0,1218,0
184.19,battery6,geekbench_cpu,5.263,2.945,0.000,6.029,22.380,51.0,1093,0
184.69,battery6,geekbench_cpu,4.456,2.828,0.000,6.029,22.380,51.0,1105,0
185.20,battery6,geekbench_cpu,5.339,2.886,0.000,6.033,22.370,51.0,997,0
185.70,battery6,geekbench_cpu,4.651,2.951,0.000,6.033,22.370,51.0,1089,0
186.21,battery6,geekbench_cpu,1.961,1.079,0.000,6.033,22.370,42.0,948,0
186.71,battery6,geekbench_cpu,0.388,0.024,0.000,6.033,22.370,42.0,1183,0
187.22,battery6,geekbench_cpu,0.606,0.035,0.000,6.060,22.360,42.0,1025,0
187.73,battery6,geekbench_cpu,0.729,0.201,0.000,6.060,22.360,42.0,1350,0
188.24,battery6,geekbench_cpu,0.915,0.245,0.000,6.060,22.360,42.0,562,0
188.74,battery6,geekbench_cpu,0.648,0.109,0.000,6.060,22.360,42.0,648,0
189.25,battery6,geekbench_cpu,0.442,0.024,0.000,6.060,22.360,41.0,665,0
189.76,battery6,geekbench_cpu,0.580,0.069,0.000,6.060,22.360,41.0,586,0
190.27,battery6,geekbench_cpu,0.482,0.027,0.000,6.058,22.360,41.0,637,0
190.78,battery6,geekbench_cpu,0.549,0.033,0.000,6.058,22.360,41.0,1225,0
191.29,battery6,geekbench_cpu,2.885,1.633,0.000,6.058,22.360,48.0,993,0
191.79,battery6,geekbench_cpu,4.307,2.585,0.001,6.058,22.360,48.0,908,0
192.30,battery6,geekbench_cpu,5.476,2.656,0.002,6.038,22.360,46.0,738,0
192.80,battery6,geekbench_cpu,5.725,2.841,0.000,6.038,22.360,46.0,706,0
193.31,battery6,geekbench_cpu,5.879,2.864,0.000,6.038,22.360,48.0,1812,0
193.82,battery6,geekbench_cpu,5.815,2.858,0.000,6.038,22.360,48.0,949,0
194.32,battery6,geekbench_cpu,5.911,2.936,0.001,6.019,22.350,50.0,958,0
194.82,battery6,geekbench_cpu,0.799,0.170,0.000,6.019,22.350,50.0,558,0
195.33,battery6,geekbench_cpu,0.447,0.037,0.000,6.019,22.350,42.0,783,0
195.84,battery6,geekbench_cpu,0.518,0.039,0.000,6.019,22.350,42.0,629,0
196.35,battery6,geekbench_cpu,0.459,0.021,0.000,6.062,22.350,42.0,826,0
196.86,battery6,geekbench_cpu,0.762,0.096,0.000,6.062,22.350,42.0,815,0
197.36,battery6,geekbench_cpu,0.420,0.021,0.000,6.062,22.350,41.0,990,0
197.87,battery6,geekbench_cpu,1.395,0.437,0.000,6.062,22.350,41.0,719,0
198.38,battery6,geekbench_cpu,0.378,0.020,0.000,6.057,22.350,41.0,950,0
198.88,battery6,geekbench_cpu,0.906,0.243,0.000,6.057,22.350,41.0,515,0
199.39,battery6,geekbench_cpu,0.664,0.100,0.000,6.057,22.350,42.0,633,0
199.90,battery6,geekbench_cpu,4.258,2.621,0.000,6.057,22.350,42.0,1077,0
200.41,battery6,geekbench_cpu,5.188,3.291,0.000,6.057,22.350,48.0,735,0
200.91,battery6,geekbench_cpu,4.070,2.753,0.001,6.057,22.350,48.0,718,0
201.42,battery6,geekbench_cpu,3.874,2.692,0.000,6.031,22.340,48.0,1080,0
201.92,battery6,geekbench_cpu,3.980,2.783,0.001,6.031,22.340,48.0,910,0
202.43,battery6,geekbench_cpu,3.754,2.664,0.000,6.031,22.340,48.0,1032,0
202.93,battery6,geekbench_cpu,3.904,2.747,0.000,6.031,22.340,48.0,710,0
203.44,battery6,geekbench_cpu,4.087,2.669,0.000,6.036,22.340,48.0,1105,0
203.94,battery6,geekbench_cpu,1.239,0.404,0.000,6.036,22.340,48.0,1067,0
204.45,battery6,geekbench_cpu,0.372,0.017,0.000,6.036,22.340,41.0,672,0
204.96,battery6,geekbench_cpu,0.568,0.047,0.000,6.036,22.340,41.0,1070,0
205.47,battery6,geekbench_cpu,0.346,0.014,0.000,6.061,22.330,41.0,1056,0
205.98,battery6,geekbench_cpu,0.388,0.033,0.000,6.061,22.330,41.0,974,0
206.48,battery6,geekbench_cpu,0.345,0.014,0.000,6.061,22.330,41.0,577,0
206.99,battery6,geekbench_cpu,0.532,0.037,0.000,6.061,22.330,41.0,626,0
207.50,battery6,geekbench_cpu,0.391,0.016,0.000,6.061,22.330,41.0,636,0
208.01,battery6,geekbench_cpu,1.243,0.434,0.000,6.061,22.330,41.0,785,0
208.52,battery6,geekbench_cpu,0.533,0.037,0.000,6.061,22.330,42.0,1317,0
209.02,battery6,geekbench_cpu,4.819,2.659,0.002,6.061,22.330,42.0,1161,0
209.53,battery6,geekbench_cpu,5.911,3.272,0.001,6.025,22.330,49.0,1145,0
210.03,battery6,geekbench_cpu,5.755,3.298,0.002,6.025,22.330,49.0,1286,0
210.54,battery6,geekbench_cpu,5.567,3.172,0.002,6.025,22.330,49.0,942,0
211.05,battery6,geekbench_cpu,5.795,3.262,0.000,6.025,22.330,49.0,947,0
211.55,battery6,geekbench_cpu,5.675,3.175,0.001,6.025,22.330,48.0,1380,0
212.06,battery6,geekbench_cpu,5.714,3.236,0.000,6.025,22.330,48.0,1483,0
212.57,battery6,geekbench_cpu,5.637,3.184,0.000,6.015,22.320,50.0,955,0
213.07,battery6,geekbench_cpu,5.908,3.356,0.000,6.015,22.320,50.0,1096,0
213.58,battery6,geekbench_cpu,3.605,2.009,0.000,6.015,22.320,42.0,677,0
214.08,battery6,geekbench_cpu,0.470,0.045,0.000,6.015,22.320,42.0,935,0
214.59,battery6,geekbench_cpu,0.374,0.017,0.000,6.054,22.320,41.0,580,0
215.09,battery6,geekbench_cpu,0.470,0.039,0.000,6.054,22.320,41.0,1010,0
215.61,battery6,geekbench_cpu,0.653,0.049,0.000,6.054,22.320,41.0,664,0
216.11,battery6,geekbench_cpu,0.487,0.042,0.000,6.054,22.320,41.0,836,0
216.62,battery6,geekbench_cpu,0.396,0.025,0.000,6.061,22.310,41.0,1285,0
217.12,battery6,geekbench_cpu,0.633,0.037,0.000,6.061,22.310,41.0,656,0
217.63,battery6,geekbench_cpu,0.387,0.029,0.000,6.061,22.310,41.0,761,0
218.14,battery6,geekbench_cpu,1.220,0.374,0.000,6.061,22.310,41.0,1250,0
218.65,battery6,geekbench_cpu,2.668,1.177,0.001,6.056,22.310,47.0,2610,0
219.16,battery6,geekbench_cpu,7.386,4.471,0.001,6.056,22.310,47.0,1564,0
219.67,battery6,geekbench_cpu,5.762,3.050,0.000,6.056,22.310,43.0,1644,0
220.17,battery6,geekbench_cpu,6.224,3.677,0.000,6.056,22.310,43.0,1599,0
220.68,battery6,geekbench_cpu,6.024,3.414,0.000,6.012,22.300,43.0,1291,0
221.19,battery6,geekbench_cpu,5.245,2.916,0.000,6.012,22.300,43.0,2000,0
221.70,battery6,geekbench_cpu,6.762,3.961,0.000,6.012,22.300,44.0,1183,0
222.21,battery6,geekbench_cpu,5.963,3.363,0.000,6.012,22.300,44.0,1185,0
222.72,battery6,geekbench_cpu,4.713,2.656,0.000,6.012,22.300,44.0,1084,0
223.22,battery6,geekbench_cpu,7.175,4.222,0.000,6.012,22.300,44.0,1383,0
223.73,battery6,geekbench_cpu,5.999,3.338,0.000,6.025,22.300,44.0,1312,0
224.24,battery6,geekbench_cpu,5.336,3.086,0.000,6.025,22.300,44.0,1892,0
224.75,battery6,geekbench_cpu,6.629,3.891,0.000,6.025,22.300,44.0,1132,0
225.26,battery6,geekbench_cpu,5.518,3.050,0.000,6.025,22.300,44.0,1272,0
225.77,battery6,geekbench_cpu,2.087,0.863,0.000,6.013,22.290,42.0,691,0
226.28,battery6,geekbench_cpu,0.510,0.028,0.000,6.013,22.290,42.0,872,0
226.79,battery6,geekbench_cpu,0.383,0.022,0.000,6.013,22.290,42.0,852,0
227.30,battery6,geekbench_cpu,0.421,0.022,0.000,6.013,22.290,42.0,1083,0
227.81,battery6,geekbench_cpu,1.112,0.403,0.000,6.057,22.290,44.0,1598,0
228.32,battery6,geekbench_cpu,0.708,0.068,0.000,6.057,22.290,44.0,1108,0
228.83,battery6,geekbench_cpu,0.387,0.033,0.000,6.057,22.290,41.0,700,0
229.34,battery6,geekbench_cpu,0.576,0.075,0.000,6.057,22.290,41.0,1176,0
229.85,battery6,geekbench_cpu,0.345,0.026,0.000,6.058,22.280,41.0,1129,0
230.36,battery6,geekbench_cpu,0.441,0.028,0.000,6.058,22.280,41.0,1053,0
230.87,battery6,geekbench_cpu,4.117,2.447,0.001,6.058,22.280,48.0,2275,0
231.38,battery6,geekbench_cpu,6.500,4.389,0.001,6.058,22.280,48.0,1550,0
231.88,battery6,geekbench_cpu,6.015,3.929,0.001,6.016,22.280,44.0,1600,0
232.39,battery6,geekbench_cpu,5.747,3.807,0.000,6.016,22.280,44.0,1118,0
232.90,battery6,geekbench_cpu,6.279,4.157,0.001,6.016,22.280,44.0,1600,0
233.40,battery6,geekbench_cpu,5.751,3.853,0.000,6.016,22.280,44.0,1613,0
233.91,battery6,geekbench_cpu,6.139,3.978,0.002,6.016,22.280,45.0,1438,0
234.42,battery6,geekbench_cpu,5.919,3.964,0.000,6.016,22.280,45.0,1600,0
234.93,battery6,geekbench_cpu,5.468,3.539,0.000,6.008,22.270,45.0,965,0
235.44,battery6,geekbench_cpu,0.856,0.165,0.000,6.008,22.270,45.0,656,0
235.94,battery6,geekbench_cpu,0.421,0.022,0.000,6.008,22.270,42.0,1167,0
236.45,battery6,geekbench_cpu,0.353,0.015,0.000,6.008,22.270,42.0,1225,0
236.96,battery6,geekbench_cpu,0.362,0.019,0.000,6.057,22.270,41.0,891,0
237.47,battery6,geekbench_cpu,0.465,0.051,0.000,6.057,22.270,41.0,1064,0
237.98,battery6,geekbench_cpu,1.179,0.411,0.000,6.057,22.270,42.0,1191,0
238.49,battery6,geekbench_cpu,0.527,0.050,0.000,6.057,22.270,42.0,990,0
239.00,battery6,geekbench_cpu,0.497,0.031,0.000,6.059,22.270,41.0,1037,0
239.51,battery6,geekbench_cpu,0.496,0.028,0.000,6.059,22.270,41.0,656,0
240.02,battery6,geekbench_cpu,0.677,0.184,0.001,6.059,22.270,42.0,1555,0
240.53,battery6,geekbench_cpu,7.191,4.505,0.001,6.059,22.270,42.0,866,0
241.04,battery6,geekbench_cpu,6.677,3.997,0.002,6.017,22.260,44.0,953,0
241.55,battery6,geekbench_cpu,5.831,3.527,0.001,6.017,22.260,44.0,942,0
242.06,battery6,geekbench_cpu,4.965,2.849,0.000,6.017,22.260,45.0,1165,0
242.57,battery6,geekbench_cpu,0.696,0.087,0.000,6.017,22.260,45.0,583,0
243.07,battery6,geekbench_cpu,0.433,0.027,0.000,6.057,22.260,42.0,656,0
243.58,battery6,geekbench_cpu,0.339,0.016,0.000,6.057,22.260,42.0,635,0
244.09,battery6,geekbench_cpu,0.461,0.030,0.000,6.057,22.260,41.0,672,0
244.60,battery6,geekbench_cpu,0.305,0.013,0.000,6.057,22.260,41.0,657,0
245.10,battery6,geekbench_cpu,0.422,0.027,0.000,6.059,22.260,41.0,602,0
245.61,battery6,geekbench_cpu,0.387,0.019,0.000,6.059,22.260,41.0,1312,0
246.12,battery6,geekbench_cpu,0.580,0.075,0.000,6.059,22.260,41.0,821,0
246.63,battery6,geekbench_cpu,0.463,0.019,0.000,6.059,22.260,41.0,914,0
247.14,battery6,geekbench_cpu,1.060,0.505,0.001,6.059,22.260,43.0,1572,0
247.64,battery6,geekbench_cpu,7.881,5.450,0.000,6.059,22.260,43.0,1189,0
248.15,battery6,geekbench_cpu,5.456,3.468,0.001,6.058,22.250,43.0,965,0
248.66,battery6,geekbench_cpu,6.411,4.109,0.002,6.058,22.250,43.0,1493,0
249.16,battery6,geekbench_cpu,6.044,4.062,0.000,6.058,22.250,44.0,1089,0
249.67,battery6,geekbench_cpu,4.969,2.889,0.000,6.058,22.250,44.0,999,0
250.18,battery6,geekbench_cpu,6.959,4.752,0.000,6.015,22.250,45.0,1291,0
250.69,battery6,geekbench_cpu,5.706,3.557,0.000,6.015,22.250,45.0,1596,0
251.20,battery6,geekbench_cpu,6.245,4.271,0.000,6.015,22.250,45.0,1239,0
251.70,battery6,geekbench_cpu,5.717,3.643,0.000,6.015,22.250,45.0,966,0
252.21,battery6,geekbench_cpu,6.219,3.888,0.000,6.013,22.240,45.0,1277,0
252.72,battery6,geekbench_cpu,5.877,3.917,0.000,6.013,22.240,45.0,1427,0
253.23,battery6,geekbench_cpu,4.322,2.403,0.000,6.013,22.240,43.0,778,0
253.74,battery6,geekbench_cpu,0.418,0.021,0.000,6.013,22.240,43.0,557,0
254.25,battery6,geekbench_cpu,0.381,0.016,0.000,6.055,22.230,42.0,913,0
254.76,battery6,geekbench_cpu,0.391,0.018,0.000,6.055,22.230,42.0,656,0
255.27,battery6,geekbench_cpu,0.554,0.071,0.000,6.055,22.230,42.0,721,0
255.78,battery6,geekbench_cpu,0.401,0.018,0.000,6.055,22.230,42.0,920,0
256.29,battery6,geekbench_cpu,0.431,0.020,0.000,6.057,22.230,41.0,1193,0
256.80,battery6,geekbench_cpu,0.368,0.019,0.000,6.057,22.230,41.0,675,0
257.31,battery6,geekbench_cpu,0.435,0.023,0.000,6.057,22.230,41.0,788,0
257.82,battery6,geekbench_cpu,1.250,0.362,0.000,6.057,22.230,41.0,1224,0
258.33,battery6,geekbench_cpu,1.677,0.688,0.001,6.057,22.230,47.0,902,0
258.84,battery6,geekbench_cpu,7.705,5.467,0.002,6.057,22.230,47.0,1278,0
259.35,battery6,geekbench_cpu,5.567,3.767,0.000,6.041,22.230,44.0,1694,0
259.86,battery6,geekbench_cpu,5.452,3.440,0.001,6.041,22.230,44.0,2153,0
260.37,battery6,geekbench_cpu,6.899,5.032,0.000,6.041,22.230,44.0,1212,0
260.87,battery6,geekbench_cpu,5.466,3.656,0.000,6.041,22.230,44.0,623,0
261.39,battery6,geekbench_cpu,6.532,4.450,0.000,6.020,22.220,45.0,1031,0
261.89,battery6,geekbench_cpu,5.799,3.975,0.000,6.020,22.220,45.0,1695,0
262.40,battery6,geekbench_cpu,5.357,3.454,0.000,6.020,22.220,46.0,1881,0
262.91,battery6,geekbench_cpu,6.708,4.855,0.000,6.020,22.220,46.0,1183,0
263.42,battery6,geekbench_cpu,5.390,3.519,0.000,6.007,22.220,45.0,663,0
263.93,battery6,geekbench_cpu,6.550,4.426,0.000,6.007,22.220,45.0,1259,0
264.43,battery6,geekbench_cpu,5.933,4.073,0.000,6.007,22.220,45.0,1223,0
264.94,battery6,geekbench_cpu,2.886,1.737,0.000,6.007,22.220,45.0,543,0
265.45,battery6,geekbench_cpu,0.427,0.024,0.000,6.042,22.210,42.0,888,0
265.96,battery6,geekbench_cpu,0.405,0.032,0.000,6.042,22.210,42.0,1200,0
266.47,battery6,geekbench_cpu,0.426,0.021,0.000,6.042,22.210,42.0,1032,0
266.98,battery6,geekbench_cpu,0.396,0.020,0.000,6.042,22.210,42.0,804,0
267.48,battery6,geekbench_cpu,0.552,0.102,0.000,6.057,22.210,42.0,1264,0
267.99,battery6,geekbench_cpu,1.256,0.385,0.000,6.057,22.210,42.0,1098,0
268.50,battery6,geekbench_cpu,0.517,0.031,0.000,6.057,22.210,42.0,572,0
269.01,battery6,geekbench_cpu,0.467,0.017,0.000,6.057,22.210,42.0,922,0
269.52,battery6,geekbench_cpu,0.430,0.026,0.000,6.057,22.210,42.0,720,0
270.02,battery6,geekbench_cpu,4.785,3.623,0.000,6.057,22.210,42.0,1888,0
270.53,battery6,geekbench_cpu,6.605,4.927,0.000,6.057,22.200,45.0,1383,0
271.04,battery6,geekbench_cpu,5.968,4.467,0.003,6.057,22.200,45.0,1381,0
271.55,battery6,geekbench_cpu,5.956,4.493,0.000,6.057,22.200,45.0,1368,0
272.05,battery6,geekbench_cpu,5.982,4.476,0.001,6.057,22.200,45.0,1373,0
272.56,battery6,geekbench_cpu,5.968,4.495,0.003,6.012,22.200,45.0,1393,0
273.07,battery6,geekbench_cpu,4.950,3.596,0.001,6.012,22.200,45.0,904,0
273.58,battery6,geekbench_cpu,7.002,5.372,0.000,6.012,22.200,45.0,1374,0
274.09,battery6,geekbench_cpu,5.959,4.527,0.000,6.012,22.200,45.0,1448,0
274.60,battery6,geekbench_cpu,5.984,4.430,0.000,6.011,22.190,45.0,1382,0
275.10,battery6,geekbench_cpu,5.965,4.421,0.000,6.011,22.190,45.0,1383,0
275.62,battery6,geekbench_cpu,5.965,4.505,0.000,6.011,22.190,45.0,1378,0
276.12,battery6,geekbench_cpu,5.937,4.439,0.000,6.011,22.190,45.0,1467,0
276.63,battery6,geekbench_cpu,5.777,4.363,0.000,6.011,22.190,45.0,1895,0
277.14,battery6,geekbench_cpu,6.191,4.642,0.000,6.011,22.190,45.0,1333,0
277.65,battery6,geekbench_cpu,5.970,4.572,0.000,6.011,22.190,45.0,1359,0
278.16,battery6,geekbench_cpu,5.978,4.423,0.000,6.011,22.190,45.0,1377,0
278.67,battery6,geekbench_cpu,5.967,4.512,0.000,6.009,22.180,45.0,1368,0
279.17,battery6,geekbench_cpu,5.967,4.502,0.000,6.009,22.180,45.0,1380,0
279.68,battery6,geekbench_cpu,5.404,3.999,0.000,6.009,22.180,44.0,831,0
280.19,battery6,geekbench_cpu,6.521,4.843,0.000,6.009,22.180,44.0,1391,0
280.70,battery6,geekbench_cpu,5.973,4.516,0.000,6.009,22.180,45.0,1396,0
281.21,battery6,geekbench_cpu,5.972,4.524,0.000,6.009,22.180,45.0,1373,0
281.72,battery6,geekbench_cpu,5.974,4.457,0.000,6.009,22.170,46.0,1384,0
282.22,battery6,geekbench_cpu,5.968,4.500,0.000,6.009,22.170,46.0,1386,0
282.73,battery6,geekbench_cpu,5.970,4.282,0.000,6.009,22.170,45.0,1366,0
283.24,battery6,geekbench_cpu,5.137,3.520,0.000,6.009,22.170,45.0,1890,0
283.75,battery6,geekbench_cpu,6.807,5.238,0.000,6.005,22.160,46.0,1356,0
284.26,battery6,geekbench_cpu,5.961,4.510,0.000,6.005,22.160,46.0,1384,0
284.77,battery6,geekbench_cpu,5.969,4.505,0.000,6.005,22.160,46.0,1373,0
285.27,battery6,geekbench_cpu,5.973,4.510,0.000,6.005,22.160,46.0,1381,0
285.78,battery6,geekbench_cpu,5.973,4.522,0.000,6.008,22.160,46.0,1375,0
286.29,battery6,geekbench_cpu,5.695,4.229,0.000,6.008,22.160,46.0,970,0
286.80,battery6,geekbench_cpu,2.746,1.802,0.000,6.008,22.160,43.0,1289,0
287.30,battery6,geekbench_cpu,0.607,0.015,0.000,6.008,22.160,43.0,948,0
287.81,battery6,geekbench_cpu,1.236,0.366,0.000,6.052,22.150,43.0,1101,0
288.32,battery6,geekbench_cpu,0.661,0.034,0.000,6.052,22.150,43.0,1343,0
288.83,battery6,geekbench_cpu,0.402,0.024,0.000,6.052,22.150,43.0,1285,0
289.34,battery6,geekbench_cpu,0.470,0.076,0.000,6.052,22.150,43.0,1341,0
289.85,battery6,geekbench_cpu,0.341,0.012,0.000,6.055,22.150,42.0,558,0
290.35,battery6,geekbench_cpu,0.462,0.029,0.000,6.055,22.150,42.0,722,0
290.86,battery6,geekbench_cpu,0.341,0.012,0.000,6.055,22.150,42.0,568,0
291.37,battery6,geekbench_cpu,0.323,0.016,0.000,6.055,22.150,42.0,639,0
291.88,battery6,geekbench_cpu,1.988,1.072,0.001,6.055,22.150,45.0,2067,0
292.39,battery6,geekbench_cpu,4.504,3.263,0.003,6.055,22.150,45.0,1216,0
292.89,battery6,geekbench_cpu,4.590,3.474,0.002,6.054,22.150,45.0,1624,0
293.40,battery6,geekbench_cpu,4.602,3.247,0.000,6.054,22.150,45.0,1741,0
293.91,battery6,geekbench_cpu,4.941,3.636,0.000,6.054,22.150,44.0,1761,0
294.41,battery6,geekbench_cpu,4.468,3.252,0.002,6.054,22.150,44.0,1343,0
294.92,battery6,geekbench_cpu,4.557,3.363,0.001,6.021,22.140,45.0,1966,0
295.43,battery6,geekbench_cpu,4.478,3.294,0.000,6.021,22.140,45.0,1075,0
295.94,battery6,geekbench_cpu,4.342,3.154,0.000,6.021,22.140,45.0,1759,0
296.44,battery6,geekbench_cpu,4.317,3.172,0.000,6.021,22.140,45.0,915,0
296.95,battery6,geekbench_cpu,3.502,2.529,0.000,6.031,22.140,43.0,718,0
297.45,battery6,geekbench_cpu,0.464,0.057,0.000,6.031,22.140,43.0,666,0
297.97,battery6,geekbench_cpu,1.116,0.389,0.000,6.031,22.140,42.0,995,0
298.47,battery6,geekbench_cpu,0.504,0.068,0.000,6.031,22.140,42.0,766,0
298.98,battery6,geekbench_cpu,0.428,0.027,0.000,6.053,22.130,42.0,1119,0
299.49,battery6,geekbench_cpu,0.589,0.030,0.000,6.053,22.130,42.0,822,0
300.00,battery6,geekbench_cpu,0.426,0.020,0.000,6.053,22.130,42.0,1179,0
300.50,battery6,geekbench_cpu,1.046,0.312,0.000,6.053,22.130,42.0,1428,0
301.01,battery6,geekbench_cpu,1.767,0.476,0.000,6.045,22.130,43.0,1175,0
301.52,battery6,geekbench_cpu,1.020,0.040,0.000,6.045,22.130,43.0,589,0
302.03,battery6,geekbench_cpu,2.343,1.404,0.002,6.045,22.130,47.0,2638,0
302.54,battery6,geekbench_cpu,7.522,6.023,0.001,6.045,22.130,47.0,1067,0
303.04,battery6,geekbench_cpu,5.818,4.574,0.000,6.045,22.130,45.0,1746,0
303.55,battery6,geekbench_cpu,6.034,4.737,0.000,6.045,22.130,45.0,1525,0
304.06,battery6,geekbench_cpu,6.021,4.738,0.000,6.009,22.120,46.0,1260,0
304.57,battery6,geekbench_cpu,5.876,4.636,0.000,6.009,22.120,46.0,1624,0
305.08,battery6,geekbench_cpu,6.064,4.765,0.000,6.009,22.120,46.0,1280,0
305.58,battery6,geekbench_cpu,5.961,4.695,0.000,6.009,22.120,46.0,1302,0
306.09,battery6,geekbench_cpu,2.007,1.126,0.000,6.009,22.120,43.0,677,0
306.60,battery6,geekbench_cpu,0.404,0.021,0.000,6.009,22.120,43.0,744,0
307.11,battery6,geekbench_cpu,0.621,0.033,0.000,6.009,22.120,42.0,935,0
307.61,battery6,geekbench_cpu,0.730,0.041,0.000,6.009,22.120,42.0,997,0
308.12,battery6,geekbench_cpu,1.077,0.349,0.000,6.051,22.110,42.0,999,0
308.63,battery6,geekbench_cpu,0.356,0.020,0.000,6.051,22.110,42.0,607,0
309.14,battery6,geekbench_cpu,0.322,0.014,0.000,6.051,22.110,42.0,831,0
309.64,battery6,geekbench_cpu,0.408,0.026,0.000,6.051,22.110,42.0,624,0
310.15,battery6,geekbench_cpu,0.389,0.032,0.000,6.053,22.110,42.0,738,0
310.66,battery6,geekbench_cpu,0.395,0.023,0.000,6.053,22.110,42.0,1115,0
311.17,battery6,geekbench_cpu,5.531,3.431,0.002,6.053,22.110,45.0,1894,0
311.67,battery6,geekbench_cpu,5.457,3.678,0.001,6.053,22.110,45.0,817,0
312.18,battery6,geekbench_cpu,6.977,4.636,0.002,6.013,22.110,45.0,1197,0
312.69,battery6,geekbench_cpu,6.005,3.750,0.002,6.013,22.110,45.0,1123,0
313.20,battery6,geekbench_cpu,5.992,3.941,0.000,6.013,22.110,45.0,1035,0
313.71,battery6,geekbench_cpu,5.977,3.927,0.000,6.013,22.110,45.0,762,0
314.22,battery6,geekbench_cpu,5.370,3.554,0.000,6.013,22.110,44.0,1786,0
314.73,battery6,geekbench_cpu,1.404,0.542,0.000,6.013,22.110,44.0,1072,0
315.24,battery6,geekbench_cpu,0.501,0.050,0.000,6.009,22.100,42.0,944,0
315.75,battery6,geekbench_cpu,0.450,0.023,0.000,6.009,22.100,42.0,773,0
316.26,battery6,geekbench_cpu,0.432,0.020,0.000,6.009,22.100,42.0,1132,0
316.76,battery6,geekbench_cpu,0.452,0.030,0.000,6.009,22.100,42.0,793,0
317.27,battery6,geekbench_cpu,0.373,0.018,0.000,6.056,22.100,42.0,805,0
317.78,battery6,geekbench_cpu,1.088,0.330,0.000,6.056,22.100,42.0,1313,0
318.29,battery6,geekbench_cpu,0.703,0.115,0.000,6.056,22.100,42.0,660,0
318.79,battery6,geekbench_cpu,0.665,0.042,0.000,6.056,22.100,42.0,810,0
319.30,battery6,geekbench_cpu,0.566,0.035,0.000,6.051,22.090,42.0,674,0
319.81,battery6,geekbench_cpu,6.343,4.472,0.001,6.051,22.090,42.0,1219,0
320.32,battery6,geekbench_cpu,5.980,4.249,0.000,6.051,22.090,45.0,1224,0
320.82,battery6,geekbench_cpu,5.979,4.259,0.000,6.051,22.090,45.0,1113,0
321.33,battery6,geekbench_cpu,5.963,4.230,0.000,6.009,22.090,45.0,1134,0
321.84,battery6,geekbench_cpu,5.978,4.237,0.000,6.009,22.090,45.0,1188,0
322.35,battery6,geekbench_cpu,5.278,3.682,0.000,6.009,22.090,43.0,672,0
322.85,battery6,geekbench_cpu,0.444,0.023,0.000,6.009,22.090,43.0,658,0
323.36,battery6,geekbench_cpu,0.494,0.028,0.000,6.050,22.080,42.0,747,0
323.87,battery6,geekbench_cpu,0.442,0.045,0.000,6.050,22.080,42.0,858,0
324.38,battery6,geekbench_cpu,0.337,0.012,0.000,6.050,22.080,42.0,1164,0
324.89,battery6,geekbench_cpu,0.606,0.088,0.000,6.050,22.080,42.0,601,0
325.40,battery6,geekbench_cpu,0.331,0.013,0.000,6.050,22.080,42.0,739,0
325.90,battery6,geekbench_cpu,0.410,0.027,0.000,6.050,22.080,42.0,648,0
326.41,battery6,geekbench_cpu,0.352,0.018,0.000,6.056,22.080,42.0,945,0
326.92,battery6,geekbench_cpu,0.434,0.029,0.000,6.056,22.080,42.0,607,0
327.43,battery6,geekbench_cpu,0.896,0.329,0.001,6.056,22.080,46.0,1098,0
327.93,battery6,geekbench_cpu,6.442,3.762,0.000,6.056,22.080,46.0,1918,0
328.44,battery6,geekbench_cpu,6.451,4.135,0.000,6.050,22.080,44.0,1626,0
328.95,battery6,geekbench_cpu,6.141,3.811,0.001,6.050,22.080,44.0,1390,0
329.46,battery6,geekbench_cpu,1.822,0.855,0.002,6.050,22.080,42.0,681,0
329.97,battery6,geekbench_cpu,0.752,0.085,0.000,6.050,22.080,42.0,895,0
330.48,battery6,geekbench_cpu,0.508,0.025,0.001,6.049,22.070,42.0,995,0
330.98,battery6,geekbench_cpu,1.033,0.120,0.001,6.049,22.070,42.0,624,0
331.49,battery6,geekbench_cpu,0.388,0.018,0.000,6.049,22.070,42.0,798,0
332.00,battery6,geekbench_cpu,0.614,0.042,0.000,6.049,22.070,42.0,875,0
332.51,battery6,geekbench_cpu,0.575,0.038,0.000,6.054,22.070,42.0,1360,0
333.01,battery6,geekbench_cpu,0.539,0.054,0.000,6.054,22.070,42.0,582,0
333.52,battery6,geekbench_cpu,0.589,0.034,0.000,6.054,22.070,41.0,887,0
334.03,battery6,geekbench_cpu,0.442,0.045,0.000,6.054,22.070,41.0,649,0
334.54,battery6,geekbench_cpu,5.110,3.700,0.001,6.053,22.070,44.0,1485,0
335.04,battery6,geekbench_cpu,6.208,3.690,0.000,6.053,22.070,44.0,1325,0
335.55,battery6,geekbench_cpu,5.782,3.618,0.001,6.053,22.070,44.0,1694,0
336.06,battery6,geekbench_cpu,6.085,3.739,0.001,6.053,22.070,44.0,1339,0
336.57,battery6,geekbench_cpu,6.093,3.725,0.000,6.005,22.070,44.0,1693,0
337.08,battery6,geekbench_cpu,5.745,3.618,0.000,6.005,22.070,44.0,1422,0
337.59,battery6,geekbench_cpu,6.328,3.741,0.000,6.005,22.060,45.0,1355,0
338.09,battery6,geekbench_cpu,5.328,3.452,0.000,6.005,22.060,45.0,864,0
338.60,battery6,geekbench_cpu,6.695,4.046,0.000,6.005,22.060,45.0,1268,0
339.11,battery6,geekbench_cpu,5.725,3.749,0.000,6.005,22.060,45.0,1340,0
339.62,battery6,geekbench_cpu,6.079,3.497,0.000,6.001,22.060,45.0,1375,0
340.12,battery6,geekbench_cpu,2.962,1.583,0.000,6.001,22.060,45.0,1169,0
340.63,battery6,geekbench_cpu,0.399,0.030,0.000,6.001,22.060,42.0,1552,0
341.14,battery6,geekbench_cpu,0.383,0.018,0.000,6.001,22.060,42.0,919,0
341.65,battery6,geekbench_cpu,0.422,0.030,0.000,6.052,22.050,42.0,642,0
342.16,battery6,geekbench_cpu,0.631,0.014,0.000,6.052,22.050,42.0,633,0
342.67,battery6,geekbench_cpu,0.424,0.033,0.000,6.052,22.050,42.0,830,0
343.17,battery6,geekbench_cpu,0.359,0.015,0.000,6.052,22.050,42.0,681,0
343.68,battery6,geekbench_cpu,0.463,0.036,0.000,6.055,22.050,42.0,684,0
344.19,battery6,geekbench_cpu,0.701,0.042,0.000,6.055,22.050,42.0,1261,0
344.70,battery6,geekbench_cpu,0.437,0.029,0.000,6.055,22.050,42.0,576,0
345.20,battery6,geekbench_cpu,4.007,2.145,0.001,6.055,22.050,42.0,1777,0
345.71,battery6,geekbench_cpu,7.487,5.214,0.001,5.989,22.040,45.0,1880,0
346.21,battery6,geekbench_cpu,6.151,4.014,0.001,5.989,22.040,45.0,1394,0
346.72,battery6,geekbench_cpu,5.995,3.885,0.002,5.989,22.040,44.0,1350,0
347.23,battery6,geekbench_cpu,5.944,3.907,0.000,5.989,22.040,44.0,1447,0
347.74,battery6,geekbench_cpu,1.831,0.953,0.001,6.040,22.040,43.0,1532,0
348.25,battery6,geekbench_cpu,0.815,0.210,0.001,6.040,22.040,43.0,518,0
348.76,battery6,geekbench_cpu,0.503,0.045,0.002,6.040,22.040,42.0,1230,0
349.26,battery6,geekbench_cpu,0.531,0.060,0.000,6.040,22.040,42.0,595,0
349.77,battery6,geekbench_cpu,0.630,0.049,0.000,6.040,22.040,41.0,785,0
350.28,battery6,geekbench_cpu,0.426,0.025,0.000,6.040,22.040,41.0,857,0
350.79,battery6,geekbench_cpu,0.622,0.063,0.000,6.051,22.030,42.0,661,0
351.29,battery6,geekbench_cpu,0.417,0.028,0.000,6.051,22.030,42.0,600,0
351.80,battery6,geekbench_cpu,0.572,0.053,0.000,6.051,22.030,41.0,991,0
352.31,battery6,geekbench_cpu,0.424,0.026,0.000,6.051,22.030,41.0,660,0
352.82,battery6,geekbench_cpu,3.278,1.904,0.001,6.053,22.030,47.0,1279,0
353.32,battery6,geekbench_cpu,6.655,4.033,0.000,6.053,22.030,47.0,1837,0
353.83,battery6,geekbench_cpu,6.193,3.590,0.001,6.053,22.030,44.0,1286,0
354.33,battery6,geekbench_cpu,5.981,3.563,0.001,6.053,22.030,44.0,1184,0
354.84,battery6,geekbench_cpu,1.552,0.512,0.000,6.009,22.030,42.0,1242,0
355.35,battery6,geekbench_cpu,0.578,0.028,0.000,6.009,22.030,42.0,1078,0
355.86,battery6,geekbench_cpu,0.414,0.027,0.000,6.009,22.030,42.0,1173,0
356.37,battery6,geekbench_cpu,0.353,0.015,0.000,6.009,22.030,42.0,906,0
356.88,battery6,geekbench_cpu,0.322,0.011,0.000,6.055,22.020,41.0,778,0
357.39,battery6,geekbench_cpu,0.420,0.049,0.000,6.055,22.020,41.0,683,0
357.90,battery6,geekbench_cpu,1.158,0.377,0.000,6.055,22.020,41.0,707,0
358.41,battery6,geekbench_cpu,0.431,0.047,0.000,6.055,22.020,41.0,685,0
358.92,battery6,geekbench_cpu,0.392,0.016,0.000,6.053,22.020,41.0,683,0
359.43,battery6,geekbench_cpu,0.419,0.023,0.000,6.053,22.020,41.0,1247,0
359.94,battery6,geekbench_cpu,3.291,1.981,0.001,6.053,22.020,49.0,1268,0
360.45,battery6,geekbench_cpu,4.910,2.614,0.001,6.053,22.020,49.0,1513,0
360.96,battery6,geekbench_cpu,7.876,6.172,0.000,6.053,22.020,45.0,1435,0
361.47,battery6,geekbench_cpu,5.324,3.963,0.001,6.053,22.020,45.0,1086,0
361.98,battery6,geekbench_cpu,1.010,0.290,0.000,6.005,22.010,41.0,1022,0
362.48,battery6,geekbench_cpu,0.353,0.012,0.000,6.005,22.010,41.0,837,0
362.99,battery6,geekbench_cpu,0.474,0.028,0.000,6.005,22.010,41.0,813,0
363.50,battery6,geekbench_cpu,0.434,0.024,0.001,6.005,22.010,41.0,657,0
364.01,battery6,geekbench_cpu,0.414,0.023,0.000,6.054,22.010,41.0,675,0
364.52,battery6,geekbench_cpu,0.391,0.022,0.000,6.054,22.010,41.0,864,0
365.03,battery6,geekbench_cpu,0.438,0.032,0.000,6.054,22.010,41.0,669,0
365.54,battery6,geekbench_cpu,0.388,0.023,0.000,6.054,22.010,41.0,1352,0
366.05,battery6,geekbench_cpu,0.470,0.076,0.000,6.056,22.010,41.0,905,0
366.56,battery6,geekbench_cpu,0.559,0.035,0.000,6.056,22.010,41.0,1165,0
367.07,battery6,geekbench_cpu,6.894,4.405,0.000,6.056,22.010,44.0,1290,0
367.58,battery6,geekbench_cpu,5.887,4.026,0.001,6.056,22.010,44.0,1186,0
368.09,battery6,geekbench_cpu,5.803,3.818,0.001,6.008,22.010,44.0,1585,0
368.59,battery6,geekbench_cpu,6.261,4.144,0.001,6.008,22.010,44.0,948,0
369.11,battery6,geekbench_cpu,3.401,2.181,0.000,6.008,22.010,41.0,538,0
369.61,battery6,geekbench_cpu,0.615,0.028,0.001,6.008,22.010,41.0,1162,0
370.12,battery6,geekbench_cpu,0.470,0.028,0.000,6.051,22.000,41.0,675,0
370.63,battery6,geekbench_cpu,0.396,0.022,0.000,6.051,22.000,41.0,901,0
371.14,battery6,geekbench_cpu,0.491,0.022,0.000,6.051,22.000,41.0,637,0
371.64,battery6,geekbench_cpu,0.329,0.011,0.000,6.051,22.000,41.0,663,0
372.15,battery6,geekbench_cpu,0.578,0.036,0.000,6.051,22.000,41.0,646,0
372.66,battery6,geekbench_cpu,0.355,0.018,0.000,6.051,22.000,41.0,602,0
373.17,battery6,geekbench_cpu,0.364,0.019,0.000,6.052,22.000,41.0,658,0
373.68,battery6,geekbench_cpu,0.344,0.012,0.000,6.052,22.000,41.0,665,0
374.19,battery6,geekbench_cpu,0.749,0.167,0.003,6.052,22.000,42.0,1178,0
374.69,battery6,geekbench_cpu,0.696,0.163,0.002,6.052,22.000,42.0,1237,0
375.20,battery6,end,1.654,0.494,0.000,6.042,21.990,41.0,759,0
375.71,battery6,end,0.418,0.029,0.000,6.042,21.990,41.0,977,0
376.22,battery6,end,0.443,0.022,0.001,6.042,21.990,40.0,1182,0
376.72,battery6,end,0.438,0.026,0.000,6.042,21.990,40.0,943,0
377.24,battery6,end,0.389,0.023,0.002,6.056,21.990,40.0,647,0
377.74,battery6,end,0.861,0.159,0.002,6.056,21.990,40.0,1432,0
378.25,battery6,end,0.896,0.260,0.000,6.056,21.990,40.0,1156,0
378.76,battery6,end,0.453,0.037,0.000,6.056,21.990,40.0,1141,0
379.27,battery6,end,0.488,0.049,0.000,6.052,21.990,40.0,1092,0
379.77,battery6,end,2.960,1.257,0.004,6.052,21.990,40.0,1142,0
380.28,battery6,end,2.991,1.338,0.010,6.052,21.990,43.0,1998,0
380.79,battery6,end,4.405,2.424,0.000,6.052,21.990,43.0,1798,0
381.29,battery6,end,2.775,1.046,0.008,6.035,21.990,41.0,1061,0
381.80,battery6,end,0.780,0.172,0.002,6.035,21.990,41.0,862,0
382.31,battery6,end,0.377,0.024,0.000,6.035,21.990,40.0,1317,0
382.82,battery6,end,0.400,0.023,0.003,6.035,21.990,40.0,1112,0
383.33,battery6,end,0.528,0.020,0.002,6.035,21.990,40.0,543,0
383.83,battery6,end,0.367,0.023,0.000,6.035,21.990,40.0,631,0
384.34,battery6,end,0.393,0.018,0.001,6.052,21.980,40.0,664,0
384.85,battery6,end,0.463,0.040,0.000,6.052,21.980,40.0,946,0
385.36,battery6,end,0.352,0.015,0.000,6.052,21.980,40.0,650,0
385.86,battery6,end,0.638,0.030,0.000,6.052,21.980,40.0,1056,0
386.37,battery6,end,0.455,0.030,0.000,6.057,21.980,40.0,664,0
386.88,battery6,end,0.400,0.027,0.000,6.057,21.980,40.0,746,0
387.39,battery6,end,0.358,0.014,0.000,6.057,21.980,40.0,571,0
387.89,battery6,end,1.066,0.367,0.000,6.057,21.980,40.0,688,0
388.40,battery6,end,0.949,0.173,0.000,6.053,21.980,40.0,1180,0
388.91,battery6,end,2.193,0.453,0.000,6.053,21.980,40.0,1343,0
389.43,battery6,end,2.895,0.825,0.000,6.053,21.980,40.0,1114,0
389.95,battery6,end,3.069,0.994,0.000,6.053,21.980,40.0,1387,0
390.47,battery6,end,3.095,0.880,0.000,0.000,21.980,40.0,988,0
390.98,battery6,end,3.177,1.042,0.002,0.000,21.980,40.0,1532,0
391.50,battery6,end,4.198,1.604,0.000,0.000,21.980,42.0,1724,0
392.01,battery6,end,3.211,1.117,0.000,0.000,21.980,42.0,1115,0
392.51,battery6,end,3.974,1.597,0.009,5.624,21.990,41.0,723,0
393.02,battery6,end,1.948,0.228,0.000,5.624,21.990,41.0,908,0
393.54,battery6,end,4.097,1.556,0.063,5.624,21.990,41.0,965,0
394.04,battery6,end,2.484,0.330,0.008,5.624,21.990,41.0,578,0
394.55,battery6,end,2.206,0.135,0.003,5.624,21.990,40.0,709,0
395.06,battery6,end,3.491,1.046,0.014,5.624,21.990,40.0,936,0
395.57,battery6,end,5.580,2.504,0.003,9.197,22.010,41.0,1115,0
396.07,battery6,end,4.587,1.954,0.000,9.197,22.010,41.0,973,0
396.58,battery6,end,4.799,2.054,0.000,9.197,22.010,41.0,907,0
397.08,battery6,end,3.647,1.225,0.000,9.197,22.010,41.0,1254,0
397.59,battery6,end,4.065,1.572,0.000,12.319,22.030,41.0,2496,0
398.10,battery6,end,5.658,2.762,0.000,12.319,22.030,41.0,689,0
398.60,battery6,end,2.234,0.189,0.000,12.319,22.030,40.0,739,0
399.11,battery6,end,2.273,0.224,0.000,12.319,22.030,40.0,1344,0
399.62,battery6,end,4.008,1.526,0.000,15.047,22.050,41.0,979,0
400.12,battery6,end,3.793,1.425,0.000,15.047,22.050,41.0,1009,0
400.63,battery6,end,2.010,0.108,0.000,15.047,22.050,40.0,1365,0
401.14,battery6,end,2.079,0.161,0.000,15.047,22.050,40.0,798,0
401.65,battery6,end,7.059,4.393,0.003,17.431,22.070,41.0,852,0
402.15,ac,idle,2.165,0.226,0.005,17.431,22.070,41.0,836,0
402.66,ac,idle,2.119,0.206,0.001,17.431,22.070,40.0,595,0
403.16,ac,idle,1.999,0.135,0.001,17.431,22.070,40.0,674,0
403.67,ac,idle,1.980,0.112,0.000,20.417,22.090,40.0,678,0
404.18,ac,idle,2.003,0.162,0.002,20.417,22.090,40.0,669,0
404.69,ac,idle,1.899,0.093,0.001,20.417,22.090,40.0,564,0
405.19,ac,idle,2.100,0.177,0.001,20.417,22.090,40.0,823,0
405.71,ac,idle,2.233,0.201,0.000,20.417,22.090,40.0,668,0
406.21,ac,idle,1.980,0.076,0.000,20.417,22.090,40.0,653,0
406.72,ac,idle,1.925,0.106,0.000,22.120,22.110,40.0,589,0
407.23,ac,idle,1.928,0.079,0.000,22.120,22.110,40.0,675,0
407.74,ac,idle,3.009,0.887,0.000,22.120,22.110,53.0,3324,0
408.25,ac,idle,2.451,0.508,0.000,22.120,22.110,53.0,645,0
408.75,ac,idle,1.905,0.077,0.000,23.602,22.130,40.0,791,0
409.26,ac,idle,2.011,0.143,0.000,23.602,22.130,40.0,710,0
409.77,ac,idle,1.937,0.091,0.000,23.602,22.130,40.0,726,0
410.27,ac,idle,1.843,0.031,0.000,23.602,22.130,40.0,678,0
410.78,ac,idle,1.990,0.076,0.000,24.885,22.150,40.0,720,0
411.29,ac,idle,1.861,0.037,0.000,24.885,22.150,40.0,673,0
411.80,ac,idle,2.006,0.094,0.000,24.885,22.150,40.0,687,0
412.31,ac,idle,1.868,0.051,0.000,24.885,22.150,40.0,533,0
412.82,ac,idle,1.919,0.076,0.000,26.515,22.170,40.0,483,0
413.33,ac,idle,1.839,0.033,0.000,26.515,22.170,40.0,520,0
413.84,ac,idle,2.454,0.407,0.000,26.515,22.170,40.0,608,0
414.35,ac,idle,1.852,0.039,0.000,26.515,22.170,40.0,467,0
414.86,ac,idle,2.082,0.172,0.000,27.436,22.200,40.0,701,0
415.36,ac,idle,1.873,0.048,0.000,27.436,22.200,40.0,736,0
415.87,ac,idle,1.970,0.082,0.000,27.436,22.200,39.0,778,0
416.38,ac,idle,2.214,0.249,0.001,27.436,22.200,39.0,917,0
416.89,ac,geekbench_cpu,3.969,1.682,0.000,27.436,22.200,40.0,907,0
417.39,ac,geekbench_cpu,2.350,0.348,0.000,27.436,22.200,40.0,707,0
417.90,ac,geekbench_cpu,4.029,1.743,0.000,28.239,22.220,40.0,736,0
418.41,ac,geekbench_cpu,2.391,0.391,0.000,28.239,22.220,40.0,815,0
418.92,ac,geekbench_cpu,2.066,0.167,0.000,28.239,22.220,40.0,531,0
419.42,ac,geekbench_cpu,1.858,0.038,0.000,28.239,22.220,40.0,573,0
419.93,ac,geekbench_cpu,2.012,0.066,0.000,28.921,22.240,39.0,690,0
420.44,ac,geekbench_cpu,2.156,0.216,0.008,28.921,22.240,39.0,773,0
420.95,ac,geekbench_cpu,2.445,0.368,0.012,28.921,22.240,40.0,735,0
421.45,ac,geekbench_cpu,4.455,2.279,0.000,28.921,22.240,40.0,1827,0
421.96,ac,geekbench_cpu,8.509,6.478,0.000,29.536,22.250,51.0,1641,0
422.47,ac,geekbench_cpu,7.650,5.644,0.004,29.536,22.250,51.0,988,0
422.97,ac,geekbench_cpu,7.978,5.903,0.004,29.536,22.250,57.0,1606,0
423.48,ac,geekbench_cpu,14.809,11.763,0.000,29.536,22.250,57.0,1953,0
423.98,ac,geekbench_cpu,16.987,13.239,0.003,30.184,22.280,75.0,1612,0
424.49,ac,geekbench_cpu,15.555,12.120,0.002,30.184,22.280,75.0,987,0
424.99,ac,geekbench_cpu,13.828,11.127,0.002,30.184,22.280,80.0,1604,0
425.50,ac,geekbench_cpu,16.625,13.060,0.001,30.184,22.280,80.0,1296,0
426.01,ac,geekbench_cpu,16.398,12.536,0.001,30.244,22.300,72.0,1901,0
426.51,ac,geekbench_cpu,13.845,10.939,0.000,30.244,22.300,72.0,1299,0
427.02,ac,geekbench_cpu,16.698,13.301,0.001,30.244,22.300,78.0,1260,0
427.52,ac,geekbench_cpu,16.372,12.771,0.000,30.244,22.300,78.0,1253,0
428.03,ac,geekbench_cpu,15.562,12.003,0.000,30.244,22.300,71.0,1318,0
428.53,ac,geekbench_cpu,15.906,12.876,0.000,30.244,22.300,71.0,1319,0
429.04,ac,geekbench_cpu,16.368,12.846,0.000,30.388,22.320,77.0,1282,0
429.54,ac,geekbench_cpu,14.709,11.526,0.000,30.388,22.320,77.0,2031,0
430.05,ac,geekbench_cpu,15.079,12.118,0.000,30.388,22.320,80.0,1175,0
430.55,ac,geekbench_cpu,16.922,13.142,0.000,30.388,22.320,80.0,1449,0
431.06,ac,geekbench_cpu,15.720,12.285,0.000,30.436,22.340,70.0,1278,0
431.56,ac,geekbench_cpu,4.918,2.846,0.000,30.436,22.340,70.0,542,0
432.07,ac,geekbench_cpu,1.963,0.143,0.001,30.436,22.340,44.0,790,0
432.57,ac,geekbench_cpu,1.882,0.091,0.000,30.436,22.340,44.0,570,0
433.08,ac,geekbench_cpu,2.020,0.163,0.000,30.620,22.350,44.0,687,0
433.59,ac,geekbench_cpu,1.971,0.090,0.000,30.620,22.350,44.0,679,0
434.10,ac,geekbench_cpu,1.881,0.102,0.000,30.620,22.350,43.0,564,0
434.60,ac,geekbench_cpu,1.772,0.011,0.000,30.620,22.350,43.0,558,0
435.12,ac,geekbench_cpu,1.951,0.146,0.000,31.189,22.380,43.0,758,0
435.62,ac,geekbench_cpu,1.832,0.063,0.000,31.189,22.380,43.0,749,0
436.13,ac,geekbench_cpu,2.019,0.116,0.000,31.189,22.380,43.0,710,0
436.64,ac,geekbench_cpu,12.039,8.982,0.002,31.189,22.380,43.0,2904,0
437.15,ac,geekbench_cpu,15.019,11.432,0.001,31.449,22.400,76.0,988,0
437.65,ac,geekbench_cpu,14.587,10.822,0.002,31.449,22.400,76.0,2141,0
438.15,ac,geekbench_cpu,15.791,11.987,0.001,31.449,22.400,74.0,1308,0
438.66,ac,geekbench_cpu,14.797,11.224,0.002,31.449,22.400,74.0,1256,0
439.16,ac,geekbench_cpu,14.672,10.854,0.000,31.449,22.400,76.0,1290,0
439.67,ac,geekbench_cpu,14.681,10.971,0.003,31.449,22.400,76.0,987,0
440.18,ac,geekbench_cpu,14.809,11.229,0.001,31.556,22.420,77.0,1196,0
440.68,ac,geekbench_cpu,14.697,10.920,0.000,31.556,22.420,77.0,988,0
441.19,ac,geekbench_cpu,14.535,10.808,0.000,31.556,22.420,76.0,1214,0
441.69,ac,geekbench_cpu,14.908,11.229,0.000,31.556,22.420,76.0,1255,0
442.20,ac,geekbench_cpu,14.579,10.796,0.000,31.706,22.440,74.0,1367,0
442.70,ac,geekbench_cpu,14.663,10.910,0.000,31.706,22.440,74.0,988,0
443.21,ac,geekbench_cpu,15.028,11.377,0.000,31.706,22.440,78.0,1278,0
443.71,ac,geekbench_cpu,14.693,10.906,0.000,31.706,22.440,78.0,1267,0
444.22,ac,geekbench_cpu,13.246,9.589,0.000,31.832,22.450,50.0,1252,0
444.72,ac,geekbench_cpu,2.078,0.030,0.000,31.832,22.450,50.0,856,0
445.23,ac,geekbench_cpu,1.895,0.032,0.000,31.832,22.450,46.0,628,0
445.73,ac,geekbench_cpu,1.842,0.015,0.000,31.832,22.450,46.0,869,0
446.24,ac,geekbench_cpu,1.901,0.020,0.000,32.070,22.480,46.0,612,0
446.75,ac,geekbench_cpu,1.843,0.028,0.000,32.070,22.480,46.0,645,0
447.26,ac,geekbench_cpu,1.923,0.063,0.000,32.070,22.480,45.0,584,0
447.77,ac,geekbench_cpu,3.303,1.143,0.000,32.070,22.480,45.0,1085,0
448.27,ac,geekbench_cpu,1.958,0.126,0.000,32.186,22.500,45.0,533,0
448.78,ac,geekbench_cpu,1.782,0.018,0.000,32.186,22.500,45.0,537,0
449.29,ac,geekbench_cpu,4.691,2.580,0.001,32.186,22.500,72.0,1235,0
449.80,ac,geekbench_cpu,16.798,12.830,0.002,32.186,22.500,72.0,1155,0
450.30,ac,geekbench_cpu,6.828,4.106,0.000,32.186,22.500,46.0,631,0
450.81,ac,geekbench_cpu,1.915,0.049,0.000,32.186,22.500,46.0,572,0
451.32,ac,geekbench_cpu,1.942,0.070,0.000,32.330,22.520,45.0,852,0
451.82,ac,geekbench_cpu,1.874,0.029,0.000,32.330,22.520,45.0,794,0
452.33,ac,geekbench_cpu,1.777,0.020,0.001,32.330,22.520,45.0,660,0
452.84,ac,geekbench_cpu,1.802,0.022,0.001,32.330,22.520,45.0,847,0
453.35,ac,geekbench_cpu,1.926,0.064,0.000,32.465,22.540,45.0,805,0
453.85,ac,geekbench_cpu,1.816,0.023,0.000,32.465,22.540,45.0,759,0
454.36,ac,geekbench_cpu,1.834,0.021,0.000,32.465,22.540,45.0,710,0
454.87,ac,geekbench_cpu,1.799,0.023,0.000,32.465,22.540,45.0,562,0
455.38,ac,geekbench_cpu,11.922,9.083,0.005,32.703,22.570,79.0,1236,0
455.89,ac,geekbench_cpu,14.970,11.328,0.000,32.703,22.570,79.0,1092,0
456.39,ac,geekbench_cpu,15.584,12.071,0.003,32.703,22.570,81.0,1487,0
456.89,ac,geekbench_cpu,15.701,12.123,0.000,32.703,22.570,81.0,1420,0
457.40,ac,geekbench_cpu,15.520,11.975,0.002,32.579,22.590,83.0,1180,0
457.91,ac,geekbench_cpu,11.528,8.299,0.000,32.579,22.590,83.0,871,0
458.41,ac,geekbench_cpu,2.113,0.184,0.002,32.579,22.590,46.0,761,0
458.92,ac,geekbench_cpu,2.037,0.144,0.000,32.579,22.590,46.0,887,0
459.43,ac,geekbench_cpu,2.024,0.128,0.000,32.604,22.600,46.0,690,0
459.93,ac,geekbench_cpu,1.958,0.104,0.000,32.604,22.600,46.0,930,0
460.44,ac,geekbench_cpu,1.936,0.103,0.000,32.604,22.600,45.0,717,0
460.95,ac,geekbench_cpu,1.839,0.025,0.000,32.604,22.600,45.0,539,0
461.46,ac,geekbench_cpu,1.930,0.018,0.000,32.604,22.600,45.0,486,0
461.96,ac,geekbench_cpu,1.839,0.015,0.000,32.604,22.600,45.0,553,0
462.47,ac,geekbench_cpu,1.766,0.014,0.000,32.751,22.620,45.0,826,0
462.98,ac,geekbench_cpu,9.489,6.848,0.001,32.751,22.620,45.0,1601,0
463.49,ac,geekbench_cpu,17.105,13.650,0.000,32.751,22.620,82.0,1243,0
464.00,ac,geekbench_cpu,17.373,13.935,0.001,32.751,22.620,82.0,1185,0
464.50,ac,geekbench_cpu,17.121,13.802,0.000,32.724,22.640,86.0,1396,0
465.00,ac,geekbench_cpu,17.326,13.883,0.001,32.724,22.640,86.0,976,0
465.51,ac,geekbench_cpu,17.225,13.833,0.000,32.724,22.640,78.0,1564,0
466.01,ac,geekbench_cpu,2.250,0.246,0.001,32.724,22.640,78.0,719,0
466.52,ac,geekbench_cpu,2.053,0.141,0.000,32.362,22.670,47.0,693,0
467.03,ac,geekbench_cpu,2.208,0.150,0.000,32.362,22.670,47.0,529,0
467.54,ac,geekbench_cpu,2.041,0.141,0.000,32.362,22.670,46.0,675,0
468.04,ac,geekbench_cpu,3.569,1.336,0.000,32.362,22.670,46.0,400,0
468.55,ac,geekbench_cpu,1.978,0.105,0.000,32.553,22.690,46.0,586,0
469.06,ac,geekbench_cpu,1.948,0.067,0.000,32.553,22.690,46.0,481,0
469.57,ac,geekbench_cpu,2.040,0.142,0.000,32.553,22.690,46.0,606,0
470.07,ac,geekbench_cpu,2.048,0.127,0.000,32.553,22.690,46.0,714,0
470.58,ac,geekbench_cpu,3.334,1.414,0.002,32.704,22.700,75.0,1320,0
471.09,ac,geekbench_cpu,15.284,13.050,0.000,32.704,22.700,75.0,1013,0
471.60,ac,geekbench_cpu,15.372,13.066,0.002,32.704,22.700,81.0,1327,0
472.10,ac,geekbench_cpu,15.494,13.109,0.002,32.704,22.700,81.0,2736,0
472.61,ac,geekbench_cpu,15.430,13.059,0.000,32.704,22.700,82.0,1323,0
473.11,ac,geekbench_cpu,14.323,12.034,0.002,32.704,22.700,82.0,645,0
473.62,ac,geekbench_cpu,2.069,0.144,0.001,32.582,22.720,48.0,812,0
474.12,ac,geekbench_cpu,2.088,0.163,0.002,32.582,22.720,48.0,498,0
474.63,ac,geekbench_cpu,1.946,0.062,0.000,32.582,22.720,47.0,662,0
475.14,ac,geekbench_cpu,1.846,0.018,0.000,32.582,22.720,47.0,490,0
475.65,ac,geekbench_cpu,1.863,0.015,0.000,32.688,22.740,46.0,598,0
476.15,ac,geekbench_cpu,1.805,0.025,0.000,32.688,22.740,46.0,521,0
476.66,ac,geekbench_cpu,1.850,0.013,0.000,32.688,22.740,46.0,598,0
477.17,ac,geekbench_cpu,1.777,0.014,0.000,32.688,22.740,46.0,500,0
477.68,ac,geekbench_cpu,1.990,0.027,0.000,32.826,22.770,46.0,1063,0
478.19,ac,geekbench_cpu,6.135,3.741,0.002,32.826,22.770,46.0,1250,0
478.70,ac,geekbench_cpu,17.615,15.341,0.001,32.826,22.770,79.0,2216,0
479.20,ac,geekbench_cpu,17.103,14.868,0.000,32.826,22.770,79.0,2495,0
479.71,ac,geekbench_cpu,17.572,15.295,0.001,32.588,22.790,87.0,1199,0
480.22,ac,geekbench_cpu,18.518,16.377,0.001,32.588,22.790,87.0,2435,0
480.72,ac,geekbench_cpu,17.190,14.871,0.000,32.588,22.790,79.0,1807,0
481.23,ac,geekbench_cpu,17.151,14.838,0.000,32.588,22.790,79.0,1578,0
481.73,ac,geekbench_cpu,16.940,14.563,0.001,32.074,22.800,50.0,649,0
482.24,ac,geekbench_cpu,2.183,0.170,0.000,32.074,22.800,50.0,881,0
482.75,ac,geekbench_cpu,2.078,0.159,0.000,32.074,22.800,48.0,528,0
483.26,ac,geekbench_cpu,2.165,0.132,0.000,32.074,22.800,48.0,1006,0
483.77,ac,geekbench_cpu,2.023,0.131,0.000,32.074,22.800,48.0,776,0
484.27,ac,geekbench_cpu,1.967,0.082,0.000,32.074,22.800,48.0,658,0
484.78,ac,geekbench_cpu,2.009,0.117,0.000,32.162,22.820,48.0,593,0
485.29,ac,geekbench_cpu,1.981,0.098,0.000,32.162,22.820,48.0,661,0
485.80,ac,geekbench_cpu,1.981,0.091,0.000,32.162,22.820,47.0,704,0
486.30,ac,geekbench_cpu,2.216,0.204,0.000,32.162,22.820,47.0,681,0
486.81,ac,geekbench_cpu,6.004,3.956,0.003,32.447,22.850,66.0,1777,0
487.32,ac,geekbench_cpu,14.726,12.631,0.001,32.447,22.850,66.0,1453,0
487.82,ac,geekbench_cpu,16.033,13.511,0.001,32.447,22.850,72.0,1831,0
488.33,ac,geekbench_cpu,15.133,12.967,0.003,32.447,22.850,72.0,1738,0
488.84,ac,geekbench_cpu,14.892,12.689,0.000,32.414,22.870,71.0,1434,0
489.34,ac,geekbench_cpu,14.868,12.705,0.002,32.414,22.870,71.0,1507,0
489.85,ac,geekbench_cpu,15.229,13.040,0.000,32.414,22.870,69.0,1826,0
490.36,ac,geekbench_cpu,14.515,12.462,0.000,32.414,22.870,69.0,1371,0
490.86,ac,geekbench_cpu,14.974,12.764,0.001,32.379,22.890,73.0,2489,0
491.37,ac,geekbench_cpu,15.095,12.943,0.000,32.379,22.890,73.0,1440,0
491.87,ac,geekbench_cpu,14.634,12.531,0.000,32.379,22.890,72.0,1765,0
492.38,ac,geekbench_cpu,15.063,12.773,0.000,32.379,22.890,72.0,2200,0
492.88,ac,geekbench_cpu,15.295,12.966,0.000,32.265,22.900,72.0,1805,0
493.39,ac,geekbench_cpu,14.600,12.541,0.000,32.265,22.900,72.0,2258,0
493.90,ac,geekbench_cpu,15.078,12.787,0.000,32.265,22.900,74.0,1494,0
494.40,ac,geekbench_cpu,9.543,7.383,0.000,32.265,22.900,74.0,1067,0
494.91,ac,geekbench_cpu,2.022,0.110,0.000,32.265,22.900,50.0,740,0
495.41,ac,geekbench_cpu,1.950,0.037,0.000,32.265,22.900,50.0,510,0
495.92,ac,geekbench_cpu,1.902,0.021,0.000,32.292,22.920,49.0,727,0
496.43,ac,geekbench_cpu,1.905,0.017,0.000,32.292,22.920,49.0,889,0
496.93,ac,geekbench_cpu,1.900,0.014,0.000,32.292,22.920,49.0,723,0
497.44,ac,geekbench_cpu,1.911,0.023,0.000,32.292,22.920,49.0,597,0
497.95,ac,geekbench_cpu,3.759,1.443,0.000,32.546,22.950,49.0,574,0
498.46,ac,geekbench_cpu,2.032,0.116,0.000,32.546,22.950,49.0,734,0
498.97,ac,geekbench_cpu,2.264,0.210,0.000,32.546,22.950,49.0,914,0
499.47,ac,geekbench_cpu,10.771,7.948,0.001,32.546,22.950,49.0,1299,0
499.98,ac,geekbench_cpu,20.152,16.671,0.003,32.697,22.970,88.0,1838,0
500.49,ac,geekbench_cpu,10.842,8.120,0.003,32.697,22.970,88.0,758,0
500.99,ac,geekbench_cpu,2.254,0.274,0.001,32.697,22.970,49.0,755,0
501.50,ac,geekbench_cpu,2.092,0.146,0.000,32.697,22.970,49.0,771,0
502.01,ac,geekbench_cpu,2.131,0.193,0.000,32.431,22.990,49.0,701,0
502.51,ac,geekbench_cpu,2.095,0.136,0.001,32.431,22.990,49.0,660,0
503.02,ac,geekbench_cpu,2.220,0.234,0.001,32.431,22.990,49.0,594,0
503.53,ac,geekbench_cpu,2.246,0.133,0.000,32.431,22.990,49.0,669,0
504.04,ac,geekbench_cpu,2.132,0.175,0.000,32.598,23.010,49.0,703,0
504.55,ac,geekbench_cpu,2.028,0.104,0.000,32.598,23.010,49.0,705,0
505.06,ac,geekbench_cpu,2.163,0.198,0.000,32.598,23.010,48.0,653,0
505.56,ac,geekbench_cpu,11.285,8.661,0.001,32.598,23.010,48.0,1089,0
506.07,ac,geekbench_cpu,18.609,15.508,0.000,32.598,23.010,86.0,1413,0
506.58,ac,geekbench_cpu,18.647,15.553,0.000,32.598,23.010,86.0,1264,0
507.08,ac,geekbench_cpu,18.674,15.570,0.003,32.435,23.020,88.0,981,0
507.59,ac,geekbench_cpu,18.517,15.453,0.000,32.435,23.020,88.0,1854,0
508.09,ac,geekbench_cpu,19.805,16.485,0.000,32.435,23.020,87.0,981,0
508.60,ac,geekbench_cpu,18.566,15.419,0.002,32.435,23.020,87.0,980,0
509.10,ac,geekbench_cpu,11.705,8.971,0.000,31.834,23.050,52.0,586,0
509.61,ac,geekbench_cpu,2.067,0.078,0.000,31.834,23.050,52.0,788,0
510.12,ac,geekbench_cpu,2.039,0.065,0.000,31.834,23.050,50.0,799,0
510.62,ac,geekbench_cpu,2.113,0.120,0.000,31.834,23.050,50.0,582,0
511.13,ac,geekbench_cpu,2.323,0.290,0.000,31.968,23.070,50.0,610,0
511.63,ac,geekbench_cpu,2.116,0.156,0.000,31.968,23.070,50.0,556,0
512.14,ac,geekbench_cpu,2.138,0.191,0.000,31.968,23.070,49.0,520,0
512.65,ac,geekbench_cpu,2.053,0.108,0.000,31.968,23.070,49.0,815,0
513.16,ac,geekbench_cpu,2.178,0.135,0.000,32.198,23.090,49.0,584,0
513.66,ac,geekbench_cpu,2.534,0.304,0.000,32.198,23.090,49.0,588,0
514.17,ac,geekbench_cpu,8.571,5.494,0.001,32.198,23.090,73.0,1236,0
514.68,ac,geekbench_cpu,15.640,11.976,0.000,32.198,23.090,73.0,981,0
515.19,ac,geekbench_cpu,15.981,12.202,0.001,32.266,23.100,90.0,1421,0
515.69,ac,geekbench_cpu,16.071,12.244,0.000,32.266,23.100,90.0,1193,0
516.20,ac,geekbench_cpu,15.930,11.874,0.000,32.266,23.100,83.0,1325,0
516.70,ac,geekbench_cpu,8.890,5.857,0.000,32.266,23.100,83.0,499,0
517.20,ac,geekbench_cpu,2.195,0.195,0.001,32.266,23.100,51.0,724,0
517.71,ac,geekbench_cpu,2.553,0.487,0.000,32.266,23.100,51.0,2829,0
518.22,ac,geekbench_cpu,3.456,1.269,0.000,32.245,23.130,50.0,524,0
518.72,ac,geekbench_cpu,2.172,0.190,0.000,32.245,23.130,50.0,628,0
519.23,ac,geekbench_cpu,2.196,0.195,0.000,32.245,23.130,50.0,758,0
519.74,ac,geekbench_cpu,2.299,0.217,0.000,32.245,23.130,50.0,713,0
520.25,ac,geekbench_cpu,2.109,0.139,0.000,32.440,23.150,49.0,519,0
520.76,ac,geekbench_cpu,2.144,0.169,0.000,32.440,23.150,49.0,595,0
521.27,ac,geekbench_cpu,2.060,0.048,0.000,32.440,23.150,49.0,535,0
521.77,ac,geekbench_cpu,10.269,7.948,0.001,32.440,23.150,49.0,1050,0
522.28,ac,geekbench_cpu,15.608,12.593,0.000,32.598,23.170,81.0,1419,0
522.79,ac,geekbench_cpu,16.671,12.741,0.001,32.598,23.170,81.0,1441,0
523.29,ac,geekbench_cpu,16.675,12.756,0.000,32.598,23.170,84.0,1397,0
523.80,ac,geekbench_cpu,15.860,13.298,0.000,32.598,23.170,84.0,1217,0
524.31,ac,geekbench_cpu,16.728,12.595,0.002,32.334,23.190,80.0,1338,0
524.81,ac,geekbench_cpu,16.747,12.791,0.000,32.334,23.190,80.0,1012,0
525.32,ac,geekbench_cpu,15.776,12.841,0.000,32.334,23.190,84.0,1446,0
525.82,ac,geekbench_cpu,16.208,12.753,0.000,32.334,23.190,84.0,1431,0
526.32,ac,geekbench_cpu,16.649,12.702,0.000,32.073,23.200,81.0,1221,0
526.83,ac,geekbench_cpu,16.273,12.728,0.000,32.073,23.200,81.0,1305,0
527.34,ac,geekbench_cpu,15.990,12.947,0.000,32.073,23.200,83.0,1534,0
527.84,ac,geekbench_cpu,17.979,13.883,0.000,32.073,23.200,83.0,981,0
528.34,ac,geekbench_cpu,16.704,12.767,0.000,32.073,23.200,85.0,979,0
528.85,ac,geekbench_cpu,15.648,13.126,0.000,32.073,23.200,85.0,1817,0
529.35,ac,geekbench_cpu,16.877,12.897,0.000,31.674,23.230,82.0,1298,0
529.86,ac,geekbench_cpu,17.200,13.130,0.000,31.674,23.230,82.0,976,0
530.36,ac,geekbench_cpu,7.336,4.619,0.000,31.674,23.230,53.0,642,0
530.87,ac,geekbench_cpu,2.152,0.161,0.000,31.674,23.230,53.0,687,0
531.38,ac,geekbench_cpu,2.131,0.171,0.000,31.616,23.250,52.0,679,0
531.88,ac,geekbench_cpu,2.273,0.273,0.000,31.616,23.250,52.0,610,0
532.39,ac,geekbench_cpu,2.251,0.130,0.000,31.616,23.250,52.0,594,0
532.90,ac,geekbench_cpu,2.189,0.208,0.000,31.616,23.250,52.0,579,0
533.41,ac,geekbench_cpu,2.100,0.117,0.000,31.893,23.270,52.0,700,0
533.92,ac,geekbench_cpu,2.080,0.119,0.000,31.893,23.270,52.0,511,0
534.43,ac,geekbench_cpu,2.197,0.132,0.000,31.893,23.270,51.0,544,0
534.93,ac,geekbench_cpu,2.159,0.171,0.000,31.893,23.270,51.0,531,0
535.44,ac,geekbench_cpu,12.040,8.687,0.001,32.131,23.280,72.0,1458,0
535.95,ac,geekbench_cpu,15.893,12.961,0.003,32.131,23.280,72.0,1359,0
536.45,ac,geekbench_cpu,16.334,13.044,0.003,32.131,23.280,91.0,1374,0
536.96,ac,geekbench_cpu,16.629,13.028,0.001,32.131,23.280,91.0,1147,0
537.46,ac,geekbench_cpu,15.933,13.167,0.000,31.916,23.300,89.0,1111,0
537.97,ac,geekbench_cpu,18.541,14.422,0.000,31.916,23.300,89.0,1437,0
538.47,ac,geekbench_cpu,16.198,12.960,0.002,31.916,23.300,92.0,976,0
538.98,ac,geekbench_cpu,13.665,10.850,0.002,31.916,23.300,92.0,581,0
539.48,ac,geekbench_cpu,2.156,0.167,0.000,31.916,23.300,53.0,754,0
539.99,ac,geekbench_cpu,2.212,0.211,0.000,31.916,23.300,53.0,631,0
540.50,ac,geekbench_cpu,2.135,0.175,0.000,31.814,23.330,52.0,936,0
541.00,ac,geekbench_cpu,2.227,0.232,0.000,31.814,23.330,52.0,642,0
541.51,ac,geekbench_cpu,3.765,1.625,0.000,31.814,23.330,54.0,657,0
542.02,ac,geekbench_cpu,2.216,0.221,0.000,31.814,23.330,54.0,578,0
542.53,ac,geekbench_cpu,1.982,0.029,0.000,31.979,23.350,52.0,526,0
543.04,ac,geekbench_cpu,2.130,0.152,0.000,31.979,23.350,52.0,564,0
543.55,ac,geekbench_cpu,2.139,0.068,0.000,31.979,23.350,52.0,546,0
544.05,ac,geekbench_cpu,5.653,3.375,0.004,31.979,23.350,52.0,2015,0
544.56,ac,geekbench_cpu,15.294,11.881,0.000,32.282,23.370,79.0,1360,0
545.07,ac,geekbench_cpu,17.484,12.900,0.002,32.282,23.370,79.0,1114,0
545.57,ac,geekbench_cpu,16.915,12.352,0.003,32.282,23.370,79.0,1408,0
546.07,ac,geekbench_cpu,17.908,13.245,0.002,32.282,23.370,79.0,1129,0
546.58,ac,geekbench_cpu,6.594,3.747,0.000,32.009,23.380,53.0,701,0
547.08,ac,geekbench_cpu,2.239,0.229,0.000,32.009,23.380,53.0,491,0
547.59,ac,geekbench_cpu,2.159,0.181,0.000,32.009,23.380,52.0,573,0
548.10,ac,geekbench_cpu,3.849,1.556,0.000,32.009,23.380,52.0,553,0
548.61,ac,geekbench_cpu,2.275,0.182,0.000,32.250,23.410,52.0,631,0
549.11,ac,geekbench_cpu,2.284,0.244,0.000,32.250,23.410,52.0,460,0
549.63,ac,geekbench_cpu,2.196,0.143,0.000,32.250,23.410,52.0,494,0
550.13,ac,geekbench_cpu,2.081,0.098,0.000,32.250,23.410,52.0,543,0
550.64,ac,geekbench_cpu,1.964,0.020,0.000,32.250,23.410,52.0,680,0
551.15,ac,geekbench_cpu,2.215,0.223,0.000,32.250,23.410,52.0,558,0
551.66,ac,geekbench_cpu,12.974,9.872,0.001,32.448,23.430,81.0,1482,0
552.16,ac,geekbench_cpu,16.485,13.554,0.001,32.448,23.430,81.0,980,0
552.67,ac,geekbench_cpu,15.404,12.883,0.001,32.448,23.430,86.0,2595,0
553.17,ac,geekbench_cpu,15.350,12.904,0.000,32.448,23.430,86.0,1221,0
553.68,ac,geekbench_cpu,15.338,12.863,0.000,32.348,23.450,86.0,2093,0
554.18,ac,geekbench_cpu,5.545,3.051,0.000,32.348,23.450,86.0,640,0
554.69,ac,geekbench_cpu,2.187,0.196,0.000,32.348,23.450,52.0,836,0
555.20,ac,geekbench_cpu,2.254,0.206,0.000,32.348,23.450,52.0,695,0
555.71,ac,geekbench_cpu,2.110,0.113,0.000,32.373,23.470,52.0,630,0
556.21,ac,geekbench_cpu,2.023,0.043,0.000,32.373,23.470,52.0,560,0
556.72,ac,geekbench_cpu,2.026,0.057,0.000,32.373,23.470,52.0,550,0
557.23,ac,geekbench_cpu,2.116,0.129,0.000,32.373,23.470,52.0,427,0
557.74,ac,geekbench_cpu,3.101,0.916,0.000,32.559,23.480,68.0,3495,0
558.24,ac,geekbench_cpu,3.020,0.879,0.000,32.559,23.480,68.0,786,0
558.75,ac,geekbench_cpu,2.183,0.177,0.000,32.559,23.480,52.0,537,0
559.26,ac,geekbench_cpu,16.324,12.321,0.003,32.559,23.480,52.0,1418,0
559.77,ac,geekbench_cpu,18.752,14.685,0.003,32.359,23.510,90.0,1392,0
560.27,ac,geekbench_cpu,18.602,14.537,0.001,32.359,23.510,90.0,1028,0
560.78,ac,geekbench_cpu,18.590,14.503,0.000,32.359,23.510,90.0,1111,0
561.28,ac,geekbench_cpu,18.430,14.396,0.000,32.359,23.510,90.0,1371,0
561.79,ac,geekbench_cpu,18.470,14.379,0.001,32.359,23.510,89.0,980,0
562.29,ac,geekbench_cpu,6.957,4.318,0.000,32.359,23.510,89.0,603,0
562.79,ac,geekbench_cpu,2.089,0.090,0.000,31.835,23.530,53.0,1042,0
563.30,ac,geekbench_cpu,2.058,0.082,0.000,31.835,23.530,53.0,688,0
563.81,ac,geekbench_cpu,2.001,0.024,0.000,31.835,23.530,52.0,734,0
564.32,ac,geekbench_cpu,2.078,0.019,0.000,31.835,23.530,52.0,820,0
564.82,ac,geekbench_cpu,1.923,0.030,0.000,32.084,23.550,52.0,622,0
565.33,ac,geekbench_cpu,1.980,0.016,0.000,32.084,23.550,52.0,518,0
565.84,ac,geekbench_cpu,2.003,0.025,0.000,32.084,23.550,52.0,613,0
566.34,ac,geekbench_cpu,1.915,0.019,0.000,32.084,23.550,52.0,633,0
566.86,ac,geekbench_cpu,1.894,0.025,0.000,32.298,23.570,52.0,537,0
567.36,ac,geekbench_cpu,25.402,19.030,0.001,32.298,23.570,52.0,3891,0
567.87,ac,geekbench_cpu,30.251,23.356,0.001,32.298,23.570,75.0,3917,200
568.38,ac,geekbench_cpu,30.402,23.287,0.001,32.298,23.570,75.0,4025,2050
568.88,ac,geekbench_cpu,29.345,22.295,0.001,29.964,23.580,75.0,3934,2500
569.39,ac,geekbench_cpu,29.885,22.623,0.000,29.964,23.580,75.0,3932,2550
569.90,ac,geekbench_cpu,31.766,24.266,0.000,29.964,23.580,63.0,586,2450
570.40,ac,geekbench_cpu,2.639,0.397,0.002,29.964,23.580,63.0,783,2300
570.91,ac,geekbench_cpu,2.254,0.210,0.001,29.036,23.600,54.0,646,2200
571.42,ac,geekbench_cpu,2.212,0.199,0.000,29.036,23.600,54.0,572,2050
571.93,ac,geekbench_cpu,2.214,0.205,0.000,29.036,23.600,53.0,612,2000
572.43,ac,geekbench_cpu,2.032,0.043,0.000,29.036,23.600,53.0,570,2100
572.94,ac,geekbench_cpu,2.032,0.033,0.000,29.036,23.600,52.0,823,2150
573.45,ac,geekbench_cpu,2.002,0.024,0.000,29.036,23.600,52.0,534,2100
573.96,ac,geekbench_cpu,2.064,0.076,0.000,29.667,23.610,52.0,606,2050
574.47,ac,geekbench_cpu,2.117,0.123,0.000,29.667,23.610,52.0,510,2150
574.98,ac,geekbench_cpu,4.171,1.760,0.002,29.667,23.610,65.0,1726,2150
575.48,ac,geekbench_cpu,26.828,21.877,0.002,29.667,23.610,65.0,3950,2050
575.99,ac,geekbench_cpu,31.127,25.318,0.003,30.179,23.630,73.0,3950,2100
576.50,ac,geekbench_cpu,29.944,24.315,0.000,30.179,23.630,73.0,2191,2150
577.00,ac,geekbench_cpu,23.835,18.955,0.002,30.179,23.630,57.0,687,2100
577.51,ac,geekbench_cpu,2.228,0.190,0.002,30.179,23.630,57.0,625,2050
578.01,ac,geekbench_cpu,3.932,1.619,0.001,28.484,23.640,53.0,732,2100
578.52,ac,geekbench_cpu,2.187,0.188,0.000,28.484,23.640,53.0,801,2150
579.03,ac,geekbench_cpu,2.129,0.128,0.000,28.484,23.640,52.0,612,2050
579.54,ac,geekbench_cpu,2.136,0.049,0.000,28.484,23.640,52.0,736,2100
580.05,ac,geekbench_cpu,1.985,0.018,0.000,29.228,23.660,52.0,636,2150
580.55,ac,geekbench_cpu,2.081,0.015,0.000,29.228,23.660,52.0,746,2100
581.06,ac,geekbench_cpu,2.021,0.037,0.001,29.228,23.660,52.0,652,2050
581.57,ac,geekbench_cpu,1.982,0.015,0.000,29.228,23.660,52.0,567,2100
582.07,ac,geekbench_cpu,10.291,7.072,0.002,29.818,23.690,68.0,3930,2150
582.58,ac,geekbench_cpu,33.573,26.138,0.001,29.818,23.690,68.0,3928,2100
583.09,ac,geekbench_cpu,10.244,6.713,0.000,29.818,23.690,53.0,796,2100
583.59,ac,geekbench_cpu,2.169,0.152,0.002,29.818,23.690,53.0,638,2150
584.10,ac,geekbench_cpu,2.305,0.264,0.001,29.818,23.690,52.0,684,2100
584.60,ac,geekbench_cpu,2.253,0.161,0.002,29.818,23.690,52.0,646,2050
585.11,ac,geekbench_cpu,2.138,0.142,0.000,29.188,23.700,51.0,659,2100
585.62,ac,geekbench_cpu,2.210,0.154,0.002,29.188,23.700,51.0,635,2150
586.13,ac,geekbench_cpu,2.204,0.146,0.000,29.188,23.700,51.0,665,2100
586.63,ac,geekbench_cpu,2.119,0.132,0.000,29.188,23.700,51.0,521,2100
587.14,ac,geekbench_cpu,2.159,0.140,0.000,29.782,23.720,51.0,503,2150
587.65,ac,geekbench_cpu,2.250,0.192,0.000,29.782,23.720,51.0,585,2100
588.16,ac,geekbench_cpu,30.015,24.061,0.004,29.782,23.720,74.0,1951,2050
588.67,ac,geekbench_cpu,32.847,26.421,0.001,29.782,23.720,74.0,2140,2100
589.17,ac,geekbench_cpu,32.991,26.600,0.003,29.995,23.740,77.0,1527,2150
589.68,ac,geekbench_cpu,34.102,27.554,0.000,29.995,23.740,77.0,3811,2050
590.19,ac,geekbench_cpu,20.402,15.376,0.001,29.995,23.740,55.0,576,2100
590.69,ac,geekbench_cpu,2.289,0.216,0.001,29.995,23.740,55.0,598,2150
591.20,ac,geekbench_cpu,2.233,0.191,0.002,27.575,23.750,52.0,823,2100
591.71,ac,geekbench_cpu,2.338,0.170,0.000,27.575,23.750,52.0,720,2050
592.22,ac,geekbench_cpu,2.181,0.168,0.000,27.575,23.750,52.0,535,2100
592.73,ac,geekbench_cpu,2.136,0.137,0.000,27.575,23.750,52.0,603,2150
593.23,ac,geekbench_cpu,2.147,0.141,0.000,28.396,23.770,51.0,725,2100
593.74,ac,geekbench_cpu,2.041,0.074,0.000,28.396,23.770,51.0,672,2100
594.25,ac,geekbench_cpu,2.093,0.083,0.000,28.396,23.770,51.0,637,2150
594.75,ac,geekbench_cpu,2.074,0.070,0.000,28.396,23.770,51.0,615,2100
595.26,ac,geekbench_cpu,9.711,6.966,0.000,28.396,23.770,72.0,3941,2050
595.77,ac,geekbench_cpu,30.432,25.000,0.002,28.396,23.770,72.0,1809,2100
596.28,ac,geekbench_cpu,31.315,25.595,0.003,29.070,23.790,90.0,1824,2150
596.78,ac,geekbench_cpu,31.172,25.774,0.000,29.070,23.790,90.0,1843,2100
597.29,ac,geekbench_cpu,31.221,25.869,0.001,29.070,23.790,83.0,3937,2100
597.80,ac,geekbench_cpu,29.355,23.983,0.000,29.070,23.790,83.0,665,2150
598.31,ac,geekbench_cpu,2.295,0.210,0.000,26.530,23.800,53.0,648,2100
598.82,ac,geekbench_cpu,2.220,0.193,0.000,26.530,23.800,53.0,725,2050
599.32,ac,geekbench_cpu,2.178,0.177,0.000,26.530,23.800,52.0,590,2100
599.83,ac,geekbench_cpu,2.143,0.142,0.000,26.530,23.800,52.0,628,2100
600.34,ac,geekbench_cpu,2.172,0.159,0.000,26.687,23.810,52.0,718,2050
600.85,ac,geekbench_cpu,2.149,0.152,0.000,26.687,23.810,52.0,492,2100
601.36,ac,geekbench_cpu,2.152,0.143,0.000,26.687,23.810,52.0,582,2150
601.87,ac,geekbench_cpu,2.221,0.142,0.000,26.687,23.810,52.0,591,2100
602.37,ac,geekbench_cpu,3.968,1.787,0.000,28.012,23.840,52.0,604,2050
602.88,ac,geekbench_cpu,9.433,6.792,0.002,28.012,23.840,52.0,3934,2150
603.39,ac,geekbench_cpu,36.348,31.561,0.000,28.012,23.840,74.0,3918,2100
603.89,ac,geekbench_cpu,35.895,30.977,0.000,28.012,23.840,74.0,3912,2050
604.40,ac,geekbench_cpu,35.378,30.780,0.001,26.076,23.850,77.0,3918,2100
604.90,ac,geekbench_cpu,36.424,31.498,0.000,26.076,23.850,77.0,3928,2150
605.41,ac,geekbench_cpu,35.348,30.734,0.001,26.076,23.850,78.0,3950,2100
605.91,ac,geekbench_cpu,36.420,31.434,0.001,26.076,23.850,78.0,3896,2100
606.42,ac,geekbench_cpu,34.799,30.194,0.000,26.076,23.850,78.0,3934,2150
606.93,ac,geekbench_cpu,36.595,32.016,0.000,26.076,23.850,78.0,3927,2100
607.43,ac,geekbench_cpu,36.518,31.588,0.000,23.129,23.850,80.0,3522,2050
607.94,ac,geekbench_cpu,35.658,30.887,0.000,23.129,23.850,80.0,3930,2100
608.44,ac,geekbench_cpu,36.556,31.559,0.000,23.129,23.850,81.0,3925,2100
608.95,ac,geekbench_cpu,18.368,15.076,0.000,23.129,23.850,81.0,725,2050
609.46,ac,geekbench_cpu,2.091,0.073,0.000,20.578,23.860,57.0,674,2100
609.96,ac,geekbench_cpu,1.955,0.015,0.000,20.578,23.860,57.0,426,2150
610.47,ac,geekbench_cpu,1.979,0.018,0.000,20.578,23.860,56.0,899,2100
610.98,ac,geekbench_cpu,2.430,0.478,0.000,20.578,23.860,56.0,851,2050
611.49,ac,geekbench_cpu,2.010,0.027,0.000,22.077,23.870,55.0,905,2150
611.99,ac,geekbench_cpu,2.007,0.024,0.000,22.077,23.870,55.0,934,2100
612.50,ac,geekbench_cpu,2.009,0.035,0.000,22.077,23.870,55.0,555,2050
613.01,ac,geekbench_cpu,2.064,0.040,0.000,22.077,23.870,55.0,756,2100
613.52,ac,geekbench_cpu,1.997,0.015,0.000,23.581,23.900,55.0,564,2150
614.02,ac,geekbench_cpu,10.408,7.762,0.000,23.581,23.900,55.0,1711,2100
614.53,ac,geekbench_cpu,16.412,14.048,0.000,23.581,23.900,64.0,3578,2100
615.03,ac,geekbench_cpu,19.147,16.708,0.001,23.581,23.900,64.0,1319,2150
615.54,ac,geekbench_cpu,17.137,14.686,0.001,24.370,23.910,94.0,967,2100
616.04,ac,geekbench_cpu,17.050,14.584,0.000,24.370,23.910,94.0,1298,2050
616.55,ac,geekbench_cpu,17.289,14.671,0.000,24.370,23.910,95.0,1471,2100
617.05,ac,geekbench_cpu,9.458,7.169,0.000,24.370,23.910,95.0,685,2100
617.56,ac,geekbench_cpu,2.186,0.168,0.000,24.370,23.910,55.0,548,2050
618.06,ac,geekbench_cpu,3.892,1.588,0.000,24.370,23.910,55.0,561,2100
618.57,ac,geekbench_cpu,2.297,0.152,0.000,25.109,23.930,55.0,625,2150
619.08,ac,geekbench_cpu,2.172,0.154,0.000,25.109,23.930,55.0,576,2100
619.59,ac,geekbench_cpu,2.191,0.191,0.000,25.109,23.930,54.0,494,2100
620.09,ac,geekbench_cpu,2.190,0.179,0.000,25.109,23.930,54.0,517,2150
620.60,ac,geekbench_cpu,2.174,0.157,0.000,26.218,23.950,53.0,547,2100
621.11,ac,geekbench_cpu,2.235,0.201,0.000,26.218,23.950,53.0,541,2050
621.62,ac,geekbench_cpu,2.140,0.146,0.000,26.218,23.950,53.0,579,2100
622.13,ac,geekbench_cpu,21.512,18.897,0.000,26.218,23.950,53.0,3957,2150
622.64,ac,geekbench_cpu,35.926,33.089,0.000,27.402,23.980,80.0,3886,2050
623.14,ac,geekbench_cpu,35.818,32.912,0.001,27.402,23.980,80.0,3918,2100
623.65,ac,geekbench_cpu,12.446,10.054,0.002,27.402,23.980,56.0,806,2150
624.15,ac,geekbench_cpu,2.265,0.176,0.001,27.402,23.980,56.0,654,2100
624.66,ac,geekbench_cpu,2.160,0.157,0.002,25.722,23.980,54.0,649,2050
625.17,ac,geekbench_cpu,2.190,0.183,0.000,25.722,23.980,54.0,545,2150
625.68,ac,geekbench_cpu,2.131,0.124,0.000,25.722,23.980,54.0,693,2100
626.18,ac,geekbench_cpu,2.113,0.102,0.000,25.722,23.980,54.0,546,2050
626.69,ac,geekbench_cpu,1.992,0.026,0.000,26.768,24.000,53.0,508,2100
627.20,ac,geekbench_cpu,2.009,0.026,0.000,26.768,24.000,53.0,537,2150
627.71,ac,geekbench_cpu,2.129,0.115,0.000,26.768,24.000,54.0,2845,2050
628.21,ac,geekbench_cpu,3.716,1.437,0.000,26.768,24.000,54.0,473,2100
628.72,ac,geekbench_cpu,22.086,17.711,0.001,26.768,24.000,73.0,3945,2150
629.23,ac,geekbench_cpu,32.575,26.326,0.000,26.768,24.000,73.0,1452,2100
629.74,ac,geekbench_cpu,33.324,26.611,0.000,27.655,24.020,90.0,1463,2050
630.24,ac,geekbench_cpu,2.500,0.425,0.001,27.655,24.020,90.0,1090,2150
630.75,ac,geekbench_cpu,2.129,0.082,0.000,27.655,24.020,54.0,1098,2100
631.25,ac,geekbench_cpu,2.193,0.177,0.000,27.655,24.020,54.0,545,2050
631.76,ac,geekbench_cpu,2.173,0.154,0.000,26.235,24.030,53.0,508,2100
632.27,ac,geekbench_cpu,2.086,0.102,0.001,26.235,24.030,53.0,523,2150
632.78,ac,geekbench_cpu,2.027,0.025,0.000,26.235,24.030,52.0,593,2100
633.28,ac,geekbench_cpu,2.039,0.043,0.000,26.235,24.030,52.0,642,2100
633.79,ac,geekbench_cpu,2.142,0.140,0.000,27.651,24.060,52.0,518,2150
634.30,ac,geekbench_cpu,1.982,0.021,0.000,27.651,24.060,52.0,653,2100
634.81,ac,geekbench_cpu,3.106,0.962,0.000,27.651,24.060,76.0,1398,2050
635.31,ac,geekbench_cpu,35.670,29.899,0.000,27.651,24.060,76.0,3880,2100
635.82,ac,geekbench_cpu,36.953,30.969,0.001,27.311,24.080,75.0,3894,2100
636.32,ac,geekbench_cpu,3.357,1.046,0.001,27.311,24.080,75.0,597,2050
636.83,ac,geekbench_cpu,2.163,0.126,0.000,27.311,24.080,53.0,875,2100
637.34,ac,geekbench_cpu,2.175,0.150,0.000,27.311,24.080,53.0,518,2150
637.85,ac,geekbench_cpu,3.775,1.473,0.000,27.207,24.090,53.0,708,2100
638.35,ac,geekbench_cpu,2.183,0.162,0.000,27.207,24.090,53.0,559,2100
638.86,ac,geekbench_cpu,2.149,0.139,0.000,27.207,24.090,52.0,631,2150
639.37,ac,geekbench_cpu,2.174,0.164,0.000,27.207,24.090,52.0,511,2100
639.88,ac,geekbench_cpu,2.041,0.071,0.000,27.207,24.090,52.0,533,2050
640.38,ac,geekbench_cpu,2.250,0.058,0.000,27.207,24.090,52.0,554,2150
640.89,ac,geekbench_cpu,3.043,0.919,0.001,28.043,24.110,76.0,1644,2250
641.40,ac,geekbench_cpu,22.679,17.829,0.002,28.043,24.110,76.0,3932,2400
641.90,ac,geekbench_cpu,19.766,14.739,0.003,28.043,24.110,54.0,597,2400
642.41,ac,geekbench_cpu,2.044,0.028,0.002,28.043,24.110,54.0,1116,2300
642.92,ac,geekbench_cpu,2.007,0.023,0.001,28.071,24.130,52.0,734,2300
643.42,ac,geekbench_cpu,2.045,0.035,0.001,28.071,24.130,52.0,527,2400
643.94,ac,geekbench_cpu,2.126,0.102,0.000,28.071,24.130,51.0,627,2350
644.44,ac,geekbench_cpu,2.015,0.026,0.000,28.071,24.130,51.0,598,2300
644.95,ac,geekbench_cpu,1.997,0.025,0.000,28.934,24.150,51.0,556,2350
645.46,ac,geekbench_cpu,2.063,0.055,0.000,28.934,24.150,51.0,423,2400
645.97,ac,geekbench_cpu,2.187,0.041,0.000,28.934,24.150,50.0,611,2350
646.47,ac,geekbench_cpu,2.021,0.029,0.000,28.934,24.150,50.0,536,2350
646.98,ac,geekbench_cpu,14.088,11.225,0.000,29.563,24.170,81.0,2537,2400
647.49,ac,geekbench_cpu,30.777,25.128,0.001,29.563,24.170,81.0,1630,2350
647.99,ac,geekbench_cpu,30.888,25.004,0.000,29.563,24.170,71.0,1479,2300
648.50,ac,geekbench_cpu,30.134,24.324,0.001,29.563,24.170,71.0,3910,2350
649.00,ac,geekbench_cpu,31.854,25.959,0.000,27.960,24.180,70.0,3931,2350
649.51,ac,geekbench_cpu,18.820,13.935,0.000,27.960,24.180,70.0,527,2300
650.01,ac,geekbench_cpu,2.459,0.283,0.000,27.960,24.180,52.0,577,2350
650.52,ac,geekbench_cpu,2.218,0.174,0.000,27.960,24.180,52.0,755,2400
651.03,ac,geekbench_cpu,2.179,0.168,0.000,28.209,24.180,52.0,549,2350
651.53,ac,geekbench_cpu,2.239,0.121,0.000,28.209,24.180,52.0,729,2350
652.04,ac,geekbench_cpu,2.124,0.108,0.000,27.377,24.190,51.0,552,2400
652.55,ac,geekbench_cpu,1.999,0.020,0.000,27.377,24.190,51.0,716,2350
653.06,ac,geekbench_cpu,2.011,0.030,0.000,27.377,24.190,51.0,526,2300
653.57,ac,geekbench_cpu,1.996,0.021,0.000,27.377,24.190,51.0,571,2350
654.08,ac,geekbench_cpu,2.036,0.036,0.000,28.573,24.220,50.0,621,2350
654.58,ac,geekbench_cpu,13.026,9.595,0.000,28.573,24.220,50.0,3950,2300
655.09,ac,geekbench_cpu,32.504,26.748,0.000,28.573,24.220,78.0,3652,2350
655.60,ac,geekbench_cpu,19.313,15.275,0.000,28.573,24.220,78.0,531,2400
656.10,ac,geekbench_cpu,2.218,0.171,0.000,27.130,24.240,51.0,719,2350
656.61,ac,geekbench_cpu,2.171,0.135,0.000,27.130,24.240,51.0,853,2350
657.12,ac,geekbench_cpu,2.220,0.120,0.001,27.130,24.240,51.0,521,2400
657.64,ac,geekbench_cpu,2.147,0.134,0.000,27.130,24.240,51.0,547,2350
658.15,ac,geekbench_cpu,3.832,1.505,0.000,28.473,24.250,50.0,814,2300
658.66,ac,geekbench_cpu,2.208,0.180,0.000,28.473,24.250,50.0,837,2350
659.17,ac,geekbench_cpu,2.079,0.084,0.000,28.473,24.250,50.0,608,2350
659.67,ac,geekbench_cpu,2.018,0.031,0.000,28.473,24.250,50.0,679,2300
660.18,ac,geekbench_cpu,2.015,0.023,0.000,29.151,24.270,49.0,716,2350
660.69,ac,geekbench_cpu,9.401,6.785,0.000,29.151,24.270,49.0,1417,2400
661.20,ac,geekbench_cpu,27.936,21.716,0.001,29.151,24.270,76.0,3716,2350
661.70,ac,geekbench_cpu,12.716,8.767,0.001,29.151,24.270,76.0,654,2350
662.21,ac,geekbench_cpu,2.330,0.159,0.001,28.992,24.290,50.0,990,2400
662.71,ac,geekbench_cpu,3.629,1.403,0.001,28.992,24.290,50.0,858,2350
663.22,ac,geekbench_cpu,2.147,0.139,0.000,28.992,24.290,50.0,653,2300
663.73,ac,geekbench_cpu,2.138,0.128,0.001,28.992,24.290,50.0,798,2350
664.24,ac,geekbench_cpu,2.102,0.114,0.001,28.992,24.290,49.0,574,2400
664.75,ac,geekbench_cpu,2.126,0.111,0.000,28.992,24.290,49.0,493,2300
665.26,ac,geekbench_cpu,2.134,0.112,0.000,29.765,24.320,49.0,685,2350
665.76,ac,geekbench_cpu,2.054,0.068,0.000,29.765,24.320,49.0,623,2400
666.27,ac,geekbench_cpu,2.116,0.126,0.000,29.765,24.320,49.0,601,2350
666.78,ac,geekbench_cpu,11.264,8.434,0.000,29.765,24.320,49.0,1558,2350
667.29,ac,geekbench_cpu,26.920,23.710,0.001,30.292,24.330,71.0,3943,2350
667.79,ac,geekbench_cpu,10.438,7.559,0.000,30.292,24.330,71.0,594,2350
668.30,ac,geekbench_cpu,2.161,0.161,0.001,30.292,24.330,49.0,682,2350
668.81,ac,geekbench_cpu,2.094,0.106,0.000,30.292,24.330,49.0,699,2350
669.32,ac,geekbench_cpu,2.140,0.134,0.000,29.999,24.350,49.0,499,2350
669.83,ac,geekbench_cpu,2.109,0.125,0.000,29.999,24.350,49.0,501,2350
670.33,ac,geekbench_cpu,2.120,0.107,0.001,29.999,24.350,49.0,607,2300
670.84,ac,geekbench_cpu,2.053,0.059,0.000,29.999,24.350,49.0,530,2350
671.35,ac,geekbench_cpu,2.124,0.105,0.000,30.482,24.370,48.0,557,2350
671.86,ac,geekbench_cpu,2.096,0.115,0.000,30.482,24.370,48.0,510,2350
672.37,ac,geekbench_cpu,1.995,0.021,0.000,30.482,24.370,48.0,621,2400
672.87,ac,geekbench_cpu,25.121,19.834,0.001,30.482,24.370,48.0,2454,2400
673.38,ac,geekbench_cpu,30.682,24.537,0.001,30.310,24.390,54.0,889,2350
673.89,ac,geekbench_cpu,2.175,0.099,0.000,30.310,24.390,54.0,949,2350
674.40,ac,geekbench_cpu,2.131,0.112,0.001,30.310,24.390,49.0,852,2350
674.90,ac,geekbench_cpu,2.017,0.027,0.000,30.310,24.390,49.0,671,2350
675.41,ac,geekbench_cpu,1.991,0.028,0.001,30.310,24.390,48.0,716,2350
675.92,ac,geekbench_cpu,1.987,0.021,0.000,30.310,24.390,48.0,505,2350
676.43,ac,geekbench_cpu,2.048,0.058,0.000,30.252,24.410,48.0,553,2350
676.93,ac,geekbench_cpu,2.179,0.152,0.000,30.252,24.410,48.0,541,2350
677.44,ac,geekbench_cpu,2.018,0.036,0.000,30.252,24.410,47.0,764,2350
677.95,ac,geekbench_cpu,3.624,1.302,0.000,30.252,24.410,47.0,519,2350
678.46,ac,geekbench_cpu,2.169,0.175,0.001,30.716,24.430,47.0,705,2350
678.96,ac,geekbench_cpu,5.915,3.094,0.002,30.716,24.430,47.0,624,2350
679.47,ac,end,2.093,0.102,0.000,30.716,24.430,47.0,592,2350
679.98,ac,end,1.972,0.028,0.001,30.716,24.430,47.0,746,2350
680.49,ac,end,2.082,0.035,0.002,31.073,24.450,47.0,581,2350
680.99,ac,end,2.119,0.125,0.001,31.073,24.450,47.0,712,2350
681.50,ac,end,2.087,0.090,0.001,31.073,24.450,47.0,861,2350
682.01,ac,end,2.073,0.106,0.001,31.073,24.450,47.0,574,2350
682.52,ac,end,2.061,0.083,0.000,31.422,24.470,46.0,541,2350
683.02,ac,end,2.084,0.101,0.000,31.422,24.470,46.0,491,2350
683.53,ac,end,2.088,0.104,0.000,31.422,24.470,46.0,486,2350
684.04,ac,end,10.961,7.253,0.011,31.422,24.470,46.0,3537,2350
684.55,ac,end,13.640,9.804,0.002,31.692,24.490,57.0,1097,2350
685.05,ac,end,2.385,0.325,0.002,31.692,24.490,57.0,612,2350
685.56,ac,end,2.140,0.164,0.001,31.692,24.490,47.0,600,2350
686.07,ac,end,2.210,0.178,0.000,31.692,24.490,47.0,677,2350
686.58,ac,end,2.027,0.049,0.000,31.692,24.490,46.0,2014,2350
687.09,ac,end,5.157,2.580,0.008,31.692,24.490,46.0,996,2350
687.59,ac,end,2.480,0.496,0.002,31.942,24.510,46.0,2216,2350
688.10,ac,end,4.614,2.236,0.003,31.942,24.510,46.0,544,2350
688.61,ac,end,2.493,0.509,0.002,31.942,24.510,46.0,1191,2350
689.11,ac,end,2.520,0.541,0.000,31.942,24.510,46.0,2177,2350
689.62,ac,end,2.520,0.534,0.000,32.148,24.530,46.0,1740,2350
690.13,ac,end,2.408,0.501,0.000,32.148,24.530,46.0,1395,2350
690.63,ac,end,2.663,0.696,0.000,32.148,24.530,46.0,1163,2350
691.14,ac,end,7.904,5.179,0.001,32.148,24.530,46.0,1667,2350
691.65,ac,end,2.531,0.588,0.001,32.363,24.550,46.0,926,2350
692.15,ac,end,2.519,0.605,0.001,32.363,24.550,46.0,2513,2350
692.66,ac,end,2.468,0.518,0.000,32.363,24.550,46.0,1413,2350
693.17,ac,end,2.544,0.616,0.001,32.363,24.550,46.0,721,2350
693.68,ac,end,2.498,0.571,0.001,32.502,24.570,46.0,1744,2350
694.18,ac,end,2.383,0.499,0.000,32.502,24.570,46.0,2107,2350
694.69,ac,end,2.464,0.546,0.002,32.502,24.570,45.0,2214,2350
695.19,ac,end,3.508,1.473,0.000,32.502,24.570,45.0,1603,2350
695.70,performance,idle,2.423,0.499,0.000,32.740,24.600,45.0,1444,2350
696.21,performance,idle,2.361,0.447,0.000,32.740,24.600,45.0,1087,2350
696.71,performance,idle,2.382,0.478,0.000,32.740,24.600,45.0,1058,2350
697.22,performance,idle,2.583,0.649,0.000,32.740,24.600,45.0,936,2350
697.72,performance,idle,3.812,1.638,0.000,32.740,24.600,49.0,2752,2350
698.23,performance,idle,2.754,0.658,0.000,32.740,24.600,49.0,1114,2350
698.74,performance,idle,2.357,0.465,0.000,32.883,24.620,45.0,1327,2350
699.24,performance,idle,2.314,0.430,0.000,32.883,24.620,45.0,1709,2350
699.75,performance,idle,2.317,0.426,0.000,32.883,24.620,45.0,2144,2350
700.25,performance,idle,2.349,0.459,0.000,32.883,24.620,45.0,1926,2350
700.76,performance,idle,2.366,0.481,0.000,32.990,24.640,45.0,1260,2350
701.27,performance,idle,2.465,0.562,0.000,32.990,24.640,45.0,1003,2350
701.77,performance,idle,2.451,0.517,0.000,32.990,24.640,44.0,1318,2350
702.28,performance,idle,2.489,0.483,0.000,32.990,24.640,44.0,990,2350
702.79,performance,idle,2.341,0.432,0.000,33.093,24.660,44.0,1605,2350
703.29,performance,idle,2.221,0.342,0.000,33.093,24.660,44.0,915,2350
703.80,performance,idle,2.688,0.707,0.000,33.093,24.660,44.0,1560,2350
704.31,performance,idle,2.336,0.441,0.000,33.093,24.660,44.0,1339,2350
704.81,performance,idle,2.244,0.371,0.000,33.192,24.670,44.0,1333,2350
705.32,performance,idle,2.256,0.347,0.000,33.192,24.670,44.0,955,2350
705.83,performance,idle,2.461,0.529,0.000,33.192,24.670,43.0,2011,2350
706.33,performance,idle,2.113,0.248,0.000,33.192,24.670,43.0,1145,2350
706.84,performance,idle,2.202,0.305,0.000,33.307,24.700,44.0,1260,2350
707.34,performance,idle,2.178,0.306,0.000,33.307,24.700,44.0,929,2350
707.85,performance,idle,3.960,1.735,0.000,33.307,24.700,44.0,1207,2350
708.36,performance,idle,2.616,0.641,0.000,33.307,24.700,44.0,1543,2350
708.87,performance,idle,2.418,0.482,0.000,33.307,24.700,43.0,1347,2350
709.37,performance,idle,2.711,0.682,0.000,33.307,24.700,43.0,2356,2350
709.88,performance,idle,2.380,0.446,0.000,33.376,24.720,43.0,1787,2350
710.38,performance,idle,4.456,2.283,0.000,33.376,24.720,43.0,1144,2350
710.89,performance,geekbench_cpu,2.479,0.552,0.000,33.376,24.720,43.0,1677,2350
711.40,performance,geekbench_cpu,2.262,0.397,0.000,33.376,24.720,43.0,2175,2350
711.90,performance,geekbench_cpu,2.734,0.803,0.000,33.411,24.740,43.0,1725,2350
712.41,performance,geekbench_cpu,4.365,2.353,0.000,33.411,24.740,43.0,2028,2350
712.92,performance,geekbench_cpu,4.874,2.712,0.000,33.411,24.740,44.0,1349,2350
713.42,performance,geekbench_cpu,4.140,2.044,0.011,33.411,24.740,44.0,1098,2350
713.93,performance,geekbench_cpu,5.360,3.133,0.006,33.417,24.760,45.0,1510,2350
714.43,performance,geekbench_cpu,4.333,2.334,0.000,33.417,24.760,45.0,2214,2350
714.94,performance,geekbench_cpu,9.692,6.107,0.046,33.417,24.760,48.0,2927,2350
715.44,performance,geekbench_cpu,12.671,9.206,0.070,33.417,24.760,48.0,3200,2350
715.95,performance,geekbench_cpu,9.567,7.042,0.027,33.343,24.780,52.0,2550,2350
716.45,performance,geekbench_cpu,9.210,6.824,0.014,33.343,24.780,52.0,2423,2350
716.96,performance,geekbench_cpu,15.063,11.688,0.020,33.343,24.780,68.0,2970,2350
717.46,performance,geekbench_cpu,16.785,13.245,0.020,33.343,24.780,68.0,2976,2350
717.97,performance,geekbench_cpu,17.596,13.358,0.028,33.000,24.810,63.0,2501,2350
718.47,performance,geekbench_cpu,13.544,10.533,0.016,33.000,24.810,63.0,2807,2350
718.98,performance,geekbench_cpu,15.993,12.754,0.005,33.000,24.810,67.0,2936,2350
719.48,performance,geekbench_cpu,16.094,12.566,0.002,33.000,24.810,67.0,2142,2350
719.99,performance,geekbench_cpu,14.703,11.428,0.006,33.000,24.810,61.0,2445,2350
720.49,performance,geekbench_cpu,15.274,11.877,0.033,33.000,24.810,61.0,1529,2350
721.00,performance,geekbench_cpu,17.640,13.459,0.042,32.770,24.820,68.0,3662,2350
721.50,performance,geekbench_cpu,16.426,12.695,0.023,32.770,24.820,68.0,1797,2350
722.01,performance,geekbench_cpu,14.005,10.914,0.000,32.770,24.820,74.0,1534,2350
722.51,performance,geekbench_cpu,17.768,14.294,0.000,32.770,24.820,74.0,2249,2350
723.02,performance,geekbench_cpu,16.920,13.221,0.000,32.476,24.840,69.0,3300,2350
723.52,performance,geekbench_cpu,15.226,11.866,0.006,32.476,24.840,69.0,1455,2350
724.03,performance,geekbench_cpu,16.355,12.893,0.040,32.476,24.840,71.0,3462,2350
724.53,performance,geekbench_cpu,17.705,13.620,0.039,32.476,24.840,71.0,3563,2350
725.04,performance,geekbench_cpu,16.738,12.810,0.082,32.071,24.860,66.0,2299,2350
725.54,performance,geekbench_cpu,9.296,6.423,0.122,32.071,24.860,66.0,3342,2350
726.05,performance,geekbench_cpu,5.599,2.942,0.292,32.071,24.860,50.0,1824,2350
726.55,performance,geekbench_cpu,5.869,3.206,0.208,32.071,24.860,50.0,1788,2350
727.06,performance,geekbench_cpu,6.466,3.810,0.110,32.097,24.880,49.0,2736,2350
727.56,performance,geekbench_cpu,6.298,3.582,0.027,32.097,24.880,49.0,1633,2350
728.07,performance,geekbench_cpu,6.742,4.167,0.024,32.097,24.880,48.0,3428,2350
728.57,performance,geekbench_cpu,5.042,2.503,0.064,32.097,24.880,48.0,722,2350
729.08,performance,geekbench_cpu,5.198,2.990,0.005,32.308,24.900,49.0,2027,2350
729.58,performance,geekbench_cpu,6.300,3.797,0.017,32.308,24.900,49.0,1837,2350
730.09,performance,geekbench_cpu,5.350,3.226,0.000,32.308,24.900,49.0,1443,2350
730.59,performance,geekbench_cpu,11.024,8.153,0.003,32.308,24.900,49.0,1425,2350
731.10,performance,geekbench_cpu,16.244,12.211,0.021,32.308,24.900,79.0,1442,2350
731.60,performance,geekbench_cpu,15.851,11.867,0.012,32.308,24.900,79.0,1611,2350
732.11,performance,geekbench_cpu,15.676,11.651,0.017,32.389,24.920,75.0,2436,2350
732.61,performance,geekbench_cpu,15.874,11.943,0.013,32.389,24.920,75.0,1467,2350
733.12,performance,geekbench_cpu,15.692,11.699,0.005,32.389,24.920,72.0,2262,2350
733.62,performance,geekbench_cpu,15.866,11.766,0.017,32.389,24.920,72.0,1922,2350
734.13,performance,geekbench_cpu,15.835,11.903,0.013,32.203,24.940,80.0,988,2350
734.63,performance,geekbench_cpu,15.686,11.741,0.006,32.203,24.940,80.0,1357,2350
735.14,performance,geekbench_cpu,16.097,11.841,0.015,32.203,24.940,77.0,2872,2350
735.64,performance,geekbench_cpu,15.263,11.466,0.000,32.203,24.940,77.0,1238,2350
736.14,performance,geekbench_cpu,16.038,11.959,0.005,32.044,24.960,76.0,2086,2350
736.65,performance,geekbench_cpu,15.570,11.557,0.006,32.044,24.960,76.0,1003,2350
737.15,performance,geekbench_cpu,15.923,11.918,0.011,32.044,24.960,81.0,1253,2350
737.66,performance,geekbench_cpu,15.916,11.957,0.013,32.044,24.960,81.0,2606,2350
738.16,performance,geekbench_cpu,16.567,12.320,0.002,31.782,24.980,78.0,1833,2350
738.67,performance,geekbench_cpu,11.760,8.300,0.017,31.782,24.980,78.0,1904,2350
739.17,performance,geekbench_cpu,4.187,1.819,0.011,31.782,24.980,51.0,2171,2350
739.68,performance,geekbench_cpu,4.629,2.418,0.002,31.782,24.980,51.0,2012,2350
740.18,performance,geekbench_cpu,5.558,3.320,0.005,31.782,24.980,50.0,1512,2350
740.68,performance,geekbench_cpu,6.254,3.707,0.014,31.782,24.980,50.0,1104,2350
741.19,performance,geekbench_cpu,5.270,2.897,0.016,32.006,25.000,50.0,2468,2350
741.70,performance,geekbench_cpu,3.668,1.410,0.003,32.006,25.000,50.0,1122,2350
742.20,performance,geekbench_cpu,3.339,1.308,0.000,32.006,25.000,48.0,998,2350
742.71,performance,geekbench_cpu,3.172,1.047,0.000,32.006,25.000,48.0,1181,2350
743.22,performance,geekbench_cpu,5.681,3.153,0.047,32.236,25.020,49.0,2775,2350
743.72,performance,geekbench_cpu,10.713,7.852,0.009,32.236,25.020,49.0,1277,2350
744.23,performance,geekbench_cpu,17.749,13.745,0.000,32.236,25.020,83.0,2334,2350
744.73,performance,geekbench_cpu,6.124,3.743,0.000,32.236,25.020,83.0,3728,2350
745.24,performance,geekbench_cpu,6.048,3.673,0.041,32.331,25.040,50.0,2006,2350
745.74,performance,geekbench_cpu,6.037,3.567,0.022,32.331,25.040,50.0,3446,2350
746.25,performance,geekbench_cpu,7.842,4.580,0.125,32.331,25.040,50.0,2953,2350
746.75,performance,geekbench_cpu,6.397,3.714,0.038,32.331,25.040,50.0,3249,2350
747.26,performance,geekbench_cpu,4.263,2.086,0.007,32.502,25.060,49.0,1654,2350
747.76,performance,geekbench_cpu,7.572,4.992,0.010,32.502,25.060,49.0,1469,2350
748.27,performance,geekbench_cpu,6.361,3.924,0.018,32.502,25.060,49.0,1425,2350
748.77,performance,geekbench_cpu,5.198,2.959,0.017,32.502,25.060,49.0,2196,2350
749.28,performance,geekbench_cpu,5.655,3.171,0.048,32.641,25.080,63.0,2269,2350
749.79,performance,geekbench_cpu,14.856,11.457,0.014,32.641,25.080,63.0,975,2350
750.29,performance,geekbench_cpu,15.719,12.016,0.003,32.641,25.080,80.0,3464,2350
750.80,performance,geekbench_cpu,15.908,12.274,0.029,32.641,25.080,80.0,1521,2350
751.30,performance,geekbench_cpu,15.622,12.056,0.000,32.641,25.080,86.0,1135,2350
751.81,performance,geekbench_cpu,15.493,11.902,0.000,32.641,25.080,86.0,1877,2350
752.31,performance,geekbench_cpu,8.494,5.604,0.000,32.424,25.100,49.0,1622,2350
752.81,performance,geekbench_cpu,2.880,0.730,0.000,32.424,25.100,49.0,1358,2350
753.32,performance,geekbench_cpu,2.485,0.499,0.000,32.424,25.100,48.0,1528,2350
753.83,performance,geekbench_cpu,2.771,0.688,0.000,32.424,25.100,48.0,2361,2350
754.33,performance,geekbench_cpu,2.360,0.374,0.000,32.490,25.120,48.0,1229,2350
754.84,performance,geekbench_cpu,2.578,0.515,0.000,32.490,25.120,48.0,2484,2350
755.35,performance,geekbench_cpu,2.326,0.367,0.000,32.490,25.120,48.0,1776,2350
755.85,performance,geekbench_cpu,2.385,0.417,0.000,32.490,25.120,48.0,959,2350
756.36,performance,geekbench_cpu,2.259,0.307,0.000,32.665,25.140,47.0,1365,2350
756.87,performance,geekbench_cpu,2.491,0.507,0.000,32.665,25.140,47.0,678,2350
757.38,performance,geekbench_cpu,11.837,8.905,0.000,32.665,25.140,80.0,1143,2350
757.88,performance,geekbench_cpu,18.481,14.651,0.000,32.665,25.140,80.0,1389,2350
758.39,performance,geekbench_cpu,17.200,13.787,0.000,32.388,25.170,83.0,1305,2350
758.89,performance,geekbench_cpu,17.290,13.819,0.000,32.388,25.170,83.0,1158,2350
759.40,performance,geekbench_cpu,16.937,13.513,0.000,32.388,25.170,87.0,1556,2350
759.90,performance,geekbench_cpu,15.979,12.723,0.000,32.388,25.170,87.0,1185,2350
760.41,performance,geekbench_cpu,2.221,0.264,0.000,32.236,25.180,49.0,916,2350
760.91,performance,geekbench_cpu,3.593,1.414,0.000,32.236,25.180,49.0,1239,2350
761.42,performance,geekbench_cpu,5.244,2.744,0.037,32.236,25.180,50.0,2419,2350
761.92,performance,geekbench_cpu,5.728,3.243,0.074,32.236,25.180,50.0,2556,2350
762.43,performance,geekbench_cpu,5.874,3.510,0.039,32.236,25.180,51.0,2198,2350
762.93,performance,geekbench_cpu,6.000,3.354,0.053,32.236,25.180,51.0,2646,2350
763.44,performance,geekbench_cpu,4.522,2.333,0.000,32.467,25.200,49.0,2427,2350
763.94,performance,geekbench_cpu,4.876,2.673,0.008,32.467,25.200,49.0,964,2350
764.45,performance,geekbench_cpu,4.864,2.732,0.000,32.467,25.200,50.0,2066,2350
764.96,performance,geekbench_cpu,6.380,4.023,0.016,32.467,25.200,50.0,2802,2350
765.46,performance,geekbench_cpu,15.435,13.122,0.010,32.638,25.220,81.0,1811,2350
765.97,performance,geekbench_cpu,15.847,13.440,0.023,32.638,25.220,81.0,1550,2350
766.47,performance,geekbench_cpu,15.541,13.225,0.000,32.638,25.220,83.0,1396,2350
766.98,performance,geekbench_cpu,15.537,13.193,0.000,32.638,25.220,83.0,2767,2350
767.48,performance,geekbench_cpu,14.629,12.212,0.000,32.492,25.240,53.0,1196,2350
767.99,performance,geekbench_cpu,4.261,1.902,0.000,32.492,25.240,53.0,1629,2350
768.50,performance,geekbench_cpu,2.478,0.490,0.000,32.492,25.240,48.0,1256,2350
769.00,performance,geekbench_cpu,2.779,0.676,0.002,32.492,25.240,48.0,1616,2350
769.51,performance,geekbench_cpu,2.687,0.647,0.000,32.566,25.270,47.0,1257,2350
770.01,performance,geekbench_cpu,2.670,0.585,0.000,32.566,25.270,47.0,1160,2350
770.52,performance,geekbench_cpu,2.542,0.493,0.000,32.566,25.270,47.0,2380,2350
771.03,performance,geekbench_cpu,2.539,0.527,0.000,32.566,25.270,47.0,535,2350
771.54,performance,geekbench_cpu,2.226,0.279,0.000,32.733,25.280,47.0,1463,2350
772.04,performance,geekbench_cpu,2.566,0.563,0.000,32.733,25.280,47.0,1616,2350
772.55,performance,geekbench_cpu,4.895,2.789,0.002,32.733,25.280,81.0,1327,2350
773.05,performance,geekbench_cpu,17.515,15.204,0.002,32.733,25.280,81.0,1491,2350
773.56,performance,geekbench_cpu,16.981,14.667,0.002,32.733,25.280,79.0,1932,2350
774.07,performance,geekbench_cpu,17.861,15.535,0.003,32.733,25.280,79.0,1355,2350
774.57,performance,geekbench_cpu,18.662,16.296,0.001,32.566,25.300,79.0,1674,2350
775.08,performance,geekbench_cpu,17.291,14.935,0.000,32.566,25.300,79.0,1996,2350
775.58,performance,geekbench_cpu,17.095,14.761,0.002,32.566,25.300,78.0,1790,2350
776.09,performance,geekbench_cpu,16.107,13.832,0.002,32.566,25.300,78.0,1714,2350
776.60,performance,geekbench_cpu,2.396,0.421,0.000,32.023,25.320,49.0,1053,2350
777.10,performance,geekbench_cpu,2.504,0.518,0.000,32.023,25.320,49.0,1078,2350
777.61,performance,geekbench_cpu,2.449,0.366,0.000,32.023,25.320,48.0,1133,2350
778.11,performance,geekbench_cpu,4.692,2.350,0.000,32.023,25.320,48.0,1326,2350
778.62,performance,geekbench_cpu,2.921,0.876,0.001,32.205,25.340,49.0,1762,2350
779.13,performance,geekbench_cpu,2.692,0.685,0.000,32.205,25.340,49.0,421,2350
779.64,performance,geekbench_cpu,2.818,0.608,0.000,32.205,25.340,48.0,1789,2350
780.14,performance,geekbench_cpu,2.565,0.535,0.000,32.205,25.340,48.0,1225,2350
780.65,performance,geekbench_cpu,2.368,0.381,0.000,32.415,25.360,47.0,2149,2350
781.16,performance,geekbench_cpu,5.749,3.585,0.002,32.415,25.360,47.0,1283,2350
781.66,performance,geekbench_cpu,14.492,12.243,0.002,32.415,25.360,82.0,1073,2350
782.17,performance,geekbench_cpu,14.329,12.139,0.000,32.415,25.360,82.0,1487,2350
782.67,performance,geekbench_cpu,16.222,13.731,0.002,32.486,25.380,80.0,1800,2350
783.18,performance,geekbench_cpu,14.364,12.180,0.000,32.486,25.380,80.0,1790,2350
783.69,performance,geekbench_cpu,14.515,12.312,0.000,32.486,25.380,85.0,1845,2350
784.19,performance,geekbench_cpu,14.587,12.391,0.001,32.486,25.380,85.0,1450,2350
784.70,performance,geekbench_cpu,14.575,12.149,0.000,32.486,25.380,84.0,1465,2350
785.20,performance,geekbench_cpu,14.651,12.436,0.000,32.486,25.380,84.0,1488,2350
785.71,performance,geekbench_cpu,14.263,12.049,0.000,32.390,25.400,82.0,1721,2350
786.22,performance,geekbench_cpu,14.360,12.206,0.000,32.390,25.400,82.0,1760,2350
786.72,performance,geekbench_cpu,14.858,12.500,0.000,32.390,25.400,87.0,2188,2350
787.23,performance,geekbench_cpu,14.802,12.479,0.000,32.390,25.400,87.0,1524,2350
787.74,performance,geekbench_cpu,15.323,12.859,0.000,32.338,25.420,81.0,1886,2350
788.24,performance,geekbench_cpu,15.093,12.809,0.000,32.338,25.420,81.0,1820,2350
788.74,performance,geekbench_cpu,6.539,4.392,0.000,32.338,25.420,50.0,1083,2350
789.25,performance,geekbench_cpu,2.608,0.612,0.000,32.338,25.420,50.0,1771,2350
789.76,performance,geekbench_cpu,2.625,0.605,0.000,32.376,25.440,49.0,1515,2350
790.26,performance,geekbench_cpu,2.640,0.556,0.000,32.376,25.440,49.0,891,2350
790.77,performance,geekbench_cpu,2.561,0.506,0.000,32.376,25.440,48.0,2094,2350
791.28,performance,geekbench_cpu,3.241,1.072,0.004,32.376,25.440,48.0,1121,2350
791.78,performance,geekbench_cpu,2.404,0.418,0.000,32.570,25.460,48.0,1207,2350
792.29,performance,geekbench_cpu,2.469,0.489,0.001,32.570,25.460,48.0,1525,2350
792.80,performance,geekbench_cpu,2.405,0.433,0.000,32.570,25.460,48.0,1458,2350
793.30,performance,geekbench_cpu,2.332,0.365,0.000,32.570,25.460,48.0,737,2350
793.81,performance,geekbench_cpu,14.829,11.672,0.002,32.746,25.480,86.0,1343,2350
794.32,performance,geekbench_cpu,20.064,16.560,0.000,32.746,25.480,86.0,992,2350
794.82,performance,geekbench_cpu,6.546,4.239,0.000,32.746,25.480,49.0,1263,2350
795.32,performance,geekbench_cpu,2.579,0.571,0.000,32.746,25.480,49.0,1175,2350
795.83,performance,geekbench_cpu,2.571,0.392,0.000,32.746,25.480,48.0,1006,2350
796.34,performance,geekbench_cpu,2.343,0.371,0.000,32.746,25.480,48.0,1367,2350
796.85,performance,geekbench_cpu,2.431,0.420,0.000,32.483,25.500,47.0,1228,2350
797.35,performance,geekbench_cpu,2.430,0.459,0.000,32.483,25.500,47.0,1342,2350
797.86,performance,geekbench_cpu,4.254,1.844,0.000,32.483,25.500,48.0,1745,2350
798.36,performance,geekbench_cpu,2.531,0.541,0.000,32.483,25.500,48.0,1687,2350
798.87,performance,geekbench_cpu,2.580,0.601,0.000,32.666,25.520,47.0,947,2350
799.38,performance,geekbench_cpu,2.499,0.527,0.000,32.666,25.520,47.0,1349,2350
799.89,performance,geekbench_cpu,15.604,12.724,0.000,32.666,25.520,84.0,1300,2350
800.39,performance,geekbench_cpu,18.327,15.294,0.002,32.666,25.520,84.0,981,2350
800.90,performance,geekbench_cpu,18.526,15.415,0.002,32.515,25.550,84.0,981,2350
801.40,performance,geekbench_cpu,18.643,15.511,0.000,32.515,25.550,84.0,1142,2350
801.91,performance,geekbench_cpu,18.629,15.504,0.001,32.515,25.550,86.0,1435,2350
802.41,performance,geekbench_cpu,18.388,15.325,0.000,32.515,25.550,86.0,981,2350
802.92,performance,geekbench_cpu,18.600,15.463,0.000,31.940,25.560,85.0,1093,2350
803.42,performance,geekbench_cpu,7.343,4.889,0.001,31.940,25.560,85.0,1163,2350
803.93,performance,geekbench_cpu,2.577,0.571,0.000,31.940,25.560,48.0,1599,2350
804.43,performance,geekbench_cpu,2.502,0.512,0.000,31.940,25.560,48.0,1273,2350
804.94,performance,geekbench_cpu,2.583,0.573,0.000,32.046,25.580,48.0,1412,2350
805.45,performance,geekbench_cpu,2.502,0.523,0.000,32.046,25.580,48.0,1053,2350
805.96,performance,geekbench_cpu,2.430,0.448,0.000,32.046,25.580,47.0,931,2350
806.46,performance,geekbench_cpu,2.617,0.476,0.000,32.046,25.580,47.0,1214,2350
806.97,performance,geekbench_cpu,2.414,0.443,0.000,32.046,25.580,47.0,1361,2350
807.48,performance,geekbench_cpu,2.290,0.335,0.000,32.046,25.580,47.0,865,2350
807.99,performance,geekbench_cpu,4.189,1.895,0.000,32.280,25.600,47.0,1470,2350
808.49,performance,geekbench_cpu,11.869,9.081,0.003,32.280,25.600,47.0,983,2350
809.00,performance,geekbench_cpu,15.304,11.642,0.001,32.280,25.600,77.0,1666,2350
809.50,performance,geekbench_cpu,15.789,11.882,0.000,32.280,25.600,77.0,1254,2350
810.01,performance,geekbench_cpu,15.907,11.966,0.002,32.426,25.620,83.0,1345,2350
810.51,performance,geekbench_cpu,16.077,12.060,0.001,32.426,25.620,83.0,988,2350
811.02,performance,geekbench_cpu,4.982,2.530,0.000,32.426,25.620,49.0,927,2350
811.52,performance,geekbench_cpu,2.519,0.535,0.000,32.426,25.620,49.0,1242,2350
812.03,performance,geekbench_cpu,2.620,0.531,0.000,32.336,25.650,47.0,1544,2350
812.53,performance,geekbench_cpu,2.558,0.576,0.000,32.336,25.650,47.0,927,2350
813.04,performance,geekbench_cpu,2.603,0.590,0.000,32.336,25.650,47.0,1415,2350
813.55,performance,geekbench_cpu,2.456,0.506,0.000,32.336,25.650,47.0,1475,2350
814.05,performance,geekbench_cpu,2.658,0.549,0.000,32.547,25.660,47.0,1546,2350
814.56,performance,geekbench_cpu,2.637,0.635,0.000,32.547,25.660,47.0,2004,2350
815.06,performance,geekbench_cpu,2.649,0.634,0.000,32.547,25.660,46.0,2006,2350
815.57,performance,geekbench_cpu,2.471,0.505,0.000,32.547,25.660,46.0,800,2350
816.08,performance,geekbench_cpu,14.583,12.157,0.001,32.693,25.680,78.0,1380,2350
816.58,performance,geekbench_cpu,15.791,12.274,0.001,32.693,25.680,78.0,1325,2350
817.09,performance,geekbench_cpu,16.601,12.630,0.000,32.693,25.680,76.0,1244,2350
817.59,performance,geekbench_cpu,15.908,12.351,0.000,32.693,25.680,76.0,976,2350
818.10,performance,geekbench_cpu,16.808,13.518,0.000,32.693,25.680,77.0,981,2350
818.60,performance,geekbench_cpu,16.407,12.447,0.000,32.693,25.680,77.0,977,2350
819.11,performance,geekbench_cpu,16.545,12.536,0.000,32.433,25.700,75.0,1473,2350
819.61,performance,geekbench_cpu,15.133,12.683,0.000,32.433,25.700,75.0,981,2350
820.12,performance,geekbench_cpu,16.412,12.421,0.000,32.433,25.700,76.0,1240,2350
820.62,performance,geekbench_cpu,16.364,12.440,0.000,32.433,25.700,76.0,980,2350
821.13,performance,geekbench_cpu,15.698,12.626,0.000,32.076,25.720,81.0,980,2350
821.63,performance,geekbench_cpu,15.899,12.483,0.000,32.076,25.720,81.0,980,2350
822.14,performance,geekbench_cpu,16.641,12.524,0.000,32.076,25.720,78.0,1699,2350
822.64,performance,geekbench_cpu,15.980,12.469,0.000,32.076,25.720,78.0,1824,2350
823.15,performance,geekbench_cpu,15.793,12.762,0.000,31.850,25.740,78.0,1450,2350
823.65,performance,geekbench_cpu,16.476,12.496,0.000,31.850,25.740,78.0,979,2350
824.16,performance,geekbench_cpu,16.752,12.767,0.000,31.850,25.740,78.0,981,2350
824.66,performance,geekbench_cpu,3.279,1.130,0.000,31.850,25.740,78.0,2686,2350
825.17,performance,geekbench_cpu,3.232,1.058,0.000,31.811,25.760,49.0,2116,2350
825.67,performance,geekbench_cpu,2.597,0.579,0.000,31.811,25.760,49.0,1905,2350
826.18,performance,geekbench_cpu,2.691,0.649,0.000,31.811,25.760,49.0,1513,2350
826.68,performance,geekbench_cpu,2.541,0.539,0.000,31.811,25.760,49.0,906,2350
827.19,performance,geekbench_cpu,2.536,0.549,0.000,32.082,25.780,48.0,962,2350
827.70,performance,geekbench_cpu,3.112,0.956,0.000,32.082,25.780,48.0,3197,2350
828.20,performance,geekbench_cpu,3.623,1.444,0.000,32.082,25.780,48.0,1240,2350
828.71,performance,geekbench_cpu,2.508,0.442,0.000,32.082,25.780,48.0,1465,2350
829.22,performance,geekbench_cpu,3.344,1.259,0.001,32.082,25.780,70.0,1889,2350
829.72,performance,geekbench_cpu,14.830,11.319,0.000,32.082,25.780,70.0,1486,2350
830.23,performance,geekbench_cpu,15.736,12.857,0.003,32.301,25.800,81.0,1222,2350
830.73,performance,geekbench_cpu,16.608,13.038,0.000,32.301,25.800,81.0,1347,2350
831.24,performance,geekbench_cpu,16.451,13.055,0.001,32.301,25.800,89.0,1104,2350
831.74,performance,geekbench_cpu,16.070,12.778,0.001,32.301,25.800,89.0,1573,2350
832.25,performance,geekbench_cpu,16.049,12.992,0.000,32.008,25.830,82.0,1384,2350
832.75,performance,geekbench_cpu,16.454,12.918,0.000,32.008,25.830,82.0,1097,2350
833.26,performance,geekbench_cpu,8.748,6.335,0.000,32.008,25.830,50.0,2283,2350
833.76,performance,geekbench_cpu,2.523,0.441,0.000,32.008,25.830,50.0,2004,2350
834.27,performance,geekbench_cpu,2.472,0.479,0.000,32.034,25.840,49.0,2895,2350
834.77,performance,geekbench_cpu,2.516,0.504,0.000,32.034,25.840,49.0,1988,2350
835.28,performance,geekbench_cpu,2.561,0.547,0.000,32.034,25.840,49.0,986,2350
835.79,performance,geekbench_cpu,2.528,0.521,0.000,32.034,25.840,49.0,1855,2350
836.29,performance,geekbench_cpu,2.742,0.548,0.000,32.273,25.860,48.0,1212,2350
836.80,performance,geekbench_cpu,2.553,0.579,0.000,32.273,25.860,48.0,988,2350
837.31,performance,geekbench_cpu,2.462,0.456,0.000,32.273,25.860,48.0,1225,2350
837.81,performance,geekbench_cpu,4.321,1.978,0.000,32.273,25.860,48.0,1881,2350
838.32,performance,geekbench_cpu,9.976,7.438,0.005,32.480,25.880,76.0,1430,2350
838.83,performance,geekbench_cpu,15.960,11.943,0.003,32.480,25.880,76.0,1293,2350
839.33,performance,geekbench_cpu,16.491,11.928,0.000,32.480,25.880,75.0,1014,2350
839.84,performance,geekbench_cpu,17.439,12.816,0.000,32.480,25.880,75.0,979,2350
840.34,performance,geekbench_cpu,16.581,11.963,0.000,32.480,25.880,64.0,1351,2350
840.84,performance,geekbench_cpu,2.677,0.590,0.000,32.480,25.880,64.0,1418,2350
841.35,performance,geekbench_cpu,2.392,0.402,0.000,32.181,25.900,48.0,971,2350
841.86,performance,geekbench_cpu,2.652,0.370,0.000,32.181,25.900,48.0,1410,2350
842.36,performance,geekbench_cpu,2.222,0.257,0.000,32.181,25.900,47.0,1389,2350
842.87,performance,geekbench_cpu,4.621,2.358,0.000,32.181,25.900,47.0,2234,2350
843.38,performance,geekbench_cpu,2.432,0.469,0.000,32.432,25.930,48.0,618,2350
843.88,performance,geekbench_cpu,2.413,0.414,0.000,32.432,25.930,48.0,1807,2350
844.39,performance,geekbench_cpu,2.185,0.226,0.000,32.432,25.930,47.0,1109,2350
844.90,performance,geekbench_cpu,2.161,0.343,0.000,32.432,25.930,47.0,2271,2350
845.40,performance,geekbench_cpu,3.633,1.557,0.002,32.623,25.940,67.0,1446,2350
845.91,performance,geekbench_cpu,14.895,11.570,0.000,32.623,25.940,67.0,3755,2350
846.42,performance,geekbench_cpu,16.220,13.558,0.002,32.623,25.940,80.0,1384,2350
846.92,performance,geekbench_cpu,15.028,12.535,0.001,32.623,25.940,80.0,979,2350
847.43,performance,geekbench_cpu,14.710,12.241,0.001,32.513,25.960,80.0,1660,2350
847.93,performance,geekbench_cpu,14.688,11.657,0.001,32.513,25.960,80.0,1373,2350
848.44,performance,geekbench_cpu,2.529,0.543,0.000,32.513,25.960,48.0,1527,2350
848.95,performance,geekbench_cpu,2.866,0.723,0.001,32.513,25.960,48.0,2261,2350
849.45,performance,geekbench_cpu,2.508,0.486,0.000,32.559,25.980,47.0,990,2350
849.96,performance,geekbench_cpu,2.448,0.461,0.000,32.559,25.980,47.0,449,2350
850.47,performance,geekbench_cpu,2.342,0.352,0.000,32.559,25.980,47.0,2449,2350
850.97,performance,geekbench_cpu,2.502,0.521,0.000,32.559,25.980,47.0,2289,2350
851.48,performance,geekbench_cpu,2.411,0.412,0.000,32.559,25.980,47.0,1289,2350
851.99,performance,geekbench_cpu,2.626,0.486,0.000,32.559,25.980,47.0,612,2350
852.49,performance,geekbench_cpu,2.283,0.329,0.000,32.814,26.000,46.0,1233,2350
853.00,performance,geekbench_cpu,5.951,3.429,0.001,32.814,26.000,46.0,1140,2350
853.51,performance,geekbench_cpu,18.361,14.306,0.001,32.814,26.000,82.0,980,2350
854.01,performance,geekbench_cpu,18.586,14.516,0.000,32.814,26.000,82.0,1319,2350
854.52,performance,geekbench_cpu,18.466,14.441,0.001,32.550,26.030,87.0,980,2350
855.02,performance,geekbench_cpu,18.599,14.518,0.000,32.550,26.030,87.0,988,2350
855.53,performance,geekbench_cpu,18.629,14.521,0.000,32.550,26.030,85.0,1365,2350
856.03,performance,geekbench_cpu,15.675,11.938,0.000,32.550,26.030,85.0,1712,2350
856.54,performance,geekbench_cpu,2.384,0.404,0.000,32.009,26.040,48.0,1408,2350
857.04,performance,geekbench_cpu,2.420,0.424,0.000,32.009,26.040,48.0,432,2350
857.55,performance,geekbench_cpu,2.401,0.356,0.000,32.009,26.040,48.0,790,2350
858.06,performance,geekbench_cpu,4.154,1.822,0.000,32.009,26.040,48.0,1539,2350
858.56,performance,geekbench_cpu,2.582,0.517,0.000,32.249,26.060,48.0,1288,2350
859.07,performance,geekbench_cpu,2.501,0.503,0.000,32.249,26.060,48.0,1426,2350
859.58,performance,geekbench_cpu,2.421,0.459,0.000,32.249,26.060,47.0,1618,2350
860.08,performance,geekbench_cpu,2.420,0.445,0.000,32.249,26.060,47.0,1222,2350
860.59,performance,geekbench_cpu,2.306,0.339,0.000,32.448,26.080,46.0,2070,2350
861.09,performance,geekbench_cpu,7.246,4.612,0.001,32.448,26.080,46.0,3915,2350
861.60,performance,geekbench_cpu,31.440,23.862,0.001,32.448,26.080,62.0,1528,2350
862.11,performance,geekbench_cpu,32.232,24.520,0.000,32.448,26.080,62.0,1760,2350
862.62,performance,geekbench_cpu,32.679,25.050,0.002,32.448,26.080,72.0,3932,2350
863.12,performance,geekbench_cpu,30.378,22.959,0.001,32.448,26.080,72.0,3919,2350
863.63,performance,geekbench_cpu,30.224,23.139,0.000,29.669,26.100,71.0,3948,2350
864.13,performance,geekbench_cpu,15.213,10.931,0.001,29.669,26.100,71.0,777,2350
864.64,performance,geekbench_cpu,2.547,0.496,0.000,29.669,26.100,50.0,912,2350
865.14,performance,geekbench_cpu,2.588,0.575,0.000,29.669,26.100,50.0,1751,2350
865.65,performance,geekbench_cpu,2.483,0.490,0.000,29.255,26.110,49.0,1175,2350
866.16,performance,geekbench_cpu,2.545,0.531,0.000,29.255,26.110,49.0,966,2350
866.67,performance,geekbench_cpu,2.464,0.482,0.000,29.255,26.110,48.0,1730,2350
867.17,performance,geekbench_cpu,2.590,0.594,0.000,29.255,26.110,48.0,1361,2350
867.68,performance,geekbench_cpu,2.890,0.797,0.000,29.855,26.130,51.0,2219,2350
868.18,performance,geekbench_cpu,4.407,1.931,0.000,29.855,26.130,51.0,437,2350
868.69,performance,geekbench_cpu,2.804,0.796,0.000,29.855,26.130,48.0,1924,2350
869.20,performance,geekbench_cpu,14.796,11.324,0.003,29.855,26.130,48.0,3950,2350
869.71,performance,geekbench_cpu,30.984,25.199,0.000,30.287,26.150,67.0,3950,2350
870.21,performance,geekbench_cpu,29.131,23.562,0.003,30.287,26.150,67.0,3950,2350
870.71,performance,geekbench_cpu,30.899,25.034,0.002,30.287,26.150,70.0,3950,2350
871.22,performance,geekbench_cpu,9.546,6.564,0.000,30.287,26.150,70.0,1236,2350
871.73,performance,geekbench_cpu,2.466,0.464,0.000,30.314,26.160,50.0,1466,2350
872.23,performance,geekbench_cpu,2.575,0.509,0.002,30.314,26.160,50.0,1572,2350
872.74,performance,geekbench_cpu,2.535,0.520,0.000,28.479,26.160,49.0,1708,2350
873.24,performance,geekbench_cpu,2.753,0.681,0.000,28.479,26.160,49.0,1234,2350
873.75,performance,geekbench_cpu,2.389,0.366,0.000,28.479,26.160,49.0,959,2350
874.26,performance,geekbench_cpu,2.358,0.367,0.000,28.479,26.160,49.0,1486,2350
874.76,performance,geekbench_cpu,2.337,0.368,0.000,29.449,26.190,49.0,1460,2350
875.27,performance,geekbench_cpu,2.323,0.343,0.000,29.449,26.190,49.0,1335,2350
875.77,performance,geekbench_cpu,2.104,0.161,0.000,29.449,26.190,48.0,960,2350
876.28,performance,geekbench_cpu,27.346,21.288,0.000,29.449,26.190,48.0,3725,2350
876.79,performance,geekbench_cpu,24.130,18.165,0.001,30.022,26.200,52.0,961,2350
877.30,performance,geekbench_cpu,3.006,0.892,0.000,30.022,26.200,52.0,1633,2350
877.80,performance,geekbench_cpu,4.097,1.737,0.001,30.022,26.200,49.0,1515,2350
878.31,performance,geekbench_cpu,2.652,0.569,0.000,30.022,26.200,49.0,1185,2350
878.82,performance,geekbench_cpu,2.624,0.520,0.000,29.362,26.220,48.0,2027,2350
879.32,performance,geekbench_cpu,2.554,0.549,0.001,29.362,26.220,48.0,1613,2350
879.83,performance,geekbench_cpu,2.408,0.424,0.000,29.362,26.220,48.0,1718,2350
880.34,performance,geekbench_cpu,2.427,0.448,0.000,29.362,26.220,48.0,957,2350
880.85,performance,geekbench_cpu,2.489,0.489,0.000,29.943,26.240,47.0,1251,2350
881.35,performance,geekbench_cpu,2.740,0.727,0.001,29.943,26.240,47.0,460,2350
881.86,performance,geekbench_cpu,15.199,11.653,0.003,29.943,26.240,65.0,3921,2350
882.36,performance,geekbench_cpu,29.968,24.121,0.002,29.943,26.240,65.0,3947,2350
882.87,performance,geekbench_cpu,33.462,26.846,0.000,29.434,26.250,68.0,3795,2350
883.37,performance,geekbench_cpu,34.545,27.623,0.002,29.434,26.250,68.0,3859,2350
883.88,performance,geekbench_cpu,32.939,26.329,0.001,28.355,26.250,76.0,2997,2350
884.39,performance,geekbench_cpu,10.953,7.362,0.003,28.355,26.250,76.0,400,2350
884.89,performance,geekbench_cpu,2.470,0.450,0.002,28.355,26.250,50.0,2683,2350
885.40,performance,geekbench_cpu,2.521,0.502,0.000,28.355,26.250,50.0,428,2350
885.91,performance,geekbench_cpu,2.500,0.503,0.000,27.655,26.270,49.0,1357,2350
886.41,performance,geekbench_cpu,2.649,0.591,0.000,27.655,26.270,49.0,917,2350
886.92,performance,geekbench_cpu,2.563,0.541,0.000,27.655,26.270,49.0,1198,2350
887.42,performance,geekbench_cpu,2.349,0.392,0.000,27.655,26.270,49.0,867,2350
887.93,performance,geekbench_cpu,4.375,2.020,0.000,28.475,26.290,49.0,972,2350
888.44,performance,geekbench_cpu,2.414,0.457,0.000,28.475,26.290,49.0,405,2350
888.94,performance,geekbench_cpu,2.563,0.543,0.000,28.475,26.290,48.0,960,2350
889.45,performance,geekbench_cpu,20.539,16.625,0.000,28.475,26.290,48.0,3890,2350
889.96,performance,geekbench_cpu,30.920,25.492,0.001,29.038,26.310,70.0,3853,2350
890.46,performance,geekbench_cpu,31.997,26.509,0.001,29.038,26.310,70.0,3853,2350
890.97,performance,geekbench_cpu,31.779,26.314,0.000,29.038,26.310,71.0,3893,2350
891.47,performance,geekbench_cpu,31.618,26.192,0.000,29.038,26.310,71.0,3806,2350
891.98,performance,geekbench_cpu,14.453,10.864,0.000,26.541,26.310,52.0,938,2350
892.49,performance,geekbench_cpu,2.440,0.426,0.000,26.541,26.310,52.0,1081,2350
892.99,performance,geekbench_cpu,2.879,0.721,0.000,26.541,26.310,50.0,1564,2350
893.50,performance,geekbench_cpu,2.446,0.430,0.000,26.541,26.310,50.0,822,2350
894.01,performance,geekbench_cpu,2.690,0.665,0.000,27.152,26.310,50.0,923,2350
894.51,performance,geekbench_cpu,2.548,0.551,0.000,27.152,26.310,50.0,1568,2350
895.02,performance,geekbench_cpu,2.577,0.563,0.000,27.311,26.340,49.0,1323,2350
895.52,performance,geekbench_cpu,2.773,0.593,0.000,27.311,26.340,49.0,474,2350
896.03,performance,geekbench_cpu,2.520,0.502,0.000,27.311,26.340,49.0,1511,2350
896.54,performance,geekbench_cpu,2.405,0.402,0.000,27.311,26.340,49.0,2999,2350
897.05,performance,geekbench_cpu,26.630,22.969,0.004,28.165,26.360,70.0,3910,2350
897.55,performance,geekbench_cpu,36.124,31.128,0.001,28.165,26.360,70.0,3910,2350
898.06,performance,geekbench_cpu,34.900,30.249,0.000,28.165,26.360,73.0,3910,2350
898.56,performance,geekbench_cpu,36.305,31.521,0.000,28.165,26.360,73.0,3917,2350
899.07,performance,geekbench_cpu,34.612,30.200,0.001,25.798,26.360,76.0,3881,2350
899.57,performance,geekbench_cpu,36.797,31.921,0.002,25.798,26.360,76.0,3912,2350
900.08,performance,geekbench_cpu,36.047,31.040,0.001,25.798,26.360,75.0,3911,2350
900.58,performance,geekbench_cpu,34.669,30.407,0.000,25.798,26.360,75.0,3950,2350
901.09,performance,geekbench_cpu,36.354,31.412,0.000,22.931,26.370,76.0,3895,2350
901.60,performance,geekbench_cpu,35.341,30.678,0.000,22.931,26.370,76.0,3937,2350
902.10,performance,geekbench_cpu,36.492,31.687,0.000,22.931,26.370,78.0,3908,2350
902.61,performance,geekbench_cpu,34.177,29.519,0.000,22.931,26.370,78.0,1543,2350
903.11,performance,geekbench_cpu,2.952,0.738,0.000,20.624,26.370,56.0,1015,2350
903.62,performance,geekbench_cpu,4.464,2.234,0.000,20.624,26.370,56.0,985,2350
904.12,performance,geekbench_cpu,2.444,0.423,0.000,20.624,26.370,54.0,967,2350
904.63,performance,geekbench_cpu,2.582,0.530,0.000,20.624,26.370,54.0,1002,2350
905.14,performance,geekbench_cpu,2.605,0.566,0.000,20.624,26.370,54.0,1735,2350
905.64,performance,geekbench_cpu,3.036,0.649,0.000,20.624,26.370,54.0,1184,2350
906.15,performance,geekbench_cpu,2.545,0.534,0.000,22.394,26.390,53.0,1785,2350
906.65,performance,geekbench_cpu,2.163,0.191,0.000,22.394,26.390,53.0,1323,2350
907.16,performance,geekbench_cpu,2.587,0.531,0.000,22.394,26.390,53.0,999,2350
907.67,performance,geekbench_cpu,3.441,1.264,0.000,22.394,26.390,53.0,1861,2350
908.17,performance,geekbench_cpu,19.534,16.688,0.000,23.875,26.410,94.0,1436,2350
908.68,performance,geekbench_cpu,17.745,15.202,0.001,23.875,26.410,94.0,1258,2350
909.18,performance,geekbench_cpu,17.936,15.293,0.001,23.875,26.410,93.0,1821,2350
909.69,performance,geekbench_cpu,18.199,15.652,0.000,23.875,26.410,93.0,1743,2350
910.19,performance,geekbench_cpu,20.179,17.672,0.000,24.493,26.430,94.0,1441,2350
910.70,performance,geekbench_cpu,14.197,11.864,0.000,24.493,26.430,94.0,2219,2350
911.20,performance,geekbench_cpu,2.684,0.648,0.000,24.493,26.430,54.0,1155,2350
911.71,performance,geekbench_cpu,2.641,0.608,0.001,24.493,26.430,54.0,1729,2350
912.22,performance,geekbench_cpu,2.599,0.552,0.000,25.169,26.440,53.0,1967,2350
912.72,performance,geekbench_cpu,2.440,0.414,0.000,25.169,26.440,53.0,953,2350
913.23,performance,geekbench_cpu,2.407,0.372,0.000,25.169,26.440,52.0,1374,2350
913.73,performance,geekbench_cpu,2.830,0.757,0.000,25.169,26.440,52.0,1743,2350
914.24,performance,geekbench_cpu,2.607,0.555,0.000,26.798,26.460,52.0,2093,2350
914.75,performance,geekbench_cpu,2.494,0.462,0.000,26.798,26.460,52.0,882,2350
915.26,performance,geekbench_cpu,2.744,0.729,0.000,26.798,26.460,52.0,921,2350
915.76,performance,geekbench_cpu,11.062,8.860,0.000,26.798,26.460,52.0,3943,2350
916.27,performance,geekbench_cpu,36.148,33.171,0.001,26.798,26.460,77.0,3936,2350
916.77,performance,geekbench_cpu,36.599,33.506,0.003,26.798,26.460,77.0,2975,2350
917.28,performance,geekbench_cpu,21.684,19.122,0.001,26.254,26.490,56.0,1921,2350
917.79,performance,geekbench_cpu,4.308,1.940,0.000,26.254,26.490,56.0,1001,2350
918.30,performance,geekbench_cpu,2.772,0.702,0.000,26.254,26.490,53.0,1405,2350
918.80,performance,geekbench_cpu,2.649,0.629,0.000,26.254,26.490,53.0,1062,2350
919.31,performance,geekbench_cpu,2.435,0.399,0.000,25.864,26.500,52.0,1705,2350
919.81,performance,geekbench_cpu,2.508,0.478,0.000,25.864,26.500,52.0,1658,2350
920.32,performance,geekbench_cpu,2.348,0.345,0.000,25.864,26.500,52.0,1244,2350
920.83,performance,geekbench_cpu,2.205,0.208,0.000,25.864,26.500,52.0,460,2350
921.34,performance,geekbench_cpu,2.177,0.180,0.000,26.893,26.520,51.0,1206,2350
921.84,performance,geekbench_cpu,3.315,1.141,0.000,26.893,26.520,51.0,1202,2350
922.35,performance,geekbench_cpu,14.119,10.518,0.001,26.893,26.520,72.0,3941,2350
922.85,performance,geekbench_cpu,33.071,26.945,0.000,26.893,26.520,72.0,3040,2350
923.36,performance,geekbench_cpu,34.851,28.208,0.000,27.069,26.540,75.0,3566,2350
923.87,performance,geekbench_cpu,8.792,5.845,0.000,27.069,26.540,75.0,1001,2350
924.38,performance,geekbench_cpu,2.636,0.591,0.000,27.069,26.540,52.0,929,2350
924.89,performance,geekbench_cpu,3.022,0.965,0.000,27.069,26.540,52.0,1246,2350
925.40,performance,geekbench_cpu,2.542,0.535,0.001,26.906,26.550,52.0,1492,2350
925.90,performance,geekbench_cpu,2.673,0.628,0.000,26.906,26.550,52.0,1080,2350
926.41,performance,geekbench_cpu,2.575,0.581,0.000,26.906,26.550,52.0,1200,2350
926.91,performance,geekbench_cpu,2.998,0.864,0.000,26.906,26.550,52.0,1000,2350
927.42,performance,geekbench_cpu,2.531,0.481,0.000,26.906,26.550,51.0,1793,2350
927.93,performance,geekbench_cpu,4.363,1.987,0.000,26.906,26.550,51.0,439,2350
928.43,performance,geekbench_cpu,2.639,0.634,0.000,27.814,26.570,51.0,1012,2350
928.94,performance,geekbench_cpu,29.520,24.364,0.001,27.814,26.570,51.0,3849,2350
929.45,performance,geekbench_cpu,37.057,30.761,0.001,27.814,26.570,73.0,3786,2350
929.95,performance,geekbench_cpu,23.135,17.990,0.001,27.814,26.570,73.0,3889,2350
930.46,performance,geekbench_cpu,12.642,8.488,0.000,26.571,26.590,68.0,3202,2350
930.96,performance,geekbench_cpu,13.552,9.419,0.000,26.571,26.590,68.0,3005,2350
931.47,performance,geekbench_cpu,14.585,10.975,0.000,26.571,26.590,58.0,2668,2350
931.97,performance,geekbench_cpu,12.959,8.791,0.001,26.571,26.590,58.0,2838,2350
932.48,performance,geekbench_cpu,14.325,10.185,0.000,26.914,26.600,61.0,3175,2350
932.98,performance,geekbench_cpu,14.062,9.815,0.000,26.914,26.600,61.0,2845,2350
933.49,performance,geekbench_cpu,16.919,12.832,0.000,26.914,26.600,72.0,3619,2350
933.99,performance,geekbench_cpu,6.762,3.998,0.000,26.914,26.600,72.0,1261,2350
934.50,performance,geekbench_cpu,2.640,0.625,0.000,27.354,26.620,52.0,1419,2350
935.00,performance,geekbench_cpu,11.671,8.685,0.001,27.354,26.620,52.0,4057,2350
935.51,performance,geekbench_cpu,32.602,25.917,0.002,27.354,26.620,74.0,2439,2350
936.01,performance,geekbench_cpu,2.901,0.796,0.001,27.354,26.620,74.0,928,2350
936.52,performance,geekbench_cpu,2.519,0.296,0.000,27.554,26.640,53.0,968,2350
937.02,performance,geekbench_cpu,2.490,0.456,0.000,27.554,26.640,53.0,1468,2350
937.53,performance,geekbench_cpu,2.501,0.485,0.000,27.554,26.640,52.0,1204,2350
938.04,performance,geekbench_cpu,4.222,1.915,0.002,27.554,26.640,52.0,852,2350
938.55,performance,geekbench_cpu,2.655,0.603,0.000,27.554,26.640,51.0,1422,2350
939.05,performance,geekbench_cpu,2.989,0.806,0.000,27.554,26.640,51.0,1617,2350
939.56,performance,geekbench_cpu,2.539,0.494,0.000,28.374,26.660,51.0,1296,2350
940.06,performance,geekbench_cpu,2.681,0.668,0.000,28.374,26.660,51.0,438,2350
940.57,performance,geekbench_cpu,3.857,1.778,0.001,28.374,26.660,74.0,1562,2350
941.08,performance,geekbench_cpu,28.613,23.334,0.001,28.374,26.660,74.0,3924,2350
941.58,performance,geekbench_cpu,31.429,25.537,0.001,29.049,26.680,72.0,3891,2350
942.09,performance,geekbench_cpu,31.951,26.095,0.000,29.049,26.680,72.0,3914,2350
942.60,performance,geekbench_cpu,31.553,25.827,0.001,29.049,26.680,71.0,3942,2350
943.10,performance,geekbench_cpu,29.397,23.651,0.001,29.049,26.680,71.0,1826,2350
943.61,performance,geekbench_cpu,2.814,0.696,0.000,26.828,26.690,54.0,1337,2350
944.11,performance,geekbench_cpu,3.175,0.884,0.002,26.828,26.690,54.0,940,2350
944.62,performance,geekbench_cpu,2.599,0.583,0.000,26.828,26.690,53.0,1285,2350
945.12,performance,geekbench_cpu,2.808,0.758,0.000,26.828,26.690,53.0,1284,2350
945.63,performance,geekbench_cpu,2.573,0.570,0.000,27.078,26.700,52.0,1361,2350
946.14,performance,geekbench_cpu,2.904,0.775,0.000,27.078,26.700,52.0,2104,2350
946.64,performance,geekbench_cpu,2.339,0.354,0.000,27.078,26.700,52.0,1187,2350
947.15,performance,geekbench_cpu,2.981,0.903,0.000,27.078,26.700,52.0,1106,2350
947.66,performance,geekbench_cpu,2.488,0.469,0.000,28.358,26.730,51.0,1038,2350
948.16,performance,geekbench_cpu,9.970,6.905,0.000,28.358,26.730,51.0,4021,2350
948.67,performance,geekbench_cpu,28.988,23.968,0.000,28.358,26.730,75.0,3425,2350
949.18,performance,geekbench_cpu,29.437,23.992,0.000,28.358,26.730,75.0,1395,2350
949.68,performance,geekbench_cpu,2.747,0.623,0.001,28.358,26.730,53.0,2791,2350
950.19,performance,geekbench_cpu,2.681,0.636,0.000,28.358,26.730,53.0,1551,2350
950.69,performance,geekbench_cpu,2.584,0.558,0.000,27.413,26.740,52.0,1003,2350
951.20,performance,geekbench_cpu,2.720,0.684,0.000,27.413,26.740,52.0,1084,2350
951.71,performance,geekbench_cpu,2.935,0.721,0.000,27.413,26.740,52.0,1875,2350
952.21,performance,geekbench_cpu,2.642,0.623,0.000,27.413,26.740,52.0,729,2350
952.72,performance,geekbench_cpu,2.610,0.608,0.000,28.298,26.760,51.0,1253,2350
953.22,performance,geekbench_cpu,2.684,0.661,0.000,28.298,26.760,51.0,582,2350
953.73,performance,geekbench_cpu,2.707,0.674,0.000,28.298,26.760,51.0,993,2350
954.23,performance,geekbench_cpu,5.436,3.198,0.002,28.298,26.760,51.0,980,2350
954.74,performance,geekbench_cpu,18.753,14.784,0.002,29.022,26.780,71.0,2302,2350
955.24,performance,geekbench_cpu,27.227,20.347,0.000,29.022,26.780,71.0,1460,2350
955.75,performance,geekbench_cpu,2.708,0.643,0.000,29.022,26.780,52.0,1400,2350
956.26,performance,geekbench_cpu,2.706,0.643,0.000,29.022,26.780,52.0,2111,2350
956.76,performance,geekbench_cpu,2.807,0.773,0.000,29.070,26.800,51.0,1995,2350
957.27,performance,geekbench_cpu,2.959,0.760,0.000,29.070,26.800,51.0,1368,2350
957.77,performance,geekbench_cpu,4.187,1.846,0.000,29.070,26.800,52.0,1329,2350
958.28,performance,geekbench_cpu,2.755,0.718,0.000,29.070,26.800,52.0,1754,2350
958.79,performance,geekbench_cpu,2.811,0.770,0.000,29.675,26.820,50.0,948,2350
959.29,performance,geekbench_cpu,2.757,0.732,0.000,29.675,26.820,50.0,1361,2350
959.80,performance,geekbench_cpu,2.928,0.896,0.000,29.675,26.820,50.0,1731,2350
960.30,performance,geekbench_cpu,6.617,4.264,0.002,29.675,26.820,50.0,1441,2350
960.81,performance,geekbench_cpu,18.822,15.429,0.000,29.675,26.820,69.0,3935,2350
961.32,performance,geekbench_cpu,22.421,19.663,0.000,29.675,26.820,69.0,1236,2350
961.83,performance,geekbench_cpu,2.537,0.535,0.000,30.150,26.840,51.0,1825,2350
962.33,performance,geekbench_cpu,2.720,0.683,0.000,30.150,26.840,51.0,941,2350
962.84,performance,geekbench_cpu,2.595,0.497,0.001,30.150,26.840,50.0,879,2350
963.34,performance,geekbench_cpu,4.437,2.151,0.000,30.150,26.840,50.0,1715,2350
963.85,performance,geekbench_cpu,2.422,0.413,0.001,29.969,26.860,50.0,1428,2350
964.36,performance,geekbench_cpu,2.674,0.588,0.000,29.969,26.860,50.0,986,2350
964.86,performance,geekbench_cpu,2.665,0.598,0.000,29.969,26.860,50.0,1217,2350
965.37,performance,geekbench_cpu,2.784,0.749,0.000,29.969,26.860,50.0,892,2350
965.88,performance,geekbench_cpu,2.659,0.649,0.000,30.470,26.880,50.0,1520,2350
966.38,performance,geekbench_cpu,12.617,9.242,0.001,30.470,26.880,50.0,3604,2350
966.89,performance,geekbench_cpu,35.053,28.240,0.001,30.470,26.880,73.0,3864,2350
967.40,performance,geekbench_cpu,10.643,7.397,0.001,30.470,26.880,73.0,1426,2350
967.91,performance,geekbench_cpu,4.389,2.006,0.000,29.672,26.900,51.0,1024,2350
968.41,performance,geekbench_cpu,2.787,0.639,0.000,29.672,26.900,51.0,1833,2350
968.92,performance,geekbench_cpu,2.541,0.508,0.000,29.672,26.900,50.0,1415,2350
969.43,performance,geekbench_cpu,2.545,0.530,0.000,29.672,26.900,50.0,1021,2350
969.93,performance,geekbench_cpu,2.409,0.384,0.001,30.287,26.920,49.0,1073,2350
970.44,performance,geekbench_cpu,2.495,0.477,0.000,30.287,26.920,49.0,852,2350
970.95,performance,geekbench_cpu,2.570,0.572,0.000,30.287,26.920,49.0,2151,2350
971.45,performance,geekbench_cpu,2.688,0.637,0.000,30.287,26.920,49.0,1568,2350
971.96,performance,geekbench_cpu,2.370,0.393,0.000,30.287,26.920,49.0,1598,2350
972.46,performance,geekbench_cpu,5.960,3.211,0.002,30.287,26.920,49.0,1655,2350
972.97,performance,end,2.534,0.547,0.000,30.756,26.940,49.0,2040,2350
973.48,performance,end,2.534,0.467,0.001,30.756,26.940,49.0,2679,2350
973.98,performance,end,2.442,0.431,0.000,30.756,26.940,48.0,1416,2350
974.49,performance,end,2.544,0.426,0.002,30.756,26.940,48.0,1130,2350
975.00,performance,end,5.042,2.786,0.001,31.139,26.960,50.0,1768,2350
975.50,performance,end,5.722,3.511,0.001,31.139,26.960,50.0,2171,2350
976.01,performance,end,5.199,3.047,0.001,31.139,26.960,50.0,2185,2350
976.51,performance,end,5.095,2.956,0.001,31.139,26.960,50.0,1251,2350
977.02,performance,end,4.378,2.291,0.000,31.501,26.980,49.0,1882,2350
977.52,performance,end,9.961,6.734,0.021,31.501,26.980,49.0,3476,2350
978.03,performance,end,16.952,12.728,0.004,31.501,26.980,64.0,3727,2350
978.53,performance,end,9.377,6.516,0.006,31.501,26.980,64.0,1959,2350
979.04,performance,end,5.261,3.020,0.004,31.581,27.000,50.0,1738,2350
979.54,performance,end,4.956,2.783,0.000,31.581,27.000,50.0,2310,2350
980.05,performance,end,3.864,1.812,0.000,31.581,27.000,50.0,1474,2350
980.55,performance,end,5.230,2.716,0.002,31.581,27.000,50.0,834,2350
981.06,performance,end,2.573,0.398,0.017,31.923,27.020,48.0,1149,2350
