1789818965.831205	28968630979	9656110595	143075073	33655000	22650000	7919000	52000	3660524	0	4518299	0
1789818966.354065	28970981254	9657248287	143081237	33655000	22650000	7919000	52000	1013062	0	1500222	0
1789818966.860058	28971987477	9657318294	143081237	33660000	22670000	7920000	41000	1001828	0	1433777	0
1789818967.368381	28973306565	9657654780	143083251	33660000	22670000	7920000	41000	554074	0	1077340	0
1789818967.874774	28974302412	9657718562	143085143	33660000	22670000	7920000	41000	596576	0	985161	0
1789818968.384107	28975331157	9657799616	143086120	33660000	22670000	7920000	41000	805626	0	1170685	0
1789818968.889691	28976316018	9657861811	143087219	33628000	22690000	7920000	41000	689010	0	1249717	0
1789818969.399818	28977324499	9657925715	143087890	33628000	22690000	7920000	41000	718777	0	1350361	0
1789818969.906895	28978241550	9657933649	143087890	33628000	22690000	7920000	41000	674622	0	803981	0
1789818970.416910	28982277794	9660444019	143088745	33628000	22690000	7920000	41000	2600185	0	4393853	0
1789818970.920948	28984481158	9661504319	143089660	33644000	22710000	7920000	42000	1422948	0	2725970	0
1789818971.426619	28985987258	9662076217	143090637	33644000	22710000	7920000	42000	665543	0	1499979	0
1789818971.931279	28986822155	9662143538	143091918	0	22710000	7920000	41000	725230	0	1400017	0
1789818972.440241	28987695078	9662261702	143094421	0	22710000	7920000	41000	756426	0	1500020	0
1789818972.945295	28988605903	9662519941	143094421	6089000	22710000	7602000	42000	982847	0	1393011	0
1789818973.457635	28989432317	9662704084	143101135	6089000	22710000	7602000	42000	605209	0	1245989	0
1789818973.963244	28989692143	9662716779	143101196	6089000	22710000	7602000	41000	666809	0	1499975	0
1789818974.472152	28991063783	9663237408	143124084	6089000	22710000	7602000	41000	1145565	0	1531305	0
1789818974.977401	28991919432	9663501506	143147521	6081000	22700000	7593000	41000	622700	0	1478307	0
1789818975.489051	28992466001	9663594462	143154418	6081000	22700000	7593000	41000	1114928	0	1463348	0
1789818975.994268	28993561823	9663980326	143201171	6081000	22700000	7593000	41000	1068818	0	1531573	0
1789818976.503461	28994032037	9664027811	143201171	6081000	22700000	7593000	41000	514178	0	1100000	0
1789818977.009627	28994436455	9664067667	143201354	6081000	22700000	7593000	41000	1137024	0	1547254	0
1789818977.520336	28994789664	9664086771	143201354	6081000	22700000	7593000	41000	831570	0	1493729	0
1789818978.027995	28995151846	9664106851	143201354	6091000	22700000	7605000	40000	674421	0	1500103	0
1789818978.538489	28995466054	9664124368	143201354	6091000	22700000	7605000	40000	892420	0	1500202	0
1789818979.047655	28995898304	9664153970	143201354	6091000	22700000	7605000	40000	924432	0	1304591	0
1789818979.560312	28996136768	9664172159	143201354	6091000	22700000	7605000	40000	641001	0	1527949	0
1789818980.068979	28996384265	9664186502	143201354	6088000	22700000	7601000	40000	1096328	0	1500019	0
1789818980.580161	28996685533	9664223794	143201354	6088000	22700000	7601000	40000	937458	0	1475612	0
1789818981.087983	28997322922	9664488686	143201354	6088000	22700000	7601000	41000	1202332	0	1899827	0
1789818981.599204	28997801619	9664589211	143202148	6088000	22700000	7601000	41000	655586	0	1544343	0
1789818982.107697	28998673504	9664925453	143203063	6083000	22690000	7595000	40000	1280418	0	1558987	0
1789818982.619161	28998909527	9664942420	143203124	6083000	22690000	7595000	40000	905865	0	1546599	0
1789818983.127910	28999163188	9664971839	143203307	6083000	22690000	7595000	40000	1016525	0	1701192	0
1789818983.639700	28999384013	9664988258	143203612	6083000	22690000	7595000	40000	858932	0	1559761	0
1789818984.148145	29000087136	9665268103	143203612	6087000	22690000	7600000	41000	1223059	0	1602819	0
1789818984.659992	29000498268	9665300085	143204101	6087000	22690000	7600000	41000	1036383	0	1526853	0
1789818985.165048	29000919837	9665377478	143204162	6087000	22690000	7600000	40000	1015786	0	1454805	0
1789818985.674579	29001268591	9665437048	143204162	6087000	22690000	7600000	40000	614316	0	1292000	0
1789818986.180055	29001533543	9665465856	143204223	6084000	22680000	7596000	40000	669810	0	1600018	0
1789818986.690231	29001860447	9665503027	143204223	6084000	22680000	7596000	40000	588502	0	1411865	0
1789818987.195962	29002133518	9665521948	143204223	6084000	22680000	7596000	40000	1341360	0	1465544	0
1789818987.705532	29002476473	9665569006	143204223	6084000	22680000	7596000	40000	998115	0	1471534	0
1789818988.212145	29002708284	9665587865	143204223	6084000	22680000	7596000	40000	877861	0	1415858	0
1789818988.722214	29003039948	9665611791	143204223	6084000	22680000	7596000	40000	695902	0	1429231	0
1789818989.228053	29003359405	9665638097	143204223	6081000	22680000	7593000	40000	689793	0	1504173	0
1789818989.738403	29003613006	9665667943	143204284	6081000	22680000	7593000	40000	598103	0	1500000	0
1789818990.244415	29003937102	9665693944	143204284	6081000	22680000	7593000	40000	898255	0	1527719	0
1789818990.753194	29004127470	9665706945	143204284	6081000	22680000	7593000	40000	684760	0	1429965	0
1789818991.259232	29004430509	9665729772	143204284	6077000	22680000	7588000	40000	758941	0	1453945	0
1789818991.769218	29004747647	9665770909	143204284	6077000	22680000	7588000	40000	657110	0	1437667	0
1789818992.274966	29005003261	9665796483	143204284	6077000	22680000	7588000	40000	936996	0	1395950	0
1789818992.785230	29005227382	9665814977	143204284	6077000	22680000	7588000	40000	622144	0	1500000	0
1789818993.290565	29005397425	9665826146	143204284	6074000	22670000	7584000	40000	572395	0	1499982	0
1789818993.801589	29005565821	9665837926	143204284	6074000	22670000	7584000	40000	685927	0	1442387	0
1789818994.309471	29006105065	9666019871	143204284	6074000	22670000	7584000	40000	721078	0	1443784	0
1789818994.819520	29006294457	9666032627	143204284	6074000	22670000	7584000	40000	636284	0	1521480	0
1789818995.325080	29006498069	9666046971	143204284	6074000	22670000	7584000	40000	801741	0	1533300	0
1789818995.834004	29006949179	9666098789	143204284	6074000	22670000	7584000	40000	732557	0	1500000	0
1789818996.339954	29007346212	9666171238	143204284	6074000	22670000	7584000	40000	811857	0	1600000	0
1789818996.848449	29007799580	9666267673	143204284	6074000	22670000	7584000	40000	785452	0	1599983	0
1789818997.353321	29008521746	9666424228	143206603	6077000	22670000	7588000	40000	1191042	0	1700374	0
1789818997.862504	29008929032	9666462802	143206603	6077000	22670000	7588000	40000	1266611	0	1500155	0
1789818998.368397	29009569534	9666544284	143206603	6077000	22670000	7588000	40000	1057772	0	1600236	0
1789818998.877984	29010197645	9666616366	143206603	6077000	22670000	7588000	40000	786418	0	1457598	0
1789818999.384282	29010406751	9666629122	143206603	6077000	22670000	7588000	39000	860070	0	1551358	0
1789818999.893710	29010600293	9666641329	143206603	6077000	22670000	7588000	39000	629539	0	1448050	0
1789819000.400445	29010861523	9666661959	143206603	6084000	22660000	7596000	39000	619297	0	1435881	0
1789819000.910496	29011109813	9666675021	143206603	6084000	22660000	7596000	39000	1050818	0	1587435	0
1789819001.414929	29011541941	9666758212	143206603	6084000	22660000	7596000	40000	660981	0	1519426	0
1789819001.922480	29012606818	9667335969	143206603	6084000	22660000	7596000	40000	928710	0	3099968	0
1789819002.426010	29013643803	9667911651	143206603	6078000	22660000	7589000	42000	1101025	0	3099968	0
1789819002.932581	29015069764	9668628324	143208495	6078000	22660000	7589000	42000	1214631	0	2792097	0
1789819003.436021	29017165828	9669958277	143210021	6078000	22660000	7589000	48000	1359072	0	3078293	400
1789819003.942941	29019627003	9671487264	143210021	6078000	22660000	7589000	48000	1799748	0	3100000	0
1789819004.446758	29022495709	9673194291	143210265	6051000	22650000	7555000	48000	927290	0	3100000	0
1789819004.953052	29025005651	9674680310	143210753	6051000	22650000	7555000	48000	972779	0	3100000	0
1789819005.456808	29027044281	9675917002	143211120	6051000	22650000	7555000	45000	797593	0	3099968	0
1789819005.964088	29029170191	9677212836	143211669	6051000	22650000	7555000	45000	718884	0	2951076	0
1789819006.469052	29031645954	9678734865	143211974	6053000	22650000	7557000	48000	950277	0	3046055	0
1789819006.975446	29034168409	9680262144	143211974	6053000	22650000	7557000	48000	762164	0	2979245	0
1789819007.479012	29036635504	9681752985	143211974	6053000	22650000	7557000	47000	963850	0	2967682	0
1789819007.985835	29038831544	9683062735	143211974	6053000	22650000	7557000	47000	985512	0	3100031	0
1789819008.489962	29040874873	9684276660	143211974	6049000	22640000	7553000	48000	1146517	0	2976872	0
1789819008.997862	29043239736	9685815658	143211974	6049000	22640000	7553000	48000	920103	0	3100031	0
1789819009.501315	29045681441	9687317851	143211974	6049000	22640000	7553000	48000	1232787	0	3099968	0
1789819010.007888	29048238075	9688808265	143211974	6049000	22640000	7553000	48000	896480	0	3015309	0
1789819010.511492	29050569246	9690191318	143211974	6049000	22640000	7553000	45000	1238467	0	3100031	0
1789819011.019036	29052650539	9691387421	143212035	6049000	22640000	7553000	45000	1974725	0	3100000	0
1789819011.523347	29054970052	9692917141	143212035	6047000	22640000	7550000	49000	1021473	0	3100000	0
1789819012.028654	29057532363	9694456688	143212035	6047000	22640000	7550000	49000	969621	0	3100031	0
1789819012.532571	29060092354	9695972736	143212035	6047000	22640000	7550000	49000	1257208	0	2976757	0
1789819013.038611	29062490480	9697401444	143212035	6047000	22640000	7550000	49000	1526700	0	3100000	0
1789819013.543738	29064488094	9698553784	143212035	6043000	22630000	7545000	48000	1011580	0	2965621	0
1789819014.049964	29066881582	9700150277	143212035	6043000	22630000	7545000	48000	2006727	0	3100000	0
1789819014.553991	29069586836	9701787358	143212035	6043000	22630000	7545000	49000	1676054	0	3100000	0
1789819015.060741	29072110206	9703321045	143212035	6043000	22630000	7545000	49000	1445225	0	3001894	0
1789819015.566066	29074629121	9704793759	143212035	6039000	22630000	7540000	49000	1111982	0	3093184	0
1789819016.074065	29076111844	9705642633	143212035	6039000	22630000	7540000	49000	1062287	0	1600189	0
1789819016.579692	29076362820	9705654291	143212035	6039000	22630000	7540000	41000	658058	0	1436216	0
1789819017.089137	29076669826	9705691156	143212035	6039000	22630000	7540000	41000	972130	0	1494828	0
1789819017.595924	29077002222	9705707697	143212035	6069000	22620000	7578000	41000	651999	0	1428857	0
1789819018.106057	29077322839	9705738825	143212035	6069000	22620000	7578000	41000	1015125	0	1441218	0
1789819018.612014	29077522118	9705748895	143212035	6069000	22620000	7578000	40000	655038	0	1451557	0
1789819019.121478	29077778282	9705765802	143212035	6069000	22620000	7578000	40000	803327	0	1600020	0
1789819019.626438	29077972496	9705775385	143212035	6074000	22620000	7584000	41000	593095	0	1500092	0
1789819020.136629	29078267417	9705811945	143212035	6074000	22620000	7584000	41000	751113	0	1599470	0
1789819020.642350	29078456503	9705822015	143212035	6074000	22620000	7584000	40000	1163090	0	1500000	0
1789819021.152103	29079339069	9706230401	143213195	6074000	22620000	7584000	40000	1055319	0	3100000	0
1789819021.656267	29081669569	9707461843	143214843	6074000	22620000	7584000	47000	961687	0	3000000	0
1789819022.163125	29084154487	9708693956	143215453	6074000	22620000	7584000	47000	725003	0	3000030	0
1789819022.667336	29086677613	9709898482	143215453	6044000	22620000	7546000	47000	931178	0	2999969	0
1789819023.173704	29089165216	9711098491	143215880	6044000	22620000	7546000	47000	1392419	0	3000000	0
1789819023.676663	29091661731	9712306557	143216125	6044000	22620000	7546000	47000	1118341	0	3000000	0
1789819024.183651	29094421306	9713718724	143216796	6044000	22620000	7546000	47000	1855869	0	3000000	0
1789819024.687610	29096891332	9714940522	143217162	6041000	22610000	7542000	48000	1489533	0	3000000	0
1789819025.194064	29099398710	9716163175	143217162	6041000	22610000	7542000	48000	1202300	0	3000000	0
1789819025.697048	29102206076	9717592859	143217162	6041000	22610000	7542000	48000	961241	0	2999970	0
1789819026.204108	29104709915	9718798300	143217162	6041000	22610000	7542000	48000	772217	0	3000000	0
1789819026.708944	29107214975	9720015766	143217162	6041000	22610000	7542000	48000	762051	0	3000000	0
1789819027.216992	29109730654	9721268997	143217223	6041000	22610000	7542000	48000	881965	0	3000000	0
1789819027.720904	29112250728	9722476025	143217223	6041000	22610000	7542000	48000	996930	0	3000000	0
1789819028.227641	29114803151	9723689523	143217223	6041000	22610000	7542000	48000	841113	0	3100000	0
1789819028.731432	29117284773	9724892767	143217223	6035000	22600000	7535000	48000	1554581	0	3000000	0
1789819029.237709	29120136084	9726317629	143217223	6035000	22600000	7535000	48000	1334342	0	3000000	0
1789819029.741882	29122768157	9727627929	143217223	6035000	22600000	7535000	48000	914932	0	3000000	0
1789819030.249323	29125273766	9728845150	143217284	6035000	22600000	7535000	48000	724996	0	2999969	0
1789819030.752623	29127743792	9730035027	143217284	6038000	22590000	7539000	48000	979676	0	2999969	0
1789819031.259757	29130267650	9731265493	143217284	6038000	22590000	7539000	48000	1357307	0	3000000	0
1789819031.763983	29132781254	9732481493	143217284	6038000	22590000	7539000	48000	1005052	0	3000030	0
1789819032.271092	29135275511	9733721907	143217284	6038000	22590000	7539000	48000	925048	0	3000000	0
1789819032.776101	29137849601	9734963786	143217284	6038000	22590000	7539000	48000	725000	0	3000000	0
1789819033.281496	29140323166	9736154945	143217284	6038000	22590000	7539000	48000	912790	0	3000030	0
1789819033.785717	29142352641	9737091894	143217284	6027000	22590000	7525000	42000	663008	0	1516350	0
1789819034.296038	29143048257	9737315221	143217284	6027000	22590000	7525000	42000	980087	0	1600016	0
1789819034.801717	29143219399	9737325841	143217284	6027000	22590000	7525000	42000	562211	0	1443032	0
1789819035.311063	29143624977	9737370396	143217284	6027000	22590000	7525000	42000	771756	0	1400406	0
1789819035.818896	29143812842	9737383824	143217284	6071000	22580000	7580000	41000	659231	0	1500017	0
1789819036.327991	29144152502	9737434605	143217284	6071000	22580000	7580000	41000	967824	0	1417214	0
1789819036.833511	29144331335	9737445836	143217284	6071000	22580000	7580000	42000	625978	0	1558532	0
1789819037.343408	29144623753	9737462987	143217284	6071000	22580000	7580000	42000	972641	0	1473472	0
1789819037.849432	29144853794	9737472813	143217284	6068000	22580000	7576000	41000	1016540	0	1400198	0
1789819038.360940	29145287082	9737488316	143217284	6068000	22580000	7576000	41000	773330	0	1541535	0
1789819038.867133	29146067170	9737808689	143218322	6068000	22580000	7576000	48000	973472	0	3074192	0
1789819039.375459	29148803613	9739276397	143218322	6068000	22580000	7576000	48000	982312	0	2992909	0
1789819039.880645	29151639788	9740772609	143218322	6029000	22580000	7528000	49000	1640095	0	3033943	0
1789819040.387101	29152113358	9740882533	143219115	6029000	22580000	7528000	49000	1033888	0	1600000	0
1789819040.893654	29152306778	9740895595	143219848	6029000	22580000	7528000	41000	610287	0	1372160	0
1789819041.403484	29152661086	9740938258	143219848	6029000	22580000	7528000	41000	1085301	0	1500140	0
1789819041.909362	29152860915	9740951564	143220336	6071000	22570000	7580000	41000	634743	0	1451312	0
1789819042.420340	29153180494	9740970058	143220336	6071000	22570000	7580000	41000	701034	0	1415217	0
1789819042.926542	29153390821	9740984035	143220336	6071000	22570000	7580000	41000	707603	0	1500019	0
1789819043.436035	29153721020	9741023646	143220336	6071000	22570000	7580000	41000	707654	0	1235649	0
1789819043.942908	29153924145	9741042994	143220336	6071000	22570000	7580000	41000	1204753	0	1499970	0
1789819044.452594	29154519419	9741231287	143220336	6071000	22570000	7580000	41000	904992	0	1595679	0
1789819044.961441	29154867868	9741303065	143220397	6070000	22570000	7579000	42000	687826	0	1573291	0
1789819045.468267	29157040409	9742533591	143221190	6070000	22570000	7579000	42000	973885	0	3100000	0
1789819045.972168	29159478207	9743816364	143221190	6070000	22570000	7579000	48000	717177	0	2937416	0
1789819046.479334	29161862540	9745173599	143221190	6070000	22570000	7579000	48000	737500	0	3100000	0
1789819046.983523	29164289474	9746527111	143221252	6035000	22570000	7535000	49000	1005338	0	3058487	0
1789819047.490723	29166715860	9747878548	143221252	6035000	22570000	7535000	49000	926131	0	2965877	0
1789819047.994971	29169114902	9749224858	143221252	6035000	22570000	7535000	48000	962205	0	3054819	0
1789819048.502010	29171506924	9750555910	143221252	6035000	22570000	7535000	48000	729291	0	3034332	0
1789819049.005534	29173880453	9751895567	143221252	6040000	22560000	7541000	50000	930387	0	3100000	0
1789819049.512600	29175174823	9752505551	143221252	6040000	22560000	7541000	50000	1223606	0	1562974	0
1789819050.019155	29175371660	9752522335	143221252	6040000	22560000	7541000	41000	697264	0	1552455	0
1789819050.530050	29175604814	9752529293	143221252	6040000	22560000	7541000	41000	1103920	0	1512637	0
1789819051.036358	29175903519	9752576290	143221252	6070000	22560000	7579000	41000	862772	0	1271081	0
1789819051.546197	29176115738	9752587643	143221252	6070000	22560000	7579000	41000	995068	0	1426093	0
1789819052.053112	29176363113	9752607845	143221252	6070000	22560000	7579000	41000	991628	0	1524291	0
1789819052.563057	29176594253	9752627987	143221252	6070000	22560000	7579000	41000	656187	0	1339406	0
1789819053.068773	29176836989	9752642635	143221252	6069000	22560000	7578000	41000	688525	0	1499717	0
1789819053.579429	29177024244	9752651363	143221252	6069000	22560000	7578000	41000	641797	0	1468594	0
1789819054.086060	29177386426	9752754695	143221252	6069000	22560000	7578000	42000	1142437	0	1700173	0
1789819054.596016	29179255134	9753747918	143221618	6069000	22560000	7578000	42000	941546	0	3093521	0
1789819055.099929	29181615907	9755244313	143222289	6069000	22560000	7578000	48000	952416	0	3053112	0
1789819055.607113	29184314020	9756806016	143222289	6069000	22560000	7578000	48000	941927	0	3094579	0
1789819056.110467	29186822742	9758361920	143222716	6037000	22550000	7538000	49000	947704	0	3073291	0
1789819056.618704	29189381085	9759877602	143222716	6037000	22550000	7538000	49000	994238	0	3055833	0
1789819057.122819	29192035131	9761458225	143222716	6037000	22550000	7538000	50000	974213	0	2934933	0
1789819057.629940	29194373992	9762934967	143223144	6037000	22550000	7538000	50000	732311	0	3058316	0
1789819058.135109	29197131859	9764543240	143223144	6032000	22550000	7531000	49000	958235	0	3063862	0
1789819058.642466	29199543168	9766037498	143223144	6032000	22550000	7531000	49000	922679	0	3085169	0
1789819059.146753	29200212051	9766322349	143223144	6032000	22550000	7531000	41000	697612	0	1449692	0
1789819059.655071	29200401198	9766333030	143223144	6032000	22550000	7531000	41000	1037804	0	1598318	0
1789819060.161235	29200730726	9766371482	143223144	6069000	22540000	7578000	41000	694490	0	1500000	0
1789819060.670719	29200935560	9766382956	143223144	6069000	22540000	7578000	41000	595427	0	1524301	0
1789819061.177368	29201224133	9766407676	143223144	6069000	22540000	7578000	41000	781845	0	1464876	0
1789819061.686087	29201557995	9766435508	143223144	6069000	22540000	7578000	41000	666294	0	1496629	0
1789819062.191903	29201855113	9766477378	143223144	6068000	22540000	7576000	41000	659830	0	1459784	0
1789819062.703074	29202094981	9766493308	143223144	6068000	22540000	7576000	41000	949121	0	1487021	0
1789819063.210340	29202367624	9766512107	143223144	6068000	22540000	7576000	41000	662221	0	1449643	0
1789819063.720047	29202584359	9766528769	143223144	6068000	22540000	7576000	41000	1141351	0	1500000	400
1789819064.224391	29204717411	9767980853	143224853	6057000	22540000	7562000	48000	1291087	0	3082032	0
1789819064.732561	29206762144	9769430190	143224914	6057000	22540000	7562000	48000	970046	0	3055550	0
1789819065.237129	29208797539	9770883677	143225280	6057000	22540000	7562000	48000	1002077	0	3054849	0
1789819065.743807	29210848620	9772321479	143225280	6057000	22540000	7562000	48000	995433	0	2964835	0
1789819066.247870	29212882734	9773746036	143225280	6057000	22540000	7562000	47000	963993	0	2974319	0
1789819066.754043	29215023292	9775261596	143225280	6057000	22540000	7562000	47000	752612	0	2930951	0
1789819067.258062	29217103426	9776694576	143225280	6039000	22530000	7540000	48000	937809	0	3037738	0
1789819067.765147	29219151639	9778147575	143225280	6039000	22530000	7540000	48000	713394	0	2907155	0
1789819068.271098	29220139490	9778716055	143225280	6039000	22530000	7540000	42000	710121	0	1489530	0
1789819068.780623	29220333093	9778730093	143225280	6039000	22530000	7540000	42000	634865	0	1381098	0
1789819069.285053	29220591637	9778756643	143225280	6067000	22530000	7575000	41000	712117	0	1537440	0
1789819069.795460	29220810753	9778769827	143225280	6067000	22530000	7575000	41000	561962	0	1460279	0
1789819070.302485	29221151756	9778830251	143225280	6067000	22530000	7575000	41000	982600	0	1700058	0
1789819070.811544	29221397788	9778849477	143225280	6067000	22530000	7575000	41000	659552	0	1442778	0
1789819071.317047	29221659506	9778870168	143225280	6065000	22520000	7573000	41000	830484	0	1678823	0
1789819071.826291	29221873556	9778890127	143225280	6065000	22520000	7573000	41000	654314	0	1454586	0
1789819072.333346	29222142293	9778918203	143225280	6065000	22520000	7573000	40000	757291	0	1541791	0
1789819072.843487	29222425129	9778929555	143225280	6065000	22520000	7573000	40000	563402	0	1422332	0
1789819073.349597	29223543717	9779528797	143225951	6068000	22520000	7576000	47000	1300388	0	3009975	0
1789819073.856211	29225817149	9781171066	143226684	6068000	22520000	7576000	47000	1565847	0	3099968	0
1789819074.361708	29228623355	9783301614	143228148	6068000	22520000	7576000	47000	1342922	0	3000000	0
1789819074.868908	29230565184	9784573889	143228576	6068000	22520000	7576000	47000	937679	0	1748758	0
1789819075.374985	29233041557	9786461518	143229613	6041000	22520000	7542000	47000	1764224	0	3099968	0
1789819075.886193	29235144945	9787900357	143229613	6041000	22520000	7542000	47000	735451	0	3083608	0
1789819076.391585	29237459392	9789635705	143229796	6041000	22520000	7542000	47000	1813350	0	3100000	0
1789819076.899549	29239692785	9791150349	143230285	6041000	22520000	7542000	47000	950967	0	3100031	0
1789819077.403067	29241902801	9792773514	143230285	6041000	22520000	7542000	47000	1423679	0	3100000	0
1789819077.911960	29244232568	9794511852	143230285	6041000	22520000	7542000	47000	918211	0	2300211	0
1789819078.416726	29246210529	9795859321	143230346	6037000	22510000	7537000	47000	1293046	0	3039240	0
1789819078.926120	29248613233	9797714663	143230346	6037000	22510000	7537000	47000	1260043	0	3100000	0
1789819079.430978	29249439037	9798179018	143230407	6037000	22510000	7537000	41000	672352	0	1501809	0
1789819079.943173	29249640880	9798192140	143230407	6037000	22510000	7537000	41000	1515645	0	1592662	0
1789819080.449334	29249915842	9798219850	143230590	6063000	22510000	7570000	41000	635354	0	1534909	0
1789819080.960542	29250132577	9798239931	143230651	6063000	22510000	7570000	41000	1330066	0	1538145	0
1789819081.466061	29250556099	9798268861	143230651	6063000	22510000	7570000	41000	900875	0	1544965	0
1789819081.976231	29250770637	9798293031	143230651	6063000	22510000	7570000	41000	894858	0	1699904	0
1789819082.482378	29251025397	9798316407	143230651	6068000	22500000	7576000	41000	489076	0	1000011	0
1789819082.992689	29251265753	9798335939	143230712	6068000	22500000	7576000	41000	678810	0	1440158	0
1789819083.498418	29251444037	9798344972	143230712	6068000	22500000	7576000	40000	810391	0	1600189	0
1789819084.008064	29251683721	9798379579	143230712	6068000	22500000	7576000	40000	1358614	0	1795508	0
1789819084.515041	29253582947	9799653074	143231200	6068000	22500000	7576000	44000	1199842	0	3084652	0
1789819085.025897	29255669184	9801185419	143231750	6068000	22500000	7576000	44000	1220744	0	3084783	0
1789819085.531825	29257632863	9802606436	143232421	6068000	22500000	7576000	45000	1182056	0	3083366	0
1789819086.042608	29259712509	9804108690	143233275	6068000	22500000	7576000	45000	1059893	0	3099333	0
1789819086.550268	29262248879	9805932355	143233764	6038000	22500000	7539000	45000	1463206	0	3083336	0
1789819087.071139	29264396396	9807407021	143233764	6038000	22500000	7539000	45000	1488295	0	3032725	0
1789819087.578697	29266372465	9808852696	143233764	6038000	22500000	7539000	45000	1215926	0	3083300	0
1789819088.089227	29268391442	9810315644	143233764	6038000	22500000	7539000	45000	1250183	0	3083331	0
1789819088.596604	29270434405	9811798368	143233764	6038000	22500000	7539000	45000	1439288	0	3024348	0
1789819089.107240	29272564222	9813290063	143233764	6038000	22500000	7539000	45000	1194120	0	3083180	0
1789819089.613661	29274572639	9814768270	143233825	6039000	22490000	7540000	45000	1183062	0	3091586	0
1789819090.124978	29276584414	9816198991	143233825	6039000	22490000	7540000	45000	1468142	0	3083304	0
1789819090.631970	29278588926	9817647169	143233825	6039000	22490000	7540000	45000	1383770	0	2964053	0
1789819091.142004	29280723258	9819166086	143233825	6039000	22490000	7540000	45000	1232749	0	3099968	0
1789819091.648457	29282750536	9820626653	143233886	6039000	22490000	7540000	45000	1248980	0	3083332	0
1789819092.159090	29284835675	9822111696	143233886	6039000	22490000	7540000	45000	1236677	0	3083365	0
1789819092.665254	29286888465	9823583005	143233886	6039000	22490000	7540000	45000	1226292	0	3092036	0
1789819093.175306	29288983552	9825089960	143233886	6039000	22490000	7540000	45000	1070167	0	3099968	0
1789819093.681972	29291025722	9826586660	143233886	6034000	22480000	7534000	45000	1828032	0	3083337	0
1789819094.191375	29293654317	9828378403	143233947	6034000	22480000	7534000	45000	1196566	0	3099968	0
1789819094.697894	29295791884	9829890118	143233947	6034000	22480000	7534000	46000	1216031	0	3083334	0
1789819095.208019	29297806100	9831350014	143233947	6034000	22480000	7534000	46000	935439	0	3083303	0
1789819095.715452	29299872135	9832832738	143233947	6037000	22480000	7538000	46000	1505296	0	3097545	0
1789819096.226601	29301427612	9833911653	143233947	6037000	22480000	7538000	46000	927080	0	1900214	0
1789819096.734946	29301626830	9833920503	143233947	6037000	22480000	7538000	42000	1160177	0	1700273	0
1789819097.246503	29301832640	9833931368	143233947	6037000	22480000	7538000	42000	1224817	0	1523653	0
1789819097.752600	29302137266	9833939546	143233947	6059000	22470000	7565000	41000	1220906	0	1636470	0
1789819098.266159	29302363645	9833959688	143233947	6059000	22470000	7565000	41000	1006335	0	1483702	0
1789819098.773986	29302543149	9833966096	143233947	6059000	22470000	7565000	41000	850129	0	1600023	0
1789819099.286447	29302762387	9833982820	143233947	6059000	22470000	7565000	41000	859643	0	1430197	0
1789819099.795093	29302939510	9833988252	143233947	6059000	22470000	7565000	41000	654922	0	1539233	0
1789819100.307436	29303168269	9834000703	143233947	6059000	22470000	7565000	41000	787116	0	1547654	0
1789819100.814936	29303448908	9834010652	143233947	6067000	22470000	7575000	41000	990788	0	1511037	0
1789819101.326811	29304477714	9834539398	143234130	6067000	22470000	7575000	41000	982097	0	3033550	0
1789819101.832482	29307072556	9836254970	143234130	6067000	22470000	7575000	49000	912055	0	3096188	0
1789819102.341127	29309887063	9838059897	143234130	6067000	22470000	7575000	49000	912950	0	3041597	0
1789819102.847276	29312221469	9839567400	143234130	6029000	22470000	7527000	42000	1219847	0	1801251	0
1789819103.360842	29312592317	9839604571	143234435	6029000	22470000	7527000	42000	726590	0	1578016	0
1789819103.868454	29312804536	9839617388	143234801	6029000	22470000	7527000	41000	1009219	0	1533068	0
1789819104.380587	29313432159	9839847612	143235412	6029000	22470000	7527000	41000	663985	0	1511815	0
1789819104.888662	29313632049	9839857683	143235412	6048000	22460000	7551000	41000	735054	0	1524619	0
1789819105.400988	29313893767	9839872148	143235473	6048000	22460000	7551000	41000	646844	0	1500025	0
1789819105.908067	29314150846	9839882097	143235534	6048000	22460000	7551000	41000	970634	0	1513415	0
1789819106.419544	29314369596	9839892351	143235534	6048000	22460000	7551000	41000	766472	0	1466794	0
1789819106.927043	29314564663	9839902910	143235534	6064000	22460000	7571000	41000	707857	0	1538162	0
1789819107.440029	29314836513	9839914873	143235534	6064000	22460000	7571000	41000	687520	0	1599966	0
1789819107.947962	29315509607	9840208390	143236632	6064000	22460000	7571000	47000	904570	0	3069546	0
1789819108.456727	29317972309	9841839245	143237609	6064000	22460000	7571000	47000	905188	0	3094021	0
1789819108.961878	29320492871	9843497139	143238402	6029000	22460000	7528000	49000	909382	0	3081932	0
1789819109.471012	29323020269	9845187137	143238402	6029000	22460000	7528000	49000	1101997	0	3099969	0
1789819109.976508	29325489562	9846858825	143239013	6029000	22460000	7528000	49000	920454	0	3063457	0
1789819110.485056	29328000603	9848549799	143239867	6029000	22460000	7528000	49000	919194	0	3100000	0
1789819110.990355	29330464830	9850221243	143240172	6029000	22460000	7528000	49000	920951	0	3093619	0
1789819111.499069	29332973186	9851901475	143240600	6029000	22460000	7528000	49000	914853	0	3075354	0
1789819112.004058	29335414830	9853553021	143240600	6029000	22450000	7527000	49000	733868	0	3070946	0
1789819112.512423	29337887114	9855214760	143240600	6029000	22450000	7527000	49000	925037	0	3100000	0
1789819113.017760	29340363670	9856875584	143240600	6029000	22450000	7527000	49000	1122801	0	3085244	0
1789819113.526582	29342815751	9858526825	143240600	6029000	22450000	7527000	49000	904527	0	3074386	0
1789819114.032142	29343481460	9858854338	143240600	6031000	22450000	7530000	42000	1355761	0	1702249	0
1789819114.540127	29344085523	9859026335	143240600	6031000	22450000	7530000	42000	1169150	0	1544156	0
1789819115.047679	29344373120	9859040434	143240600	6031000	22450000	7530000	41000	1045015	0	1559022	0
1789819115.560017	29344698253	9859063505	143240600	6031000	22450000	7530000	41000	755223	0	1500262	0
1789819116.067975	29344926646	9859099089	143240600	6060000	22440000	7566000	41000	1068743	0	1674081	0
1789819116.579699	29345163340	9859109160	143240600	6060000	22440000	7566000	41000	802952	0	1515005	0
1789819117.088002	29345341745	9859118620	143240600	6060000	22440000	7566000	41000	942176	0	1599420	0
1789819117.598281	29345523569	9859126005	143240600	6060000	22440000	7566000	41000	709229	0	1600095	0
1789819118.104437	29345805733	9859136076	143240600	6065000	22440000	7573000	41000	1042951	0	1659110	0
1789819118.613115	29345997627	9859144194	143240600	6065000	22440000	7573000	41000	854447	0	1425632	0
1789819119.119012	29347641422	9860085109	143240844	6065000	22440000	7573000	46000	1468196	0	3083332	0
1789819119.628869	29350164914	9861461265	143241210	6065000	22440000	7573000	46000	1222818	0	3000030	0
1789819120.134035	29352543509	9862833759	143242187	6030000	22430000	7529000	46000	1252693	0	2999969	0
1789819120.641000	29355102402	9864132523	143242370	6030000	22430000	7529000	46000	1428571	0	3100000	0
1789819121.146012	29357641458	9865474011	143242370	6030000	22430000	7529000	46000	1069910	0	3099968	0
1789819121.656096	29360161165	9866855478	143242431	6030000	22430000	7529000	46000	1564323	0	3099968	0
1789819122.160780	29362672145	9868229131	143242431	6030000	22430000	7529000	50000	1281735	0	3100000	0
1789819122.668969	29365272725	9869532229	143242431	6030000	22430000	7529000	50000	967678	0	2856179	0
1789819123.175062	29365517719	9869550051	143242431	6029000	22430000	7528000	41000	1101987	0	1490999	0
1789819123.684457	29365725116	9869562929	143242431	6029000	22430000	7528000	41000	611158	0	1529032	0
1789819124.190046	29366264543	9869748781	143242431	6029000	22430000	7528000	41000	1054364	0	1900248	0
1789819124.699205	29366495073	9869761415	143242431	6029000	22430000	7528000	41000	1086687	0	1600016	0
1789819125.204421	29366675736	9869772706	143242431	6054000	22430000	7559000	41000	642260	0	1500017	0
1789819125.714310	29366879593	9869784486	143242431	6054000	22430000	7559000	41000	721683	0	1460464	0
1789819126.220519	29367161941	9869799562	143242431	6054000	22430000	7559000	40000	656727	0	1500000	0
1789819126.730188	29367400161	9869820863	143242431	6054000	22430000	7559000	40000	975990	0	1499730	0
1789819127.237440	29367627211	9869843202	143242431	6065000	22420000	7572000	40000	667486	0	1531989	0
1789819127.747402	29367992322	9869938661	143243224	6065000	22420000	7572000	40000	950412	0	2163666	0
1789819128.251626	29370010505	9871283140	143244445	6065000	22420000	7572000	47000	1586166	0	3088761	0
1789819128.760087	29372018374	9872692865	143244445	6065000	22420000	7572000	47000	896833	0	3000000	0
1789819129.263841	29374690120	9874007742	143244933	6036000	22420000	7536000	47000	1329881	0	2978698	0
1789819129.770000	29377429005	9875374377	143245666	6036000	22420000	7536000	47000	722912	0	2983303	0
1789819130.273951	29380174847	9876762801	143245666	6036000	22420000	7536000	47000	1154242	0	2979895	0
1789819130.780382	29382584265	9878116374	143245666	6036000	22420000	7536000	47000	716935	0	2935483	0
1789819131.284621	29384652680	9879525611	143245666	6033000	22410000	7533000	48000	956619	0	3098689	0
1789819131.791034	29387221399	9880893406	143245666	6033000	22410000	7533000	48000	714452	0	2915619	0
1789819132.294916	29389927874	9882246307	143245666	6033000	22410000	7533000	47000	942606	0	2869924	0
1789819132.801021	29393124216	9883824306	143245666	6033000	22410000	7533000	47000	1480037	0	2899970	0
1789819133.305113	29395885866	9885262901	143245666	6033000	22410000	7533000	48000	1428934	0	3100000	0
1789819133.812911	29397903745	9886650044	143245666	6033000	22410000	7533000	48000	908137	0	3100000	0
1789819134.318120	29400538198	9888230606	143245666	6020000	22410000	7516000	48000	1256678	0	2990320	0
1789819134.823992	29403328963	9889622875	143245666	6020000	22410000	7516000	48000	1078246	0	2984301	0
1789819135.328509	29406072669	9890987679	143245666	6020000	22410000	7516000	48000	730566	0	2910039	0
1789819135.836036	29409001861	9892479252	143245666	6020000	22410000	7516000	48000	1623159	0	2933071	0
1789819136.340301	29411415734	9893982178	143245666	6024000	22400000	7521000	48000	955286	0	3097686	0
1789819136.847443	29413372638	9895353757	143245666	6024000	22400000	7521000	48000	737327	0	3000000	0
1789819137.351077	29416142712	9896695672	143245666	6024000	22400000	7521000	48000	975537	0	2965551	0
1789819137.857909	29418861394	9898052785	143245666	6024000	22400000	7521000	48000	1377758	0	2983777	0
1789819138.362367	29421569211	9899401903	143245666	6025000	22400000	7522000	48000	994093	0	2962890	0
1789819138.869808	29423877433	9900753462	143245666	6025000	22400000	7522000	48000	1582007	0	3034433	0
1789819139.374721	29425911668	9902142863	143245666	6025000	22400000	7522000	48000	1149308	0	2911880	0
1789819139.882188	29428475932	9903483863	143245666	6025000	22400000	7522000	48000	1686732	0	2892684	0
1789819140.385702	29431198520	9904838474	143245971	6028000	22390000	7526000	48000	984342	0	2910728	0
1789819140.893012	29433908779	9906186004	143245971	6028000	22390000	7526000	48000	1122701	0	2932285	0
1789819141.397146	29436120871	9907258450	143245971	6028000	22390000	7526000	43000	864069	0	2100295	0
1789819141.906095	29436284201	9907266019	143245971	6028000	22390000	7526000	43000	566849	0	1454290	0
1789819142.412423	29436511251	9907280423	143245971	6059000	22380000	7565000	42000	644341	0	1447640	0
1789819142.924416	29436746846	9907288174	143245971	6059000	22380000	7565000	42000	810119	0	1598461	0
1789819143.429911	29436938740	9907300015	143245971	6059000	22380000	7565000	41000	711743	0	1561762	0
1789819143.938836	29437150104	9907320889	143245971	6059000	22380000	7565000	41000	752380	0	1481765	0
1789819144.444084	29437724077	9907513699	143245971	6059000	22380000	7565000	41000	641788	0	1525840	0
1789819144.955585	29438018205	9907538052	143245971	6059000	22380000	7565000	41000	978848	0	1507916	0
1789819145.461077	29438232316	9907550137	143245971	6057000	22380000	7563000	41000	568267	0	1499980	0
1789819145.971331	29438433731	9907562344	143245971	6057000	22380000	7563000	41000	1071976	0	1500198	0
1789819146.477774	29439119093	9907886500	143246764	6057000	22380000	7563000	46000	935738	0	2875471	0
1789819146.985039	29441956122	9909407920	143247191	6057000	22380000	7563000	46000	1361723	0	3079770	0
1789819147.489928	29444321595	9910943866	143247191	6045000	22380000	7547000	48000	1374296	0	3099968	0
1789819147.996907	29446528193	9912329543	143247558	6045000	22380000	7547000	48000	918639	0	3010123	0
1789819148.501313	29449212939	9913873973	143248473	6045000	22380000	7547000	48000	954099	0	3100031	0
1789819149.007453	29451322980	9915274421	143248473	6045000	22380000	7547000	48000	732308	0	3058470	0
1789819149.511069	29454085241	9916824466	143248900	6029000	22380000	7528000	51000	911423	0	3099968	0
1789819150.019042	29456345978	9918239379	143249633	6029000	22380000	7528000	51000	1217920	0	3072868	0
1789819150.523263	29458999474	9919724361	143249633	6029000	22380000	7528000	51000	1092918	0	3099968	0
1789819151.029984	29461257647	9921157585	143249633	6029000	22380000	7528000	51000	1105110	0	3099968	0
1789819151.533602	29463946300	9922611255	143249633	6033000	22370000	7532000	51000	996768	0	3063744	0
1789819152.041307	29466307683	9924109481	143249633	6033000	22370000	7532000	51000	1089419	0	3100000	0
1789819152.545291	29467296023	9924653120	143249633	6033000	22370000	7532000	42000	948478	0	1600026	0
1789819153.054455	29467493776	9924665205	143249694	6033000	22370000	7532000	42000	1183496	0	1600295	0
1789819153.559957	29467799867	9924682905	143249694	6060000	22360000	7566000	42000	1024791	0	1451672	0
1789819154.071057	29468172241	9924785871	143249694	6060000	22360000	7566000	42000	1349993	0	1701248	0
1789819154.575679	29468634154	9924909650	143249694	6060000	22360000	7566000	42000	561612	0	1461818	0
1789819155.085430	29468964720	9924965009	143249694	6060000	22360000	7566000	42000	647977	0	1393866	0
1789819155.590243	29469187864	9924977338	143249694	6060000	22360000	7566000	41000	665213	0	1548927	0
1789819156.101128	29469483945	9925012372	143249694	6060000	22360000	7566000	41000	586425	0	1330291	0
1789819156.607528	29469728146	9925025922	143249694	6058000	22360000	7564000	41000	637000	0	1372263	0
1789819157.117160	29470008113	9925042829	143249694	6058000	22360000	7564000	41000	1225091	0	1541169	0
1789819157.623923	29471470146	9925870585	143249877	6058000	22360000	7564000	48000	993353	0	3100031	0
1789819158.130794	29473653062	9927180824	143250304	6058000	22360000	7564000	48000	907716	0	2972833	0
1789819158.635140	29476415018	9928520603	143251342	6038000	22360000	7539000	46000	737503	0	3100031	0
1789819159.143004	29479322481	9929963592	143251342	6038000	22360000	7539000	46000	706044	0	2848352	0
1789819159.646525	29482282862	9931405544	143251342	6038000	22360000	7539000	48000	1812011	0	3043103	0
1789819160.152547	29485225237	9932851769	143251342	6038000	22360000	7539000	48000	948640	0	3012093	0
1789819160.655973	29488200755	9934329670	143251708	6019000	22350000	7515000	50000	958159	0	3000000	0
1789819161.163109	29488605966	9934415852	143251769	6019000	22350000	7515000	50000	558413	0	1380448	0
1789819161.668814	29488831857	9934434406	143251769	6019000	22350000	7515000	42000	783099	0	1475449	0
1789819162.179466	29489096504	9934454243	143251830	6019000	22350000	7515000	42000	629194	0	1429734	0
1789819162.686471	29489329048	9934464802	143251830	6062000	22350000	7569000	42000	825689	0	1411342	0
1789819163.195533	29489716986	9934513508	143251830	6062000	22350000	7569000	42000	815296	0	1466302	0
1789819163.699973	29489928717	9934524311	143251830	6062000	22350000	7569000	41000	989584	0	1448994	0
1789819164.209081	29490639042	9934746783	143251830	6062000	22350000	7569000	41000	718908	0	1600084	0
1789819164.714592	29490830081	9934756671	143251830	6057000	22350000	7563000	41000	949954	0	1457981	0
1789819165.224642	29491292116	9934880450	143251830	6057000	22350000	7563000	41000	514961	0	1177858	0
1789819165.730600	29491628175	9934930804	143251830	6057000	22350000	7563000	42000	633360	0	1479824	0
1789819166.239293	29493794124	9936263991	143251830	6057000	22350000	7563000	42000	1076950	0	2950782	400
1789819166.743164	29496408131	9937922373	143251830	6057000	22350000	7563000	48000	734726	0	3077809	0
1789819167.250135	29498471724	9939317878	143252135	6057000	22350000	7563000	48000	717951	0	2943615	0
1789819167.754602	29500426187	9940676089	143252135	6031000	22340000	7530000	48000	1080443	0	3089545	0
1789819168.261560	29502443699	9942086791	143252685	6031000	22340000	7530000	48000	910294	0	3100000	0
1789819168.766082	29504337737	9943430599	143252685	6031000	22340000	7530000	48000	1032014	0	2977588	0
1789819169.272304	29506313928	9944821342	143252685	6031000	22340000	7530000	48000	709824	0	2878598	0
1789819169.776139	29508373188	9946166310	143252685	6036000	22340000	7536000	48000	1105456	0	3044562	0
1789819170.282897	29509001055	9946370960	143252685	6036000	22340000	7536000	48000	1066929	0	1557985	0
1789819170.789506	29509189531	9946379810	143252685	6036000	22340000	7536000	41000	672218	0	1500000	0
1789819171.300492	29509479631	9946403919	143252685	6036000	22340000	7536000	41000	1070399	0	1579792	0
1789819171.807419	29509655167	9946411121	143252685	6061000	22330000	7568000	41000	1056243	0	1471723	0
1789819172.316102	29509852677	9946427967	143252685	6061000	22330000	7568000	41000	974032	0	1600246	0
1789819172.821608	29510027176	9946435108	143252685	6061000	22330000	7568000	41000	576540	0	1599966	0
1789819173.331483	29510298476	9946453724	143252685	6061000	22330000	7568000	41000	626158	0	1338744	0
1789819173.837070	29510496108	9946461963	143252685	6061000	22330000	7567000	41000	635954	0	1477426	0
1789819174.347298	29511130567	9946683337	143252685	6061000	22330000	7567000	41000	785058	0	1542256	0
1789819174.853221	29511400280	9946701831	143252685	6061000	22330000	7567000	42000	1317497	0	1585814	0
1789819175.362184	29513853094	9948055404	143253905	6061000	22330000	7567000	42000	1160893	0	3037576	0
1789819175.865480	29516827879	9949702311	143254455	6025000	22330000	7522000	49000	1144690	0	2965728	0
1789819176.373739	29519752920	9951378638	143255431	6025000	22330000	7522000	49000	1286044	0	3092746	0
1789819176.877672	29522558089	9952977205	143256469	6025000	22330000	7522000	49000	942043	0	3099969	0
1789819177.384963	29525498083	9954631864	143256591	6025000	22330000	7522000	49000	946786	0	3100000	0
1789819177.889987	29528364104	9956235376	143257018	6025000	22330000	7522000	48000	1380103	0	3099968	0
1789819178.396687	29531259299	9957874898	143257018	6025000	22330000	7522000	48000	1483310	0	2829676	0
1789819178.900457	29534098953	9959478776	143257262	6015000	22320000	7510000	50000	954770	0	3099968	0
1789819179.407141	29537092536	9961179333	143257262	6015000	22320000	7510000	50000	1095642	0	2996480	0
1789819179.910583	29538907351	9962190927	143257262	6015000	22320000	7510000	42000	676534	0	1551666	0
1789819180.420014	29539146852	9962214059	143257262	6015000	22320000	7510000	42000	934874	0	1700304	0
1789819180.926143	29539336122	9962222726	143257323	6054000	22320000	7559000	41000	580398	0	1600022	0
1789819181.436346	29539575928	9962242379	143257323	6054000	22320000	7559000	41000	1009963	0	1675363	0
1789819181.942410	29539906616	9962267038	143257323	6054000	22320000	7559000	41000	664025	0	1481978	0
1789819182.450933	29540154235	9962288644	143257445	6054000	22320000	7559000	41000	835552	0	1570715	0
1789819182.955957	29540354369	9962301217	143257445	6061000	22310000	7567000	41000	1284987	0	1640053	0
1789819183.465039	29540676572	9962319833	143257506	6061000	22310000	7567000	41000	656500	0	1531638	0
1789819183.971305	29540872678	9962334725	143257506	6061000	22310000	7567000	41000	761043	0	1566237	0
1789819184.481369	29541494869	9962525338	143257506	6061000	22310000	7567000	41000	1249736	0	1559395	0
1789819184.988908	29542849235	9963122870	143257995	6056000	22310000	7561000	47000	2609836	0	3100000	0
1789819185.498605	29546613813	9965401734	143258300	6056000	22310000	7561000	47000	1564391	0	1700222	0
1789819186.003927	29549525549	9966942746	143258483	6056000	22310000	7561000	43000	1643882	0	1700225	0
1789819186.513005	29552694181	9968814567	143258483	6056000	22310000	7561000	43000	1599173	0	1600258	0
1789819187.019154	29555743245	9970542468	143258483	6012000	22300000	7506000	43000	1291158	0	1300226	0
1789819187.529941	29558422316	9972031722	143258483	6012000	22300000	7506000	43000	2000145	0	2300359	0
1789819188.037041	29561851079	9974040445	143258483	6012000	22300000	7506000	44000	1182528	0	1400000	0
1789819188.549132	29564904782	9975762669	143258483	6012000	22300000	7506000	44000	1184549	0	1400000	0
1789819189.055773	29567292471	9977108491	143258483	6012000	22300000	7506000	44000	1083793	0	2981080	0
1789819189.563934	29570938702	9979253749	143258483	6012000	22300000	7506000	44000	1382975	0	1600000	0
1789819190.071111	29573981419	9980946799	143258483	6025000	22300000	7522000	44000	1312281	0	1518549	0
1789819190.580930	29576701627	9982520282	143258483	6025000	22300000	7522000	44000	1892349	0	2200391	0
1789819191.090074	29580076496	9984501417	143258483	6025000	22300000	7522000	44000	1131535	0	1342357	0
1789819191.601992	29582901318	9986062936	143258483	6025000	22300000	7522000	44000	1272262	0	1700212	0
1789819192.109995	29583961374	9986501595	143258483	6013000	22290000	7508000	42000	690535	0	1600208	0
1789819192.621979	29584222604	9986515694	143258483	6013000	22290000	7508000	42000	871656	0	1600032	0
1789819193.129989	29584417183	9986526863	143258483	6013000	22290000	7508000	42000	852046	0	1658017	0
1789819193.644414	29584633918	9986538033	143258483	6013000	22290000	7508000	42000	1083232	0	1529604	0
1789819194.152727	29585198980	9986743049	143258483	6057000	22290000	7563000	44000	1598002	0	2261392	0
1789819194.661819	29585559453	9986777839	143258483	6057000	22290000	7563000	44000	1108376	0	1529076	0
1789819195.168947	29585755803	9986794807	143258483	6057000	22290000	7563000	41000	700020	0	1600161	0
1789819195.680080	29586050419	9986832954	143258483	6057000	22290000	7563000	41000	1175976	0	1600242	0
1789819196.187791	29586225528	9986845954	143258483	6058000	22280000	7564000	41000	1129335	0	1653766	0
1789819196.699494	29586451174	9986860358	143258483	6058000	22280000	7564000	41000	1053177	0	1545054	0
1789819197.207933	29588544248	9988104313	143258788	6058000	22280000	7564000	48000	2275175	0	2600000	0
1789819197.716016	29591846974	9990334226	143259154	6058000	22280000	7564000	48000	1550101	0	1600229	0
1789819198.220956	29594883953	9992317925	143259581	6016000	22280000	7511000	44000	1600113	0	1700246	0
1789819198.730953	29597815037	9994259387	143259643	6016000	22280000	7511000	44000	1117726	0	1800000	0
1789819199.235965	29600985927	9996358686	143260009	6016000	22280000	7511000	44000	1600108	0	1600262	0
1789819199.745986	29603918964	9998323952	143260009	6016000	22280000	7511000	44000	1612638	0	1700295	0
1789819200.252779	29607030223	10000339999	143261168	6016000	22280000	7511000	45000	1437628	0	1700681	0
1789819200.763007	29610050052	10002362699	143261168	6016000	22280000	7511000	45000	1600115	0	1700282	0
1789819201.267825	29612810299	10004149132	143261168	6008000	22270000	7501000	45000	964740	0	2699972	0
1789819201.775355	29613244868	10004232689	143261168	6008000	22270000	7501000	45000	656389	0	1466480	0
1789819202.283024	29613458735	10004243676	143261168	6008000	22270000	7501000	42000	1167462	0	1485639	0
1789819202.794966	29613639642	10004251488	143261168	6008000	22270000	7501000	42000	1224798	0	1599983	0
1789819203.302019	29613822992	10004261132	143261229	6057000	22270000	7563000	41000	891478	0	1600249	0
1789819203.814318	29614060967	10004287377	143261229	6057000	22270000	7563000	41000	1064279	0	1547856	0
1789819204.323529	29614661429	10004496666	143261229	6057000	22270000	7563000	42000	1190767	0	1700700	0
1789819204.835689	29614931448	10004522239	143261229	6057000	22270000	7563000	42000	989764	0	1731888	0
1789819205.343235	29615183950	10004538170	143261229	6059000	22270000	7565000	41000	1037398	0	1551032	0
1789819205.854971	29615437550	10004552696	143261229	6059000	22270000	7565000	41000	656492	0	1551787	0
1789819206.362892	29615781666	10004646202	143261901	6059000	22270000	7565000	42000	1555124	0	1699886	0
1789819206.873395	29619452921	10006946000	143262511	6059000	22270000	7565000	42000	866183	0	1777994	0
1789819207.381051	29622842378	10008975170	143263305	6017000	22260000	7513000	44000	953035	0	1124148	0
1789819207.893050	29625827905	10010781135	143263854	6017000	22260000	7513000	44000	941790	0	1500000	0
1789819208.397996	29628334856	10012219852	143263854	6017000	22260000	7513000	45000	1165466	0	2576740	0
1789819208.905698	29628688432	10012264041	143263854	6017000	22260000	7513000	45000	582793	0	1447171	0
1789819209.411499	29628907670	10012277469	143263854	6057000	22260000	7562000	42000	656204	0	1431954	0
1789819209.920933	29629080277	10012285403	143263854	6057000	22260000	7562000	42000	635196	0	1403101	0
1789819210.427408	29629313797	10012300540	143263854	6057000	22260000	7562000	41000	671701	0	1511520	0
1789819210.935270	29629468765	10012307010	143263854	6057000	22260000	7562000	41000	657408	0	1463182	0
1789819211.441132	29629682204	10012320803	143263854	6059000	22260000	7565000	41000	601732	0	1600000	0
1789819211.951359	29629879774	10012330447	143263854	6059000	22260000	7565000	41000	1312274	0	1587181	0
1789819212.457396	29630173292	10012368472	143263854	6059000	22260000	7565000	41000	820719	0	1698919	0
1789819212.966468	29630408887	10012377993	143263854	6059000	22260000	7565000	41000	913866	0	1507458	0
1789819213.472931	29630945812	10012633547	143264342	6059000	22260000	7565000	43000	1572205	0	1700242	0
1789819213.981966	29634957703	10015407893	143264342	6059000	22260000	7565000	43000	1189243	0	1400000	0
1789819214.486974	29637713067	10017159292	143265014	6058000	22250000	7564000	43000	964669	0	1600016	0
1789819214.995109	29640970932	10019246994	143265929	6058000	22250000	7564000	43000	1492781	0	1600000	0
1789819215.501091	29644029213	10021302226	143266051	6058000	22250000	7564000	44000	1088757	0	1300013	0
1789819216.013029	29646573030	10022781104	143266051	6058000	22250000	7564000	44000	999315	0	2345866	0
1789819216.517977	29650086876	10025180695	143266112	6015000	22250000	7510000	45000	1291228	0	1500015	0
1789819217.030123	29653009171	10027002468	143266356	6015000	22250000	7510000	45000	1595790	0	1700584	0
1789819217.535026	29656162239	10029158956	143266356	6015000	22250000	7510000	45000	1239287	0	1412258	0
1789819218.045049	29659077820	10031017167	143266356	6015000	22250000	7510000	45000	966469	0	1600016	0
1789819218.550958	29662224113	10032984325	143266356	6013000	22240000	7507000	45000	1276802	0	1500015	0
1789819219.064001	29665239242	10034994024	143266356	6013000	22240000	7507000	45000	1426906	0	1692915	0
1789819219.569115	29667422342	10036207644	143266356	6013000	22240000	7507000	43000	778177	0	1719839	0
1789819220.083089	29667636941	10036218447	143266356	6013000	22240000	7507000	43000	557026	0	1500160	0
1789819220.590945	29667830239	10036226382	143266356	6055000	22230000	7560000	42000	912748	0	1700136	0
1789819221.102647	29668030067	10036235720	143266356	6055000	22230000	7560000	42000	655851	0	1500227	0
1789819221.610694	29668311683	10036271914	143266417	6055000	22230000	7560000	42000	721361	0	1600220	0
1789819222.123077	29668517371	10036281008	143266417	6055000	22230000	7560000	42000	919765	0	1499979	0
1789819222.631001	29668736364	10036291384	143266417	6057000	22230000	7562000	41000	1192670	0	1600466	0
1789819223.143559	29668925207	10036301272	143266417	6057000	22230000	7562000	41000	675058	0	1600000	0
1789819223.651907	29669146397	10036312746	143266417	6057000	22230000	7562000	41000	787579	0	1600021	0
1789819224.164984	29669787509	10036498354	143266417	6057000	22230000	7562000	41000	1223698	0	1700186	0
1789819224.672427	29670638337	10036847657	143266906	6057000	22230000	7562000	47000	901742	0	2858819	0
1789819225.179861	29674548056	10039621576	143267760	6057000	22230000	7562000	47000	1278065	0	1482400	0
1789819225.688039	29677377272	10041535878	143267760	6041000	22230000	7543000	44000	1693661	0	1800266	0
1789819226.199926	29680167915	10043296615	143268371	6041000	22230000	7543000	44000	2152787	0	2200262	0
1789819226.703762	29683644102	10045832009	143268432	6041000	22230000	7543000	44000	1211654	0	1398137	0
1789819227.218233	29686456106	10047712864	143268493	6041000	22230000	7543000	44000	622587	0	1600016	0
1789819227.722978	29689752912	10049958952	143268615	6020000	22220000	7516000	45000	1030800	0	1178092	0
1789819228.233144	29692711584	10051986779	143268615	6020000	22220000	7516000	45000	1694803	0	1800261	0
1789819228.739939	29695426542	10053737201	143268615	6020000	22220000	7516000	46000	1881260	0	2200326	0
1789819229.249959	29698847737	10056213574	143268615	6020000	22220000	7516000	46000	1182583	0	1384742	0
1789819229.757053	29701580885	10057997811	143268615	6007000	22220000	7500000	45000	663116	0	1482958	0
1789819230.265961	29704914006	10060250307	143268615	6007000	22220000	7500000	45000	1258620	0	1491849	0
1789819230.774650	29707931943	10062322445	143268615	6007000	22220000	7500000	45000	1222925	0	1457440	0
1789819231.284581	29709403557	10063208430	143268615	6007000	22220000	7500000	45000	542759	0	1542073	0
1789819231.789727	29709619011	10063220575	143268615	6042000	22210000	7544000	42000	887692	0	1445392	0
1789819232.299378	29709825615	10063236750	143268615	6042000	22210000	7544000	42000	1200173	0	1694444	0
1789819232.806444	29710041556	10063247492	143268615	6042000	22210000	7544000	42000	1031635	0	1493254	0
1789819233.316027	29710243399	10063257563	143268615	6042000	22210000	7544000	42000	803685	0	1600051	0
1789819233.821514	29710522268	10063309015	143268615	6057000	22210000	7562000	42000	1263726	0	1548492	0
1789819234.333042	29711164722	10063505792	143268676	6057000	22210000	7562000	42000	1098421	0	1627108	0
1789819234.838727	29711426196	10063521417	143268676	6057000	22210000	7562000	42000	572305	0	1600021	0
1789819235.348316	29711664355	10063530084	143268676	6057000	22210000	7562000	42000	921833	0	1412707	0
1789819235.853326	29711881640	10063543206	143268676	6057000	22210000	7562000	42000	719728	0	1483306	0
1789819236.363931	29714324687	10065393116	143268676	6057000	22210000	7562000	42000	1887812	0	2200257	0
1789819236.870684	29717672030	10067889753	143268920	6057000	22200000	7562000	45000	1383225	0	1600000	0
1789819237.380621	29720715479	10070167701	143270690	6057000	22200000	7562000	45000	1380670	0	1600000	0
1789819237.885969	29723725176	10072438081	143270690	6057000	22200000	7562000	45000	1368152	0	1528953	0
1789819238.394965	29726769785	10074716213	143271361	6057000	22200000	7562000	45000	1373133	0	1564639	0
1789819238.900965	29729789797	10076990621	143272643	6012000	22200000	7506000	45000	1393017	0	1600016	0
1789819239.412862	29732323604	10078831314	143273070	6012000	22200000	7506000	45000	904429	0	2499974	0
1789819239.918964	29735867174	10081550302	143273192	6012000	22200000	7506000	45000	1373975	0	1559566	0
1789819240.430912	29738918069	10083868045	143273192	6012000	22200000	7506000	45000	1448143	0	1700017	0
1789819240.935580	29741937898	10086103940	143273192	6011000	22190000	7505000	45000	1381546	0	1600000	0
1789819241.448977	29745000512	10088373526	143273192	6011000	22190000	7505000	45000	1383066	0	1593871	0
1789819241.954823	29748017961	10090652146	143273314	6011000	22190000	7505000	45000	1378139	0	1600000	0
1789819242.464085	29751041268	10092912882	143273375	6011000	22190000	7505000	45000	1467430	0	1600000	0
1789819242.968875	29753957460	10095115330	143273375	6011000	22190000	7505000	45000	1895095	0	2200183	0
1789819243.480824	29757126763	10097491850	143273436	6011000	22190000	7505000	45000	1333049	0	1499969	0
1789819243.986969	29760148545	10099805870	143273436	6011000	22190000	7505000	45000	1359210	0	1554808	0
1789819244.496590	29763195290	10102059893	143273436	6011000	22190000	7505000	45000	1377303	0	1599983	0
1789819245.003966	29766222931	10104348949	143273436	6009000	22180000	7503000	45000	1367981	0	1545625	0
1789819245.514957	29769271996	10106649541	143273497	6009000	22180000	7503000	45000	1379507	0	1600016	0
1789819246.020238	29772002762	10108670288	143273620	6009000	22180000	7503000	44000	831431	0	1608983	0
1789819246.530963	29775333259	10111143487	143273620	6009000	22180000	7503000	44000	1391097	0	1600016	0
1789819247.036352	29778351806	10113425647	143273681	6009000	22180000	7503000	45000	1396249	0	1600000	0
1789819247.547782	29781406059	10115739423	143273681	6009000	22180000	7503000	45000	1373489	0	1565764	0
1789819248.052955	29784423934	10117991065	143273681	6009000	22170000	7502000	46000	1384040	0	1600016	0
1789819248.562976	29787467567	10120286225	143273681	6009000	22170000	7502000	46000	1386447	0	1600000	0
1789819249.069949	29790494048	10122457179	143273681	6009000	22170000	7502000	45000	1365570	0	1587487	0
1789819249.579974	29793114159	10124252524	143273681	6009000	22170000	7502000	45000	1890079	0	2000295	0
1789819250.088630	29796576674	10126916640	143273681	6005000	22160000	7498000	46000	1355992	0	1532283	0
1789819250.596967	29799606940	10129209420	143273681	6005000	22160000	7498000	46000	1384241	0	1599983	0
1789819251.101980	29802621336	10131484561	143273681	6005000	22160000	7498000	46000	1373450	0	1600000	0
1789819251.611963	29805667410	10133784787	143273742	6005000	22160000	7498000	46000	1380924	0	1600000	0
1789819252.117647	29808688093	10136071463	143273742	6008000	22160000	7501000	46000	1375116	0	1599983	0
1789819252.630066	29811606543	10138238694	143273742	6008000	22160000	7501000	46000	969796	0	1600000	0
1789819253.135051	29812993075	10139148848	143273742	6008000	22160000	7501000	43000	1289125	0	1619611	0
1789819253.645463	29813302706	10139156599	143273742	6008000	22160000	7501000	43000	947841	0	1500601	0
1789819254.151392	29813928070	10139341902	143273742	6052000	22150000	7556000	43000	1101326	0	2128954	0
1789819254.659902	29814264251	10139359358	143273742	6052000	22150000	7556000	43000	1342898	0	1700676	0
1789819255.166418	29814467681	10139371687	143273742	6052000	22150000	7556000	43000	1284891	0	1599549	0
1789819255.678065	29814708220	10139410444	143273742	6052000	22150000	7556000	43000	1340501	0	1700269	0
1789819256.183392	29814880643	10139416547	143273742	6055000	22150000	7560000	42000	557559	0	1421194	0
1789819256.694567	29815116971	10139431379	143273742	6055000	22150000	7560000	42000	722174	0	1500475	0
1789819257.201412	29815289883	10139437666	143273742	6055000	22150000	7560000	42000	568401	0	1499968	0
1789819257.711468	29815454494	10139445600	143273742	6055000	22150000	7560000	42000	639291	0	1448986	0
1789819258.216924	29816459131	10139987225	143274291	6055000	22150000	7560000	45000	2066712	0	2312133	0
1789819258.724696	29818746173	10141644325	143275756	6055000	22150000	7560000	45000	1216079	0	3046048	0
1789819259.229723	29821064404	10143398593	143276732	6054000	22150000	7559000	45000	1624288	0	2200357	0
1789819259.738416	29823405341	10145050383	143276732	6054000	22150000	7559000	45000	1740748	0	3099968	0
1789819260.243969	29825903076	10146888574	143276915	6054000	22150000	7559000	44000	1761414	0	2176237	0
1789819260.752185	29828173883	10148541341	143277831	6054000	22150000	7559000	44000	1342614	0	3100000	0
1789819261.259498	29830485645	10150247574	143278441	6021000	22140000	7518000	45000	1966012	0	2375556	0
1789819261.767129	29832758588	10151919628	143278441	6021000	22140000	7518000	45000	1074904	0	2997946	0
1789819262.271739	29834949684	10153510994	143278441	6021000	22140000	7518000	45000	1759473	0	2202443	0
1789819262.782012	29837152559	10155129642	143278441	6021000	22140000	7518000	45000	914578	0	3100000	0
1789819263.285977	29838917203	10156404175	143278441	6031000	22140000	7530000	43000	718007	0	1550851	0
1789819263.796407	29839154019	10156433166	143278441	6031000	22140000	7530000	43000	665889	0	1350408	0
1789819264.304132	29839720729	10156630859	143278441	6031000	22140000	7530000	42000	994619	0	1500044	0
1789819264.813051	29839977381	10156665222	143278441	6031000	22140000	7530000	42000	765811	0	1600318	0
1789819265.318709	29840193811	10156678771	143278441	6053000	22130000	7557000	42000	1118793	0	1401592	0
1789819265.830978	29840495690	10156694335	143278441	6053000	22130000	7557000	42000	822431	0	1664425	0
1789819266.336188	29840711083	10156704650	143278441	6053000	22130000	7557000	42000	1179035	0	1600000	0
1789819266.844970	29841243430	10156863463	143278441	6053000	22130000	7557000	42000	1428467	0	1900210	0
1789819267.350052	29842135884	10157103636	143278441	6045000	22130000	7548000	43000	1174980	0	1500211	0
1789819267.860173	29842656268	10157124083	143278441	6045000	22130000	7548000	43000	589338	0	1352842	0
1789819268.367906	29843845962	10157836849	143279235	6045000	22130000	7548000	47000	2637603	0	3100000	0
1789819268.875543	29847664434	10160894154	143279662	6045000	22130000	7548000	47000	1067300	0	1263476	0
1789819269.383958	29850622312	10163219892	143279662	6045000	22130000	7548000	45000	1745587	0	1800000	0
1789819269.894957	29853705678	10165640540	143279662	6045000	22130000	7548000	45000	1525271	0	1683476	0
1789819270.403962	29856770307	10168052277	143279662	6009000	22120000	7503000	46000	1259991	0	1460519	0
1789819270.911778	29859754308	10170406519	143279662	6009000	22120000	7503000	46000	1624353	0	1700292	0
1789819271.415966	29862811734	10172809040	143279662	6009000	22120000	7503000	46000	1279717	0	1475277	0
1789819271.923939	29865839558	10175193800	143279662	6009000	22120000	7503000	46000	1301520	0	1559183	0
1789819272.428592	29866852312	10175762157	143279662	6009000	22120000	7502000	43000	676643	0	1518729	0
1789819272.937928	29867058183	10175772900	143279662	6009000	22120000	7502000	43000	744463	0	1500017	0
1789819273.443057	29867371720	10175789745	143279662	6009000	22120000	7502000	42000	935388	0	1700213	0
1789819273.952148	29867743484	10175810619	143279662	6009000	22120000	7502000	42000	997224	0	1500250	0
1789819274.458045	29868288405	10175987255	143279662	6051000	22110000	7555000	42000	999206	0	1552402	0
1789819274.968249	29868470167	10175997447	143279662	6051000	22110000	7555000	42000	607431	0	1500000	0
1789819275.473400	29868633008	10176004589	143279662	6051000	22110000	7555000	42000	831020	0	1448377	0
1789819275.983455	29868841016	10176018016	143279662	6051000	22110000	7555000	42000	623991	0	1471142	0
1789819276.488457	29869037487	10176034007	143279662	6053000	22110000	7558000	42000	738057	0	1369103	0
1789819276.998306	29869239025	10176045482	143279662	6053000	22110000	7558000	42000	1115115	0	1499827	0
1789819277.503929	29872035404	10177780524	143280578	6053000	22110000	7558000	45000	1893687	0	2200265	0
1789819278.015641	29874828000	10179662477	143280944	6053000	22110000	7558000	45000	816545	0	2393662	0
1789819278.518956	29878339404	10181996028	143281798	6013000	22110000	7507000	45000	1196699	0	1396664	0
1789819279.033052	29881426677	10183923636	143282653	6013000	22110000	7507000	45000	1122987	0	1268049	0
1789819279.539146	29884459140	10185918198	143282775	6013000	22110000	7507000	45000	1034673	0	1528280	0
1789819280.053641	29887534083	10187938701	143282775	6013000	22110000	7507000	45000	761546	0	970672	0
1789819280.562492	29890266559	10189747290	143282775	6013000	22110000	7507000	44000	1785888	0	1900321	0
1789819281.071049	29890980790	10190022741	143282836	6013000	22110000	7507000	44000	1072098	0	1568652	0
1789819281.577610	29891234391	10190048193	143282836	6009000	22100000	7502000	42000	943956	0	1585561	0
1789819282.087596	29891464005	10190059850	143282836	6009000	22100000	7502000	42000	773194	0	1441923	0
1789819282.592975	29891682083	10190069738	143282897	6009000	22100000	7502000	42000	1131980	0	1600019	0
1789819283.101350	29891912062	10190085119	143282897	6009000	22100000	7502000	42000	792881	0	1550722	0
1789819283.607056	29892100905	10190094335	143282897	6056000	22100000	7561000	42000	805463	0	1516534	0
1789819284.117042	29892655713	10190262731	143282897	6056000	22100000	7561000	42000	1313100	0	1700007	0
1789819284.622049	29893010692	10190320836	143282897	6056000	22100000	7561000	42000	660064	0	1521086	0
1789819285.132054	29893349803	10190342076	143282958	6056000	22100000	7561000	42000	810000	0	1439226	0
1789819285.638056	29893635996	10190359959	143283019	6051000	22090000	7555000	42000	674299	0	1599967	0
1789819286.147760	29896869081	10192639495	143283507	6051000	22090000	7555000	42000	1218821	0	1499984	0
1789819286.652974	29899890497	10194786401	143283507	6051000	22090000	7555000	45000	1223757	0	1435585	400
1789819287.161902	29902933335	10196953937	143283568	6051000	22090000	7555000	45000	1113031	0	1287575	0
1789819287.668865	29905956277	10199098524	143283690	6009000	22090000	7502000	45000	1133589	0	1299973	0
1789819288.179972	29909011689	10201264045	143283751	6009000	22090000	7502000	45000	1187992	0	1396338	0
1789819288.685548	29911680078	10203125552	143283751	6009000	22090000	7502000	43000	671857	0	1520473	0
1789819289.194848	29911905969	10203137026	143283751	6009000	22090000	7502000	43000	658453	0	1466026	0
1789819289.700147	29912155419	10203150942	143283751	6050000	22080000	7554000	42000	746996	0	1460527	0
1789819290.211013	29912381004	10203173769	143283751	6050000	22080000	7554000	42000	857898	0	1500000	0
1789819290.717228	29912551658	10203180056	143283751	6050000	22080000	7554000	42000	1164057	0	1681687	0
1789819291.227478	29912860861	10203224856	143283751	6050000	22080000	7554000	42000	600643	0	1500000	0
1789819291.732382	29913027975	10203231570	143283751	6050000	22080000	7554000	42000	739437	0	1600000	0
1789819292.243573	29913237691	10203245425	143283751	6050000	22080000	7554000	42000	647869	0	1396732	0
1789819292.749025	29913415853	10203254519	143283751	6056000	22080000	7561000	42000	945384	0	1508512	0
1789819293.258809	29913637104	10203269289	143283751	6056000	22080000	7561000	42000	606911	0	1537594	0
1789819293.764418	29914090106	10203435488	143284118	6056000	22080000	7561000	46000	1098040	0	3083332	0
1789819294.272952	29917366221	10205348446	143284118	6056000	22080000	7561000	46000	1917942	0	2255372	0
1789819294.781940	29920649782	10207452933	143284118	6050000	22080000	7554000	44000	1625534	0	1700303	0
1789819295.292991	29923788018	10209400377	143284667	6050000	22080000	7554000	44000	1389963	0	1500000	0
1789819295.798358	29924708731	10209832444	143285521	6050000	22080000	7554000	42000	680995	0	1548211	0
1789819296.307085	29925091360	10209875596	143285521	6050000	22080000	7554000	42000	894650	0	1600000	0
1789819296.814209	29925349111	10209888413	143285949	6049000	22070000	7553000	42000	995034	0	1531261	0
1789819297.323392	29925875171	10209949387	143286254	6049000	22070000	7553000	42000	624352	0	1600000	0
1789819297.829449	29926071521	10209958603	143286254	6049000	22070000	7553000	42000	797643	0	1523798	0
1789819298.337995	29926383898	10209979843	143286254	6049000	22070000	7553000	42000	875041	0	1500019	0
1789819298.843049	29926674547	10209998886	143286254	6054000	22070000	7559000	42000	1360460	0	1494799	0
1789819299.352091	29926949143	10210026230	143286315	6054000	22070000	7559000	42000	581828	0	1455545	0
1789819299.858047	29927247238	10210043564	143286315	6054000	22070000	7559000	41000	886773	0	1621255	0
1789819300.366502	29927471908	10210066391	143286315	6054000	22070000	7559000	41000	648709	0	1433759	0
1789819300.874927	29930070046	10211947673	143287047	6053000	22070000	7557000	44000	1484788	0	1500285	0
1789819301.385946	29933242218	10213833166	143287047	6053000	22070000	7557000	44000	1324984	0	1477661	0
1789819301.894934	29936184959	10215674653	143287719	6053000	22070000	7557000	44000	1694118	0	1800261	0
1789819302.403940	29939282241	10217578029	143288451	6053000	22070000	7557000	44000	1339091	0	1550995	0
1789819302.908722	29942357673	10219458335	143288634	6005000	22070000	7498000	44000	1692899	0	1800331	0
1789819303.419036	29945289306	10221304643	143288695	6005000	22070000	7498000	44000	1422481	0	1493360	0
1789819303.923963	29948484672	10223193677	143288817	6005000	22060000	7498000	45000	1354872	0	1599983	0
1789819304.431851	29951190536	10224946663	143288817	6005000	22060000	7498000	45000	863690	0	1996872	0
1789819304.936937	29954572058	10226990481	143288817	6005000	22060000	7498000	45000	1267521	0	1373264	0
1789819305.450021	29957509490	10228914182	143288817	6005000	22060000	7498000	45000	1340109	0	1599983	0
1789819305.954655	29960577170	10230678887	143288817	6001000	22060000	7493000	45000	1375438	0	1490161	0
1789819306.464095	29962086016	10231485526	143288817	6001000	22060000	7493000	45000	1169468	0	1699774	0
1789819306.970537	29962288164	10231500662	143288817	6001000	22060000	7493000	42000	1551743	0	1703781	0
1789819307.479952	29962483293	10231510001	143288817	6001000	22060000	7493000	42000	918644	0	1700305	0
1789819307.987405	29962697282	10231525442	143288817	6052000	22050000	7556000	42000	641825	0	1500000	0
1789819308.497309	29963019180	10231532645	143288817	6052000	22050000	7556000	42000	633233	0	1418737	0
1789819309.003021	29963233474	10231549368	143288817	6052000	22050000	7556000	42000	829840	0	1600000	0
1789819309.512426	29963416274	10231556998	143288817	6052000	22050000	7556000	42000	681111	0	1380928	0
1789819310.018043	29963650404	10231575186	143288817	6055000	22050000	7560000	42000	684289	0	1573144	0
1789819310.527127	29964007093	10231596670	143288817	6055000	22050000	7560000	42000	1261347	0	1499828	0
1789819311.032073	29964227917	10231611197	143288817	6055000	22050000	7560000	42000	576292	0	1452584	0
1789819311.542025	29966271308	10232705005	143289428	6055000	22050000	7560000	42000	1777395	0	3100000	0
1789819312.045120	29970038205	10235327984	143289733	5989000	22040000	7478000	45000	1879814	0	2168385	0
1789819312.555205	29973175954	10237375708	143290099	5989000	22040000	7478000	45000	1393755	0	1500015	0
1789819313.061968	29976214093	10239344453	143291198	5989000	22040000	7478000	44000	1350040	0	1500015	0
1789819313.572951	29979251561	10241340908	143291198	5989000	22040000	7478000	44000	1446981	0	1600000	0
1789819314.076979	29980174654	10241821376	143291503	6040000	22040000	7541000	43000	1531556	0	1756191	0
1789819314.587130	29980590180	10241928675	143292174	6040000	22040000	7541000	43000	517838	0	1342629	0
1789819315.091852	29980843903	10241951136	143293090	6040000	22040000	7541000	42000	1229828	0	1599979	0
1789819315.601481	29981114593	10241981898	143293090	6040000	22040000	7541000	42000	594626	0	1500000	0
1789819316.107513	29981433257	10242006556	143293090	6040000	22040000	7541000	41000	784816	0	1546603	0
1789819316.617057	29981650480	10242019190	143293090	6040000	22040000	7541000	41000	857301	0	1461409	0
1789819317.122660	29981965055	10242050989	143293090	6051000	22030000	7555000	42000	661171	0	1547251	0
1789819317.630442	29982176663	10242065027	143293090	6051000	22030000	7555000	42000	599664	0	1499982	0
1789819318.136596	29982466396	10242091761	143293090	6051000	22030000	7555000	41000	991001	0	1417356	0
1789819318.646493	29982682643	10242104822	143293090	6051000	22030000	7555000	41000	660397	0	1458226	0
1789819319.152037	29984340048	10243067466	143293456	6053000	22030000	7557000	47000	1279427	0	3100000	0
1789819319.661725	29987731824	10245122820	143293639	6053000	22030000	7557000	47000	1836627	0	2200349	0
1789819320.165775	29990853215	10246932263	143293944	6053000	22030000	7557000	44000	1285827	0	1489842	0
1789819320.676047	29993905210	10248750496	143294371	6053000	22030000	7557000	44000	1183515	0	1383364	0
1789819321.183550	29994692622	10249010322	143294432	6009000	22030000	7502000	42000	1242012	0	1700752	0
1789819321.695543	29994988642	10249024421	143294432	6009000	22030000	7502000	42000	1078166	0	1700162	0
1789819322.202327	29995198297	10249038032	143294432	6009000	22030000	7502000	42000	1172547	0	1500200	0
1789819322.714677	29995379388	10249045722	143294432	6009000	22030000	7502000	42000	905759	0	1500905	0
1789819323.221642	29995542779	10249051521	143294432	6055000	22020000	7560000	41000	778147	0	1700222	0
1789819323.733150	29995757744	10249076545	143294432	6055000	22020000	7560000	41000	683232	0	1565666	0
1789819324.240492	29996345328	10249267890	143294432	6055000	22020000	7560000	41000	706862	0	1691296	0
1789819324.754036	29996566885	10249292182	143294432	6055000	22020000	7560000	41000	684753	0	1548214	0
1789819325.261752	29996765981	10249300238	143294432	6053000	22020000	7558000	41000	683092	0	1563917	0
1789819325.775888	29996981313	10249312262	143294432	6053000	22020000	7558000	41000	1246684	0	1509802	0
1789819326.283526	29998651963	10250317936	143294738	6053000	22020000	7558000	49000	1267867	0	3100031	0
1789819326.793453	30001155801	10251650635	143295104	6053000	22020000	7558000	49000	1512539	0	2900029	0
1789819327.300075	30005145964	10254777519	143295104	6053000	22020000	7558000	45000	1434514	0	1697258	0
1789819327.808150	30007851097	10256791125	143295531	6053000	22020000	7558000	45000	1085686	0	1700050	0
1789819328.313824	30008361838	10256937853	143295531	6005000	22010000	7497000	41000	1021874	0	1600006	0
1789819328.825606	30008542257	10256944018	143295531	6005000	22010000	7497000	41000	836629	0	1600086	0
1789819329.333631	30008783162	10256957995	143295775	6005000	22010000	7497000	41000	813493	0	1561754	0
1789819329.843902	30009004536	10256970079	143296141	6005000	22010000	7497000	41000	656762	0	1453940	0
1789819330.351615	30009214802	10256981737	143296141	6054000	22010000	7559000	41000	675427	0	1503277	0
1789819330.862993	30009414935	10256992907	143296141	6054000	22010000	7559000	41000	864326	0	1505761	0
1789819331.369981	30009636859	10257008959	143296141	6054000	22010000	7559000	41000	668587	0	1548536	0
1789819331.883019	30009835955	10257020677	143296141	6054000	22010000	7559000	41000	1351784	0	1537983	0
1789819332.390745	30010074419	10257059313	143296141	6056000	22010000	7561000	41000	905381	0	1615744	0
1789819332.903845	30010361222	10257077318	143296141	6056000	22010000	7561000	41000	1165004	0	1600206	0
1789819333.409125	30013844429	10259303020	143296141	6056000	22010000	7561000	44000	1289528	0	1499984	0
1789819333.919908	30016851196	10261359473	143296813	6056000	22010000	7561000	44000	1186376	0	1700224	0
1789819334.425974	30019787895	10263291474	143297118	6008000	22010000	7501000	44000	1584895	0	1700247	0
1789819334.938909	30022999373	10265417018	143297606	6008000	22010000	7501000	44000	948393	0	1100000	0
1789819335.444553	30024719218	10266519677	143297606	6008000	22010000	7501000	41000	538275	0	1506202	0
1789819335.954479	30025032999	10266533837	143298217	6008000	22010000	7501000	41000	1161603	0	1636608	0
1789819336.460008	30025270669	10266547875	143298339	6051000	22000000	7555000	41000	674974	0	1522505	0
1789819336.969307	30025472573	10266559105	143298339	6051000	22000000	7555000	41000	901366	0	1637047	0
1789819337.475472	30025721351	10266570214	143298339	6051000	22000000	7555000	41000	637480	0	1519868	0
1789819337.985445	30025889381	10266575768	143298339	6051000	22000000	7555000	41000	663189	0	1453113	0
1789819338.490931	30026181372	10266594078	143298339	6051000	22000000	7555000	41000	646152	0	1423722	0
1789819339.002007	30026362707	10266603356	143298339	6051000	22000000	7555000	41000	601868	0	1519896	0
1789819339.508377	30026546972	10266613182	143298339	6052000	22000000	7556000	41000	657713	0	1500029	0
1789819340.017554	30026722020	10266619530	143298339	6052000	22000000	7556000	41000	664625	0	1544308	0
1789819340.524341	30027101475	10266704246	143299681	6052000	22000000	7556000	42000	1177627	0	1551166	0
1789819341.033163	30027455478	10266787437	143300475	6052000	22000000	7556000	42000	1237263	0	1484860	0
1789819341.539448	30028292817	10267037314	143300658	6042000	21990000	7544000	41000	758818	0	1500000	0
1789819342.049236	30028506073	10267052329	143300658	6042000	21990000	7544000	41000	976631	0	1428835	0
1789819342.556143	30028730743	10267063498	143301268	6042000	21990000	7544000	40000	1181566	0	1459573	0
1789819343.066630	30028954192	10267076743	143301390	6042000	21990000	7544000	40000	942642	0	1421180	0
1789819343.572522	30029150786	10267088584	143302184	6056000	21990000	7561000	40000	646556	0	1393262	0
1789819344.081049	30029588773	10267169577	143302977	6056000	21990000	7561000	40000	1432348	0	1600477	0
1789819344.587200	30030042202	10267301108	143302977	6056000	21990000	7561000	40000	1155630	0	1600260	0
1789819345.097051	30030273403	10267319845	143302977	6056000	21990000	7561000	40000	1141072	0	1499767	0
1789819345.603720	30030520594	10267344870	143302977	6052000	21990000	7556000	40000	1092068	0	1500325	0
1789819346.113053	30032028403	10267984883	143304808	6052000	21990000	7556000	40000	1141576	0	1700013	400
1789819346.618043	30033538714	10268660601	143310057	6052000	21990000	7556000	43000	1998480	0	2510326	0
1789819347.126040	30035776379	10269891921	143310118	6052000	21990000	7556000	43000	1797679	0	2200138	0
1789819347.631039	30037177682	10270420057	143314025	6035000	21990000	7535000	41000	1060991	0	2400325	0
1789819348.142325	30037576668	10270507765	143315001	6035000	21990000	7535000	41000	861565	0	1582746	0
1789819348.647888	30037767402	10270519666	143315001	6035000	21990000	7535000	40000	1316763	0	1500515	0
1789819349.157103	30037971259	10270531141	143316405	6035000	21990000	7535000	40000	1111666	0	1463167	0
1789819349.663230	30038238653	10270541151	143317443	6035000	21990000	7535000	40000	542713	0	1421319	0
1789819350.173495	30038426092	10270552686	143317687	6035000	21990000	7535000	40000	631236	0	1376936	0
1789819350.679095	30038624700	10270561781	143318358	6052000	21980000	7556000	40000	664308	0	1460971	0
1789819351.187172	30038860051	10270582105	143318358	6052000	21980000	7556000	40000	945807	0	1517138	0
1789819351.694043	30039038700	10270589490	143318358	6052000	21980000	7556000	40000	649866	0	1558814	0
1789819352.204332	30039364322	10270604871	143318358	6052000	21980000	7556000	40000	1056035	0	1711276	0
1789819352.709457	30039594241	10270619947	143318358	6057000	21980000	7562000	40000	664350	0	1487799	0
1789819353.218038	30039797548	10270633619	143318358	6057000	21980000	7562000	40000	746310	0	1420332	0
1789819353.724282	30039978578	10270640638	143318358	6057000	21980000	7562000	40000	570876	0	1435211	0
1789819354.234518	30040522644	10270827832	143318358	6057000	21980000	7562000	40000	687745	0	1467145	0
1789819354.740452	30041002562	10270915295	143318358	6053000	21980000	7558000	40000	1180071	0	1686891	0
1789819355.266131	30042155208	10271153515	143318358	6053000	21980000	7558000	40000	1343477	0	1600000	0
1789819355.781758	30043647880	10271578929	143318358	6053000	21980000	7558000	40000	1113890	0	1600000	0
1789819356.299884	30045237964	10272093698	143318358	6053000	21980000	7558000	40000	1387144	0	1566317	0
1789819356.807053	30046807540	10272540047	143318358	0	21980000	7558000	40000	987505	0	1632809	0
1789819357.329819	30048468607	10273084784	143319579	0	21980000	7558000	40000	1532387	0	1700279	0
1789819357.837634	30050600194	10273899480	143319579	0	21980000	7558000	42000	1724122	0	2001294	0
1789819358.346029	30052232453	10274467532	143319579	0	21980000	7558000	42000	1114614	0	2199855	0
1789819358.849899	30054234828	10275272035	143324034	5624000	21990000	7844000	41000	722800	0	1876518	0
1789819359.370295	30055248680	10275390870	143324034	5624000	21990000	7844000	41000	907830	0	1338587	0
1789819359.875021	30057316729	10276176207	143356078	5624000	21990000	7844000	41000	964982	0	1515640	1500
1789819360.383506	30058579971	10276343992	143359984	5624000	21990000	7844000	41000	577769	0	1350567	0
1789819360.889335	30059695691	10276412290	143361327	5624000	21990000	7844000	40000	708770	0	1399598	0
1789819361.398625	30061473640	10276945004	143368468	5624000	21990000	7844000	40000	936181	0	1300996	0
1789819361.903042	30064288086	10278208001	143369872	9197000	22010000	7854000	41000	1115173	0	1579952	0
1789819362.409997	30066613703	10279198782	143369872	9197000	22010000	7854000	41000	973174	0	1578171	0
1789819362.914794	30069036243	10280235706	143369872	9197000	22010000	7854000	41000	906712	0	1487374	0
1789819363.422487	30070888045	10280857470	143369872	9197000	22010000	7854000	41000	1253554	0	1579006	0
1789819363.927580	30072941262	10281651291	143369872	12319000	22030000	7857000	41000	2495565	0	3654160	0
1789819364.434998	30075811982	10283052593	143369872	12319000	22030000	7857000	41000	689362	0	1600000	0
1789819364.939224	30076938200	10283147869	143369872	12319000	22030000	7857000	40000	738594	0	1518518	0
1789819365.448017	30078094691	10283261882	143369872	12319000	22030000	7857000	40000	1343550	0	1581905	0
1789819365.953992	30080122457	10284034219	143369872	15047000	22050000	7862000	41000	979150	0	1501932	0
1789819366.461377	30082046891	10284757179	143369872	15047000	22050000	7862000	41000	1008721	0	1486975	0
1789819366.966894	30083062940	10284811622	143369872	15047000	22050000	7862000	40000	1365459	0	1505711	0
1789819367.476691	30084122691	10284893470	143369872	15047000	22050000	7862000	40000	797732	0	1520912	0
1789819367.982696	30087694764	10287116365	143371215	17431000	22070000	7866000	41000	851715	0	1374068	0
1789819368.490964	30088795225	10287231171	143373595	17431000	22070000	7866000	41000	835903	0	1500000	0
1789819368.995711	30089864803	10287334931	143374327	17431000	22070000	7866000	40000	595360	0	991193	0
1789819369.504023	30090880791	10287403412	143374693	17431000	22070000	7866000	40000	673671	0	1291375	0
1789819370.009706	30091881826	10287460114	143374693	20417000	22090000	7871000	40000	678194	0	1500000	0
1789819370.519461	30092902881	10287542816	143375609	20417000	22090000	7871000	40000	669489	0	1353697	0
1789819371.025687	30093864121	10287590118	143375975	20417000	22090000	7871000	40000	563965	0	1483393	0
1789819371.536715	30094937422	10287680450	143376586	20417000	22090000	7871000	40000	823418	0	1375487	0
1789819372.042948	30096067973	10287782073	143376586	20417000	22090000	7871000	40000	668007	0	1200000	0
1789819372.553026	30097077736	10287820892	143376586	20417000	22090000	7871000	40000	653444	0	1196141	0
1789819373.059595	30098052831	10287874358	143376586	22120000	22110000	7875000	40000	588726	0	1412937	0
1789819373.571518	30099040011	10287915008	143376647	22120000	22110000	7875000	40000	674645	0	1520373	0
1789819374.077577	30100562651	10288364103	143376647	22120000	22110000	7875000	53000	3323555	0	4977064	0
1789819374.584301	30101804408	10288621610	143376647	22120000	22110000	7875000	53000	644909	0	1480217	0
1789819375.089497	30102766808	10288660550	143376708	23602000	22130000	7878000	40000	791012	0	1448072	0
1789819375.599161	30103791647	10288733487	143376708	23602000	22130000	7878000	40000	710242	0	1507564	0
1789819376.105155	30104771808	10288779324	143376708	23602000	22130000	7878000	40000	726140	0	1242662	0
1789819376.615459	30105712052	10288795315	143376708	23602000	22130000	7878000	40000	677789	0	1316608	0
1789819377.122287	30106720411	10288833951	143376708	24885000	22150000	7880000	40000	720275	0	1384351	0
1789819377.632028	30107668956	10288852932	143376708	24885000	22150000	7880000	40000	673278	0	1467912	0
1789819378.138882	30108685494	10288900601	143376708	24885000	22150000	7880000	40000	686748	0	1484464	0
1789819378.650031	30109640265	10288926480	143376708	24885000	22150000	7880000	40000	533305	0	1237948	0
1789819379.157743	30110614383	10288965237	143376708	26515000	22170000	7882000	40000	483032	0	785362	0
1789819379.668650	30111553895	10288982082	143376708	26515000	22170000	7882000	40000	520057	0	1062293	0
1789819380.177044	30112801329	10289189235	143376769	26515000	22170000	7882000	40000	607603	0	1086755	0
1789819380.687880	30113747310	10289209316	143376769	26515000	22170000	7882000	40000	466514	0	738272	0
1789819381.194025	30114801262	10289296291	143376769	27436000	22200000	7884000	40000	701336	0	1557233	0
1789819381.703596	30115755850	10289320949	143376769	27436000	22200000	7884000	40000	736092	0	1046433	0
1789819382.211079	30116755420	10289362697	143376769	27436000	22200000	7884000	39000	777918	0	1231751	0
1789819382.720739	30117883652	10289489527	143377318	27436000	22200000	7884000	39000	917092	0	1146359	0
1789819383.225639	30119887370	10290338830	143377440	27436000	22200000	7884000	40000	907475	0	1600000	0
1789819383.734382	30121083046	10290515709	143377501	27436000	22200000	7884000	40000	707248	0	1494420	0
1789819384.239019	30123116060	10291395345	143377684	28239000	22220000	7888000	40000	735552	0	1544142	0
1789819384.747591	30124332122	10291594197	143377684	28239000	22220000	7888000	40000	815048	0	1410961	0
1789819385.253848	30125378017	10291678548	143377684	28239000	22220000	7888000	40000	531005	0	977399	0
1789819385.763508	30126325220	10291698079	143377684	28239000	22220000	7888000	40000	572660	0	1281455	0
1789819386.270711	30127345664	10291731709	143377684	28921000	22240000	7889000	39000	689695	0	1394082	0
1789819386.779722	30128443317	10291841572	143381590	28921000	22240000	7889000	39000	773361	0	1212323	0
1789819387.285024	30129678971	10292027424	143387816	28921000	22240000	7889000	40000	734946	0	1440679	0
1789819387.794488	30131948679	10293188676	143387999	28921000	22240000	7889000	40000	1826563	0	4657256	0
1789819388.298903	30136240783	10296456245	143388060	29536000	22250000	7891000	51000	1641434	0	4938243	0
1789819388.805290	30140114674	10299314392	143390257	29536000	22250000	7891000	51000	987500	0	5100000	0
1789819389.308963	30144132852	10302287590	143392088	29536000	22250000	7891000	57000	1606005	0	5091389	0
1789819389.815958	30151640829	10308251442	143392088	29536000	22250000	7891000	57000	1952877	0	5029963	0
1789819390.319745	30160198668	10314920981	143393797	30184000	22280000	7879000	75000	1612208	0	5000623	0
1789819390.826120	30168075357	10321058172	143394774	30184000	22280000	7879000	75000	987493	0	5099948	0
1789819391.330442	30175049033	10326669730	143395934	30184000	22280000	7879000	80000	1603579	0	5049782	0
1789819391.836738	30183466370	10333281957	143396361	30184000	22280000	7879000	80000	1296183	0	4976740	0
1789819392.340875	30191733316	10339601826	143396666	30244000	22300000	7866000	72000	1901196	0	5096008	0
1789819392.847425	30198746604	10345143010	143396666	30244000	22300000	7866000	72000	1299125	0	4989750	0
1789819393.351490	30207163697	10351847461	143397399	30244000	22300000	7866000	78000	1259918	0	5082901	0
1789819393.857654	30215450602	10358311739	143397399	30244000	22300000	7866000	78000	1253206	0	5095781	0
1789819394.361198	30223286702	10364355852	143397399	30244000	22300000	7866000	71000	1318346	0	5042081	0
1789819394.868584	30231357055	10370888977	143397460	30244000	22300000	7866000	71000	1318516	0	4963511	0
1789819395.372402	30239603372	10377360885	143397460	30388000	22320000	7889000	77000	1282368	0	4990016	0
1789819395.878655	30247049825	10383195953	143397460	30388000	22320000	7889000	77000	2030829	0	5039287	400
1789819396.382869	30254652711	10389306044	143397521	30388000	22320000	7889000	80000	1175331	0	5100000	0
1789819396.889301	30263222452	10395961423	143397521	30388000	22320000	7889000	80000	1448517	0	4993726	0
1789819397.392733	30271136250	10402145916	143397521	30436000	22340000	7883000	70000	1277635	0	5100000	0
1789819397.900473	30273633497	10403590981	143397521	30436000	22340000	7883000	70000	541739	0	1533915	0
1789819398.405777	30274625621	10403663185	143397887	30436000	22340000	7883000	44000	789544	0	1600117	0
1789819398.915117	30275584359	10403709328	143397948	30436000	22340000	7883000	44000	569948	0	1208363	0
1789819399.420586	30276605291	10403791542	143397948	30620000	22350000	7896000	44000	687369	0	1379160	0
1789819399.930015	30277609195	10403837501	143397948	30620000	22350000	7896000	44000	679144	0	1197655	0
1789819400.436053	30278561219	10403889015	143398009	30620000	22350000	7896000	43000	564015	0	1100000	0
1789819400.946486	30279465453	10403894447	143398009	30620000	22350000	7896000	43000	557708	0	973562	0
1789819401.452508	30280452572	10403968299	143398009	31189000	22380000	7898000	43000	758108	0	1400016	0
1789819401.961453	30281384942	10404000160	143398009	31189000	22380000	7898000	43000	748842	0	1488114	0
1789819402.467417	30282406302	10404058631	143398009	31189000	22380000	7898000	43000	709941	0	1229800	0
1789819402.977382	30288545813	10408639064	143398802	31189000	22380000	7898000	43000	2903744	0	4651358	0
1789819403.480249	30296098589	10414388011	143399413	31449000	22400000	7886000	76000	987500	0	5100000	0
1789819403.984937	30303460325	10419849728	143400633	31449000	22400000	7886000	76000	2140917	0	5095037	0
1789819404.488613	30311413735	10425887250	143401244	31449000	22400000	7886000	74000	1307720	0	5100000	0
1789819404.995041	30318907307	10431571378	143402037	31449000	22400000	7886000	74000	1256109	0	5100051	0
1789819405.500509	30326323609	10437057814	143402037	31449000	22400000	7886000	76000	1289625	0	5100000	0
1789819406.007537	30333767377	10442620178	143403319	31449000	22400000	7886000	76000	986884	0	5095073	0
1789819406.510864	30341221154	10448272202	143403807	31556000	22420000	7889000	77000	1196380	0	5095450	0
1789819407.016215	30348648198	10453790743	143403868	31556000	22420000	7889000	77000	987500	0	5100000	0
1789819407.520404	30355976365	10459240253	143403868	31556000	22420000	7889000	76000	1213610	0	5099948	0
1789819408.026688	30363524014	10464925114	143403929	31556000	22420000	7889000	76000	1254923	0	5094353	0
1789819408.530859	30370874215	10470368276	143403929	31706000	22440000	7897000	74000	1366553	0	5100000	0
1789819409.036337	30378286184	10475882910	143403990	31706000	22440000	7897000	74000	987500	0	5100000	0
1789819409.540228	30385858491	10481615745	143404051	31706000	22440000	7897000	78000	1278375	0	5096796	0
1789819410.046473	30393296521	10487136971	143404112	31706000	22440000	7897000	78000	1267197	0	5100000	0
1789819410.550282	30399969966	10491968074	143404173	31832000	22450000	7893000	50000	1252485	0	3062643	0
1789819411.058753	30401026543	10491983211	143404173	31832000	22450000	7893000	50000	856395	0	1548960	0
1789819411.566131	30401988027	10491999568	143404173	31832000	22450000	7893000	46000	627930	0	1506848	0
1789819412.075261	30402925647	10492007320	143404173	31832000	22450000	7893000	46000	868883	0	1252948	0
1789819412.581299	30403887680	10492017268	143404234	32070000	22480000	7903000	46000	612464	0	1467391	0
1789819413.090895	30404826948	10492031734	143404357	32070000	22480000	7903000	46000	644598	0	1214567	0
1789819413.597695	30405801494	10492063777	143404357	32070000	22480000	7903000	45000	584385	0	1381088	0
1789819414.105775	30407479712	10492644586	143404357	32070000	22480000	7903000	45000	1084951	0	3239677	0
1789819414.610673	30408468052	10492708429	143404357	32186000	22500000	7881000	45000	532503	0	1273777	0
1789819415.122525	30409380342	10492717828	143404357	32186000	22500000	7881000	45000	536515	0	1152216	0
1789819415.629296	30411757533	10494025503	143405028	32186000	22500000	7881000	72000	1235309	0	5051767	0
1789819416.135013	30420252507	10500513706	143405882	32186000	22500000	7881000	72000	1155415	0	5049999	0
1789819416.639010	30423693782	10502583220	143405882	32186000	22500000	7881000	46000	631067	0	1501762	0
1789819417.148940	30424670159	10502608306	143406004	32186000	22500000	7881000	46000	572475	0	1214625	0
1789819417.654246	30425651236	10502643828	143406188	32330000	22520000	7897000	45000	851666	0	1590639	0
1789819418.163600	30426605701	10502658354	143406310	32330000	22520000	7897000	45000	794202	0	1532569	0
1789819418.668360	30427502732	10502668425	143406798	32330000	22520000	7897000	45000	660109	0	1176631	0
1789819419.177521	30428420455	10502679533	143407347	32330000	22520000	7897000	45000	847252	0	1048271	0
1789819419.683165	30429394268	10502712065	143407347	32465000	22540000	7905000	45000	805067	0	1081369	0
1789819420.195269	30430324075	10502723662	143407347	32465000	22540000	7905000	45000	758538	0	1320207	0
1789819420.701384	30431252051	10502734282	143407347	32465000	22540000	7905000	45000	709565	0	1600000	0
1789819421.210744	30432168248	10502745756	143407347	32465000	22540000	7905000	45000	561661	0	1341429	0
1789819421.716244	30438194599	10507337419	143409789	32703000	22570000	7907000	79000	1235734	0	5049999	0
1789819422.222526	30445773560	10513072390	143409972	32703000	22570000	7907000	79000	1092134	0	5058753	0
1789819422.725949	30453618754	10519149035	143411314	32703000	22570000	7907000	81000	1486971	0	5046091	0
1789819423.232666	30461574483	10525291719	143411314	32703000	22570000	7907000	81000	1419804	0	5050001	0
1789819423.736888	30469400147	10531329668	143412474	32579000	22590000	7900000	83000	1179545	0	5050051	0
1789819424.242536	30475229356	10535526251	143412718	32579000	22590000	7900000	83000	871482	0	1499990	0
1789819424.748093	30476297346	10535619207	143413817	32579000	22590000	7900000	46000	760999	0	1447885	0
1789819425.257918	30477335796	10535692633	143413817	32579000	22590000	7900000	46000	887413	0	1450075	0
1789819425.763446	30478358803	10535757147	143413817	32604000	22600000	7908000	46000	690188	0	1383368	0
1789819426.273976	30479358618	10535810064	143413817	32604000	22600000	7908000	46000	930479	0	1251335	0
1789819426.778963	30480336337	10535861883	143413817	32604000	22600000	7908000	45000	716997	0	995402	0
1789819427.289414	30481274934	10535874700	143413817	32604000	22600000	7908000	45000	539253	0	1499982	0
1789819427.794543	30482249662	10535883794	143413817	32604000	22600000	7908000	45000	485575	0	1067360	0
1789819428.305625	30483189601	10535891668	143413817	32604000	22600000	7908000	45000	552728	0	1324202	0
1789819428.812877	30484085412	10535898748	143413817	32751000	22620000	7909000	45000	826253	0	1468228	0
1789819429.323070	30488926464	10539392391	143414305	32751000	22620000	7909000	45000	1601151	0	5049998	0
1789819429.826672	30497540456	10546266702	143414427	32751000	22620000	7909000	82000	1242619	0	5047397	0
1789819430.332923	30506335599	10553321433	143414977	32751000	22620000	7909000	82000	1185444	0	5095222	0
1789819430.835726	30514944098	10560260990	143414977	32724000	22640000	7876000	86000	1396437	0	5068613	0
1789819431.343010	30523733199	10567303514	143415404	32724000	22640000	7876000	86000	975865	0	5006925	0
1789819431.846125	30532399559	10574263151	143415404	32724000	22640000	7876000	78000	1563555	0	4615213	0
1789819432.352018	30533537800	10574387419	143415953	32724000	22640000	7876000	78000	718535	0	1369920	0
1789819432.857101	30534574785	10574458402	143416136	32362000	22670000	7903000	47000	692783	0	1314078	0
1789819433.367209	30535701247	10574535123	143416136	32362000	22670000	7903000	47000	529179	0	1432725	0
1789819433.873254	30536733898	10574606656	143416136	32362000	22670000	7903000	46000	675216	0	1219891	0
1789819434.381908	30538549201	10575285976	143416136	32362000	22670000	7903000	46000	400015	0	400125	0
1789819434.888595	30539551518	10575339015	143416136	32553000	22690000	7911000	46000	586386	0	1156537	0
1789819435.397807	30540543642	10575372951	143416136	32553000	22690000	7911000	46000	480711	0	784644	0
1789819435.905533	30541579345	10575445155	143416258	32553000	22690000	7911000	46000	606376	0	1600017	0
1789819436.414991	30542622494	10575509608	143416258	32553000	22690000	7911000	46000	714465	0	1363994	0
1789819436.920785	30544309013	10576224572	143417174	32704000	22700000	7911000	75000	1319992	0	5035132	0
1789819437.427964	30552060824	10582843330	143417174	32704000	22700000	7911000	75000	1013198	0	4963734	0
1789819437.931897	30559807508	10589427602	143418334	32704000	22700000	7911000	81000	1326656	0	4939352	0
1789819438.437991	30567649163	10596062168	143419310	32704000	22700000	7911000	81000	2735605	0	5033179	0
1789819438.942010	30575426426	10602644365	143419554	32704000	22700000	7911000	82000	1322576	0	5024411	0
1789819439.448496	30582680985	10608739198	143420409	32704000	22700000	7911000	82000	645162	0	1817390	0
1789819439.954143	30583726942	10608812135	143420714	32582000	22720000	7895000	48000	811774	0	1500335	0
1789819440.463051	30584789683	10608895204	143421813	32582000	22720000	7895000	48000	498319	0	1186501	0
1789819440.969233	30585774849	10608926515	143421813	32582000	22720000	7895000	47000	662183	0	1341661	0
1789819441.478080	30586714422	10608935731	143421813	32582000	22720000	7895000	47000	490304	0	1122947	0
1789819441.984413	30587657962	10608943238	143421813	32688000	22740000	7911000	46000	598243	0	1213094	0
1789819442.492991	30588576111	10608955995	143421813	32688000	22740000	7911000	46000	520663	0	1171622	0
1789819442.999806	30589513914	10608962831	143421813	32688000	22740000	7911000	46000	597589	0	1298561	0
1789819443.510264	30590420894	10608970033	143421813	32688000	22740000	7911000	46000	499638	0	1197129	0
1789819444.020786	30591436700	10608983949	143421813	32826000	22770000	7912000	46000	1062570	0	1354480	0
1789819444.530891	30594566269	10610892269	143422606	32826000	22770000	7912000	46000	1250340	0	5094545	0
1789819445.034985	30603445641	10618625709	143423338	32826000	22770000	7912000	79000	2216417	0	5000000	0
1789819445.542316	30612122560	10626168902	143423338	32826000	22770000	7912000	79000	2494890	0	5000000	0
1789819446.046509	30620982279	10633880736	143423888	32588000	22790000	7885000	87000	1198770	0	5100000	0
1789819446.552751	30630357071	10642171669	143424498	32588000	22790000	7885000	87000	2435166	0	4983103	0
1789819447.058896	30639057733	10649698322	143424559	32588000	22790000	7885000	79000	1807140	0	5000000	0
1789819447.565557	30647747408	10657216064	143424559	32588000	22790000	7885000	79000	1578391	0	5000000	0
1789819448.070738	30656305186	10664573040	143425047	32074000	22800000	7875000	50000	648585	0	1522969	0
1789819448.581022	30657419197	10664659588	143425047	32074000	22800000	7875000	50000	880972	0	1470972	0
1789819449.087228	30658471318	10664740032	143425108	32074000	22800000	7875000	48000	528477	0	1427939	0
1789819449.596641	30659574221	10664807170	143425169	32074000	22800000	7875000	48000	1005536	0	1361561	0
1789819450.101934	30660596679	10664873149	143425169	32074000	22800000	7875000	48000	776190	0	1255224	0
1789819450.612993	30661602109	10664915080	143425169	32074000	22800000	7875000	48000	658025	0	1410571	0
1789819451.120455	30662621393	10664974528	143425169	32162000	22820000	7912000	48000	593433	0	1021968	0
1789819451.629781	30663630485	10665024333	143425230	32162000	22820000	7912000	48000	660885	0	1500098	0
1789819452.135271	30664632008	10665070475	143425230	32162000	22820000	7912000	47000	703718	0	1555933	0
1789819452.644580	30665760667	10665174540	143425230	32162000	22820000	7912000	47000	681091	0	1072088	0
1789819453.149807	30668794107	10667173253	143426573	32447000	22850000	7912000	66000	1776811	0	4966669	0
1789819453.655555	30676241598	10673561359	143426939	32447000	22850000	7912000	66000	1452741	0	4966667	0
1789819454.160623	30684339233	10680385560	143427550	32447000	22850000	7912000	72000	1831475	0	4978014	0
1789819454.667629	30692011638	10686959823	143429015	32447000	22850000	7912000	72000	1738439	0	4966665	0
1789819455.173034	30699537925	10693372893	143429015	32414000	22870000	7902000	71000	1434481	0	4953879	0
1789819455.682003	30707105349	10699839185	143430113	32414000	22870000	7902000	71000	1507395	0	5000000	0
1789819456.186326	30714785627	10706415462	143430113	32414000	22870000	7902000	69000	1825614	0	4966620	0
1789819456.693212	30722143030	10712732218	143430113	32414000	22870000	7902000	69000	1370886	0	4966665	0
1789819457.196350	30729677008	10719154504	143430846	32379000	22890000	7907000	73000	2488650	0	4990671	0
1789819457.702928	30737323594	10725711250	143430846	32379000	22890000	7907000	73000	1440489	0	4966664	0
1789819458.206444	30744692045	10732020865	143430846	32379000	22890000	7907000	72000	1765253	0	4966665	0
1789819458.714714	30752348214	10738512975	143430846	32379000	22890000	7907000	72000	2199573	0	4978921	0
1789819459.218354	30760051319	10745043110	143430846	32265000	22900000	7885000	72000	1804689	0	4966665	0
1789819459.726871	30767475617	10751420230	143430846	32265000	22900000	7885000	72000	2257959	0	4946049	0
1789819460.230933	30775075634	10757865709	143430846	32265000	22900000	7885000	74000	1494323	0	4842674	0
1789819460.738937	30779923644	10761616310	143430846	32265000	22900000	7885000	74000	1067456	0	3097577	0
1789819461.244156	30780945248	10761672035	143430846	32265000	22900000	7885000	50000	740419	0	1611523	0
1789819461.752510	30781936395	10761690772	143430846	32265000	22900000	7885000	50000	510363	0	1282909	0
1789819462.257952	30782897819	10761701636	143430846	32292000	22920000	7913000	49000	727356	0	1425769	0
1789819462.764921	30783863453	10761710303	143430846	32292000	22920000	7913000	49000	889100	0	1194785	0
1789819463.270126	30784823290	10761717567	143430846	32292000	22920000	7913000	49000	723223	0	1553215	0
1789819463.781935	30785801498	10761729285	143430846	32292000	22920000	7913000	49000	597353	0	1565448	0
1789819464.287277	30787700968	10762458532	143430846	32546000	22950000	7915000	49000	573528	0	1453133	0
1789819464.797842	30788738258	10762517552	143430846	32546000	22950000	7915000	49000	734359	0	1084199	0
1789819465.304559	30789885350	10762624058	143430846	32546000	22950000	7915000	49000	914429	0	1419933	0
1789819465.814295	30795375753	10766675379	143431273	32546000	22950000	7915000	49000	1299067	0	5035832	0
1789819466.317619	30805518854	10775066165	143432616	32697000	22970000	7917000	88000	1838383	0	5048785	0
1789819466.824887	30811018779	10779184990	143434020	32697000	22970000	7917000	88000	757827	0	1400510	0
1789819467.331435	30812160317	10779323662	143434386	32697000	22970000	7917000	49000	755249	0	1448699	0
1789819467.840180	30813224645	10779398002	143434386	32697000	22970000	7917000	49000	770843	0	1265561	0
1789819468.345497	30814301608	10779495536	143434386	32431000	22990000	7916000	49000	700979	0	1100000	0
1789819468.856125	30815371246	10779565055	143434752	32431000	22990000	7916000	49000	660122	0	1159728	0
1789819469.363473	30816497464	10779683585	143435057	32431000	22990000	7916000	49000	594223	0	984030	0
1789819469.872324	30817640161	10779751273	143435057	32431000	22990000	7916000	49000	668748	0	1297570	0
1789819470.378553	30818719321	10779840018	143435057	32598000	23010000	7916000	49000	703149	0	1218366	0
1789819470.888603	30819753681	10779893240	143435057	32598000	23010000	7916000	49000	704662	0	1093761	0
1789819471.395472	30820850175	10779993582	143435118	32598000	23010000	7916000	48000	652512	0	1080296	0
1789819471.905004	30826600404	10784406473	143435545	32598000	23010000	7916000	48000	1089308	0	5042328	0
1789819472.408758	30835974770	10792218709	143435606	32598000	23010000	7916000	86000	1412914	0	5038744	0
1789819472.915564	30845425124	10800101196	143435790	32598000	23010000	7916000	86000	1263802	0	5046029	0
1789819473.418993	30854825979	10807939799	143437254	32435000	23020000	7886000	88000	981249	0	5049998	0
1789819473.925948	30864213162	10815773703	143437254	32435000	23020000	7886000	88000	1854311	0	5015891	450
1789819474.429233	30874180971	10824070373	143437315	32435000	23020000	7886000	87000	980947	0	5047578	0
1789819474.934471	30883561013	10831860881	143438109	32435000	23020000	7886000	87000	980475	0	5043806	0
1789819475.437205	30889445642	10836371123	143438170	31834000	23050000	7876000	52000	585878	0	1500000	0
1789819475.946500	30890498129	10836410979	143438231	31834000	23050000	7876000	52000	787571	0	1700918	0
1789819476.452509	30891529682	10836443877	143438292	31834000	23050000	7876000	50000	799387	0	1415039	0
1789819476.961026	30892604142	10836504790	143438292	31834000	23050000	7876000	50000	582447	0	1090692	0
1789819477.466062	30893777540	10836651091	143438292	31968000	23070000	7917000	50000	610056	0	1200000	0
1789819477.975739	30894856211	10836730619	143438292	31968000	23070000	7917000	50000	556022	0	1251676	0
1789819478.481650	30895937873	10836827421	143438292	31968000	23070000	7917000	49000	520079	0	1205453	0
1789819478.989627	30896980779	10836882169	143438292	31968000	23070000	7917000	49000	815489	0	918923	0
1789819479.495274	30898081850	10836950589	143438292	32198000	23090000	7917000	49000	584267	0	1165126	0
1789819480.004809	30899373228	10837105252	143438292	32198000	23090000	7917000	49000	587632	0	1143438	0
1789819480.511633	30903717456	10839889730	143438658	32198000	23090000	7917000	73000	1236190	0	4902448	0
1789819481.017178	30911623930	10845944219	143438902	32198000	23090000	7917000	73000	981250	0	5050000	0
1789819481.520903	30919673897	10852090504	143439391	32266000	23100000	7889000	90000	1420651	0	4901784	0
1789819482.027206	30927810534	10858289524	143439391	32266000	23100000	7889000	90000	1192677	0	5084945	0
1789819482.530840	30935833462	10864269733	143439513	32266000	23100000	7889000	83000	1324786	0	5044579	0
1789819483.036108	30940325516	10867228954	143439574	32266000	23100000	7889000	83000	498537	0	937041	0
1789819483.541688	30941435132	10867327526	143440123	32266000	23100000	7889000	51000	724500	0	1373165	0
1789819484.050518	30942734018	10867575328	143440123	32266000	23100000	7889000	51000	2829076	0	4633940	0
1789819484.554991	30944477605	10868215463	143440184	32245000	23130000	7917000	50000	523555	0	1158367	0
1789819485.065546	30945586672	10868312570	143440184	32245000	23130000	7917000	50000	627562	0	1217266	0
1789819485.571671	30946698058	10868411080	143440184	32245000	23130000	7917000	50000	757861	0	1384701	0
1789819486.081330	30947869747	10868521737	143440184	32245000	23130000	7917000	50000	712851	0	1444470	0
1789819486.586384	30948935113	10868591927	143440184	32440000	23150000	7920000	49000	518693	0	1162936	0
1789819487.096599	30950028983	10868678291	143440306	32440000	23150000	7920000	49000	595409	0	1158989	0
1789819487.604412	30951075122	10868702461	143440306	32440000	23150000	7920000	49000	535028	0	974060	0
1789819488.115302	30956321630	10872763181	143441039	32440000	23150000	7920000	49000	1050443	0	5044969	0
1789819488.618814	30964180619	10879103680	143441039	32598000	23170000	7918000	81000	1419418	0	5050001	0
1789819489.125511	30972627863	10885559291	143441649	32598000	23170000	7918000	81000	1441368	0	5043704	0
1789819489.630601	30981050265	10892002389	143441893	32598000	23170000	7918000	84000	1396757	0	5030891	0
1789819490.136782	30989078199	10898733512	143442076	32598000	23170000	7918000	84000	1217481	0	5040773	0
1789819490.640791	30997509208	10905081457	143442931	32334000	23190000	7898000	80000	1338477	0	5039429	0
1789819491.146725	31005981964	10911552998	143442931	32334000	23190000	7898000	80000	1012168	0	5044812	0
1789819491.649833	31013918834	10918013370	143442931	32334000	23190000	7898000	84000	1445510	0	5033795	0
1789819492.155671	31022117421	10924464098	143442931	32334000	23190000	7898000	84000	1431028	0	5027910	0
1789819492.660706	31030525908	10930879243	143442931	32073000	23200000	7894000	81000	1220935	0	5041226	0
1789819493.166439	31038755867	10937316421	143442931	32073000	23200000	7894000	81000	1304879	0	5035422	0
1789819493.669634	31046801867	10943831358	143442931	32073000	23200000	7894000	83000	1533604	0	5046793	0
1789819494.176071	31055907313	10950861980	143442931	32073000	23200000	7894000	83000	981243	0	5049948	0
1789819494.679924	31064323612	10957294520	143442931	32073000	23200000	7894000	85000	979341	0	5034733	0
1789819495.185300	31072231978	10963927864	143442931	32073000	23200000	7894000	85000	1816590	0	5039655	0
1789819495.689085	31080734520	10970424979	143442931	31674000	23230000	7893000	82000	1297830	0	5041164	0
1789819496.195250	31089440796	10977070775	143442931	31674000	23230000	7893000	82000	976142	0	5009136	0
1789819496.699312	31093138418	10979399260	143442931	31674000	23230000	7893000	53000	641914	0	1376697	0
1789819497.208918	31094235156	10979481352	143442931	31674000	23230000	7893000	53000	687410	0	1463880	0
1789819497.714667	31095312668	10979567778	143442931	31616000	23250000	7918000	52000	678881	0	1261459	0
1789819498.225464	31096473554	10979707426	143442931	31616000	23250000	7918000	52000	610058	0	1333422	0
1789819498.732511	31097614725	10979773161	143442931	31616000	23250000	7918000	52000	594419	0	1114507	0
1789819499.242432	31098730933	10979879362	143442931	31616000	23250000	7918000	52000	579407	0	1139431	0
1789819499.748192	31099793248	10979938382	143442931	31893000	23270000	7920000	52000	699896	0	1333100	0
1789819500.256311	31100850069	10979998685	143443053	31893000	23270000	7920000	52000	511492	0	936408	0
1789819500.762094	31101961394	10980065335	143443053	31893000	23270000	7920000	51000	543882	0	1100000	0
1789819501.271796	31103061672	10980152676	143443053	31893000	23270000	7920000	51000	531144	0	1273363	0
1789819501.777356	31109148753	10984544694	143443358	32131000	23280000	7920000	72000	1457922	0	5021501	0
1789819502.283635	31117195242	10991106811	143444640	32131000	23280000	7920000	72000	1358921	0	5100000	0
1789819502.788504	31125441558	10997692304	143446227	32131000	23280000	7920000	91000	1374061	0	5059621	0
1789819503.294578	31133857308	11004285305	143446715	32131000	23280000	7920000	91000	1146662	0	5080505	0
1789819503.797923	31141877185	11010912974	143446776	31916000	23300000	7900000	89000	1110524	0	5042763	0
1789819504.303359	31151248438	11018202506	143446776	31916000	23300000	7900000	89000	1437304	0	5085819	0
1789819504.807301	31159411381	11024733678	143447630	31916000	23300000	7900000	92000	975683	0	5005467	0
1789819505.313449	31166327928	11030225302	143448546	31916000	23300000	7900000	92000	581101	0	1491288	0
1789819505.818803	31167417464	11030309530	143448668	31916000	23300000	7900000	53000	753954	0	1427066	0
1789819506.328690	31168545513	11030417074	143448668	31916000	23300000	7900000	53000	631056	0	1352822	0
1789819506.833805	31169624124	11030505270	143448668	31814000	23330000	7918000	52000	936362	0	1500015	0
1789819507.344464	31170761267	11030623739	143448668	31814000	23330000	7918000	52000	642248	0	1442572	0
1789819507.850353	31172665803	11031445575	143448668	31814000	23330000	7918000	54000	656994	0	1441804	0
1789819508.360125	31173795622	11031558368	143448668	31814000	23330000	7918000	54000	577912	0	1237571	0
1789819508.866352	31174798854	11031572833	143448668	31979000	23350000	7898000	52000	526444	0	957568	0
1789819509.377903	31175888573	11031650530	143448668	31979000	23350000	7898000	52000	564494	0	1118387	0
1789819509.884189	31176971334	11031684832	143448668	31979000	23350000	7898000	52000	546135	0	1028421	0
1789819510.392984	31179847486	11033402052	143450926	31979000	23350000	7898000	52000	2014975	0	5094871	0
1789819510.896844	31187553338	11039388487	143450926	32282000	23370000	7922000	79000	1359865	0	5085346	0
1789819511.402589	31196395600	11045912457	143451720	32282000	23370000	7922000	79000	1113518	0	5046256	0
1789819511.905783	31204906992	11052128017	143453185	32282000	23370000	7922000	79000	1407582	0	4894007	0
1789819512.411568	31213964525	11058827219	143454100	32282000	23370000	7922000	79000	1129009	0	5049950	0
1789819512.914562	31217281167	11060712163	143454100	32009000	23380000	7886000	53000	700965	0	1815713	0
1789819513.423065	31218419592	11060828434	143454100	32009000	23380000	7886000	53000	491126	0	956392	0
1789819513.928521	31219511020	11060919743	143454100	32009000	23380000	7886000	52000	572530	0	1234482	0
1789819514.438612	31221474272	11061713503	143454100	32009000	23380000	7886000	52000	552923	0	1072175	0
1789819514.944762	31222625941	11061805727	143454100	32250000	23410000	7922000	52000	631127	0	1351688	0
1789819515.456540	31223795005	11061930604	143454100	32250000	23410000	7922000	52000	460135	0	881085	0
1789819515.961497	31224903645	11062002870	143454100	32250000	23410000	7922000	52000	493696	0	963102	0
1789819516.471790	31225965410	11062052857	143454100	32250000	23410000	7922000	52000	542594	0	1275789	0
1789819516.977704	31226958816	11062062745	143454100	32250000	23410000	7922000	52000	680096	0	961415	0
1789819517.489048	31228091564	11062176819	143454100	32250000	23410000	7922000	52000	558035	0	1099367	0
1789819517.995222	31234658503	11067173999	143454832	32448000	23430000	7924000	81000	1481663	0	5091705	0
1789819518.499988	31242979527	11074015534	143455138	32448000	23430000	7924000	81000	980225	0	5041526	0
1789819519.003501	31250735793	11080502517	143455626	32448000	23430000	7924000	86000	2595052	0	4968714	0
1789819519.509142	31258497370	11087027403	143455809	32448000	23430000	7924000	86000	1220509	0	5040397	0
1789819520.013723	31266236791	11093517926	143455931	32348000	23450000	7911000	86000	2092503	0	5050163	0
1789819520.521953	31269055082	11095068581	143455931	32348000	23450000	7911000	86000	639792	0	1439879	0
1789819521.028019	31270161769	11095167946	143456175	32348000	23450000	7911000	52000	835981	0	1435678	0
1789819521.537283	31271309410	11095272865	143456175	32348000	23450000	7911000	52000	695472	0	1442677	0
1789819522.043487	31272377401	11095330116	143456175	32373000	23470000	7923000	52000	629978	0	1384699	0
1789819522.553469	31273409014	11095351966	143456175	32373000	23470000	7923000	52000	560103	0	1227263	0
1789819523.058634	31274432510	11095380531	143456175	32373000	23470000	7923000	52000	550168	0	1262596	0
1789819523.569593	31275513684	11095446693	143456175	32373000	23470000	7923000	52000	426880	0	615045	0
1789819524.074977	31277080697	11095909582	143456236	32559000	23480000	7924000	68000	3495378	0	4713739	0
1789819524.580416	31278606938	11096353795	143456236	32559000	23480000	7924000	68000	786210	0	1284455	0
1789819525.086473	31279711793	11096443455	143456236	32559000	23480000	7924000	52000	536922	0	1244327	0
1789819525.596776	31288041850	11102730915	143457640	32559000	23480000	7924000	52000	1418369	0	5082648	0
1789819526.101653	31297509538	11110145080	143458922	32359000	23510000	7881000	90000	1392125	0	4931482	0
1789819526.607656	31306922356	11117500836	143459593	32359000	23510000	7881000	90000	1027819	0	5046721	0
1789819527.111517	31316289153	11124808190	143459593	32359000	23510000	7881000	90000	1111096	0	5049284	0
1789819527.616537	31325596686	11132078252	143459654	32359000	23510000	7881000	90000	1371255	0	5073932	0
1789819528.120027	31334896222	11139317796	143460204	32359000	23510000	7881000	89000	979983	0	5039870	0
1789819528.626108	31338416965	11141502849	143460204	32359000	23510000	7881000	89000	602630	0	1499925	0
1789819529.131597	31339472688	11141548320	143460204	31835000	23530000	7886000	53000	1041794	0	1583623	0
1789819529.641064	31340521269	11141590129	143460204	31835000	23530000	7886000	53000	688310	0	1296905	0
1789819530.146397	31341532314	11141602397	143460204	31835000	23530000	7886000	52000	734369	0	1300000	0
1789819530.655478	31342590294	11141612163	143460204	31835000	23530000	7886000	52000	819838	0	1318283	0
1789819531.161068	31343562582	11141627178	143460204	32084000	23550000	7924000	52000	621950	0	1460082	0
1789819531.670056	31344570270	11141635539	143460204	32084000	23550000	7924000	52000	518165	0	1182738	0
1789819532.175740	31345583085	11141648418	143460204	32084000	23550000	7924000	52000	612605	0	1170914	0
1789819532.686675	31346561354	11141657878	143460204	32084000	23550000	7924000	52000	633099	0	1118415	0
1789819533.193695	31347521800	11141670512	143460204	32298000	23570000	7924000	52000	536851	0	1315782	0
1789819533.702933	31360457558	11151361161	143460936	32298000	23570000	7924000	52000	3890674	0	4126249	0
1789819534.207632	31375725036	11163148851	143461424	32298000	23570000	7924000	75000	3916512	200	4200000	0
1789819534.714928	31391147787	11174962053	143461913	32298000	23570000	7924000	75000	4025101	2050	4463700	0
1789819535.218939	31405937789	11186198780	143462279	29964000	23580000	7836000	75000	3934323	2500	4200042	0
1789819535.729903	31421208013	11197758198	143462462	29964000	23580000	7836000	75000	3932112	2550	4200042	0
1789819536.234744	31437244715	11210008716	143462462	29964000	23580000	7836000	63000	585779	2450	1552038	0
1789819536.743136	31438586509	11210210315	143463255	29964000	23580000	7836000	63000	782595	2300	1441065	0
1789819537.249216	31439727131	11210316638	143463683	29036000	23600000	7914000	54000	645765	2200	1370474	0
1789819537.758983	31440854936	11210417956	143463683	29036000	23600000	7914000	54000	571621	2050	1153119	0
1789819538.265679	31441976942	11210521960	143463744	29036000	23600000	7914000	53000	611711	2000	1400017	0
1789819538.774734	31443011546	11210543688	143463744	29036000	23600000	7914000	53000	570322	2100	1171659	0
1789819539.281755	31444041817	11210560656	143463744	29036000	23600000	7914000	52000	823204	2150	1387504	0
1789819539.791422	31445062261	11210572863	143463744	29036000	23600000	7914000	52000	533889	2100	1256788	0
1789819540.296397	31446104739	11210611254	143463744	29667000	23610000	7922000	52000	605740	2050	998827	0
1789819540.806540	31447184814	11210673937	143463744	29667000	23610000	7922000	52000	509671	2150	1100018	0
1789819541.312696	31449296015	11211564682	143464537	29667000	23610000	7922000	65000	1725910	2150	4839637	0
1789819541.820902	31462930196	11222682817	143465758	29667000	23610000	7922000	65000	3950383	2050	4200042	0
1789819542.326721	31478674907	11235488998	143467284	30179000	23630000	7919000	73000	3949773	2100	4200000	0
1789819542.832617	31493823245	11247789809	143467284	30179000	23630000	7919000	73000	2190627	2150	4485838	0
1789819543.336499	31505833163	11257340993	143468321	30179000	23630000	7919000	57000	686895	2100	1443188	0
1789819543.844501	31506965057	11257437428	143469176	30179000	23630000	7919000	57000	625488	2050	1347476	0
1789819544.349932	31508952540	11258255663	143469786	28484000	23640000	7908000	53000	732062	2100	1285767	0
1789819544.860518	31510069114	11258351427	143469786	28484000	23640000	7908000	53000	801039	2150	1203407	0
1789819545.367312	31511148152	11258416063	143469786	28484000	23640000	7908000	52000	611748	2050	1254922	0
1789819545.876311	31512235368	11258440904	143469786	28484000	23640000	7908000	52000	735587	2100	1104814	0
1789819546.382272	31513239455	11258450182	143469786	29228000	23660000	7921000	52000	636290	2150	1408634	0
1789819546.890811	31514297863	11258457994	143469786	29228000	23660000	7921000	52000	746072	2100	1110720	0
1789819547.396910	31515320931	11258476793	143470457	29228000	23660000	7921000	52000	651983	2050	1350938	0
1789819547.905402	31516328924	11258484300	143470457	29228000	23660000	7921000	52000	566662	2100	1090864	0
1789819548.412357	31521546196	11262069496	143471251	29818000	23690000	7924000	68000	3930004	2150	4199954	0
1789819548.917952	31538520701	11275284794	143471617	29818000	23690000	7924000	68000	3927754	2100	4200000	0
1789819549.422072	31543684750	11278669002	143471617	29818000	23690000	7924000	53000	796476	2100	1556403	0
1789819549.929514	31544785395	11278746211	143472777	29818000	23690000	7924000	53000	637980	2150	1416690	0
1789819550.434081	31545948355	11278879390	143473265	29818000	23690000	7924000	52000	683514	2100	1160124	0
1789819550.945187	31547099842	11278961482	143474058	29818000	23690000	7924000	52000	645508	2050	1370369	0
1789819551.450413	31548180161	11279033015	143474303	29188000	23700000	7921000	51000	659240	2100	1135981	0
1789819551.959054	31549304060	11279111140	143475157	29188000	23700000	7921000	51000	635488	2150	1270982	0
1789819552.465065	31550419169	11279185053	143475157	29188000	23700000	7921000	51000	665475	2100	1429403	0
1789819552.975686	31551501259	11279252375	143475157	29188000	23700000	7921000	51000	520852	2100	884777	0
1789819553.482821	31552595921	11279323480	143475279	29782000	23720000	7923000	51000	502531	2150	1000000	0
1789819553.992794	31553743135	11279421625	143475279	29782000	23720000	7923000	51000	584559	2100	1421198	0
1789819554.497770	31568899957	11291571923	143477171	29782000	23720000	7923000	74000	1950639	2050	4847472	0
1789819555.005915	31585590832	11304997365	143477904	29782000	23720000	7923000	74000	2139550	2100	4474070	0
1789819555.510883	31602250152	11318429520	143479430	29995000	23740000	7846000	77000	1526896	2150	4948692	0
1789819556.018898	31619574327	11332427531	143479430	29995000	23740000	7846000	77000	3811065	2050	3988895	0
1789819556.524363	31629886739	11340199423	143479735	29995000	23740000	7846000	55000	576055	2100	1426072	0
1789819557.034459	31631054522	11340309591	143480406	29995000	23740000	7846000	55000	598492	2150	1600000	0
1789819557.539489	31632182021	11340406027	143481200	27575000	23750000	7915000	52000	823415	2100	1333192	0
1789819558.049067	31633373486	11340492879	143481261	27575000	23750000	7915000	52000	719646	2050	1223747	0
1789819558.556228	31634479501	11340578084	143481261	27575000	23750000	7915000	52000	535252	2100	1482018	0
1789819559.064008	31635564154	11340647542	143481261	27575000	23750000	7915000	52000	603440	2150	1199987	0
1789819559.568825	31636647830	11340718526	143481261	28396000	23770000	7923000	51000	724506	2100	1446717	0
1789819560.078241	31637687317	11340756001	143481505	28396000	23770000	7923000	51000	672243	2100	1207237	0
1789819560.583316	31638744688	11340797932	143481505	28396000	23770000	7923000	51000	637435	2150	968672	0
1789819561.093793	31639803218	11340833882	143481505	28396000	23770000	7923000	51000	615459	2100	1270423	0
1789819561.599896	31644717817	11344359202	143481749	28396000	23770000	7923000	72000	3940721	2050	4200042	0
1789819562.110778	31660265140	11357131326	143482848	28396000	23770000	7923000	72000	1809020	2100	4824283	0
1789819562.614325	31676033899	11370019842	143484251	29070000	23790000	7919000	90000	1823532	2150	4904632	0
1789819563.122931	31691888289	11383128573	143484251	29070000	23790000	7919000	90000	1843014	2100	4894217	0
1789819563.629943	31707717900	11396244385	143484740	29070000	23790000	7919000	83000	3937000	2100	4199957	0
1789819564.140913	31722717251	11408499114	143484862	29070000	23790000	7919000	83000	664646	2150	1262487	0
1789819564.646237	31723877099	11408605132	143484862	26530000	23800000	7690000	53000	648334	2100	1406044	0
1789819565.156080	31725009115	11408703642	143484862	26530000	23800000	7690000	53000	725190	2050	1358314	0
1789819565.662003	31726110919	11408792998	143484923	26530000	23800000	7690000	52000	589797	2100	1242351	0
1789819566.171498	31727202713	11408865385	143484923	26530000	23800000	7690000	52000	627787	2100	1100090	0
1789819566.680373	31728308057	11408946195	143484923	26687000	23810000	7919000	52000	717781	2050	1309305	0
1789819567.192059	31729407419	11409023893	143484984	26687000	23810000	7919000	52000	491797	2100	1134377	0
1789819567.697231	31730494575	11409096097	143484984	26687000	23810000	7919000	52000	582143	2150	1196817	0
1789819568.206102	31731624699	11409168241	143484984	26687000	23810000	7919000	52000	590653	2100	1231082	0
1789819568.712597	31733634704	11410073207	143485045	28012000	23840000	7922000	52000	603797	2050	1317636	0
1789819569.220894	31738429430	11413525468	143486143	28012000	23840000	7922000	52000	3933854	2150	4200000	0
1789819569.725700	31756778077	11429457556	143486143	28012000	23840000	7922000	74000	3917967	2100	4200000	0
1789819570.231615	31774938126	11445129208	143486388	28012000	23840000	7922000	74000	3911805	2050	4200000	0
1789819570.735924	31792779389	11460651935	143486937	26076000	23850000	7740000	77000	3917587	2100	4200000	0
1789819571.240900	31811172774	11476557900	143487059	26076000	23850000	7740000	77000	3927564	2150	4200000	0
1789819571.744867	31828986937	11492046691	143487364	26076000	23850000	7740000	78000	3950105	2100	4200042	0
1789819572.253904	31847525953	11508047687	143487791	26076000	23850000	7740000	78000	3895941	2100	4200042	0
1789819572.756903	31865030058	11523235087	143487791	26076000	23850000	7740000	78000	3934079	2150	4200042	0
1789819573.263903	31883583599	11539467224	143487791	26076000	23850000	7740000	78000	3927493	2100	4200000	0
1789819573.767894	31901988276	11555387044	143487791	23129000	23850000	7697000	80000	3521597	2050	4200042	0
1789819574.274931	31920068369	11571048075	143487791	23129000	23850000	7697000	80000	3930266	2100	4200000	0
1789819574.779494	31938513085	11586971802	143487791	23129000	23850000	7697000	81000	3924631	2100	4200000	0
1789819575.286375	31947823669	11594613567	143487791	23129000	23850000	7697000	81000	725031	2050	1482789	0
1789819575.791333	31948879758	11594650432	143487791	20578000	23860000	7690000	57000	674299	2100	1573243	0
1789819576.302177	31949878474	11594657878	143487791	20578000	23860000	7690000	57000	425928	2150	607429	0
1789819576.807584	31950878898	11594666850	143487791	20578000	23860000	7690000	56000	899392	2100	1417550	0
1789819577.316980	31952116749	11594910502	143487791	20578000	23860000	7690000	56000	850765	2050	1429486	0
1789819577.823454	31953134691	11594924418	143487791	22077000	23870000	7913000	55000	905320	2150	1242120	0
1789819578.332067	31954155318	11594936503	143487791	22077000	23870000	7913000	55000	934043	2100	1289732	0
1789819578.838075	31955171856	11594954264	143487791	22077000	23870000	7913000	55000	555242	2050	1100000	0
1789819579.347518	31956223184	11594974894	143487791	22077000	23870000	7913000	55000	756370	2100	1292518	0
1789819579.853710	31957233985	11594982584	143487791	23581000	23900000	7916000	55000	564454	2150	1092629	0
1789819580.361354	31962517479	11598922760	143487791	23581000	23900000	7916000	55000	1711485	2100	4695458	0
1789819580.864825	31970780337	11605995496	143487791	23581000	23900000	7916000	64000	3577865	2100	3701294	0
1789819581.371820	31980487526	11614466299	143488280	23581000	23900000	7916000	64000	1319278	2150	4169570	0
1789819581.874637	31989104142	11621850497	143488829	24370000	23910000	7874000	94000	966838	2100	4936248	0
1789819582.381288	31997742792	11629239577	143488829	24370000	23910000	7874000	94000	1298463	2050	4903568	0
1789819582.883932	32006433016	11636613947	143488951	24370000	23910000	7874000	95000	1471468	2100	4965218	0
1789819583.389966	32011219137	11640241746	143489073	24370000	23910000	7874000	95000	685455	2100	1262261	0
1789819583.895334	32012324054	11640326584	143489073	24370000	23910000	7874000	55000	548096	2050	1356088	0
1789819584.404471	32014305616	11641134993	143489073	24370000	23910000	7874000	55000	561152	2100	1423514	0
1789819584.910538	32015468272	11641211714	143489073	25109000	23930000	7916000	55000	624906	2150	1430676	0
1789819585.420374	32016575813	11641290205	143489073	25109000	23930000	7916000	55000	576197	2100	1109135	0
1789819585.926083	32017683659	11641386701	143489073	25109000	23930000	7916000	54000	493709	2100	980031	0
1789819586.435719	32018799684	11641477888	143489073	25109000	23930000	7916000	54000	516703	2150	1026422	0
1789819586.942767	32019901854	11641557538	143489073	26218000	23950000	7921000	53000	546670	2100	978522	0
1789819587.451958	32021039974	11641660016	143489134	26218000	23950000	7921000	53000	540596	2050	1296017	0
1789819587.957511	32022121697	11641733685	143489134	26218000	23950000	7921000	53000	578508	2100	1200000	0
1789819588.466484	32033070583	11651351703	143489134	26218000	23950000	7921000	53000	3957310	2150	4321009	0
1789819588.971923	32051228800	11668076330	143489256	27402000	23980000	7922000	80000	3886190	2050	4200000	0
1789819589.479824	32069420770	11684792291	143489867	27402000	23980000	7922000	80000	3917620	2100	4183334	0
1789819589.985878	32075719094	11689879985	143490660	27402000	23980000	7922000	56000	806418	2150	1368638	0
1789819590.494318	32076870458	11689969402	143491392	27402000	23980000	7922000	56000	654254	2100	1179892	0
1789819591.000109	32077962802	11690048747	143492491	25722000	23980000	7917000	54000	649198	2050	1265658	0
1789819591.508713	32079076690	11690141642	143492491	25722000	23980000	7917000	54000	544755	2150	1012396	0
1789819592.015275	32080156155	11690204325	143492491	25722000	23980000	7917000	54000	692607	2100	1154358	0
1789819592.523456	32081230127	11690256205	143492491	25722000	23980000	7917000	54000	546153	2050	994753	0
1789819593.029411	32082237815	11690269145	143492491	26768000	24000000	7922000	53000	508337	2100	1140429	0
1789819593.539739	32083263203	11690282633	143492491	26768000	24000000	7922000	53000	536696	2150	991370	0
1789819594.045989	32084341020	11690340739	143492491	26768000	24000000	7922000	54000	2844997	2050	4948662	0
1789819594.552459	32086223278	11691068642	143492491	26768000	24000000	7922000	54000	473181	2100	986185	0
1789819595.058322	32097395857	11700028153	143492918	26768000	24000000	7922000	73000	3945343	2150	5019631	0
1789819595.566889	32113962526	11713416546	143492918	26768000	24000000	7922000	73000	1451815	2100	5011962	0
1789819596.070589	32130747701	11726820565	143493040	27655000	24020000	7922000	90000	1462962	2050	5083117	0
1789819596.577819	32132015947	11727036262	143493529	27655000	24020000	7922000	90000	1090270	2150	1824453	0
1789819597.083069	32133091628	11727077888	143493529	27655000	24020000	7922000	54000	1098410	2100	1431052	0
1789819597.592978	32134210033	11727168098	143493529	27655000	24020000	7922000	54000	544833	2050	990361	0
1789819598.098983	32135309701	11727245918	143493590	26235000	24030000	7919000	53000	507539	2100	858158	0
1789819598.609784	32136375250	11727298103	143494017	26235000	24030000	7919000	53000	522558	2150	1380465	0
1789819599.114998	32137399295	11727310554	143494017	26235000	24030000	7919000	52000	592901	2100	1181529	0
1789819599.624946	32138439209	11727332282	143494078	26235000	24030000	7919000	52000	642039	2100	1352216	0
1789819600.131525	32139524473	11727402961	143494078	27651000	24060000	7923000	52000	518304	2150	1173202	0
1789819600.640788	32140533808	11727413825	143494078	27651000	24060000	7923000	52000	652856	2100	1241052	0
1789819601.146075	32142103445	11727899725	143494322	27651000	24060000	7923000	76000	1397726	2050	5035210	0
1789819601.652695	32160174505	11743047208	143494566	27651000	24060000	7923000	76000	3880381	2100	4109886	0
1789819602.154928	32178733662	11758600818	143494932	27311000	24080000	7737000	75000	3893566	2100	4182200	0
1789819602.662236	32180436477	11759131517	143495665	27311000	24080000	7737000	75000	597428	2050	1239129	0
1789819603.168121	32181530957	11759195177	143495665	27311000	24080000	7737000	53000	875294	2100	1444906	0
1789819603.677089	32182638010	11759271776	143495665	27311000	24080000	7737000	53000	518176	2150	1345760	0
1789819604.183079	32184548100	11760017135	143495665	27207000	24090000	7923000	53000	707583	2100	1451534	0
1789819604.692533	32185660097	11760099776	143495848	27207000	24090000	7923000	53000	559374	2100	1154774	0
1789819605.198414	32186747435	11760169906	143495848	27207000	24090000	7923000	52000	631206	2150	1349210	0
1789819605.707958	32187855281	11760253340	143495848	27207000	24090000	7923000	52000	511175	2100	1102623	0
1789819606.213700	32188887444	11760289046	143495848	27207000	24090000	7923000	52000	532977	2050	1300000	0
1789819606.723481	32190034475	11760318465	143495848	27207000	24090000	7923000	52000	553543	2150	1328984	0
1789819607.229561	32191574571	11760783429	143496397	28043000	24110000	7924000	76000	1644380	2250	5046568	0
1789819607.735898	32203057696	11769810994	143497435	28043000	24110000	7924000	76000	3931608	2400	4200000	0
1789819608.240652	32213034416	11777250733	143498778	28043000	24110000	7924000	54000	596989	2400	1489908	0
1789819608.750507	32214076528	11777265016	143499754	28043000	24110000	7924000	54000	1116206	2300	1693310	0
1789819609.256096	32215091479	11777276490	143500365	28071000	24130000	7883000	52000	733973	2300	1100157	0
1789819609.766595	32216135360	11777294557	143500670	28071000	24130000	7883000	52000	527213	2400	1417711	0
1789819610.271057	32217207929	11777346192	143500670	28071000	24130000	7883000	51000	626541	2350	1450878	0
1789819610.781454	32218236429	11777359620	143500731	28071000	24130000	7883000	51000	597778	2300	1146452	0
1789819611.287712	32219247535	11777372132	143500975	28934000	24150000	7925000	51000	555620	2350	1036648	0
1789819611.797480	32220299412	11777400025	143500975	28934000	24150000	7925000	51000	423373	2400	586988	0
1789819612.302687	32221404390	11777420838	143500975	28934000	24150000	7925000	50000	610958	2350	985985	0
1789819612.812749	32222435393	11777435731	143500975	28934000	24150000	7925000	50000	536448	2350	1340349	0
1789819613.318000	32229553539	11783106981	143501097	29563000	24170000	7928000	81000	2536659	2400	5000000	0
1789819613.823478	32245110567	11795808730	143501524	29563000	24170000	7928000	81000	1629654	2350	5049997	0
1789819614.327902	32260691338	11808421308	143501524	29563000	24170000	7928000	71000	1478857	2300	4841751	0
1789819614.834106	32275945449	11820733960	143501829	29563000	24170000	7928000	71000	3909764	2350	4187697	0
1789819615.337913	32291993870	11833812417	143501829	27960000	24180000	7854000	70000	3931392	2350	4200000	0
1789819615.845639	32301549387	11840887656	143501890	27960000	24180000	7854000	70000	526917	2300	1415337	0
1789819616.350703	32302791267	11841030599	143501890	27960000	24180000	7854000	52000	576761	2350	1461064	0
1789819616.860088	32303921330	11841119039	143501890	27960000	24180000	7854000	52000	754551	2400	1453357	0
1789819617.365983	32305023439	11841204000	143501890	28209000	24180000	7924000	52000	549062	2350	1367151	0
1789819617.875969	32306165464	11841265828	143501951	28209000	24180000	7924000	52000	729343	2350	1283317	0
1789819618.381589	32307239253	11841320516	143501951	27377000	24190000	7924000	51000	552482	2400	1045695	0
1789819618.891430	32308258171	11841330770	143501951	27377000	24190000	7924000	51000	715647	2350	1161404	0
1789819619.396539	32309273733	11841345906	143501951	27377000	24190000	7924000	51000	526155	2300	1000012	0
1789819619.906371	32310291369	11841356587	143501951	27377000	24190000	7924000	51000	571239	2350	1148183	0
1789819620.412662	32311322312	11841374837	143501951	28573000	24220000	7926000	50000	620925	2350	1100000	0
1789819620.922907	32317968718	11846270515	143502135	28573000	24220000	7926000	50000	3950410	2300	4200000	0
1789819621.426904	32334350512	11859751499	143502135	28573000	24220000	7926000	78000	3652342	2350	3692385	0
1789819621.934101	32344145836	11867498732	143502318	28573000	24220000	7926000	78000	530891	2400	1447132	0
1789819622.440385	32345268636	11867585219	143502440	27130000	24240000	7690000	51000	718870	2350	1500000	0
1789819622.948754	32346372332	11867653944	143502440	27130000	24240000	7690000	51000	853242	2350	1301313	0
1789819623.474582	32347539626	11867716871	143502989	27130000	24240000	7690000	51000	520621	2400	977282	0
1789819623.984067	32348633678	11867785353	143502989	27130000	24240000	7690000	51000	546689	2350	1075326	0
1789819624.490435	32350574225	11868547192	143502989	28473000	24250000	7927000	50000	814112	2300	1100000	0
1789819624.999682	32351698795	11868639110	143502989	28473000	24250000	7927000	50000	836779	2350	1208906	0
1789819625.505068	32352749635	11868681774	143503050	28473000	24250000	7927000	50000	608314	2350	1157442	0
1789819626.015047	32353778563	11868697765	143503050	28473000	24250000	7927000	50000	679049	2300	1005593	0
1789819626.521600	32354799129	11868709667	143503050	29151000	24270000	7928000	49000	716125	2350	1099857	0
1789819627.029896	32359577803	11872158205	143503294	29151000	24270000	7928000	49000	1416734	2400	5012330	0
1789819627.534934	32373686410	11883125646	143503905	29151000	24270000	7928000	76000	3716073	2350	3800000	0
1789819628.041407	32380126701	11887565820	143504637	29151000	24270000	7928000	76000	653984	2350	1500000	0
1789819628.545551	32381301197	11887645898	143505369	28992000	24290000	7915000	50000	989514	2400	1200012	0
1789819629.056060	32383153793	11888362326	143506041	28992000	24290000	7915000	50000	857903	2350	1500000	0
1789819629.561271	32384238690	11888432395	143506041	28992000	24290000	7915000	50000	652556	2300	1250730	0
1789819630.072154	32385331155	11888498007	143506468	28992000	24290000	7915000	50000	797633	2350	1163166	0
1789819630.579517	32386397437	11888555624	143506773	28992000	24290000	7915000	49000	573932	2400	1108413	0
1789819631.089474	32387481601	11888612082	143506773	28992000	24290000	7915000	49000	493161	2300	993338	0
1789819631.595788	32388562226	11888668905	143506773	29765000	24320000	7929000	49000	684911	2350	1200000	0
1789819632.105706	32389609587	11888703756	143506773	29765000	24320000	7929000	49000	622689	2400	1140060	0
1789819632.611457	32390679713	11888767416	143506773	29765000	24320000	7929000	49000	601200	2350	1000015	0
1789819633.121140	32396420727	11893065928	143506773	29765000	24320000	7929000	49000	1558038	2350	4988389	0
1789819633.625776	32410005653	11905030802	143507200	30292000	24330000	7932000	71000	3943480	2350	4200042	0
1789819634.136001	32415331323	11908887726	143507200	30292000	24330000	7932000	71000	593854	2350	1421879	0
1789819634.641432	32416423666	11908969085	143507628	30292000	24330000	7932000	49000	682116	2350	1353179	0
1789819635.151549	32417492084	11909023223	143507689	30292000	24330000	7932000	49000	698697	2350	1329243	0
1789819635.657178	32418574112	11909090972	143507689	29999000	24350000	7930000	49000	498978	2350	828251	0
1789819636.166084	32419647474	11909154449	143507750	29999000	24350000	7930000	49000	501402	2350	967997	0
1789819636.672816	32420721812	11909208770	143508055	29999000	24350000	7930000	49000	606529	2300	1343910	0
1789819637.182080	32421767341	11909238860	143508055	29999000	24350000	7930000	49000	529846	2350	1283164	0
1789819637.687762	32422841191	11909291777	143508055	30482000	24370000	7930000	48000	557007	2350	878319	0
1789819638.197818	32423910036	11909350615	143508055	30482000	24370000	7930000	48000	509646	2350	1128901	0
1789819638.703649	32424919372	11909361479	143508055	30482000	24370000	7930000	48000	620569	2400	1309001	0
1789819639.215679	32437782132	11919517215	143508482	30482000	24370000	7930000	48000	2454190	2400	4704095	0
1789819639.720077	32453258044	11931893648	143508970	30310000	24390000	7776000	54000	889494	2350	1944944	0
1789819640.229483	32454365769	11931944185	143508970	30310000	24390000	7776000	54000	949356	2350	1321055	0
1789819640.734474	32455441938	11932000520	143509276	30310000	24390000	7776000	49000	851550	2350	1304878	0
1789819641.242256	32456465922	11932014070	143509520	30310000	24390000	7776000	49000	670547	2350	1319192	0
1789819641.747096	32457471046	11932028169	143510069	30310000	24390000	7776000	48000	716332	2350	1255186	0
1789819642.257652	32458485692	11932038728	143510069	30310000	24390000	7776000	48000	505462	2350	1070208	0
1789819642.763661	32459521761	11932068025	143510069	30252000	24410000	7930000	48000	553341	2350	1021994	0
1789819643.272936	32460631317	11932145295	143510130	30252000	24410000	7930000	48000	540873	2350	1221529	0
1789819643.778575	32461651639	11932163728	143510191	30252000	24410000	7930000	47000	764252	2350	1443611	0
1789819644.288427	32463499534	11932827606	143510191	30252000	24410000	7930000	47000	518805	2350	1164876	0
1789819644.793766	32464595540	11932915923	143510679	30716000	24430000	7933000	47000	704621	2350	1299984	0
1789819645.302003	32467601514	11934488551	143511839	30716000	24430000	7933000	47000	623719	2350	1445086	0
1789819645.807374	32468659494	11934539943	143511839	30716000	24430000	7933000	47000	592167	2350	1197701	0
1789819646.317135	32469664558	11934554164	143512388	30716000	24430000	7933000	47000	745574	2350	1442030	0
1789819646.824400	32470720768	11934571681	143513426	31073000	24450000	7933000	47000	580755	2350	1160718	0
1789819647.334293	32471801210	11934635279	143513914	31073000	24450000	7933000	47000	711861	2350	1190333	0
1789819647.839593	32472855528	11934680994	143514220	31073000	24450000	7933000	47000	860792	2350	1442761	0
1789819648.349055	32473911678	11934735072	143514952	31073000	24450000	7933000	47000	573645	2350	1021632	0
1789819648.855895	32474956170	11934776942	143514952	31422000	24470000	7933000	46000	541053	2350	867990	0
1789819649.365698	32476018667	11934828272	143514952	31422000	24470000	7933000	46000	490887	2350	852535	0
1789819649.872533	32477077075	11934881128	143514952	31422000	24470000	7933000	46000	486347	2350	883251	0
1789819650.382738	32482669224	11938581436	143520689	31422000	24470000	7933000	46000	3536843	2350	4400409	0
1789819650.885833	32489531328	11943513858	143521605	31692000	24490000	7925000	57000	1096526	2350	3888906	0
1789819651.394654	32490744887	11943679262	143522459	31692000	24490000	7925000	57000	611916	2350	1202256	0
1789819651.900157	32491826610	11943762087	143523070	31692000	24490000	7925000	47000	600169	2350	1485797	0
1789819652.411079	32492955514	11943852785	143523070	31692000	24490000	7925000	47000	676556	2350	1382118	0
1789819652.916819	32493980535	11943877321	143523192	31692000	24490000	7925000	46000	2013770	2350	3720512	0
1789819653.425893	32496605590	11945190794	143527281	31692000	24490000	7925000	46000	995804	2350	4042752	0
1789819653.930189	32497856075	11945440916	143528319	31942000	24510000	7936000	46000	2215514	2350	5036533	0
1789819654.437677	32500197561	11946575800	143529600	31942000	24510000	7936000	46000	543681	2350	1548238	0
1789819654.943012	32501457323	11946833246	143530455	31942000	24510000	7936000	46000	1190779	2350	4674806	0
1789819655.452791	32502741743	11947109246	143530455	31942000	24510000	7936000	46000	2177313	2350	4058192	0
1789819655.957285	32504013286	11947378472	143530455	32148000	24530000	7936000	46000	1739736	2350	4456858	0
1789819656.465346	32505236793	11947632927	143530455	32148000	24530000	7936000	46000	1394604	2350	4664374	0
1789819656.970844	32506582798	11947984610	143530455	32148000	24530000	7936000	46000	1162867	2350	4545845	0
1789819657.478544	32510595849	11950613998	143530943	32148000	24530000	7936000	46000	1666836	2350	3114527	0
1789819657.983741	32511874288	11950911055	143531431	32363000	24550000	7936000	46000	925524	2350	4604138	0
1789819658.491976	32513154375	11951218489	143531859	32363000	24550000	7936000	46000	2512603	2350	4914310	0
1789819658.997720	32514402724	11951480329	143531859	32363000	24550000	7936000	46000	1412548	2350	4885175	0
1789819659.506654	32515697582	11951793988	143532591	32363000	24550000	7936000	46000	720719	2350	2964155	0
1789819660.011988	32516960152	11952082561	143532957	32502000	24570000	7937000	46000	1744430	2350	4885120	0
1789819660.519991	32518170537	11952336284	143532957	32502000	24570000	7937000	46000	2107270	2350	4953645	0
1789819661.024972	32519414674	11952612223	143533751	32502000	24570000	7937000	45000	2213875	2350	4869442	0
1789819661.531766	32521192380	11953358803	143533751	32502000	24570000	7937000	45000	1603137	2350	3953778	0
1789819662.036545	32522415277	11953610756	143533751	32740000	24600000	7937000	45000	1444145	2350	4672617	0
1789819662.543784	32523612845	11953837501	143533751	32740000	24600000	7937000	45000	1087307	2350	4621658	0
1789819663.048678	32524815662	11954079016	143533812	32740000	24600000	7937000	45000	1058009	2350	4965586	0
1789819663.555538	32526124679	11954407751	143533812	32740000	24600000	7937000	45000	935796	2350	4685424	0
1789819664.059942	32528047404	11955233920	143533812	32740000	24600000	7937000	49000	2751574	2350	4761893	0
1789819664.567957	32529446326	11955568392	143533934	32740000	24600000	7937000	49000	1113615	2350	3754560	0
1789819665.072784	32530636264	11955803377	143533995	32883000	24620000	7939000	45000	1326938	2350	4894130	0
1789819665.580488	32531810883	11956021516	143533995	32883000	24620000	7939000	45000	1708829	2350	4663188	0
1789819666.085206	32532980313	11956236603	143533995	32883000	24620000	7939000	45000	2143738	2350	4763140	0
1789819666.591955	32534170679	11956469086	143533995	32883000	24620000	7939000	45000	1925730	2350	4782863	0
1789819667.097601	32535366904	11956712249	143534056	32990000	24640000	7938000	45000	1260387	2350	4688632	0
1789819667.606034	32536620258	11956998076	143534056	32990000	24640000	7938000	45000	1002809	2350	4717472	0
1789819668.110754	32537857376	11957258818	143534117	32990000	24640000	7938000	44000	1317835	2350	4942538	0
1789819668.618654	32539121594	11957503995	143534117	32990000	24640000	7938000	44000	989801	2350	4640307	0
1789819669.125384	32540307626	11957722989	143534117	33093000	24660000	7938000	44000	1605170	2350	4573691	0
1789819669.632315	32541433478	11957896267	143534117	33093000	24660000	7938000	44000	915299	2350	4521968	0
1789819670.136974	32542789920	11958253261	143534117	33093000	24660000	7938000	44000	1560210	2350	4639937	0
1789819670.644852	32543976379	11958477137	143534117	33093000	24660000	7938000	44000	1338555	2350	4705427	0
1789819671.148810	32545107480	11958664026	143534117	33192000	24670000	7939000	44000	1333427	2350	4761567	0
1789819671.657474	32546255121	11958840601	143534117	33192000	24670000	7939000	44000	954972	2350	4838568	0
1789819672.162263	32547497427	11959107812	143534117	33192000	24670000	7939000	43000	2011493	2350	4790167	0
1789819672.670754	32548571948	11959234154	143534117	33192000	24670000	7939000	43000	1145107	2350	4811042	0
1789819673.174644	32549681626	11959387901	143534117	33307000	24700000	7938000	44000	1259849	2350	4493562	0
1789819673.684483	32550791974	11959544151	143534117	33307000	24700000	7938000	44000	929237	2350	4542380	0
1789819674.189266	32552790871	11960419698	143534117	33307000	24700000	7938000	44000	1207178	2350	4779364	0
1789819674.698146	32554122105	11960745991	143534117	33307000	24700000	7938000	44000	1543093	2350	4284100	0
1789819675.203564	32555344087	11960989460	143534117	33307000	24700000	7938000	43000	1347110	2350	4900413	0
1789819675.710378	32556717863	11961334918	143534117	33307000	24700000	7938000	43000	2355873	2350	4749392	0
1789819676.215187	32557919214	11961559832	143534117	33376000	24720000	7941000	43000	1787417	2350	4849555	0
1789819676.722906	32560181416	11962718765	143534117	33376000	24720000	7941000	43000	1144496	2350	4413702	0
1789819677.228639	32561435014	11962997694	143534117	33376000	24720000	7941000	43000	1677202	2350	4888545	0
1789819677.735453	32562581251	11963198927	143534117	33376000	24720000	7941000	43000	2175030	2350	3701317	0
1789819678.240970	32563963572	11963604932	143534117	33411000	24740000	7940000	43000	1725246	2350	4635059	0
1789819678.747978	32566176762	11964797922	143534117	33411000	24740000	7940000	43000	2028082	2350	4945541	0
1789819679.251831	32568632322	11966164556	143534117	33411000	24740000	7940000	44000	1348807	2350	4900377	0
1789819679.758628	32570730339	11967200320	143539549	33411000	24740000	7940000	44000	1097711	2350	3627870	0
1789819680.262686	32573432236	11968779479	143542601	33417000	24760000	7930000	45000	1509720	2350	4347770	0
1789819680.770520	32575632548	11969964779	143542723	33417000	24760000	7930000	45000	2213939	2350	4551571	0
1789819681.274703	32580519193	11973043628	143565977	33417000	24760000	7930000	48000	2926704	2350	4635192	0
1789819681.780495	32586927990	11977699744	143601622	33417000	24760000	7930000	48000	3199813	2350	4548145	400
1789819682.283958	32591744750	11981245267	143615355	33343000	24780000	7939000	52000	2549939	2350	4446856	0
1789819682.791280	32596417346	11984707295	143622496	33343000	24780000	7939000	52000	2423225	2350	4658612	0
1789819683.295955	32604019194	11990605839	143632383	33343000	24780000	7939000	68000	2970274	2350	4362548	0
1789819683.801882	32612510994	11997306811	143642271	33343000	24780000	7939000	68000	2975658	2350	4731589	0
1789819684.304863	32621361374	12004025666	143656431	33000000	24810000	7910000	63000	2501323	2350	4369950	0
1789819684.810918	32628215177	12009355974	143664610	33000000	24810000	7910000	63000	2807276	2350	4352106	0
1789819685.314598	32636270760	12015779908	143667356	33000000	24810000	7910000	67000	2936163	2350	4784884	0
1789819685.819926	32644403551	12022129928	143668211	33000000	24810000	7910000	67000	2142168	2350	4437057	400
1789819686.324212	32651817961	12027893097	143671018	33000000	24810000	7910000	61000	2444766	2350	4613662	0
1789819686.830399	32659549631	12033905106	143687559	33000000	24810000	7910000	61000	1528763	2350	4929439	0
1789819687.333937	32668432237	12040682371	143708494	32770000	24820000	7927000	68000	3661573	2350	4455728	400
1789819687.840716	32676756679	12047115948	143720091	32770000	24820000	7927000	68000	1797416	2350	4862077	0
1789819688.343940	32683804512	12052608061	143720091	32770000	24820000	7927000	74000	1534448	2350	4078083	0
1789819688.850492	32692804917	12059848521	143720091	32770000	24820000	7927000	74000	2249178	2350	4772847	0
1789819689.354907	32701339380	12066517266	143720091	32476000	24840000	7927000	69000	3300110	2350	4388939	0
1789819689.859927	32709028569	12072509682	143723325	32476000	24840000	7927000	69000	1455050	2350	4528127	0
1789819690.363073	32717257735	12078996970	143743406	32476000	24840000	7927000	71000	3461824	2350	4301539	400
1789819690.868930	32726213828	12085886662	143763059	32476000	24840000	7927000	71000	3563071	2350	4373867	550
1789819691.373636	32734661438	12092352100	143804197	32071000	24860000	7911000	66000	2299263	2350	4400479	0
1789819691.878986	32739358997	12095598002	143866086	32071000	24860000	7911000	66000	3342459	2350	4583101	550
1789819692.382455	32742178020	12097079138	144012875	32071000	24860000	7911000	50000	1824363	2350	4645555	0
1789819692.888938	32745150547	12098702974	144118039	32071000	24860000	7911000	50000	1788411	2350	4254575	0
1789819693.392753	32748408351	12100622403	144173642	32097000	24880000	7939000	49000	2735522	2350	4878423	0
1789819693.898798	32751595232	12102435265	144187436	32097000	24880000	7939000	49000	1632746	2350	4740639	0
1789819694.402825	32754993234	12104535357	144199459	32097000	24880000	7939000	48000	3427726	2350	4497587	400
1789819694.908474	32757542910	12105800857	144231808	32097000	24880000	7939000	48000	721645	2350	2973198	0
1789819695.412317	32760162105	12107307384	144234188	32308000	24900000	7942000	49000	2027029	2350	5043132	0
1789819695.916945	32763341235	12109223272	144242794	32308000	24900000	7942000	49000	1837264	2350	4977941	0
1789819696.421040	32766038066	12110849367	144242794	32308000	24900000	7942000	49000	1443056	2350	4459767	0
1789819696.927860	32771625332	12114981375	144244259	32308000	24900000	7942000	49000	1425231	2350	4976349	0
1789819697.432508	32779822882	12121143591	144254879	32308000	24900000	7942000	79000	1442213	2350	5067609	0
1789819697.938913	32787850144	12127153158	144260983	32308000	24900000	7942000	79000	1611496	2350	4880609	0
1789819698.441935	32795735683	12133014044	144269711	32389000	24920000	7927000	75000	2435927	2350	5100050	0
1789819698.948692	32803779913	12139066213	144276058	32389000	24920000	7927000	75000	1466816	2350	5090270	0
1789819699.451981	32811677415	12144954077	144278561	32389000	24920000	7927000	72000	2261619	2350	4733340	0
1789819699.956612	32819683742	12150891440	144287045	32389000	24920000	7927000	72000	1921642	2350	4860159	0
1789819700.461577	32827679999	12156902227	144293392	32203000	24940000	7930000	80000	987500	2350	5100000	0
1789819700.967770	32835619920	12162845388	144296383	32203000	24940000	7930000	80000	1356669	2350	4950184	0
1789819701.471027	32843720729	12168804602	144304073	32203000	24940000	7930000	77000	2872078	2350	4988358	0
1789819701.975732	32851424078	12174591391	144304257	32203000	24940000	7930000	77000	1238072	2350	5089739	0
1789819702.478722	32859491196	12180606512	144306881	32044000	24960000	7928000	76000	2086205	2350	4718690	0
1789819702.985399	32867379909	12186462271	144309689	32044000	24960000	7928000	76000	1002511	2350	5000000	0
1789819703.488896	32875397284	12192462744	144315426	32044000	24960000	7928000	81000	1252894	2350	4740588	0
1789819703.994852	32883449875	12198512656	144321774	32044000	24960000	7928000	81000	2605717	2350	4712038	0
1789819704.497351	32891774805	12204703252	144322811	31782000	24980000	7920000	78000	1832708	2350	5043751	0
1789819705.003491	32897727060	12208903986	144331173	31782000	24980000	7920000	78000	1904258	2350	4231495	0
1789819705.506450	32899833195	12209818840	144336666	31782000	24980000	7920000	51000	2170693	2350	4921655	0
1789819706.011317	32902170347	12211039845	144337460	31782000	24980000	7920000	51000	2012052	2350	4706434	0
1789819706.515873	32904974661	12212714890	144339779	31782000	24980000	7920000	50000	1511579	2350	4585904	0
1789819707.022809	32908145125	12214594340	144346798	31782000	24980000	7920000	50000	1104442	2350	3134966	0
1789819707.526956	32910801734	12216054969	144354977	32006000	25000000	7942000	50000	2467502	2350	4667044	0
1789819708.035443	32912666964	12216771764	144356258	32006000	25000000	7942000	50000	1122035	2350	3060433	0
1789819708.539642	32914350553	12217431369	144356258	32006000	25000000	7942000	48000	997910	2350	4849137	0
1789819709.046431	32915958215	12217961886	144356258	32006000	25000000	7942000	48000	1181450	2350	4702441	0
1789819709.551975	32918830095	12219555692	144380245	32236000	25020000	7942000	49000	2775394	2350	4665610	0
1789819710.059619	32924268374	12223541827	144384579	32236000	25020000	7942000	49000	1276693	2350	4864119	0
1789819710.562566	32933195048	12230455018	144384579	32236000	25020000	7942000	83000	2334410	2350	4816223	0
1789819711.069023	32936296359	12232350887	144384579	32236000	25020000	7942000	83000	3728266	2350	4409560	0
1789819711.572290	32939340174	12234199393	144405331	32331000	25040000	7936000	50000	2005945	2350	4829427	0
1789819712.079968	32942404986	12236010057	144416256	32331000	25040000	7936000	50000	3445718	2350	4246133	0
1789819712.584880	32946364387	12238322429	144479549	32331000	25040000	7936000	50000	2952885	2350	4750746	0
1789819713.090748	32949600585	12240201331	144498958	32331000	25040000	7936000	50000	3249046	2350	4469985	450
1789819713.594131	32951746575	12241251621	144502376	32502000	25060000	7943000	49000	1654492	2350	4688177	0
1789819714.101244	32955586470	12243783047	144507625	32502000	25060000	7943000	49000	1468754	2350	4517006	0
1789819714.605878	32958796362	12245763389	144516475	32502000	25060000	7943000	49000	1425183	2350	4567393	0
1789819715.112676	32961430572	12247263202	144525325	32502000	25060000	7943000	49000	2196146	2350	4539464	0
1789819715.616912	32964281944	12248862014	144549617	32641000	25080000	7944000	63000	2268975	2350	4557376	0
1789819716.123070	32971801395	12254660949	144556880	32641000	25080000	7944000	63000	975000	2350	5000000	0
1789819716.626938	32979721663	12260715560	144558162	32641000	25080000	7944000	80000	3463830	2350	4465890	450
1789819717.132584	32987765343	12266921843	144573055	32641000	25080000	7944000	80000	1521002	2350	5050000	0
1789819717.636436	32995636539	12272996107	144573055	32641000	25080000	7944000	86000	1135373	2350	5072086	0
1789819718.141327	33003458601	12279005125	144573055	32641000	25080000	7944000	86000	1877327	2350	5075232	0
1789819718.644363	33007731295	12281824332	144573055	32424000	25100000	7922000	49000	1622275	2350	4374084	0
1789819719.152830	33009195891	12282195364	144573055	32424000	25100000	7922000	49000	1357771	2350	4788572	0
1789819719.657821	33010450649	12282447377	144573055	32424000	25100000	7922000	48000	1528257	2350	4870941	0
1789819720.165736	33011858299	12282796741	144573055	32424000	25100000	7922000	48000	2360581	2350	5058001	0
1789819720.671704	33013052449	12282986072	144573055	32490000	25120000	7944000	48000	1228595	2350	4773029	0
1789819721.179901	33014362809	12283248034	144573055	32490000	25120000	7944000	48000	2483704	2350	4446483	0
1789819721.685098	33015537733	12283433337	144573055	32490000	25120000	7944000	48000	1776389	2350	4574009	0
1789819722.195069	33016754160	12283645860	144573055	32490000	25120000	7944000	48000	959216	2350	4873674	0
1789819722.699992	33017894660	12283800706	144573055	32665000	25140000	7944000	47000	1364953	2350	4943853	0
1789819723.207514	33019158756	12284058213	144573055	32665000	25140000	7944000	47000	677841	2350	2622728	0
1789819723.712771	33025139332	12288557591	144573116	32665000	25140000	7944000	80000	1142906	2350	5049947	0
1789819724.218820	33034491725	12295971757	144573116	32665000	25140000	7944000	80000	1388528	2350	5044766	0
1789819724.722412	33043153385	12302914793	144573116	32388000	25170000	7890000	83000	1305243	2350	5049950	0
1789819725.228564	33051904766	12309909526	144573116	32388000	25170000	7890000	83000	1157808	2350	5049998	0
1789819725.731785	33060427572	12316709802	144573116	32388000	25170000	7890000	87000	1556408	2350	4937388	0
1789819726.236576	33068493530	12323132454	144573116	32388000	25170000	7890000	87000	1184966	2350	3200912	0
1789819726.741571	33069615231	12323265754	144573116	32236000	25180000	7938000	49000	915933	2350	4527576	0
1789819727.249959	33071442009	12323984807	144573116	32236000	25180000	7938000	49000	1238896	2350	3738830	0
1789819727.753943	33074084702	12325367616	144591731	32236000	25180000	7938000	50000	2418667	2350	4684159	400
1789819728.260748	33076987832	12327011228	144629268	32236000	25180000	7938000	50000	2555531	2350	4319854	0
1789819728.764499	33079946931	12328779412	144649043	32236000	25180000	7938000	51000	2197626	2350	4826783	0
1789819729.271986	33082991967	12330481556	144675899	32236000	25180000	7938000	51000	2646326	2350	4718111	0
1789819729.775514	33085268878	12331656175	144675899	32467000	25200000	7946000	49000	2427268	2350	4864063	0
1789819730.282745	33087742321	12333011762	144679744	32467000	25200000	7946000	49000	964000	2350	4893317	0
1789819730.786906	33090194707	12334388956	144679805	32467000	25200000	7946000	50000	2066191	2350	4477874	0
1789819731.294557	33093433652	12336431309	144687984	32467000	25200000	7946000	50000	2801623	2350	4668241	0
1789819731.798718	33101215309	12343047076	144693111	32638000	25220000	7945000	81000	1811350	2350	5072321	0
1789819732.303993	33109222430	12349837830	144704951	32638000	25220000	7945000	81000	1549743	2350	5054792	0
1789819732.807895	33117053647	12356501692	144705073	32638000	25220000	7945000	83000	1396375	2350	5070420	0
1789819733.313961	33124916298	12363178066	144705195	32638000	25220000	7945000	83000	2766796	2350	5075610	0
1789819733.818953	33132303852	12369345104	144705195	32492000	25240000	7925000	53000	1195960	2350	4638636	0
1789819734.327797	33134471938	12370312936	144705318	32492000	25240000	7925000	53000	1628761	2350	4892017	0
1789819734.832321	33135722118	12370560311	144705318	32492000	25240000	7925000	48000	1255991	2350	4907676	0
1789819735.341013	33137135566	12370904060	144706294	32492000	25240000	7925000	48000	1615929	2350	4695710	0
1789819735.846012	33138492679	12371230963	144706355	32566000	25270000	7945000	47000	1256676	2350	4688056	0
1789819736.353980	33139848816	12371528265	144706355	32566000	25270000	7945000	47000	1160413	2350	4479118	0
1789819736.859559	33141133847	12371777410	144706355	32566000	25270000	7945000	47000	2380385	2350	4998813	0
1789819737.366719	33142421746	12372044438	144706355	32566000	25270000	7945000	47000	534702	2350	1477619	0
1789819737.872019	33143546438	12372185246	144706355	32733000	25280000	7947000	47000	1463038	2350	4812037	0
1789819738.380887	33144852160	12372471805	144706416	32733000	25280000	7947000	47000	1616270	2350	4778434	0
1789819738.885995	33147324566	12373880554	144707576	32733000	25280000	7947000	81000	1326552	2350	5008280	0
1789819739.391836	33156184284	12381571391	144708613	32733000	25280000	7947000	81000	1491236	2350	5000000	0
1789819739.896759	33164758542	12388976951	144709529	32733000	25280000	7947000	79000	1931680	2350	5000050	0
1789819740.403206	33173804173	12396844728	144710872	32733000	25280000	7947000	79000	1355092	2350	5049111	0
1789819740.906286	33183192638	12405042950	144711360	32566000	25300000	7914000	79000	1674253	2350	4978812	0
1789819741.414847	33191986256	12412638206	144711360	32566000	25300000	7914000	79000	1996443	2350	5000000	0
1789819741.919675	33200616056	12420090152	144712153	32566000	25300000	7914000	78000	1789644	2350	5000000	0
1789819742.428590	33208813361	12427129502	144713313	32566000	25300000	7914000	78000	1714044	2350	4352525	0
1789819742.933540	33210023441	12427341843	144713313	32023000	25320000	7905000	49000	1052960	2350	4496788	0
1789819743.440945	33211293885	12427604476	144713313	32023000	25320000	7905000	49000	1077550	2350	4528275	0
1789819743.946058	33212530881	12427789107	144713313	32023000	25320000	7905000	48000	1133018	2350	4946130	0
1789819744.453904	33214913626	12428982402	144713313	32023000	25320000	7905000	48000	1325756	2350	3228995	0
1789819744.959783	33216391345	12429425455	144713679	32205000	25340000	7946000	49000	1761607	2350	4845493	0
1789819745.466687	33217755904	12429772806	144713679	32205000	25340000	7946000	49000	421160	2350	569281	0
1789819745.973508	33219184306	12430081154	144713679	32205000	25340000	7946000	48000	1788539	2350	4936923	0
1789819746.481041	33220485939	12430352699	144713679	32205000	25340000	7946000	48000	1225108	2350	4869376	0
1789819746.986723	33221683445	12430545448	144713679	32415000	25360000	7947000	47000	2149423	2350	4878744	0
1789819747.493702	33224598050	12432363131	144714778	32415000	25360000	7947000	47000	1282552	2350	4979851	0
1789819747.997807	33231903573	12438534868	144715938	32415000	25360000	7947000	82000	1072940	2350	5000000	0
1789819748.506020	33239185537	12444703920	144715938	32415000	25360000	7947000	82000	1486852	2350	4973737	0
1789819749.009997	33247360931	12451623824	144716853	32486000	25380000	7939000	80000	1800173	2350	4965620	0
1789819749.518013	33254658153	12457811369	144717097	32486000	25380000	7939000	80000	1790062	2350	4982623	0
1789819750.022727	33261984185	12464025465	144717158	32486000	25380000	7939000	85000	1844853	2350	5000000	0
1789819750.529758	33269380101	12470307980	144717708	32486000	25380000	7939000	85000	1450078	2350	4997721	0
1789819751.034644	33276738602	12476441998	144717769	32486000	25380000	7939000	84000	1465287	2350	4978151	0
1789819751.542130	33284173947	12482753261	144717769	32486000	25380000	7939000	84000	1488211	2350	4964281	0
1789819752.046367	33291365762	12488828746	144717830	32390000	25400000	7937000	82000	1720618	2350	4959581	0
1789819752.553933	33298654440	12495024042	144717891	32390000	25400000	7937000	82000	1759693	2350	4908476	0
1789819753.058763	33306155397	12501334451	144717891	32390000	25400000	7937000	87000	2187956	2350	4951851	0
1789819753.566679	33313673566	12507672570	144717952	32390000	25400000	7937000	87000	1523551	2350	4983421	0
1789819754.070950	33321400719	12514156867	144718013	32338000	25420000	7932000	81000	1886450	2350	4981583	0
1789819754.576040	33329024174	12520626333	144718013	32338000	25420000	7932000	81000	1819910	2350	5000000	0
1789819755.079797	33332318233	12522838730	144718013	32338000	25420000	7932000	50000	1083064	2350	4657752	0
1789819755.587023	33333640861	12523149154	144718013	32338000	25420000	7932000	50000	1771005	2350	4723341	0
1789819756.092641	33334968068	12523454817	144718013	32376000	25440000	7947000	49000	1515121	2350	4685442	0
1789819756.601872	33336312302	12523738080	144718013	32376000	25440000	7947000	49000	890896	2350	2947576	0
1789819757.106703	33337605207	12523993634	144718074	32376000	25440000	7947000	48000	2093642	2350	4893279	0
1789819757.614251	33339250283	12524537761	144720332	32376000	25440000	7947000	48000	1121189	2350	4583090	0
1789819758.120076	33340466283	12524749125	144720332	32570000	25460000	7948000	48000	1207093	2350	4635039	0
1789819758.627022	33341718172	12524997110	144721004	32570000	25460000	7948000	48000	1525231	2350	4846090	0
1789819759.132024	33342932769	12525215738	144721004	32570000	25460000	7948000	48000	1457970	2350	4707600	0
1789819759.641822	33344121548	12525401955	144721004	32570000	25460000	7948000	48000	736773	2350	2982358	0
1789819760.146568	33351606636	12531293481	144721858	32746000	25480000	7950000	86000	1343350	2350	5049946	0
1789819760.652326	33361754254	12539669070	144721980	32746000	25480000	7950000	86000	992269	2350	5051483	0
1789819761.155782	33365049778	12541803036	144722041	32746000	25480000	7950000	49000	1262548	2350	4787538	0
1789819761.664008	33366360626	12542093014	144722041	32746000	25480000	7950000	49000	1175209	2350	4657681	0
1789819762.168889	33367658841	12542290767	144722041	32746000	25480000	7950000	48000	1006488	2350	4634451	0
1789819762.676919	33368849145	12542479060	144722041	32746000	25480000	7950000	48000	1366890	2350	3831210	0
1789819763.181272	33370075094	12542690668	144722163	32483000	25500000	7948000	47000	1227589	2350	4766117	0
1789819763.689948	33371310992	12542924066	144722163	32483000	25500000	7948000	47000	1341556	2350	4915427	0
1789819764.194902	33373459180	12543855094	144722163	32483000	25500000	7948000	48000	1744916	2350	4758424	0
1789819764.703768	33374747263	12544130423	144722163	32483000	25500000	7948000	48000	1686850	2350	4880857	0
1789819765.209746	33376052862	12544434683	144722224	32666000	25520000	7948000	47000	946772	2350	4611273	0
1789819765.719056	33377325686	12544702870	144722224	32666000	25520000	7948000	47000	1348836	2350	2893697	0
1789819766.223742	33385200605	12551124363	144722468	32666000	25520000	7948000	84000	1300354	2350	5096906	0
1789819766.729365	33394467244	12558857131	144723445	32666000	25520000	7948000	84000	981249	2350	5049997	0
1789819767.233115	33403799495	12566622309	144724544	32515000	25550000	7917000	84000	981250	2350	5050001	0
1789819767.738367	33413219027	12574459508	144724544	32515000	25550000	7917000	84000	1142391	2350	5050000	0
1789819768.242024	33422601815	12582268448	144725276	32515000	25550000	7917000	86000	1435473	2350	5046128	0
1789819768.748463	33431914353	12590029720	144725276	32515000	25550000	7917000	86000	981369	2350	5051254	0
1789819769.252427	33441287986	12597822363	144725276	31940000	25560000	7912000	85000	1092802	2350	5049949	0
1789819769.759239	33445009351	12600300201	144725764	31940000	25560000	7912000	85000	1162570	2350	2983087	0
1789819770.265096	33446313058	12600589080	144725764	31940000	25560000	7912000	48000	1599337	2350	4827449	0
1789819770.774274	33447587042	12600849882	144725825	31940000	25560000	7912000	48000	1272979	2350	4580891	0
1789819771.279014	33448890627	12601138944	144725825	32046000	25580000	7948000	48000	1411795	2350	4835199	0
1789819771.787721	33450163329	12601404813	144725825	32046000	25580000	7948000	48000	1053406	2350	4023400	0
1789819772.292389	33451389522	12601630764	144725825	32046000	25580000	7948000	47000	930886	2350	4646154	0
1789819772.801011	33452720757	12601872829	144725825	32046000	25580000	7948000	47000	1213865	2350	4484217	0
1789819773.307013	33453942311	12602096949	144725825	32046000	25580000	7948000	47000	1361371	2350	3687318	0
1789819773.816595	33455109117	12602267664	144725825	32046000	25580000	7948000	47000	864879	2350	4119036	0
1789819774.320786	33457220928	12603223289	144725825	32280000	25600000	7949000	47000	1470299	2350	4752465	0
1789819774.827430	33463234463	12607823986	144727168	32280000	25600000	7949000	47000	983350	2350	5066805	0
1789819775.331152	33470943427	12613688289	144727717	32280000	25600000	7949000	77000	1665682	2350	5068239	0
1789819775.836917	33478928881	12619697857	144727839	32280000	25600000	7949000	77000	1254429	2350	5099948	0
1789819776.341366	33486952908	12625734096	144728877	32426000	25620000	7940000	83000	1345328	2350	4981736	0
1789819776.847501	33495089972	12631838023	144729426	32426000	25620000	7940000	83000	987500	2350	5100000	0
1789819777.351076	33497598633	12633112007	144729426	32426000	25620000	7940000	49000	926872	2350	4591630	0
1789819777.859048	33498878109	12633383613	144729426	32426000	25620000	7940000	49000	1241690	2350	4795539	0
1789819778.364227	33500201592	12633651861	144729487	32336000	25650000	7949000	47000	1544231	2350	4700152	0
1789819778.872965	33501503164	12633944890	144729548	32336000	25650000	7949000	47000	927472	2350	4423258	0
1789819779.376962	33502815294	12634242253	144729548	32336000	25650000	7949000	47000	1415206	2350	4927130	0
1789819779.883739	33504059920	12634498478	144729548	32336000	25650000	7949000	47000	1475088	2350	4700912	0
1789819780.387976	33505399943	12634775455	144729548	32547000	25660000	7952000	47000	1546019	2350	4612736	0
1789819780.895460	33506738380	12635097781	144729548	32547000	25660000	7952000	47000	2004203	2350	4676013	0
1789819781.400989	33508077610	12635418214	144729548	32547000	25660000	7952000	46000	2006484	2350	4527837	0
1789819781.909706	33509334870	12635674989	144729548	32547000	25660000	7952000	46000	799504	2350	3346002	0
1789819782.414930	33516702466	12641817124	144730037	32693000	25680000	7945000	78000	1379721	2350	5036403	0
1789819782.922539	33524717948	12648047760	144730525	32693000	25680000	7945000	78000	1324593	2350	5002345	0
1789819783.425262	33533063447	12654396925	144730708	32693000	25680000	7945000	76000	1244032	2350	5050000	0
1789819783.930921	33541107615	12660642332	144730708	32693000	25680000	7945000	76000	976431	2350	5011454	0
1789819784.434186	33549566700	12667445537	144730708	32693000	25680000	7945000	77000	980644	2350	5045152	0
1789819784.940024	33557865934	12673741541	144730769	32693000	25680000	7945000	77000	977105	2350	5016846	0
1789819785.442790	33566184395	12680044321	144730952	32433000	25700000	7926000	75000	1473265	2350	5039918	0
1789819785.948614	33573839099	12686459588	144730952	32433000	25700000	7926000	75000	981249	2350	5049999	0
1789819786.453191	33582120389	12692727150	144730952	32433000	25700000	7926000	76000	1239943	2350	5003179	0
1789819786.959455	33590405097	12699025107	144730952	32433000	25700000	7926000	76000	979521	2350	5036175	0
1789819787.462322	33598298875	12705374517	144730952	32076000	25720000	7928000	81000	980105	2350	5040842	0
1789819787.968148	33606341213	12711688588	144730952	32076000	25720000	7928000	81000	979977	2350	5039821	0
1789819788.471843	33614723394	12717997104	144730952	32076000	25720000	7928000	78000	1698687	2350	5047066	0
1789819788.978751	33622823776	12724317523	144730952	32076000	25720000	7928000	78000	1823671	2350	5005180	0
1789819789.481827	33630768641	12730737733	144730952	31850000	25740000	7923000	78000	1449810	2350	5044372	0
1789819789.987608	33639101994	12737058213	144730952	31850000	25740000	7923000	78000	978833	2350	5030353	0
1789819790.491515	33647543500	12743491424	144730952	31850000	25740000	7923000	78000	981249	2350	5049997	0
1789819790.997939	33649203896	12744063444	144730952	31850000	25740000	7923000	78000	2686217	2350	4199639	0
1789819791.502036	33650833287	12744596951	144730952	31811000	25760000	7949000	49000	2115926	2350	4798219	0
1789819792.008992	33652149873	12744890407	144730952	31811000	25760000	7949000	49000	1905248	2350	4719341	0
1789819792.513092	33653506620	12745217677	144730952	31811000	25760000	7949000	49000	1512738	2350	4332046	0
1789819793.021758	33654799158	12745491907	144730952	31811000	25760000	7949000	49000	905643	2350	4444803	0
1789819793.526695	33656079733	12745769006	144730952	32082000	25780000	7951000	48000	962469	2350	4662972	0
1789819794.034584	33657660479	12746254784	144730952	32082000	25780000	7951000	48000	3196932	2350	4986702	0
1789819794.538992	33659488172	12746983053	144730952	32082000	25780000	7951000	48000	1239653	2350	4662372	0
1789819795.047315	33660763010	12747207967	144730952	32082000	25780000	7951000	48000	1465341	2350	4818836	0
1789819795.552199	33662451238	12747843769	144731502	32082000	25780000	7951000	70000	1889265	2350	5041318	0
1789819796.058560	33669960679	12753575382	144731502	32082000	25780000	7951000	70000	1485717	2350	5075135	0
1789819796.561660	33677877712	12760043811	144732783	32301000	25800000	7952000	81000	1222315	2350	5082061	0
1789819797.068019	33686287542	12766645539	144733027	32301000	25800000	7952000	81000	1346874	2350	5039752	0
1789819797.571259	33694566329	12773215103	144733638	32301000	25800000	7952000	89000	1104090	2350	5091599	0
1789819798.077762	33702706018	12779686949	144734187	32301000	25800000	7952000	89000	1572762	2350	5059351	0
1789819798.580845	33710779789	12786223004	144734370	32008000	25830000	7921000	82000	1384470	2350	5085043	0
1789819799.088715	33719136029	12792783778	144734370	32008000	25830000	7921000	82000	1096660	2350	5096858	0
1789819799.591968	33723538240	12795971880	144734492	32008000	25830000	7921000	50000	2283187	2350	4741634	0
1789819800.098933	33724817289	12796195269	144734492	32008000	25830000	7921000	50000	2004313	2350	4608504	0
1789819800.604510	33726067225	12796437577	144734553	32034000	25840000	7953000	49000	2895023	2350	5000000	0
1789819801.111709	33727343223	12796693192	144734614	32034000	25840000	7953000	49000	1988151	2350	5000000	0
1789819801.616749	33728636799	12796969375	144734614	32034000	25840000	7953000	49000	985757	2350	4081951	0
1789819802.125712	33729923233	12797234634	144734614	32034000	25840000	7953000	49000	1854946	2350	5000000	0
1789819802.630593	33731307446	12797511061	144734675	32273000	25860000	7953000	48000	1211649	2350	4757351	0
1789819803.137455	33732601266	12797804578	144734675	32273000	25860000	7953000	48000	988047	2350	4621127	0
1789819803.643056	33733845831	12798035230	144734736	32273000	25860000	7953000	48000	1225384	2350	4345080	0
1789819804.152663	33736047729	12799043467	144734736	32273000	25860000	7953000	48000	1880993	2350	4576059	0
1789819804.656717	33741076281	12802792542	144737483	32480000	25880000	7953000	76000	1429911	2350	5040305	0
1789819805.163988	33749172329	12808850693	144738765	32480000	25880000	7953000	76000	1293381	2350	5007543	0
1789819805.667038	33757468329	12814850921	144738765	32480000	25880000	7953000	75000	1013646	2350	5047308	0
1789819806.172608	33766285140	12821330092	144738948	32480000	25880000	7953000	75000	979398	2350	5035191	0
1789819806.675439	33774622399	12827345518	144739192	32480000	25880000	7953000	64000	1350877	2350	4521457	0
1789819807.182440	33775979756	12827644712	144739192	32480000	25880000	7953000	64000	1417644	2350	4637461	0
1789819807.686593	33777185502	12827847409	144739192	32181000	25900000	7911000	48000	971350	2350	4620678	0
1789819808.196051	33778536695	12828036129	144739192	32181000	25900000	7911000	48000	1410098	2350	4560793	0
1789819808.700805	33779658030	12828165890	144739192	32181000	25900000	7911000	47000	1389077	2350	4716975	0
1789819809.208709	33782005253	12829363763	144739192	32181000	25900000	7911000	47000	2233857	2350	4107691	0
1789819809.714027	33783233949	12829600578	144739192	32432000	25930000	7953000	48000	617995	2350	2143855	0
1789819810.222521	33784461180	12829811027	144739192	32432000	25930000	7953000	48000	1807338	2350	4672920	0
1789819810.727455	33785564265	12829925102	144739192	32432000	25930000	7953000	47000	1109318	2350	4614059	0
1789819811.234171	33786659050	12830098746	144739192	32432000	25930000	7953000	47000	2271173	2350	4793730	0
1789819811.739866	33788496142	12830886281	144739985	32623000	25940000	7955000	67000	1445559	2350	5066749	0
1789819812.247732	33796060759	12836762425	144739985	32623000	25940000	7955000	67000	3755160	2350	4692877	0
1789819812.753421	33804263192	12843618365	144740901	32623000	25940000	7955000	80000	1383693	2350	5036501	0
1789819813.260091	33811877613	12849969301	144741450	32623000	25940000	7955000	80000	978776	2350	5030214	0
1789819813.763935	33819289093	12856136888	144741816	32513000	25960000	7934000	80000	1660373	2350	5046792	0
1789819814.271930	33826750622	12862058564	144742305	32513000	25960000	7934000	80000	1373050	2350	4521275	0
1789819814.776742	33828027230	12862332550	144742305	32513000	25960000	7934000	48000	1526763	2350	4775516	0
1789819815.284703	33829483037	12862699676	144743037	32513000	25960000	7934000	48000	2260611	2350	4755891	0
1789819815.789878	33830750246	12862945403	144743037	32559000	25980000	7955000	47000	989742	2350	4790600	0
1789819816.298070	33831994444	12863179472	144743037	32559000	25980000	7955000	47000	448512	2350	788096	0
1789819816.802999	33833176997	12863357145	144743037	32559000	25980000	7955000	47000	2448645	2350	4215748	0
1789819817.312427	33834451591	12863622525	144743037	32559000	25980000	7955000	47000	2288595	2350	4256751	0
1789819817.816618	33835666981	12863830166	144743098	32559000	25980000	7955000	47000	1288858	2350	4706014	0
1789819818.324865	33837001878	12864077175	144743098	32559000	25980000	7955000	47000	611928	2350	1290910	0
1789819818.829659	33838154096	12864243129	144743098	32814000	26000000	7955000	46000	1232956	2350	4518937	0
1789819819.337473	33841176122	12865984458	144743770	32814000	26000000	7955000	46000	1139699	2350	5038165	0
1789819819.841273	33850426587	12873191714	144744197	32814000	26000000	7955000	82000	980475	2350	5041337	0
1789819820.347006	33859826282	12880533004	144744441	32814000	26000000	7955000	82000	1319003	2350	5040867	0
1789819820.850310	33869120142	12887800991	144745112	32550000	26030000	7918000	87000	980144	2350	5041157	0
1789819821.356464	33878533998	12895149361	144745234	32550000	26030000	7918000	87000	987500	2350	5100000	0
1789819821.859884	33887912392	12902459523	144745234	32550000	26030000	7918000	85000	1364891	2350	5085101	0
1789819822.367658	33895871722	12908521580	144745295	32550000	26030000	7918000	85000	1712269	2350	4575389	0
1789819822.872612	33897075332	12908725742	144745356	32009000	26040000	7925000	48000	1407709	2350	4924870	0
1789819823.380774	33898305309	12908940952	144745356	32009000	26040000	7925000	48000	431786	2350	654290	0
1789819823.886506	33899519540	12909120822	144745356	32009000	26040000	7925000	48000	789986	2350	3222214	0
1789819824.395046	33901631900	12910047455	144745356	32009000	26040000	7925000	48000	1539170	2350	4741445	0
1789819824.899349	33902934204	12910308319	144745356	32249000	26060000	7953000	48000	1287742	2350	4769352	0
1789819825.407017	33904203915	12910563872	144745356	32249000	26060000	7953000	48000	1426321	2350	4427617	0
1789819825.911420	33905425042	12910795195	144745356	32249000	26060000	7953000	47000	1617933	2350	3833377	0
1789819826.418814	33906653005	12911020902	144745356	32249000	26060000	7953000	47000	1221514	2350	2979381	0
1789819826.924401	33907818957	12911192533	144745356	32448000	26080000	7955000	46000	2069783	2350	4553688	0
1789819827.432895	33911503396	12913537681	144745845	32448000	26080000	7955000	46000	3914782	2350	4200000	0
1789819827.940005	33927446897	12925638541	144746394	32448000	26080000	7955000	62000	1527812	2350	4941347	0
1789819828.446843	33943783098	12938066426	144746394	32448000	26080000	7955000	62000	1760430	2350	5037002	0
1789819828.951902	33960288061	12950718310	144747493	32448000	26080000	7955000	72000	3931712	2350	4200000	0
1789819829.456930	33975629635	12962313190	144747798	32448000	26080000	7955000	72000	3918552	2350	4200042	0
1789819829.961927	33990892414	12973998524	144747920	29669000	26100000	7775000	71000	3947558	2350	4529346	0
1789819830.468394	33998597228	12979534643	144748469	29669000	26100000	7775000	71000	776635	2350	3412842	0
1789819830.974039	33999884944	12979785619	144748530	29669000	26100000	7775000	50000	911896	2350	4495790	0
1789819831.483930	34001204582	12980078587	144748530	29669000	26100000	7775000	50000	1751494	2350	4421130	0
1789819831.991621	34002465077	12980327365	144748530	29255000	26110000	7952000	49000	1175396	2350	3808170	0
1789819832.497849	34003753221	12980595919	144748591	29255000	26110000	7952000	49000	965634	2350	4438910	0
1789819833.002367	34004996565	12980839327	144748591	29255000	26110000	7952000	48000	1730017	2350	4557493	0
1789819833.512150	34006316813	12981142122	144748591	29255000	26110000	7952000	48000	1361142	2350	4808564	0
1789819834.015996	34007772742	12981543549	144748713	29855000	26130000	7953000	51000	2219436	2350	4458110	0
1789819834.523824	34010010651	12982524259	144748774	29855000	26130000	7953000	51000	437465	2350	700205	0
1789819835.028428	34011425686	12982926175	144748774	29855000	26130000	7953000	48000	1923597	2350	4822878	0
1789819835.536901	34018949288	12988684278	144750239	29855000	26130000	7953000	48000	3950408	2350	4200042	0
1789819836.040924	34034565703	13001384929	144750300	30287000	26150000	7937000	67000	3950368	2350	4200000	0
1789819836.545916	34049276847	13013283702	144751704	30287000	26150000	7937000	67000	3950406	2350	4200042	0
1789819837.052497	34064929517	13025965310	144752681	30287000	26150000	7937000	70000	3950370	2350	4200042	0
1789819837.558643	34069761108	13029287506	144752925	30287000	26150000	7937000	70000	1236083	2350	4463041	0
1789819838.062419	34071003598	13029521148	144752925	30314000	26160000	7944000	50000	1466053	2350	4098030	0
1789819838.568933	34072307855	13029778960	144754084	30314000	26160000	7944000	50000	1571931	2350	3866007	0
1789819839.074053	34073588247	13030041472	144754084	28479000	26160000	7944000	49000	1707693	2350	4565496	0
1789819839.582876	34074989122	13030387967	144754084	28479000	26160000	7944000	49000	1233869	2350	4368322	0
1789819840.086753	34076192794	13030572537	144754084	28479000	26160000	7944000	49000	958727	2350	4620278	0
1789819840.594038	34077389202	13030758633	144754084	28479000	26160000	7944000	49000	1486498	2350	4160321	0
1789819841.098422	34078567848	13030943996	144754084	29449000	26190000	7953000	49000	1459869	2350	4395120	0
1789819841.605781	34079746617	13031117885	144754084	29449000	26190000	7953000	49000	1335379	2350	4180944	0
1789819842.111757	34080811190	13031199245	144754084	29449000	26190000	7953000	48000	959888	2350	4878350	0
1789819842.619902	34094707150	13042016417	144754146	29449000	26190000	7953000	48000	3724773	2350	3799961	0
1789819843.128930	34106990017	13051263097	144754451	30022000	26200000	7955000	52000	960503	2350	4882725	0
1789819843.636107	34108514366	13051715366	144754512	30022000	26200000	7955000	52000	1633428	2350	4518070	0
1789819844.141947	34110586687	13052594209	144755122	30022000	26200000	7955000	49000	1515350	2350	4724907	0
1789819844.650084	34111934279	13052883393	144755305	30022000	26200000	7955000	49000	1184810	2350	3883165	0
1789819845.155026	34113259410	13053145905	144755305	29362000	26220000	7953000	48000	2026914	2350	4527596	0
1789819845.664213	34114559883	13053425689	144755977	29362000	26220000	7953000	48000	1612541	2350	4555563	0
1789819846.170079	34115777958	13053640349	144756099	29362000	26220000	7953000	48000	1717586	2350	4481211	0
1789819846.677014	34117008180	13053867582	144756099	29362000	26220000	7953000	48000	956768	2350	4663619	0
1789819847.182019	34118265012	13054114347	144756221	29943000	26240000	7953000	47000	1250638	2350	4870979	0
1789819847.689111	34119654596	13054483182	144756770	29943000	26240000	7953000	47000	459782	2350	878256	0
1789819848.193128	34127315404	13060356274	144758357	29943000	26240000	7953000	65000	3920853	2350	4199789	0
1789819848.698657	34142465329	13072550030	144759456	29943000	26240000	7953000	65000	3947456	2350	4200000	0
1789819849.204689	34159397964	13086134834	144759700	29434000	26250000	7818000	68000	3795366	2350	3969981	0
1789819849.710589	34176874054	13100109407	144760615	29434000	26250000	7818000	68000	3859077	2350	4100041	0
1789819850.217754	34193579456	13113462401	144761165	28355000	26250000	7818000	76000	2996674	2350	4200000	0
1789819850.723519	34199119115	13117185597	144762568	28355000	26250000	7818000	76000	400031	2350	400254	0
1789819851.228963	34200367341	13117413074	144763789	28355000	26250000	7818000	50000	2682651	2350	4542112	0
1789819851.737929	34201650236	13117668506	144763789	28355000	26250000	7818000	50000	428468	2350	627744	0
1789819852.243513	34202914210	13117923022	144763850	27655000	26270000	7947000	49000	1356809	2350	4523923	0
1789819852.751019	34204258567	13118222886	144763850	27655000	26270000	7947000	49000	916783	2350	2995441	0
1789819853.255041	34205550373	13118495713	144763850	27655000	26270000	7947000	49000	1198164	2350	4515069	0
1789819853.762800	34206742874	13118694870	144763850	27655000	26270000	7947000	49000	867052	2350	3944235	0
1789819854.268036	34208953501	13119715497	144763850	28475000	26290000	7954000	49000	971568	2350	4678767	0
1789819854.776055	34210179816	13119947491	144763850	28475000	26290000	7954000	49000	404803	2350	438514	0
1789819855.281086	34211474247	13120221539	144763850	28475000	26290000	7954000	48000	959798	2350	4639512	0
1789819855.790914	34221945472	13128697225	144763911	28475000	26290000	7954000	48000	3890480	2350	4083371	0
1789819856.294902	34237528562	13141545092	144764583	29038000	26310000	7921000	70000	3853444	2350	4070302	0
1789819856.800897	34253718950	13154958388	144765132	29038000	26310000	7921000	70000	3853238	2350	4062463	0
1789819857.304896	34269735633	13168220561	144765376	29038000	26310000	7921000	71000	3892959	2350	4099958	0
1789819857.812905	34285797665	13181526496	144765376	29038000	26310000	7921000	71000	3806150	2350	3931448	0
1789819858.316463	34293075722	13186997063	144765437	26541000	26310000	7772000	52000	938437	2350	4683753	0
1789819858.824063	34294314366	13187213066	144765498	26541000	26310000	7772000	52000	1081317	2350	3743033	0
1789819859.329774	34295770356	13187577689	144765559	26541000	26310000	7772000	50000	1563977	2350	4466150	0
1789819859.837532	34297012236	13187795951	144765559	26541000	26310000	7772000	50000	822009	2350	3776074	0
1789819860.342589	34298370814	13188131643	144765681	27152000	26310000	7951000	50000	922653	2350	4490207	0
1789819860.850991	34299666037	13188411855	144765925	27152000	26310000	7951000	50000	1567603	2350	4717112	0
1789819861.355004	34300965106	13188695790	144765925	27311000	26340000	7951000	49000	1322850	2350	4821662	0
1789819861.862646	34302372634	13188997058	144765925	27311000	26340000	7951000	49000	473506	2350	987639	0
1789819862.368423	34303647289	13189250964	144765925	27311000	26340000	7951000	49000	1511214	2350	4618578	0
1789819862.877059	34304870309	13189455614	144765986	27311000	26340000	7951000	49000	2999439	2350	4775532	0
1789819863.381833	34318312657	13201049884	144767878	28165000	26360000	7954000	70000	3909657	2350	4173939	0
1789819863.891433	34336721607	13216912819	144768245	28165000	26360000	7954000	70000	3910266	2350	4200042	0
1789819864.394909	34354292668	13232142273	144768245	28165000	26360000	7954000	73000	3910483	2350	4200000	0
1789819864.900881	34372662127	13248091267	144768245	28165000	26360000	7954000	73000	3917388	2350	4200000	0
1789819865.404904	34390107273	13263312908	144768916	25798000	26360000	7745000	76000	3881263	2350	4199957	0
1789819865.912472	34408784044	13279515198	144769709	25798000	26360000	7745000	76000	3911606	2350	4200000	0
1789819866.414906	34426895326	13295110922	144770381	25798000	26360000	7745000	75000	3911334	2350	4200000	0
1789819866.923704	34444534990	13310581769	144770381	25798000	26360000	7745000	75000	3950373	2350	4200042	0
1789819867.426716	34462821320	13326382144	144770381	22931000	26370000	7729000	76000	3895040	2350	4200042	0
1789819867.930902	34480639695	13341849450	144770381	22931000	26370000	7729000	76000	3937240	2350	4200000	0
1789819868.437709	34499134338	13357908674	144770381	22931000	26370000	7729000	78000	3908401	2350	4200042	0
1789819868.944011	34516438126	13372854132	144770381	22931000	26370000	7729000	78000	1542978	2350	5090443	0
1789819869.447537	34517924451	13373225591	144770381	20624000	26370000	7783000	56000	1014962	2350	4731227	0
1789819869.954028	34520185431	13374356935	144770381	20624000	26370000	7783000	56000	984784	2350	4864649	0
1789819870.458988	34521419376	13374570680	144770381	20624000	26370000	7783000	54000	966870	2350	4668983	0
1789819870.967638	34522732727	13374840211	144770381	20624000	26370000	7783000	54000	1002386	2350	4890005	0
1789819871.472069	34524046566	13375125610	144770381	20624000	26370000	7783000	54000	1734867	2350	4497732	0
1789819871.980825	34525591240	13375455993	144770381	20624000	26370000	7783000	54000	1184440	2350	4242914	0
1789819872.485094	34526874440	13375725096	144770381	22394000	26390000	7944000	53000	1785172	2350	4513754	0
1789819872.993984	34527975328	13375822142	144770381	22394000	26390000	7944000	53000	1322875	2350	4634133	0
1789819873.498045	34529279524	13376089658	144770381	22394000	26390000	7944000	53000	998598	2350	4850050	0
1789819874.004583	34531022745	13376729976	144770442	22394000	26390000	7944000	53000	1860971	2350	5053297	0
1789819874.508677	34540869521	13385142247	144770442	23875000	26410000	7948000	94000	1436188	2350	5007327	0
1789819875.015442	34549862296	13392845902	144771052	23875000	26410000	7948000	94000	1257532	2350	4848071	0
1789819875.518955	34558893340	13400546138	144771602	23875000	26410000	7948000	93000	1820979	2350	4591935	0
1789819876.025033	34568103277	13408467200	144771724	23875000	26410000	7948000	93000	1742856	2350	4767842	0
1789819876.529558	34578284221	13417382948	144771846	24493000	26430000	7924000	94000	1440642	2350	4859513	0
1789819877.035431	34585465965	13423384520	144772029	24493000	26430000	7924000	94000	2219321	2350	4700842	0
1789819877.541209	34586823688	13423712278	144772029	24493000	26430000	7924000	54000	1155102	2350	4734501	0
1789819878.049017	34588164566	13424021054	144772578	24493000	26430000	7924000	54000	1728971	2350	4401114	0
1789819878.552692	34589473523	13424299129	144772578	25169000	26440000	7950000	53000	1967415	2350	5041792	0
1789819879.061043	34590713693	13424509517	144772578	25169000	26440000	7950000	53000	952640	2350	4822373	0
1789819879.566021	34591929083	13424697261	144772639	25169000	26440000	7950000	52000	1373512	2350	4878397	0
1789819880.073757	34593365725	13425081598	144772700	25169000	26440000	7950000	52000	1743210	2350	5000000	0
1789819880.578291	34594680968	13425361443	144772700	26798000	26460000	7952000	52000	2093239	2350	4694360	0
1789819881.086953	34595949398	13425596306	144772700	26798000	26460000	7952000	52000	881870	2350	4256301	0
1789819881.590795	34597331718	13425963676	144772700	26798000	26460000	7952000	52000	920720	2350	4565661	0
1789819882.099930	34602963723	13430474529	144772883	26798000	26460000	7952000	52000	3942706	2350	4200042	0
1789819882.603792	34621177177	13447187926	144773372	26798000	26460000	7952000	77000	3936148	2350	4200042	0
1789819883.116057	34639925603	13464352066	144774714	26798000	26460000	7952000	77000	2975031	2350	4638300	0
1789819883.619211	34650836220	13473973502	144775142	26254000	26490000	7786000	56000	1921172	2350	4632241	0
1789819884.127997	34653028292	13474960316	144775142	26254000	26490000	7786000	56000	1001332	2350	3922813	0
1789819884.632062	34654425688	13475314135	144775264	26254000	26490000	7786000	53000	1404707	2350	4763829	0
1789819885.140261	34655771754	13475633593	144775264	26254000	26490000	7786000	53000	1062172	2350	4604957	0
1789819885.645963	34657003257	13475835252	144775264	25864000	26500000	7951000	52000	1704512	2350	4624891	0
1789819886.153378	34658275654	13476077561	144775264	25864000	26500000	7951000	52000	1658221	2350	4707063	0
1789819886.658745	34659462357	13476251694	144775264	25864000	26500000	7951000	52000	1243505	2350	4831219	0
1789819887.166676	34660582533	13476357285	144775264	25864000	26500000	7951000	52000	460099	2350	879471	0
1789819887.672455	34661683665	13476448166	144775264	26893000	26520000	7952000	51000	1205628	2350	4720241	0
1789819888.180004	34663366217	13477027083	144775264	26893000	26520000	7952000	51000	1201832	2350	3191218	0
1789819888.685921	34670509448	13482348419	144775752	26893000	26520000	7952000	72000	3941131	2350	4200000	0
1789819889.195457	34687360113	13496077998	144775752	26893000	26520000	7952000	72000	3039975	2350	3699312	0
1789819889.703901	34705079733	13510420308	144775813	27069000	26540000	7752000	75000	3566002	2350	3690820	0
1789819890.214764	34709571055	13513406079	144775874	27069000	26540000	7752000	75000	1001474	2350	3700754	0
1789819890.720056	34710903205	13513704723	144775874	27069000	26540000	7752000	52000	928623	2350	4627815	0
1789819891.228013	34712438113	13514195017	144775996	27069000	26540000	7752000	52000	1246406	2350	4708155	0
1789819891.733062	34713721862	13514465158	144776545	26906000	26550000	7951000	52000	1492154	2350	5037887	0
1789819892.239658	34715075924	13514783212	144776728	26906000	26550000	7951000	52000	1080280	2350	4804049	0
1789819892.745067	34716377373	13515076790	144776790	26906000	26550000	7951000	52000	1200177	2350	4328738	0
1789819893.254665	34717905262	13515516913	144776790	26906000	26550000	7951000	52000	999621	2350	3682294	0
1789819893.759056	34719182053	13515759772	144776790	26906000	26550000	7951000	51000	1792577	2350	4599462	0
1789819894.266035	34721393962	13516767337	144776790	26906000	26550000	7951000	51000	439245	2350	713964	0
1789819894.771564	34722728248	13517088076	144776790	27814000	26570000	7956000	51000	1011645	2350	5038868	0
1789819895.281897	34737793212	13529521882	144777522	27814000	26570000	7956000	51000	3848951	2350	4060752	0
1789819895.785909	34756470349	13545025993	144777888	27814000	26570000	7956000	73000	3786251	2350	3900000	0
1789819896.291556	34768168317	13554122527	144778254	27814000	26570000	7956000	73000	3889171	2350	4829500	0
1789819896.794836	34774530972	13558394184	144778254	26571000	26590000	7740000	68000	3201733	2350	4804177	0
1789819897.301555	34781398019	13563167121	144778376	26571000	26590000	7740000	68000	3005268	2350	5000000	0
1789819897.804716	34788736746	13568689385	144778437	26571000	26590000	7740000	58000	2667995	2350	4602785	0
1789819898.310777	34795294834	13573138104	144778804	26571000	26590000	7740000	58000	2837627	2350	5065702	0
1789819898.814611	34802512284	13578269866	144778865	26914000	26600000	7951000	61000	3174991	2350	4911045	0
1789819899.319912	34809617918	13583229570	144778865	26914000	26600000	7951000	61000	2845439	2350	4870000	0
1789819899.822928	34818128333	13589684387	144778865	26914000	26600000	7951000	72000	3618855	2350	4818606	0
1789819900.328331	34821545866	13591705134	144778865	26914000	26600000	7951000	72000	1260980	2350	4771280	0
1789819900.832814	34822877589	13592020441	144778865	27354000	26620000	7945000	52000	1418750	2350	4598575	0
1789819901.340594	34828803660	13596430647	144779536	27354000	26620000	7945000	52000	4057006	2350	5086390	0
1789819901.843008	34845183318	13609451487	144780391	27354000	26620000	7945000	74000	2438705	2350	4964573	0
1789819902.351089	34846657435	13609856088	144781062	27354000	26620000	7945000	74000	927732	2350	4307422	0
1789819902.855970	34847929221	13610005441	144781062	27554000	26640000	7950000	53000	967892	2350	4703474	0
1789819903.364036	34849194233	13610237191	144781062	27554000	26640000	7950000	53000	1467627	2350	4523239	0
1789819903.869833	34850459000	13610482613	144781123	27554000	26640000	7950000	52000	1204388	2350	4741371	0
1789819904.376648	34852598704	13611453252	144782039	27554000	26640000	7950000	52000	851566	2350	3995641	0
1789819904.882041	34853940619	13611757878	144782161	27554000	26640000	7950000	51000	1421812	2350	4672903	0
1789819905.390721	34855461306	13612168094	144782161	27554000	26640000	7950000	51000	1616790	2350	4096764	0
1789819905.895274	34856742187	13612417239	144782222	28374000	26660000	7957000	51000	1295939	2350	4645681	0
1789819906.403142	34858103756	13612756472	144782222	28374000	26660000	7957000	51000	438257	2350	706060	0
1789819906.908514	34860053153	13613654907	144782832	28374000	26660000	7957000	74000	1561889	2350	4704211	0
1789819907.415905	34874571243	13625494232	144783381	28374000	26660000	7957000	74000	3923531	2350	4200000	0
1789819907.918840	34890377904	13638337827	144783992	29049000	26680000	7948000	72000	3891103	2350	4185223	0
1789819908.426480	34906597467	13651584558	144784175	29049000	26680000	7948000	72000	3913694	2350	4189665	0
1789819908.929897	34922482009	13664586539	144784541	29049000	26680000	7948000	71000	3942306	2350	4199651	0
1789819909.436253	34937367164	13676562277	144784846	29049000	26680000	7948000	71000	1826050	2350	5033700	0
1789819909.940128	34938785251	13676912985	144784846	26828000	26690000	7799000	54000	1336998	2350	4741352	0
1789819910.449772	34940403594	13677363301	144785640	26828000	26690000	7799000	54000	939737	2350	4129576	0
1789819910.953784	34941713405	13677657062	144785640	26828000	26690000	7799000	53000	1284555	2350	4712268	0
1789819911.461266	34943138328	13678041766	144785762	26828000	26690000	7799000	53000	1284182	2350	3965061	0
1789819911.966784	34944438923	13678330095	144785823	27078000	26700000	7955000	52000	1361143	2350	4712217	0
1789819912.473568	34945910538	13678722855	144785823	27078000	26700000	7955000	52000	2103622	2350	4638305	0
1789819912.978170	34947090833	13678901627	144785823	27078000	26700000	7955000	52000	1186976	2350	4546288	0
1789819913.488107	34948610787	13679362258	144785823	27078000	26700000	7955000	52000	1106343	2350	4702453	0
1789819913.993062	34949867193	13679598830	144785823	28358000	26730000	7957000	51000	1038063	2350	4844114	0
1789819914.500794	34954929252	13683104558	144785884	28358000	26730000	7957000	51000	4021196	2350	4776337	0
1789819915.006899	34969600296	13695235081	144785884	28358000	26730000	7957000	75000	3425048	2350	3600847	0
1789819915.513525	34984513649	13707390262	144785884	28358000	26730000	7957000	75000	1394750	2350	4679860	0
1789819916.017383	34985897740	13707704227	144786250	28358000	26730000	7957000	53000	2791257	2350	4861586	0
1789819916.526051	34987261689	13708027956	144786250	28358000	26730000	7957000	53000	1551032	2350	4469090	0
1789819917.029807	34988563444	13708309083	144786494	27413000	26740000	7939000	52000	1002760	2350	4972947	0
1789819917.537035	34989943201	13708656189	144786494	27413000	26740000	7939000	52000	1084196	2350	4855606	0
1789819918.041137	34991422750	13709019531	144786494	27413000	26740000	7939000	52000	1874972	2350	4487649	0
1789819918.548666	34992763811	13709335692	144786494	27413000	26740000	7939000	52000	729329	2350	3034632	0
1789819919.053043	34994080336	13709642332	144786555	28298000	26760000	7958000	51000	1252720	2350	4598781	0
1789819919.561060	34995444102	13709978330	144786555	28298000	26760000	7958000	51000	581889	2350	1503365	0
1789819920.065476	34996809699	13710318539	144786555	28298000	26760000	7958000	51000	993151	2350	4835082	0
1789819920.571989	34999563354	13711938224	144787532	28298000	26760000	7958000	51000	980011	2350	5040093	0
1789819921.074960	35008995459	13719374363	144788325	29022000	26780000	7958000	71000	2302452	2350	4941481	0
1789819921.582849	35022823549	13729708626	144788325	29022000	26780000	7958000	71000	1459681	2350	4629832	0
1789819922.086505	35024187498	13730032539	144788325	29022000	26780000	7958000	52000	1400082	2350	4854411	0
1789819922.593028	35025558344	13730358160	144788325	29022000	26780000	7958000	52000	2111319	2350	4182244	0
1789819923.097985	35026975638	13730748418	144788325	29070000	26800000	7958000	51000	1995491	2350	4827606	0
1789819923.605327	35028477099	13731133793	144788508	29070000	26800000	7958000	51000	1368219	2350	4642105	0
1789819924.110001	35030590314	13732065553	144788508	29070000	26800000	7958000	52000	1328624	2350	4941386	0
1789819924.617811	35031989297	13732430115	144788508	29070000	26800000	7958000	52000	1754029	2350	4580932	0
1789819925.121647	35033405675	13732817993	144788508	29675000	26820000	7958000	50000	948097	2350	4783870	0
1789819925.631002	35034809968	13733190917	144788569	29675000	26820000	7958000	50000	1360676	2350	4294960	0
1789819926.135789	35036288175	13733643125	144788569	29675000	26820000	7958000	50000	1730805	2350	4855730	0
1789819926.643005	35039644429	13735805717	144789485	29675000	26820000	7958000	50000	1440768	2350	4860074	0
1789819927.147933	35049148005	13743596286	144789607	29675000	26820000	7958000	69000	3934691	2350	4201537	0
1789819927.658717	35060600369	13753640022	144789607	29675000	26820000	7958000	69000	1235787	2350	4571789	0
1789819928.162728	35061878991	13753909858	144789668	30150000	26840000	7951000	51000	1825032	2350	4655755	0
1789819928.670195	35063259542	13754256231	144789729	30150000	26840000	7951000	51000	941488	2350	4572055	0
1789819929.173729	35064566179	13754506536	144790095	30150000	26840000	7951000	50000	879289	2350	4234789	0
1789819929.683052	35066825878	13755602114	144790339	30150000	26840000	7951000	50000	1715246	2350	4774316	0
1789819930.187765	35068048042	13755810610	144790705	29969000	26860000	7960000	50000	1428095	2350	4761149	0
1789819930.695723	35069406315	13756109498	144790705	29969000	26860000	7960000	50000	986326	2350	4537812	0
1789819931.199974	35070750306	13756410828	144790705	29969000	26860000	7960000	50000	1216910	2350	4674938	0
1789819931.707038	35072162046	13756790649	144790767	29969000	26860000	7960000	50000	891689	2350	4333358	0
1789819932.213822	35073509759	13757119383	144790828	30470000	26880000	7962000	50000	1519613	2350	4420454	0
1789819932.720893	35079907448	13761805895	144791377	30470000	26880000	7962000	50000	3603726	2350	3700721	0
1789819933.230755	35097779534	13776204356	144791682	30470000	26880000	7962000	73000	3863950	2350	4093884	0
1789819933.740511	35103204874	13779975160	144792048	30470000	26880000	7962000	73000	1425867	2350	4041022	0
1789819934.244780	35105418186	13780986876	144792048	29672000	26900000	7936000	51000	1024433	2350	4789262	0
1789819934.752041	35106831940	13781311094	144792048	29672000	26900000	7936000	51000	1833031	2350	4729767	0
1789819935.256949	35108115079	13781567441	144792170	29672000	26900000	7936000	50000	1415141	2350	4779883	0
1789819935.763744	35109405053	13781835995	144792414	29672000	26900000	7936000	50000	1021291	2350	4593041	0
1789819936.269045	35110622152	13782029964	144792720	30287000	26920000	7962000	49000	1072850	2350	4609865	0
1789819936.778007	35111891924	13782272883	144792720	30287000	26920000	7962000	49000	851962	2350	4015699	0
1789819937.281680	35113186599	13782561030	144792720	30287000	26920000	7962000	49000	2150735	2350	4531661	0
1789819937.790095	35114552989	13782885125	144792720	30287000	26920000	7962000	49000	1567779	2350	4819745	0
1789819938.294015	35115747261	13783082940	144792720	30287000	26920000	7962000	49000	1598439	2350	4545851	0
1789819938.801552	35118772400	13784712391	144793879	30287000	26920000	7962000	49000	1655210	2350	4765025	0
1789819939.306927	35120052792	13784988636	144794123	30756000	26940000	7964000	49000	2040360	2350	4608817	0
1789819939.814959	35121340386	13785225757	144794734	30756000	26940000	7964000	49000	2678608	2350	3958837	0
1789819940.319418	35122572500	13785443407	144794978	30756000	26940000	7964000	48000	1415758	2350	4603619	0
1789819940.828057	35123866564	13785660082	144796016	30756000	26940000	7964000	48000	1130051	2350	4804119	0
1789819941.331923	35126407268	13787063704	144796687	31139000	26960000	7964000	50000	1768024	2350	5000000	0
1789819941.837964	35129302829	13788840554	144797114	31139000	26960000	7964000	50000	2170894	2350	4944255	0
1789819942.341013	35131918179	13790373571	144797725	31139000	26960000	7964000	50000	2184826	2350	4794907	0
1789819942.847764	35134500326	13791871614	144798152	31139000	26960000	7964000	50000	1251067	2350	4097311	0
1789819943.351954	35136707901	13793026640	144798335	31501000	26980000	7965000	49000	1881790	2350	4678626	0
1789819943.857921	35141747866	13796433797	144808894	31501000	26980000	7965000	49000	3476398	2350	4919055	0
1789819944.361491	35150284465	13802843387	144810725	31501000	26980000	7965000	64000	3726951	2350	4200000	0
1789819944.867990	35155034087	13806143794	144813777	31501000	26980000	7965000	64000	1959273	2350	4632024	0
1789819945.371987	35157685447	13807665824	144815669	31581000	27000000	7953000	50000	1737753	2350	4917773	0
1789819945.877879	35160192704	13809073962	144815913	31581000	27000000	7953000	50000	2310198	2350	4858285	0
1789819946.381806	35162139843	13809987168	144816157	31581000	27000000	7953000	50000	1473726	2350	4821237	0
1789819946.888020	35164787297	13811361981	144817256	31581000	27000000	7953000	50000	834254	2350	1546966	0
1789819947.393721	35166088258	13811563153	144825923	31923000	27020000	7967000	48000	1148940	2350	1558882	0
